X_obs,X_true,x_noise,x_bias,a,y,split,domain_id,env_range_start,env_range_end
-5.314123180534048,-3.6663823962379407,-1.6477407842961067,-49.28483161122115,0,-11.984843820938245,train,0,-4.0,-3.2
-3.0455491347955235,-3.4237404052462734,0.3781912704507501,-40.1330794239764,1,-18.2978371005341,train,0,-4.0,-3.2
-2.984515723044084,-3.999908500146124,1.0153927771020401,-63.99560810747987,1,-24.798847121934347,train,0,-4.0,-3.2
-4.789553070892912,-3.758133941894528,-1.0314191289983836,-53.07827052319609,0,-12.335967236147507,train,0,-4.0,-3.2
-3.4619401129493808,-3.8825952873463097,0.42065517439692884,-58.52836190037046,0,-12.81835310004634,train,0,-4.0,-3.2
-5.50086921766988,-3.926129124184962,-1.574740093484918,-60.519277729955185,1,-23.882242918545924,train,0,-4.0,-3.2
-3.897426442017125,-3.8509918308978635,-0.046434611119261344,-57.11074060349095,1,-22.97512361339178,train,0,-4.0,-3.2
-5.662478244009516,-3.723551418365562,-1.9389268256439538,-51.62642664483056,1,-21.495939584062796,train,0,-4.0,-3.2
-2.3368847707326674,-3.682586020615464,1.3457012498827967,-49.94116862407157,1,-21.03599178666071,train,0,-4.0,-3.2
-3.078265967273121,-3.5689466127973146,0.4906806455241933,-45.45902893923208,1,-19.79864562623836,train,0,-4.0,-3.2
-3.694184735528298,-3.664644388477364,-0.029540347050934026,-49.21477605342392,1,-20.836888376116878,train,0,-4.0,-3.2
-4.382018342685584,-3.4518243996825926,-0.9301939430029915,-41.12880420703256,1,-18.58123404045429,train,0,-4.0,-3.2
-2.307931084024254,-3.836438200214786,1.528507116190532,-56.46568747760698,0,-12.638628350196496,train,0,-4.0,-3.2
-0.9369839517815626,-3.297506050887244,2.3605220991056814,-35.855584242818,1,-17.063635001225332,train,0,-4.0,-3.2
-6.207668162777761,-3.978089925441659,-2.2295782373361024,-62.954066519644215,1,-24.525083080253822,train,0,-4.0,-3.2
-1.9802291553138942,-3.4636259918572785,1.4833968365433843,-41.55209929436959,1,-18.701297834445754,train,0,-4.0,-3.2
-1.712975254327611,-3.6661561581062987,1.9531809037786876,-49.2757086510373,1,-20.853610204526355,train,0,-4.0,-3.2
-3.147434101354028,-3.553048137243399,0.4056140358893709,-44.85421642779845,0,-11.556228740286166,train,0,-4.0,-3.2
-5.326812087926036,-3.887690449123813,-1.439121638802223,-58.759086171314806,1,-23.4148885816344,train,0,-4.0,-3.2
-2.8055044276792716,-3.841518808732097,1.0360143810528257,-56.69031781572878,1,-22.86261998934205,train,0,-4.0,-3.2
-3.5765087075533515,-3.3594043450595708,-0.21710436249378054,-37.91288545817471,0,-10.836470744342208,train,0,-4.0,-3.2
-3.950095492776391,-3.225390739424482,-0.7247047533519088,-33.554208904892775,0,-10.347256396371302,train,0,-4.0,-3.2
-5.22533042027296,-3.7492606574726057,-1.476069762800354,-52.70319013627935,1,-21.78841999967369,train,0,-4.0,-3.2
-2.78549691229309,-3.4461419074645487,0.6606449951714585,-40.92601616185056,0,-11.156946045630658,train,0,-4.0,-3.2
-2.3475204390599522,-3.2988886781631694,0.9513682391032172,-35.90070534107685,1,-17.076807102704876,train,0,-4.0,-3.2
-4.032551544812672,-3.2843146691969225,-0.7482368756157499,-35.42699207667154,0,-10.5614838491242,train,0,-4.0,-3.2
-3.3072730264161327,-3.9319646309041776,0.624691604488045,-60.78953309788124,1,-23.95380051228878,train,0,-4.0,-3.2
-5.341965840961465,-3.968756173413694,-1.3732096675477712,-62.51197994475885,1,-24.408664509192853,train,0,-4.0,-3.2
-2.9019024261027315,-3.864135664348345,0.9622332382456136,-57.69751336538204,0,-12.746357260352676,train,0,-4.0,-3.2
-3.241605239147495,-3.29748599725647,0.055880758108974644,-35.85493008455681,0,-10.609556593460546,train,0,-4.0,-3.2
-4.145206259222379,-3.92132253293356,-0.22388372628881853,-60.29727628186192,1,-23.823422855173064,train,0,-4.0,-3.2
-3.7852089470309327,-3.6631138999959583,-0.12209504703497426,-49.15314017272868,1,-20.819969734533615,train,0,-4.0,-3.2
-2.1910249874725567,-3.2336883758795985,1.0426633884070415,-33.81384024421002,1,-16.4638331764808,train,0,-4.0,-3.2
-2.672973804183577,-3.5734677720215866,0.9004939678380097,-45.63201105710757,1,-19.846805527486275,train,0,-4.0,-3.2
-2.8111399196163704,-3.4464983088396215,0.635358389223251,-40.93871523000777,1,-18.527237972520417,train,0,-4.0,-3.2
-3.582346043198286,-3.7475874951951496,0.1652414519968633,-52.63266291652279,1,-21.769295068890006,train,0,-4.0,-3.2
-3.357413904359486,-3.450799257854733,0.0933853534952471,-41.09217111207423,1,-18.57083199597905,train,0,-4.0,-3.2
-2.5902431480838723,-3.332299462482102,0.7420563143982294,-37.002585363113596,0,-10.736950094708577,train,0,-4.0,-3.2
-3.706375907110161,-3.9853693781246466,0.27899347101448546,-63.30029567938138,0,-13.222114047961568,train,0,-4.0,-3.2
-2.580822859806644,-3.3998845480440263,0.8190616882373821,-39.29999626212266,0,-10.985653569374533,train,0,-4.0,-3.2
-3.581051257096476,-3.2089111288748042,-0.372140128221672,-33.042512905541955,0,-10.287583644735252,train,0,-4.0,-3.2
-6.323272793424695,-3.4014674764961286,-2.9218053169285665,-39.35491405361605,1,-18.075385240211595,train,0,-4.0,-3.2
-2.529055284117179,-3.7756448063484758,1.2465895222312968,-53.82368076433178,0,-12.403408034332063,train,0,-4.0,-3.2
-0.7442009608697004,-3.3685765372388095,2.624375576369109,-38.22427510976743,0,-10.870215113911778,train,0,-4.0,-3.2
-3.387781862455588,-3.9174191947378865,0.5296373322822985,-60.1173932530074,1,-23.77573623481514,train,0,-4.0,-3.2
-3.761871458999476,-3.641685179059276,-0.12018627994019973,-48.29555886110378,1,-20.584167309398584,train,0,-4.0,-3.2
-3.4368572902007632,-3.2731235975255237,-0.16373369267523963,-35.06607969322985,1,-16.83258673122254,train,0,-4.0,-3.2
-3.9079737066308287,-3.7651086813010566,-0.14286502532977186,-53.3743440041009,0,-12.362812923985189,train,0,-4.0,-3.2
-3.7488884391709156,-3.769779729130921,0.020891289960005516,-53.57324148523671,0,-12.380804017097498,train,0,-4.0,-3.2
-5.242399616801644,-3.895977142305378,-1.346422474496266,-59.13562628388411,1,-23.515056683692954,train,0,-4.0,-3.2
-4.605019783208036,-3.9845064337037623,-0.6205133495042733,-63.25918570569967,1,-24.60535644225122,train,0,-4.0,-3.2
-4.653363766828402,-3.4569315736480872,-1.1964321931803152,-41.311631782560426,0,-11.19702735659547,train,0,-4.0,-3.2
-3.5321385135346284,-3.830697507199953,0.29855899366532457,-56.21258758050774,0,-12.616344273210013,train,0,-4.0,-3.2
-4.143532055347254,-3.787562672502219,-0.35596938284503526,-54.334976482016096,0,-12.44938754714698,train,0,-4.0,-3.2
-3.0124878838021774,-3.6067414725757296,0.5942535887735525,-46.91859959261401,1,-20.20394433624999,train,0,-4.0,-3.2
-4.166953755597337,-3.9573099639063356,-0.20964379169100114,-61.972669737689806,0,-13.111383286472803,train,0,-4.0,-3.2
-2.3571036902208995,-3.54070591560639,1.1836022253854903,-44.38840804851575,0,-11.509885907789485,train,0,-4.0,-3.2
-3.626376458472822,-3.882617140075352,0.2562406816025301,-58.52935016585114,1,-23.353721453396282,train,0,-4.0,-3.2
-0.8997158957136926,-3.528555570477373,2.62883967476368,-43.933002416199535,0,-11.464326759756108,train,0,-4.0,-3.2
-5.715826419452566,-3.440193311983255,-2.275633107469311,-40.71444711571584,1,-18.463469359092933,train,0,-4.0,-3.2
-4.694432482843629,-3.918132456937739,-0.7763000259058899,-60.150236767903735,0,-12.957402106171292,train,0,-4.0,-3.2
-2.5869709397658918,-3.6687552097443454,1.0817842699784534,-49.38058219167365,0,-11.99387727306651,train,0,-4.0,-3.2
-0.41048902565012657,-3.444479873817804,3.0339908481676776,-40.86683030919935,1,-18.50680568329328,train,0,-4.0,-3.2
-3.96701831763703,-3.668656584378478,-0.29836173325855203,-49.3765998760498,1,-20.881289728345394,train,0,-4.0,-3.2
-3.9076344410290633,-3.9600372328431304,0.05240279181406704,-62.10088762812761,0,-13.122129451091942,train,0,-4.0,-3.2
-3.8428599662839176,-3.571282875267591,-0.2715770910163268,-45.54836097929055,1,-19.823520821660882,train,0,-4.0,-3.2
-1.871215748719059,-3.468964283824169,1.5977485351051102,-41.74452130107454,1,-18.755797111687414,train,0,-4.0,-3.2
-3.932858146524576,-3.5880887103533534,-0.34476943617122263,-46.19441965984595,1,-20.00315006302925,train,0,-4.0,-3.2
-2.428240387353624,-3.2443241952073496,0.8160838078537256,-34.148586846698635,1,-16.562689954961776,train,0,-4.0,-3.2
-3.9145178862768115,-3.530755967598406,-0.38376191867840553,-44.01524316242039,1,-19.395316535279296,train,0,-4.0,-3.2
-4.804348974064887,-3.2772784677696936,-1.527070506295193,-35.199786865101515,0,-10.53583114061111,train,0,-4.0,-3.2
-3.5137629721268913,-3.89002023668301,0.3762572645561186,-58.864787675312066,1,-23.443018245111443,train,0,-4.0,-3.2
-3.284757146077002,-3.888578922199393,0.6038217761223913,-58.79938089009339,0,-12.841724384400047,train,0,-4.0,-3.2
-1.802215909993667,-3.354086969032381,1.5518710590387141,-37.733140966488136,1,-17.608889100394773,train,0,-4.0,-3.2
-3.814394962112353,-3.6818585304115734,-0.1325364317007796,-49.9115770268103,0,-12.043807131770926,train,0,-4.0,-3.2
-4.608551118761287,-3.867716642306454,-0.7408344764548332,-57.85807065989036,0,-12.760311340117168,train,0,-4.0,-3.2
-2.5826798197403416,-3.257993135683173,0.6753133159428315,-34.58203092726971,0,-10.465620025594914,train,0,-4.0,-3.2
-3.432902801518316,-3.721787312203595,0.28888451068527865,-51.55308427975586,0,-12.196423622205902,train,0,-4.0,-3.2
-3.062552224943909,-3.3993503174910757,0.33679809254716686,-39.28147331560738,0,-10.983680418785376,train,0,-4.0,-3.2
-3.5069368562163725,-3.419201611719639,-0.08773524449673333,-39.97367973341251,1,-18.25234078184142,train,0,-4.0,-3.2
-1.900948843042829,-3.2933551270353525,1.3924062839925235,-35.7203488347785,1,-17.024135148061756,train,0,-4.0,-3.2
-3.0576709747046444,-3.501062234355513,0.44339125965086845,-42.91404896135283,1,-19.085996495337106,train,0,-4.0,-3.2
-1.113655602768953,-3.3992460527781305,2.2855904500091775,-39.277858907968415,1,-18.053309939928077,train,0,-4.0,-3.2
-2.38761328814512,-3.720881326417726,1.3332680382726056,-51.51544511155834,0,-12.192952881484345,train,0,-4.0,-3.2
-2.993197931267727,-3.784057686587979,0.7908597553202522,-54.18427232500399,1,-22.189027524764736,train,0,-4.0,-3.2
-5.236217034182656,-3.283291025443147,-1.9529260087395088,-35.393877115576174,0,-10.557750618640965,train,0,-4.0,-3.2
-2.9347439117482095,-3.6575270481029643,0.7227831363547548,-48.928583109673,1,-20.758297766243494,train,0,-4.0,-3.2
-2.7237893179048203,-3.2281279622812917,0.5043386443764715,-33.63970860534225,1,-16.412325607912326,train,0,-4.0,-3.2
-2.496104794380975,-3.469246801745242,0.9731420073642668,-41.754721350647785,0,-11.24283483224868,train,0,-4.0,-3.2
-2.249312910183992,-3.5026434238327027,1.2533305136487105,-42.97221921506362,0,-11.36737465579938,train,0,-4.0,-3.2
-4.3892570517840115,-3.9082032216373,-0.48105383014671194,-59.69410088161732,0,-12.918491682544245,train,0,-4.0,-3.2
-2.251601850893854,-3.2404085930343434,0.9888067421404891,-34.02509336151734,0,-10.401727646333377,train,0,-4.0,-3.2
-4.314836810438956,-3.6400702932160476,-0.6747665172229077,-48.23133812494358,0,-11.884837642147014,train,0,-4.0,-3.2
-1.1914346184794535,-3.537288308490295,2.3458536900108413,-44.25999657182749,0,-11.497064856907434,train,0,-4.0,-3.2
-5.271832557611673,-3.6734905577909753,-1.5983419998206978,-49.57203910979209,0,-12.011912455568767,train,0,-4.0,-3.2
-5.923204688284118,-3.810378415805578,-2.11282627247854,-55.32282200183935,1,-22.495699647784605,train,0,-4.0,-3.2
-5.258161902539117,-3.277296383550197,-1.9808655189889195,-35.2003641444895,0,-10.535896433540382,train,0,-4.0,-3.2
-4.609723111657829,-3.5410564106621716,-1.0686667009956579,-44.4015914006982,1,-19.503487512126156,train,0,-4.0,-3.2
-5.340642216646746,-3.9977037383750726,-1.3429384782716736,-63.88984270370512,0,-13.27090806919932,train,0,-4.0,-3.2
-1.1589893846590509,-3.506284069103421,2.3472946844443703,-43.106354427712844,0,-11.38097929586452,train,0,-4.0,-3.2
-4.130483476276144,-3.738684078582323,-0.39179939769382105,-52.258423679559364,0,-12.261220709338156,train,0,-4.0,-3.2
-5.189564465446836,-3.5783535181939126,-1.611210947252923,-45.81943520236904,0,-11.651449258629118,train,0,-4.0,-3.2
-1.9539867484156304,-3.2912463205513807,1.3372595721357503,-35.651775227994754,1,-17.004094007253094,train,0,-4.0,-3.2
-4.418012918583911,-3.714184191998,-0.703828726585911,-51.23778084255319,0,-12.167308192845063,train,0,-4.0,-3.2
-4.757395931113837,-3.2731718792641606,-1.4842240518496768,-35.067631491888164,1,-16.833041936170115,train,0,-4.0,-3.2
-2.4503051941873983,-3.5013119073665577,1.0510067131791594,-42.923230669538775,0,-11.362400335490449,train,0,-4.0,-3.2
-3.2393083938291154,-3.987343005722755,0.7480346118936393,-63.39438464109763,1,-24.640905945387793,train,0,-4.0,-3.2
-3.778398232551264,-3.256450213004991,-0.5219480195462732,-34.53292204412451,0,-10.460009079897464,train,0,-4.0,-3.2
-1.7582344656969866,-3.447282465986461,1.6890480002894743,-40.96666506880063,1,-18.53518041171951,train,0,-4.0,-3.2
-3.0472198239859454,-3.2021417196388158,0.15492189565287054,-32.83383767197332,0,-10.263101912355914,train,0,-4.0,-3.2
-1.9217880746949771,-3.8621275933237373,1.9403395186287602,-57.60760929673575,1,-23.107904639318363,train,0,-4.0,-3.2
-3.2870023418970127,-3.890291400296898,0.6032890583998851,-58.87709848627074,0,-12.848416170616108,train,0,-4.0,-3.2
-1.383356980826438,-3.253923629570269,1.870566648743831,-34.452605172384466,1,-16.6522919231877,train,0,-4.0,-3.2
-3.3112622350975665,-3.44254547080808,0.1312832357105138,-40.79801713418794,1,-18.48723983926183,train,0,-4.0,-3.2
-5.4108931381971885,-3.94719986182235,-1.463693276374839,-61.498900423464086,1,-24.141379670159868,train,0,-4.0,-3.2
-0.4563871790443508,-3.395629557918027,2.939242378873676,-39.152627812911106,1,-18.0174142363363,train,0,-4.0,-3.2
-4.051828050810085,-3.396899049231003,-0.6549290015790813,-39.19655707964862,0,-10.974628289285983,train,0,-4.0,-3.2
-3.5001858070294896,-3.2615803715628133,-0.23860543546667606,-34.69638710068639,0,-10.478668856702168,train,0,-4.0,-3.2
-4.271258399002728,-3.4307801930972226,-0.8404782059055056,-40.38114994531951,0,-11.099963578198059,train,0,-4.0,-3.2
-4.144656569179738,-3.900583230422268,-0.24407333875747012,-59.34561678421187,1,-23.570873048109178,train,0,-4.0,-3.2
-3.69289256363001,-3.9840958929281634,0.2912033292981535,-63.23963412521814,1,-24.60021450382812,train,0,-4.0,-3.2
-3.7368349958490197,-3.9790312104978245,0.24219621464880484,-62.99876516572397,1,-24.53684666463827,train,0,-4.0,-3.2
-3.184130464464933,-3.9773548095833644,0.7932243451184314,-62.91917290323064,1,-24.51589900939622,train,0,-4.0,-3.2
-1.652441295146883,-3.803031145917563,2.15058985077068,-55.00341401043808,1,-22.409776239840305,train,0,-4.0,-3.2
-3.4565351271998987,-3.31197764105369,-0.14455748614620892,-36.32973154404656,1,-17.20187923197038,train,0,-4.0,-3.2
-5.04868003106239,-3.568935148526678,-1.479744882535712,-45.45859086632728,0,-11.61597726290658,train,0,-4.0,-3.2
-4.976524168862948,-3.5577424170513874,-1.4187817518115604,-45.03223531127183,0,-11.5738719573796,train,0,-4.0,-3.2
-4.1252807079512674,-3.3263752861123157,-0.7989054218389519,-36.80558593701125,0,-10.715237577077172,train,0,-4.0,-3.2
-5.909696317046789,-3.9006613479040713,-2.0090349691427183,-59.34918242251032,0,-12.88896769216242,train,0,-4.0,-3.2
-2.7866172674643055,-3.7766530567910883,0.990035789326783,-53.866811603475895,1,-22.103321491068442,train,0,-4.0,-3.2
-4.129248859190664,-3.53139258283337,-0.5978562763572937,-44.03905604603441,0,-11.474958869420798,train,0,-4.0,-3.2
-3.5975053753076818,-3.2243234013442605,-0.37318197396342107,-33.520908907085754,0,-10.343388382174496,train,0,-4.0,-3.2
-3.5534456040010367,-3.551175824595432,-0.0022697794056044415,-44.7833447143185,1,-19.61019641665,train,0,-4.0,-3.2
-5.661026678016164,-3.9850821685016458,-1.6759445095145182,-63.286611268598826,0,-13.220978730876915,train,0,-4.0,-3.2
-4.393073494786758,-3.359493861855507,-1.0335796329312503,-37.91591629053441,1,-17.661664843673403,train,0,-4.0,-3.2
-3.0039667501016165,-3.8136205809271835,0.8096538308255667,-55.46416102322147,0,-12.55014496324598,train,0,-4.0,-3.2
-2.612068886561425,-3.3543158435049767,0.7422469569435519,-37.74086593796974,1,-17.61112071810888,train,0,-4.0,-3.2
-4.221517801589428,-3.6897114847486625,-0.5318063168407654,-50.2316245639132,0,-12.07376694552425,train,0,-4.0,-3.2
-1.1365246194019094,-3.309166516352457,2.1726418969505477,-36.237302707169704,1,-17.17496009049131,train,0,-4.0,-3.2
-4.9691749928795375,-3.4023026858102523,-1.566872307069285,-39.383911240201016,0,-10.994586282234778,train,0,-4.0,-3.2
-3.96899246499364,-3.555007812807665,-0.413984652185975,-44.92847509102676,0,-11.563592940243531,train,0,-4.0,-3.2
-4.1678435112340155,-3.890835819471452,-0.2770076917625631,-58.90182026464996,1,-23.452871511344348,train,0,-4.0,-3.2
-7.303767848566078,-3.9520658483902307,-3.351702000175848,-61.72662277993763,1,-24.20152210115822,train,0,-4.0,-3.2
-1.5778906590681148,-3.90292523540741,2.3250345763392954,-59.452578633596985,0,-12.89782727889417,train,0,-4.0,-3.2
-3.5247600797161205,-3.9643584971641905,0.4395984174480699,-62.30440638857675,1,-24.353956769207922,train,0,-4.0,-3.2
-5.167511955004476,-3.914004696715126,-1.2535072582893498,-59.960331796775755,1,-23.73408044950053,train,0,-4.0,-3.2
-1.3580243976847832,-3.8194325291137163,2.461408131428933,-55.71812940372019,0,-12.572660175415553,train,0,-4.0,-3.2
-2.7268144154869995,-3.4296088156938587,0.7027944002068589,-40.33980184183908,1,-18.356786815449393,train,0,-4.0,-3.2
-3.0367950463303286,-3.552226414356686,0.5154313680263574,-44.82310296303402,0,-11.553141302330738,train,0,-4.0,-3.2
-4.718353293712763,-3.9899552158727074,-0.7283980778400553,-63.519060120652426,1,-24.673677671748607,train,0,-4.0,-3.2
-1.5202321406524195,-2.851204078286397,1.3309719376339775,-23.178477775218102,0,-9.017181790363553,train,1,-3.2,-2.4
-5.297160288468594,-3.179259014537687,-2.1179012739309067,-32.13495781345308,1,-15.964768606303679,train,1,-3.2,-2.4
-2.8975755741331772,-2.7602700176970325,-0.13730555643614484,-21.03074726413756,0,-8.701424998373849,train,1,-3.2,-2.4
-3.449551118611489,-2.8517420859053786,-0.5978090327061105,-23.191601231667534,1,-13.193546504049642,train,1,-3.2,-2.4
-4.136664601926528,-2.863705758330009,-1.2729588435965185,-23.484708739490674,1,-13.288059022888161,train,1,-3.2,-2.4
-2.225732318323686,-2.935732143196901,0.7099998248732148,-25.301675633859805,0,-9.313229942267897,train,1,-3.2,-2.4
-3.2561889813052236,-3.036281092769726,-0.21990788853549761,-27.991484121460008,1,-14.70714010260118,train,1,-3.2,-2.4
-1.4807575516763842,-2.704583226919469,1.2238256752430847,-19.78340541735277,1,-12.070430764228961,train,1,-3.2,-2.4
-4.739234834447586,-2.9602762610603817,-1.778958573387205,-25.941598144464145,1,-14.069148412073973,train,1,-3.2,-2.4
-1.9709639097072111,-2.986538179917707,1.0155742702104957,-26.638159403618328,1,-14.287246420476787,train,1,-3.2,-2.4
-2.1055647557443793,-2.703092933784564,0.5975281780401849,-19.750719977995267,0,-8.504293200913597,train,1,-3.2,-2.4
-2.6248813142105614,-2.776686324578369,0.15180501036780747,-21.4082153131384,0,-8.758223279997875,train,1,-3.2,-2.4
-4.794908705102294,-3.0923360437240532,-1.702572661378241,-29.570593937312527,1,-15.191126918634666,train,1,-3.2,-2.4
-3.091266445031192,-2.789137502987403,-0.3021289420437889,-21.6975039368233,0,-8.801362587698675,train,1,-3.2,-2.4
-4.908457640999767,-3.052448107482468,-1.8560095335172995,-28.441000412295793,0,-9.72616433069332,train,1,-3.2,-2.4
-5.0709142046406,-2.5717318817466612,-2.499182322893939,-17.008932847925102,1,-11.116982214825004,train,1,-3.2,-2.4
1.4188747154452699,-2.516819765888409,3.935694481333679,-15.942497152729597,1,-10.738958728211147,train,1,-3.2,-2.4
-1.63957694604613,-2.804610530094458,1.165033584048328,-22.06061832452475,0,-8.85504395677387,train,1,-3.2,-2.4
-0.37163938883608516,-2.5227508117140256,2.1511114228779404,-16.05547149119759,0,-7.889361864966028,train,1,-3.2,-2.4
-3.651099600604565,-3.1362836183927514,-0.5148159822118138,-30.84934794464374,1,-15.578720444107002,train,1,-3.2,-2.4
-1.96036555236892,-2.7958031279026367,0.8354375755337167,-21.853437449724794,0,-8.824478132702406,train,1,-3.2,-2.4
-2.310871269758182,-3.1477707964904975,0.8368995267323154,-31.189564133794505,1,-15.681225216230393,train,1,-3.2,-2.4
-2.135683161521449,-2.8575021379220886,0.7218189764006396,-23.33241497977996,0,-9.039154713361865,train,1,-3.2,-2.4
-3.118383878614147,-3.12277526747151,0.0043913888573632485,-30.4524468041447,1,-15.45881516324347,train,1,-3.2,-2.4
-3.3721690924718195,-3.0982720226389784,-0.2738970698328411,-29.74121017644574,1,-15.243058103206083,train,1,-3.2,-2.4
-5.206138468015664,-2.722603752817123,-2.4835347151985405,-20.18149415313329,0,-8.571441141514034,train,1,-3.2,-2.4
-2.2870174958286227,-3.0191903995166114,0.7321729036879888,-27.521462297126913,1,-14.561863657975216,train,1,-3.2,-2.4
-2.6062471720205664,-3.1144434525520137,0.5081962805314473,-30.209347854062255,1,-15.385199928468493,train,1,-3.2,-2.4
-1.6822909542025424,-3.0237550343435524,1.34146408014101,-27.64647804719112,0,-9.62419466397448,train,1,-3.2,-2.4
-3.2492294786335916,-2.9201389719973605,-0.3290905066362311,-24.90064296170134,0,-9.258429775226109,train,1,-3.2,-2.4
-0.7355953861674789,-2.82577001233416,2.090174626166681,-22.56370618949795,0,-8.928584160792438,train,1,-3.2,-2.4
-3.5756064704192028,-3.038605418988028,-0.5370010514311749,-28.055817254735548,0,-9.676932602058795,train,1,-3.2,-2.4
-4.1941872818430985,-2.6876746198280683,-1.50651266201503,-19.414672574700468,1,-11.945958374424297,train,1,-3.2,-2.4
-1.6877477260296259,-2.813544131558599,1.125796405528973,-22.272101384238425,1,-12.895052671523482,train,1,-3.2,-2.4
-3.357826135455039,-2.795810623985161,-0.5620155114698783,-21.85361322992349,0,-8.824504136553951,train,1,-3.2,-2.4
-4.396150247640579,-2.8904858791051526,-1.5056643685354256,-24.14974537953778,0,-9.154452544906214,train,1,-3.2,-2.4
-2.4153016607837245,-2.565090036446738,0.14978837566301348,-16.877489297504596,0,-8.032819895290306,train,1,-3.2,-2.4
-1.8281940852346914,-2.7359966568977545,0.9078025716630631,-20.480789179750417,1,-12.304147806643346,train,1,-3.2,-2.4
-2.780433566588118,-3.070161121198149,0.2897275546100308,-28.93899889263746,0,-9.789263341447196,train,1,-3.2,-2.4
-2.0424873440045905,-2.639398122714275,0.5969107787096847,-18.387162337059838,0,-8.285937614884022,train,1,-3.2,-2.4
2.502072012637645,-2.428359135928596,4.930431148566241,-14.319859208666804,1,-10.149049249519148,train,1,-3.2,-2.4
-1.8146482582895325,-2.7999933110638264,0.985345052774294,-21.95184267659703,0,-8.83901678672342,train,1,-3.2,-2.4
-0.6502715692627365,-2.488383948843084,1.8381123795803473,-15.408209468256922,0,-7.77331603589439,train,1,-3.2,-2.4
-5.309724006414286,-2.926709077863112,-2.383014928551174,-25.069095449181066,1,-13.793946323425551,train,1,-3.2,-2.4
-2.308220478168824,-2.7462846978978326,0.4380642197290088,-20.71269791089813,0,-8.65310805191146,train,1,-3.2,-2.4
-1.929064789277473,-2.857963229363112,0.9288984400856387,-23.34371167781522,1,-13.24263202365238,train,1,-3.2,-2.4
-3.287977099513751,-2.8506021895785607,-0.4373749099351904,-23.163801955280018,1,-13.184566959791685,train,1,-3.2,-2.4
-3.629928025200794,-2.57875265200232,-1.051175373198474,-17.148615498912196,0,-8.079230265985203,train,1,-3.2,-2.4
-2.295692470777825,-2.771516661201875,0.47582419042405016,-21.288863687866904,0,-8.740327257362964,train,1,-3.2,-2.4
-2.8145471412312237,-2.4370062184441066,-0.37754092278711704,-14.47337824672304,0,-7.600486220266781,train,1,-3.2,-2.4
-3.477140171340647,-2.764633471881518,-0.7125066994591285,-21.130641669520937,1,-12.520028749548743,train,1,-3.2,-2.4
-1.754923380918401,-3.13432406217998,1.379400681261579,-30.79155986481634,0,-10.018803383836268,train,1,-3.2,-2.4
-1.3042466766511176,-2.9069260786599838,1.6026794020088662,-24.56416264076006,0,-9.212061488795152,train,1,-3.2,-2.4
-2.1561643933826797,-2.5193195967963984,0.3631552034137188,-15.99004900206336,0,-7.877759770430463,train,1,-3.2,-2.4
-3.4200533912209714,-2.8749799655616393,-0.5450734256593323,-23.763175086998157,0,-9.100203398424881,train,1,-3.2,-2.4
-2.5609932463255825,-3.1782381072841206,0.6172448609585383,-32.10401071752753,1,-15.955516465357869,train,1,-3.2,-2.4
-2.0069080920660447,-3.0022582088021172,0.9953501167360725,-27.06101754473586,1,-14.418978135353523,train,1,-3.2,-2.4
-2.389538142677892,-3.1462845034104365,0.7567463607325443,-31.145404360423928,0,-10.061761597439789,train,1,-3.2,-2.4
-4.148955610451128,-2.4049183908629814,-1.7440372195881464,-13.909164085185495,0,-7.492938454292654,train,1,-3.2,-2.4
-2.8291570821257346,-2.423535749298261,-0.4056213328274734,-14.234699091830965,1,-10.117547066260975,train,1,-3.2,-2.4
-2.128833320941365,-2.5597933190939304,0.43095999815256547,-16.773152816099653,1,-11.034010520501722,train,1,-3.2,-2.4
-1.9718818055141067,-2.7185463028756263,0.7466644973615195,-20.091400142513383,1,-12.173918937129555,train,1,-3.2,-2.4
-1.4350937778267812,-2.588032111638655,1.1529383338118737,-17.334406706611333,1,-11.230977676238231,train,1,-3.2,-2.4
-2.1545752261325344,-3.0646196427326577,0.9100444166001236,-28.782581469951406,1,-14.950375222188253,train,1,-3.2,-2.4
-4.32676359418119,-2.9655814145444483,-1.361182179636742,-26.081319170323447,0,-9.418370627039813,train,1,-3.2,-2.4
-3.6296515648362524,-2.7807464997597084,-0.8489050650765441,-21.50226439420896,0,-8.772284787163304,train,1,-3.2,-2.4
-4.380415573216716,-2.914700575101793,-1.4657149981149225,-24.76177881681649,1,-13.696457488668678,train,1,-3.2,-2.4
-0.998084857908009,-3.1634568278036803,2.1653719698956713,-31.658164823219444,0,-10.12353377987543,train,1,-3.2,-2.4
-2.196985475420374,-2.4134772437142296,0.2164917682938556,-14.058196999242405,0,-7.521595671127537,train,1,-3.2,-2.4
-2.1831189355267484,-2.846916064516123,0.6637971289893745,-23.074058488892856,1,-13.155559891326941,train,1,-3.2,-2.4
-1.5571647693835322,-2.7967996484966777,1.2396348791131455,-21.876813734760916,0,-8.827935220185253,train,1,-3.2,-2.4
-3.3359698676130884,-2.941166945972241,-0.3948029216408475,-25.442455854954886,1,-13.9119920089077,train,1,-3.2,-2.4
-4.373407730771669,-2.9922041978022906,-1.3812035329693781,-26.79005983766277,0,-9.512413790160126,train,1,-3.2,-2.4
-3.402315056769714,-2.89048809174339,-0.5118269650263236,-24.149800838751066,1,-13.501424442980385,train,1,-3.2,-2.4
-2.7121631097051613,-2.534386480292399,-0.17777662941276212,-16.27865539029105,1,-10.858890518935407,train,1,-3.2,-2.4
-0.8088780566624163,-2.6106023549703097,1.8017242983078934,-17.79189374806902,1,-11.390185814524733,train,1,-3.2,-2.4
-1.8531137093927563,-2.8966315464466903,1.043517837053934,-24.304112593000173,0,-9.175976891200074,train,1,-3.2,-2.4
-4.494094820455289,-3.1895861306443596,-1.3045086898109297,-32.44912591130397,1,-16.058583574193875,train,1,-3.2,-2.4
-1.7650103526991692,-2.562076048773925,0.797065696074756,-16.818065889317083,1,-11.049841324185193,train,1,-3.2,-2.4
-2.102627360633817,-2.9844889619229593,0.8818616012891421,-26.583363570803588,0,-9.48513415718495,train,1,-3.2,-2.4
-4.007490981893778,-2.7338520891767724,-1.2736388927170057,-20.432666291496776,1,-12.288089525829673,train,1,-3.2,-2.4
-3.309779435223027,-3.179559246520246,-0.13022018870278138,-32.14406262672341,1,-15.96749026490542,train,1,-3.2,-2.4
-4.890723153135111,-2.6702383845853395,-2.2204847685497717,-19.03926171481078,0,-8.391500388052235,train,1,-3.2,-2.4
-2.4933955825026706,-2.8899812593013747,0.3965856767987042,-24.137099430478052,1,-13.497363663999735,train,1,-3.2,-2.4
-3.1811728133757184,-2.80234096101239,-0.37883185236332834,-22.00710544866719,1,-12.808443972770608,train,1,-3.2,-2.4
-4.488077853298904,-2.8680753301002504,-1.6200025231986532,-23.592374946868457,1,-13.322700979674444,train,1,-3.2,-2.4
-3.757107676058159,-2.919302478958688,-0.8378051970994713,-24.879250231492584,0,-9.255492441505915,train,1,-3.2,-2.4
-2.471276237813001,-2.7592176757404645,0.2879414379274637,-21.006702767301604,1,-12.478993580681715,train,1,-3.2,-2.4
-3.0852107755760065,-2.42167144810014,-0.6635393274758666,-14.201874293173905,1,-10.105389202935202,train,1,-3.2,-2.4
-2.750346851993353,-3.109779027809543,0.35943217581618997,-30.073819660191113,1,-15.344101015466853,train,1,-3.2,-2.4
-2.2861967425311907,-2.9493931772562294,0.6631964347250389,-25.65653563386306,1,-13.979486658541301,train,1,-3.2,-2.4
-4.175093447137549,-3.166561832147752,-1.008531614989796,-31.75147596225876,1,-15.849980688895009,train,1,-3.2,-2.4
-2.984004996693652,-2.6092801931032796,-0.37472480359037247,-17.76487486683862,1,-11.380815552677564,train,1,-3.2,-2.4
-0.10037638293952034,-2.6739900898727647,2.5736137069332443,-19.119625444353062,0,-8.404362778505355,train,1,-3.2,-2.4
-2.8829647049860427,-3.028291402880037,0.14532669789399438,-27.77109415359052,1,-14.639093039358217,train,1,-3.2,-2.4
-3.8827917501740026,-2.8665972478437305,-1.016194502330272,-23.55591826569101,1,-13.310975396669395,train,1,-3.2,-2.4
-2.6123715138779495,-2.684926452681444,0.0725549388034945,-19.35517851106792,0,-8.44188292826569,train,1,-3.2,-2.4
-4.277121594469874,-2.6708149386276467,-1.6063066558422276,-19.051597168130098,1,-11.82276424950896,train,1,-3.2,-2.4
-1.7043230020929654,-3.0636182932129836,1.3592952911200182,-28.754376983338357,1,-14.941730276306624,train,1,-3.2,-2.4
-2.050312400104473,-2.494678211401161,0.4443658112966881,-15.525428723805264,0,-7.794543208679588,train,1,-3.2,-2.4
-1.2746257873267093,-2.577593472153225,1.302967684826516,-17.12550037543746,1,-11.157880491547168,train,1,-3.2,-2.4
-2.0102213589339395,-3.0928366334626474,1.0826152745287079,-29.584956993675803,0,-9.870209040261457,train,1,-3.2,-2.4
-2.0365109590814225,-2.504866698854337,0.46835573977291445,-15.71642835446844,0,-7.82892866365238,train,1,-3.2,-2.4
-1.4303664027042386,-2.6009776973785166,1.170611294674278,-17.59583515972977,1,-11.322100124081505,train,1,-3.2,-2.4
-2.3312431007914016,-2.5611314767207354,0.22988837592933367,-16.79947157119949,0,-8.019383861586196,train,1,-3.2,-2.4
-3.559974629685976,-2.7653238155328776,-0.7946508141530986,-21.14647492264065,0,-8.718900945051447,train,1,-3.2,-2.4
-4.251547649708466,-3.0233296679508306,-1.2282179817576357,-27.634812193050543,0,-9.622685247713502,train,1,-3.2,-2.4
-3.0030428707415613,-2.4652330827283193,-0.5378097880132422,-14.982143816067602,1,-10.392128011398478,train,1,-3.2,-2.4
-5.732882096356173,-2.726332337866899,-3.0065497584892737,-20.26452296312401,1,-12.231901606225499,train,1,-3.2,-2.4
-0.7318163238742801,-2.923009672435883,2.191193348561603,-24.974152389636718,1,-13.763859495234993,train,1,-3.2,-2.4
-5.045858069891224,-2.9889771765759843,-2.0568808933152396,-26.703475951975605,0,-9.501001048767465,train,1,-3.2,-2.4
-2.560835095064737,-2.468867618267894,-0.09196747679684271,-15.048506857176696,0,-7.707572991947217,train,1,-3.2,-2.4
-4.445292354659388,-2.8642116309545433,-1.581080723704845,-23.497156634999413,0,-9.062578025563619,train,1,-3.2,-2.4
-5.1985590976677996,-2.7678467874662953,-2.4307123102015042,-21.20440736452165,1,-12.544421835303215,train,1,-3.2,-2.4
-2.8119407237957166,-2.7132462737559604,-0.09869445003975637,-19.97411958780815,0,-8.539221213024044,train,1,-3.2,-2.4
-2.904600039072262,-2.539000137252674,-0.3655999018195884,-16.367719473406876,1,-10.890544306439397,train,1,-3.2,-2.4
-2.8928184084959594,-2.7011494523502955,-0.19166895614566373,-19.70814922646938,1,-12.045078202344763,train,1,-3.2,-2.4
-2.3998943989453165,-3.058630270732459,0.6587358717871427,-28.614156429654418,1,-14.89872209812826,train,1,-3.2,-2.4
-3.469044699982378,-2.7269941178771635,-0.7420505821052146,-20.279283355551893,0,-8.58656802074253,train,1,-3.2,-2.4
-2.354033707555743,-2.8085870664041126,0.45455335884836945,-22.154587831774535,1,-12.856678765567246,train,1,-3.2,-2.4
-2.145772042756499,-2.7616737759276986,0.6159017331711996,-21.062849667843725,1,-12.49759126135184,train,1,-3.2,-2.4
-3.042196454716824,-2.6403835041675614,-0.4018129505492623,-18.40776377683265,0,-8.289305788039337,train,1,-3.2,-2.4
-3.3435744885126684,-3.0033510688766953,-0.34022341963597297,-27.090579964265693,0,-9.5518648059154,train,1,-3.2,-2.4
-2.4045891681820732,-3.050698283530816,0.6461091153487428,-28.392116809515713,0,-9.719937186782762,train,1,-3.2,-2.4
-3.0428323459377387,-3.1115334817630713,0.0687011358253327,-30.124748910601635,1,-15.35955022740954,train,1,-3.2,-2.4
-2.789846413990894,-2.9807525979711573,0.19090618398026346,-26.483647177144604,1,-14.238987229342392,train,1,-3.2,-2.4
-6.041083189359831,-3.1917999684803275,-2.8492832208795043,-32.51673998930377,0,-10.225734705227056,train,1,-3.2,-2.4
-2.626288299399529,-2.6965122217363344,0.07022392233680565,-19.60682078018367,1,-12.010900821245738,train,1,-3.2,-2.4
-2.512007062583357,-2.963862155824206,0.45185509324084927,-26.035984507295748,1,-14.09878336893177,train,1,-3.2,-2.4
-3.2127464814023003,-3.050170764238482,-0.16257571716381855,-28.377390869808302,1,-14.825990466677107,train,1,-3.2,-2.4
-2.720679484060126,-3.1237695581913574,0.4030900741312317,-30.481544216903092,1,-15.467617517954691,train,1,-3.2,-2.4
-0.6877442630114925,-2.9729953540277965,2.285251091016304,-26.27741812372477,0,-9.444534424557885,train,1,-3.2,-2.4
-2.9256231725882635,-3.028060492695444,0.1024373201071803,-27.764741918616213,1,-14.637129861809576,train,1,-3.2,-2.4
-2.173115879364606,-2.9715170128712782,0.798401133506672,-26.23823776483286,1,-14.162198591580408,train,1,-3.2,-2.4
-3.842866717282336,-2.822872114024257,-1.0199946032580791,-22.494358409261356,0,-8.918503510257999,train,1,-3.2,-2.4
-3.783212699155375,-2.7604025431292736,-1.0228101560261014,-21.03377657938913,1,-12.487962945265647,train,1,-3.2,-2.4
-3.0998916413794197,-2.5239095075402385,-0.5759821338391812,-16.077604418728484,1,-10.787249406366412,train,1,-3.2,-2.4
-3.6327711587437834,-2.4091922393726684,-1.2235789193711153,-13.98345105338452,0,-7.507245739185695,train,1,-3.2,-2.4
-3.170026897112474,-3.1609055310165193,-0.009121366095954795,-31.581630585769467,1,-15.799042710203452,train,1,-3.2,-2.4
-4.134902192551341,-3.014305398851069,-1.1205967937002723,-27.388090496425736,1,-14.520534295838356,train,1,-3.2,-2.4
-2.895347070683124,-2.685350858201412,-0.2099962124817119,-19.364358363776812,1,-11.928924247359598,train,1,-3.2,-2.4
-4.795398868363594,-3.070826749686659,-1.7245721186769354,-28.957825395104027,1,-15.004045328080782,train,1,-3.2,-2.4
-4.486523634794695,-2.5038832853047985,-1.9826403494898968,-15.697924757310233,1,-10.651234807376442,train,1,-3.2,-2.4
-3.8368722057569755,-3.0260780589559793,-0.8107941468009965,-27.71024591302095,1,-14.620283359472129,train,1,-3.2,-2.4
-3.8870765174332282,-2.6065959688932407,-1.2804805485399877,-17.710105889208457,1,-11.361809084521415,train,1,-3.2,-2.4
-3.4611009635810537,-2.677583589415119,-0.7835173741659345,-19.19681204961846,0,-8.416687009237727,train,1,-3.2,-2.4
-3.2954052909976683,-2.560891590796296,-0.7345137002013723,-16.794751494130832,1,-11.041625071215055,train,1,-3.2,-2.4
-3.5965169034991185,-3.175001950187791,-0.4215149533113275,-32.00604335237163,0,-10.165126717610805,train,1,-3.2,-2.4
-1.7617671918383173,-3.016340777004524,1.2545735851662065,-27.44360853139065,1,-14.537744037291702,train,1,-3.2,-2.4
-0.9934787714224707,-2.6362980007036327,1.642819229281162,-18.322448128383378,0,-8.275342964678567,train,1,-3.2,-2.4
-2.863363430257306,-1.9593616779403393,-0.9040017523169668,-7.52218186150244,0,-6.028528671051066,train,2,-2.4,-1.5999999999999996
-3.9264140426748284,-1.8334817419055158,-2.092932300769313,-6.16353361128122,1,-6.733151947972791,train,2,-2.4,-1.5999999999999996
-1.8963758893746603,-2.1672762088696444,0.2709003194949841,-10.17988309756907,1,-8.537805246122748,train,2,-2.4,-1.5999999999999996
-1.6468957182080801,-1.9913379158418694,0.3444421976337893,-7.89650453038329,1,-7.553314653602266,train,2,-2.4,-1.5999999999999996
-1.778571589193803,-1.6856424365218758,-0.0929291526719272,-4.7895682770898995,1,-6.014840964983607,train,2,-2.4,-1.5999999999999996
-1.3516833321618376,-1.6829655288532492,0.3312821966914118,-4.766786075567516,1,-6.002253801673251,train,2,-2.4,-1.5999999999999996
-3.077624817596709,-2.299531751628931,-0.7780930659677779,-12.159570411118576,0,-7.141786663109165,train,2,-2.4,-1.5999999999999996
-3.1191635024399607,-2.2342056974894504,-0.8849578049505101,-11.152428945519068,1,-8.933102881572164,train,2,-2.4,-1.5999999999999996
-2.560534355705633,-2.358826237359336,-0.20170811834629734,-13.12465358742121,0,-7.338971783826431,train,2,-2.4,-1.5999999999999996
0.24378004604038805,-2.047352125079491,2.291132171119879,-8.581785017510597,1,-7.858413378740592,train,2,-2.4,-1.5999999999999996
-1.3983215817955559,-2.376099031297146,0.9777774495015903,-13.41509065263115,0,-7.396598906944061,train,2,-2.4,-1.5999999999999996
-2.658523525401307,-2.034533420484231,-0.6239901049170762,-8.421597571669652,1,-7.787919775786624,train,2,-2.4,-1.5999999999999996
-1.210228916091283,-1.8806847619081912,0.6704558458169083,-6.651935312375649,1,-6.972441348199704,train,2,-2.4,-1.5999999999999996
-2.751247766413472,-2.1772101738816194,-0.5740375925318525,-10.320507771020146,0,-6.738040677065261,train,2,-2.4,-1.5999999999999996
-2.4077090229818627,-1.8589960784158948,-0.5487129445659681,-6.42444212150177,0,-5.7054770776777195,train,2,-2.4,-1.5999999999999996
-0.8961689361493084,-1.927309746066919,1.0311408099176107,-7.159036104832818,0,-5.925109960297413,train,2,-2.4,-1.5999999999999996
-3.0111320682850278,-2.3808144940982676,-0.6303175741867603,-13.495117598331559,0,-7.412345834261434,train,2,-2.4,-1.5999999999999996
-3.9636782906288084,-1.9529167296072942,-2.010761561021514,-7.448197385581609,1,-7.348389665938205,train,2,-2.4,-1.5999999999999996
-3.280391683163222,-2.1925980424740277,-1.087793640689194,-10.540884778413641,1,-8.68597108310481,train,2,-2.4,-1.5999999999999996
-1.961820794949537,-2.067919042391944,0.10609824744240713,-8.843019796912534,1,-7.9723610865583385,train,2,-2.4,-1.5999999999999996
-2.019570549243624,-2.173179934582945,0.153609385339321,-10.263300843043863,0,-6.724805820609712,train,2,-2.4,-1.5999999999999996
-0.35554984355935515,-1.8454896653496027,1.4899398217902475,-6.285427951531328,0,-5.662177555079435,train,2,-2.4,-1.5999999999999996
-2.906867982884311,-2.0476370258634082,-0.8592309570209029,-8.585368129806543,0,-6.314618440186355,train,2,-2.4,-1.5999999999999996
-1.3967469262359027,-2.274505809220029,0.8777588829841265,-11.766875303244944,1,-9.176892488309077,train,2,-2.4,-1.5999999999999996
-1.453120685754783,-1.964280785574524,0.511160099819741,-7.578979027770998,1,-7.4086381622777715,train,2,-2.4,-1.5999999999999996
-1.9545647150495082,-1.775748188390906,-0.1788165266586021,-5.5994341394258695,1,-6.447131393057892,train,2,-2.4,-1.5999999999999996
-1.1518964914806886,-2.154909174099056,1.0030126826183674,-10.006608535067368,0,-6.664859692998515,train,2,-2.4,-1.5999999999999996
-1.6318910093576984,-2.2224336928542545,0.5905426834965561,-10.977070096256801,1,-8.862715097814124,train,2,-2.4,-1.5999999999999996
-3.124393178279729,-2.089622993955481,-1.0347701843242483,-9.124389490814629,0,-6.451356771682735,train,2,-2.4,-1.5999999999999996
-0.36487236437230264,-1.6508930801116553,1.2860207157393526,-4.499423180605083,1,-5.852563876455982,train,2,-2.4,-1.5999999999999996
-3.0842859658970125,-1.6192036620216526,-1.46508230387536,-4.245261353313168,0,-4.9425162131312215,train,2,-2.4,-1.5999999999999996
-1.7905545395613534,-1.8620930592697489,0.07153851970839545,-6.456603898124202,0,-5.7154112557717305,train,2,-2.4,-1.5999999999999996
-1.674799718782199,-1.6777327131692812,0.0029329943870821697,-4.722460325863193,0,-5.127647346025108,train,2,-2.4,-1.5999999999999996
-1.213836437933628,-1.7233993029654562,0.5095628650318282,-5.118677158103807,0,-5.272571452058445,train,2,-2.4,-1.5999999999999996
-2.9681249434151034,-2.0976047669368887,-0.8705201764782148,-9.229347196824234,0,-6.477401244747151,train,2,-2.4,-1.5999999999999996
-2.368158455565129,-2.3262263929026203,-0.04193206266250872,-12.587976877923097,1,-9.49627455429248,train,2,-2.4,-1.5999999999999996
-2.0460153104002727,-1.8772712779811709,-0.16874403241910188,-6.615780789382643,0,-5.764129449731166,train,2,-2.4,-1.5999999999999996
-0.7572213495768574,-1.9537273900892391,1.1965060405123817,-7.457476530834986,1,-7.352677476434715,train,2,-2.4,-1.5999999999999996
-3.0658458214180055,-2.110748189549937,-0.9550976318680683,-9.403927587960178,1,-8.213030086241847,train,2,-2.4,-1.5999999999999996
-2.1326617611464127,-2.219956396128134,0.08729463498172153,-10.940403320696248,1,-8.847949852523652,train,2,-2.4,-1.5999999999999996
-2.388272648505423,-2.0747840668990007,-0.31348858160642223,-8.931382984369685,0,-6.402979860384396,train,2,-2.4,-1.5999999999999996
-3.5825037662440433,-2.0248478010406648,-1.5576559652033788,-8.30189343314808,0,-6.240581271784956,train,2,-2.4,-1.5999999999999996
1.0267234237852758,-2.184611537399151,3.2113349611844266,-10.426118790530188,1,-8.63905837030349,train,2,-2.4,-1.5999999999999996
-2.252028613212327,-2.1665657806196537,-0.08546283259267323,-10.169875550623468,0,-6.7030948528714305,train,2,-2.4,-1.5999999999999996
-3.817840565646531,-2.0338508805416176,-1.783989685104913,-8.413124648298604,0,-6.269815134590825,train,2,-2.4,-1.5999999999999996
-0.021220519023706697,-1.7115728696424586,1.6903523506187519,-5.01402137945971,1,-6.137522884819318,train,2,-2.4,-1.5999999999999996
-3.2157002754087465,-1.9309976764257426,-1.2847025989830039,-7.200211498872061,0,-5.936997259254669,train,2,-2.4,-1.5999999999999996
-1.7281657436179199,-2.173209710054232,0.445043966436312,-10.263722711663812,1,-8.572373672495457,train,2,-2.4,-1.5999999999999996
-1.1422194807457993,-2.177617994701119,1.0353985139553197,-10.32630836816547,0,-6.739380151466666,train,2,-2.4,-1.5999999999999996
-2.8144207669137122,-2.0363023395824422,-0.7781184273312698,-8.44358307554039,0,-6.277778680258135,train,2,-2.4,-1.5999999999999996
-2.752739790778732,-2.23567172431601,-0.5170680664627222,-11.17439714297931,1,-8.941894601543892,train,2,-2.4,-1.5999999999999996
-2.8872213477142066,-2.2388970311655414,-0.6483243165486651,-11.222829404537334,0,-6.941147681587371,train,2,-2.4,-1.5999999999999996
-2.144005163847311,-1.9887719521460463,-0.1552332117012649,-7.866018424594796,1,-7.539519541357098,train,2,-2.4,-1.5999999999999996
-4.277169909538898,-2.3302165049753563,-1.9469534045635417,-12.65286347924437,0,-7.243706784510957,train,2,-2.4,-1.5999999999999996
-3.4958955230460775,-2.013131574118731,-1.482763948927347,-8.158615783243297,1,-7.671117879004852,train,2,-2.4,-1.5999999999999996
-2.2792027607112813,-2.110259030089733,-0.1689437306215484,-9.39739110832628,1,-8.210255311934455,train,2,-2.4,-1.5999999999999996
-0.5871081617221161,-1.8338507025474629,1.2467425408253467,-6.167255315607965,0,-5.624897213954548,train,2,-2.4,-1.5999999999999996
-1.044510008603492,-1.8026030215183961,0.7580930129149043,-5.857337975689695,0,-5.524955824068982,train,2,-2.4,-1.5999999999999996
0.22817525253696824,-1.8471256625153882,2.0753009150523565,-6.302158569208165,0,-5.6674201589303275,train,2,-2.4,-1.5999999999999996
-1.0157929425127596,-1.8486556689960685,0.832862726483309,-6.31783210909108,0,-5.6723236491700275,train,2,-2.4,-1.5999999999999996
-2.714474691744354,-2.101119900680857,-0.6133547910634968,-9.275824188730764,0,-6.488876185817188,train,2,-2.4,-1.5999999999999996
-2.0129042429474326,-1.8654921562117857,-0.14741208673564715,-6.492026470446661,1,-6.8948817627246894,train,2,-2.4,-1.5999999999999996
-4.564593333368503,-2.1281210688345453,-2.4364722645339576,-9.638045984096054,0,-6.5771241261855575,train,2,-2.4,-1.5999999999999996
-3.09469503636162,-1.9417649041048997,-1.1529301322567205,-7.321329313404504,0,-5.971721298582789,train,2,-2.4,-1.5999999999999996
-3.3637854081128826,-2.1393542735481,-1.2244311345647825,-9.791475170053612,1,-8.376357854655023,train,2,-2.4,-1.5999999999999996
-1.7191718506243763,-2.043883960589174,0.32471210996479777,-8.538246850870982,1,-7.839301251941719,train,2,-2.4,-1.5999999999999996
-1.573381098444219,-2.3507768553360484,0.7773957568918295,-12.99074980595352,1,-9.650480527198848,train,2,-2.4,-1.5999999999999996
-2.878307764913524,-2.2058596622525295,-0.6724481026609943,-10.733309112337302,1,-8.764240809225049,train,2,-2.4,-1.5999999999999996
-2.32891985867646,-1.6227179150611455,-0.7062019436153147,-4.272962610059498,0,-4.953612997384626,train,2,-2.4,-1.5999999999999996
-4.071399623889234,-2.2155326365159405,-1.8558669873732934,-10.875129964119887,0,-6.864100508830219,train,2,-2.4,-1.5999999999999996
-2.0001324607051667,-1.8468179912421356,-0.15331446946303107,-6.299009887607747,1,-6.800255951247957,train,2,-2.4,-1.5999999999999996
-1.5818168808528206,-1.879618513429008,0.29780163257618736,-6.640627842335441,0,-5.771668097133732,train,2,-2.4,-1.5999999999999996
-1.285911538066243,-1.8208486884500141,0.5349371503837712,-6.037005520162352,1,-6.669947169382513,train,2,-2.4,-1.5999999999999996
-2.9591799636294116,-2.0199291114924547,-0.9392508521369567,-8.241540270053674,1,-7.708095388488099,train,2,-2.4,-1.5999999999999996
0.46351863545415184,-1.9226689803185095,2.3861876157726614,-7.107445837257042,1,-7.189496108406937,train,2,-2.4,-1.5999999999999996
-0.9123544576882081,-2.346424460853739,1.434070003165531,-12.918727340068227,1,-9.623018850574862,train,2,-2.4,-1.5999999999999996
-2.456235408182962,-2.341950289742213,-0.11428511844074905,-12.844967728438718,0,-7.282750223795413,train,2,-2.4,-1.5999999999999996
-2.873444514163089,-2.240819178962337,-0.6326253352007519,-11.251759447118019,1,-8.972809426310615,train,2,-2.4,-1.5999999999999996
-2.6644128341037874,-2.278511202393167,-0.38590163171062014,-11.829149061247241,1,-9.201363419428949,train,2,-2.4,-1.5999999999999996
-2.138560078351254,-2.319916524334844,0.18135644598359,-12.485820150237592,1,-9.456913603052051,train,2,-2.4,-1.5999999999999996
-2.3189181669812675,-2.2965649083129165,-0.02235325866835085,-12.112566473391203,0,-7.131946054406574,train,2,-2.4,-1.5999999999999996
-1.3771432696639088,-1.957377814553877,0.5802345448899683,-7.499356249177051,0,-6.022120568645172,train,2,-2.4,-1.5999999999999996
-1.3269899508308738,-2.2497481400608974,0.9227581892300237,-11.386800305334548,0,-6.9769804262893835,train,2,-2.4,-1.5999999999999996
0.0011724066956690926,-1.638319005575033,1.639491412270702,-4.397394290085672,0,-5.002904902526812,train,2,-2.4,-1.5999999999999996
-0.47799282521892517,-1.8547105769540584,1.3767177517351332,-6.380114105321891,0,-5.691734012968613,train,2,-2.4,-1.5999999999999996
-2.099459247794491,-1.9671842613121828,-0.13227498648230832,-7.6126370336066485,1,-7.424080190657878,train,2,-2.4,-1.5999999999999996
-1.3683550222118082,-1.8342555193536816,0.4659004971418735,-6.171340424208609,1,-6.737034642902767,train,2,-2.4,-1.5999999999999996
-2.6534432806515444,-2.188890663237989,-0.46455261741355536,-10.487505613728278,0,-6.7764221019885325,train,2,-2.4,-1.5999999999999996
-2.3632838273909917,-1.6586194525970175,-0.7046643747939744,-4.56289277953526,0,-5.067116213381758,train,2,-2.4,-1.5999999999999996
0.5643466678676157,-1.7286455537600232,2.292992221627639,-5.165565352243117,1,-6.219049731728694,train,2,-2.4,-1.5999999999999996
-2.370759781519289,-1.81894440125757,-0.5518153802617187,-6.0180843870168115,0,-5.577194891513047,train,2,-2.4,-1.5999999999999996
0.37307733965502266,-2.0158080351316716,2.3888853747866943,-8.191199735761137,1,-7.685664052547242,train,2,-2.4,-1.5999999999999996
-2.1451599228777183,-1.7263174512986823,-0.41884247157903587,-5.144722832481855,0,-5.281846810545685,train,2,-2.4,-1.5999999999999996
-1.5008080317946528,-1.8041981412605124,0.3033901094658595,-5.8729011787480925,0,-5.530052447356499,train,2,-2.4,-1.5999999999999996
-0.5644478170567508,-1.8717392748803097,1.3072914578235588,-6.557466186930888,1,-6.926711062027107,train,2,-2.4,-1.5999999999999996
-1.6401133602245517,-1.6688197863952494,0.028706426170697793,-4.647595483639015,1,-5.935978455913551,train,2,-2.4,-1.5999999999999996
-1.42131721146026,-1.89306754896994,0.47175033750968004,-6.784195157779156,1,-7.036041678465652,train,2,-2.4,-1.5999999999999996
-2.39690929188914,-2.1072475321179125,-0.2896617597712275,-9.357216148956427,1,-8.193185826145022,train,2,-2.4,-1.5999999999999996
-2.5283541708555406,-1.9577243414796432,-0.5706298293758971,-7.5033399291954215,0,-6.023239823022838,train,2,-2.4,-1.5999999999999996
-2.4418279663976157,-2.2428955386398903,-0.19893242775772552,-11.283066329762935,1,-8.985299881872258,train,2,-2.4,-1.5999999999999996
-3.026003067781547,-2.2463421628851172,-0.7796609048964295,-11.335161863340113,0,-6.965729725922154,train,2,-2.4,-1.5999999999999996
0.13819524389656945,-1.819464300853743,1.9576595447503125,-6.023246217165805,1,-6.663042145994391,train,2,-2.4,-1.5999999999999996
-1.9732889605748516,-1.7720506372550948,-0.2012383233197568,-5.564528662143458,0,-5.427442485008154,train,2,-2.4,-1.5999999999999996
0.44488172836305173,-1.622321309052987,2.067203037416039,-4.269830330936292,1,-5.720929993346219,train,2,-2.4,-1.5999999999999996
-4.941353279726349,-1.7192228663667983,-3.2221304133595505,-5.081553899422557,1,-6.173979378984907,train,2,-2.4,-1.5999999999999996
-1.94301958506576,-1.9651245387233416,0.02210495365758162,-7.588749832528858,0,-6.047148612820601,train,2,-2.4,-1.5999999999999996
-1.653825297475045,-2.328167304381548,0.6743420069065031,-12.619511907940227,1,-9.50840429473269,train,2,-2.4,-1.5999999999999996
-2.3614868897122414,-2.0089014043071094,-0.35258548540513196,-8.107292966979903,1,-7.648162806317309,train,2,-2.4,-1.5999999999999996
-0.3440672269117955,-1.657650921950299,1.3135836950385036,-4.55490410909119,1,-5.8839335876691345,train,2,-2.4,-1.5999999999999996
-1.0022746141534813,-1.7699054403972185,0.7676308262437374,-5.544344310139955,1,-6.418585183219647,train,2,-2.4,-1.5999999999999996
-2.341444763543013,-2.0119246191567295,-0.3295201443862832,-8.143950304772561,0,-6.1986528635656395,train,2,-2.4,-1.5999999999999996
-1.5137654010091977,-2.0357765108152908,0.5220111098060931,-8.437043674597398,1,-7.794738267365352,train,2,-2.4,-1.5999999999999996
1.1486426647345316,-2.225611385272517,3.3742540500070484,-11.024223337934068,1,-8.881678823404364,train,2,-2.4,-1.5999999999999996
-1.955835143338669,-2.258229295358541,0.30239415201987196,-11.516065099345598,1,-9.077900905944741,train,2,-2.4,-1.5999999999999996
-1.9816982671761578,-2.341101064624514,0.35940279744835596,-12.83099948035885,0,-7.279923183480719,train,2,-2.4,-1.5999999999999996
-2.214075023403884,-1.6860854499303257,-0.5279895734735581,-4.793345591823007,0,-5.154123261627437,train,2,-2.4,-1.5999999999999996
-1.7276622572533848,-1.8878587064807526,0.16019644922736767,-6.728348244173658,1,-7.0092457682769895,train,2,-2.4,-1.5999999999999996
-3.8324475785970202,-2.285334146022943,-1.5471134325740776,-11.935733845128413,0,-7.094717114971397,train,2,-2.4,-1.5999999999999996
-2.306646772222591,-2.068698464227034,-0.2379483079955569,-8.853022665605696,1,-7.976699925802242,train,2,-2.4,-1.5999999999999996
0.5883922910673203,-2.360712860481701,2.949105151549021,-13.15617064142297,0,-7.345261994273562,train,2,-2.4,-1.5999999999999996
-0.9518426594985434,-2.232501320382109,1.2806586608835655,-11.126925320712784,0,-6.920042467560582,train,2,-2.4,-1.5999999999999996
-1.0457287139839115,-1.815433500696769,0.7697047867128576,-5.983303544819847,1,-6.642961211054277,train,2,-2.4,-1.5999999999999996
-0.5543957861207252,-1.8791017836467203,1.3247059975259952,-6.635152581948592,0,-5.7700084025791325,train,2,-2.4,-1.5999999999999996
0.24128862723056477,-2.0168173620984176,2.2581059893289823,-8.20351004353674,0,-6.2145222871659875,train,2,-2.4,-1.5999999999999996
-1.4678698578541436,-2.1801755956034885,0.7123057377493448,-10.362735703296627,0,-6.747781500876398,train,2,-2.4,-1.5999999999999996
0.606832730984251,-1.878221499947052,2.485054230931303,-6.625832042285226,1,-6.959830908298201,train,2,-2.4,-1.5999999999999996
-0.3510823607977036,-1.6348403909460953,1.2837580301483917,-4.369442987211682,0,-4.99191003258252,train,2,-2.4,-1.5999999999999996
-1.8517601430379256,-2.0515835550598456,0.19982341202191992,-8.63510509641476,1,-7.881771684462488,train,2,-2.4,-1.5999999999999996
-0.28052212958349987,-2.343893995929864,2.063371866346364,-12.876976397080343,1,-9.60707726720566,train,2,-2.4,-1.5999999999999996
-5.184872495356959,-2.353814809741626,-2.8310576856153338,-13.041179512962673,0,-7.322268019484131,train,2,-2.4,-1.5999999999999996
-3.0193219392764847,-2.333703184961954,-0.6856187543145308,-12.709745571220024,0,-7.255304466310263,train,2,-2.4,-1.5999999999999996
-1.3132897940998167,-1.6322342501974227,0.3189444560976061,-4.348579959465282,1,-5.7664187424853255,train,2,-2.4,-1.5999999999999996
-3.061900426811467,-1.9673913310508047,-1.0945090957606625,-7.615041250731098,0,-6.054474818167036,train,2,-2.4,-1.5999999999999996
-1.917300137259621,-1.7300300538642217,-0.1872700833953993,-5.177986849318503,1,-6.225687531456366,train,2,-2.4,-1.5999999999999996
-3.030522240263456,-2.263973164610292,-0.7665490756531641,-11.604163098742106,0,-7.024002755805719,train,2,-2.4,-1.5999999999999996
-2.977022195719668,-2.1917239418168677,-0.7852982539028001,-10.52828312304545,1,-8.680828450059693,train,2,-2.4,-1.5999999999999996
1.4078936109342803,-1.8464179905017255,3.254311601436006,-6.294917882412301,0,-5.665152329153423,train,2,-2.4,-1.5999999999999996
-0.9305750705983583,-1.6835437374864128,0.7529686668880545,-4.771700871247355,1,-6.00497138670871,train,2,-2.4,-1.5999999999999996
-2.192186631460457,-2.127449212431872,-0.06473741902858494,-9.628920555694759,1,-8.308131748434569,train,2,-2.4,-1.5999999999999996
-0.7700607724779172,-2.3482614416077734,1.5782006691298562,-12.94909273780809,1,-9.634602872384939,train,2,-2.4,-1.5999999999999996
-1.9935092351087949,-1.7087042644714847,-0.2848049706373102,-4.988853029961527,0,-5.225889854013685,train,2,-2.4,-1.5999999999999996
-1.1048944331314696,-2.167302043336419,1.0624076102049496,-10.18024714205798,0,-6.705511072850417,train,2,-2.4,-1.5999999999999996
-1.3861550657252921,-1.8071340748803497,0.42097900915505754,-5.901618404057666,1,-6.601725905452582,train,2,-2.4,-1.5999999999999996
-0.3216847502883471,-2.273573076238805,1.9518883259504578,-11.752405101680461,0,-7.055767330750024,train,2,-2.4,-1.5999999999999996
-3.5478748194811187,-1.844029251887299,-1.7038455675938196,-6.270517987469959,1,-6.786191353155888,train,2,-2.4,-1.5999999999999996
-0.8079990183465313,-1.7268643047750811,0.9188652864285498,-5.149613533565813,0,-5.28358518499656,train,2,-2.4,-1.5999999999999996
-1.6715786425645636,-1.8182783370026323,0.14669969443806877,-6.011475669473517,0,-5.5750645243973675,train,2,-2.4,-1.5999999999999996
-3.501574030906295,-2.1127139801092065,-1.3888600507970883,-9.430226377328175,0,-6.526746467874183,train,2,-2.4,-1.5999999999999996
-0.5401439809086424,-1.8186481988078413,1.278504217899199,-6.015144856143934,1,-6.658973567652311,train,2,-2.4,-1.5999999999999996
-3.335277094249348,-2.2884263006540317,-1.0468507935953162,-11.984248099640679,0,-7.104963863954909,train,2,-2.4,-1.5999999999999996
0.035553137958999614,-0.8263761287890585,0.8619292667480581,-0.564330197560025,0,-2.490414990318376,train,3,-1.5999999999999996,-0.7999999999999998
-0.542342641722436,-1.1622142006594218,0.6198715589369859,-1.5698513574197508,0,-3.5180396291266605,train,3,-1.5999999999999996,-0.7999999999999998
-0.013290722226970919,-0.8218525120280924,0.8085617898011215,-0.5551133358505232,0,-2.4766598028012874,train,3,-1.5999999999999996,-0.7999999999999998
0.20359875758643664,-1.028147205060508,1.2317459626469447,-1.086840710689395,1,-3.301809757319403,train,3,-1.5999999999999996,-0.7999999999999998
-1.8591950552029695,-1.041816940322183,-0.8173781148807864,-1.1307699139246934,1,-3.351604803751488,train,3,-1.5999999999999996,-0.7999999999999998
-3.786346068863664,-1.4271284035356986,-2.3592176653279653,-2.906625969115304,1,-4.862710404430157,train,3,-1.5999999999999996,-0.7999999999999998
0.4301072039750101,-0.8189804361790064,1.2490876401540165,-0.5493138919959918,0,-2.467927586376939,train,3,-1.5999999999999996,-0.7999999999999998
-2.0853961705512427,-1.5950157958363278,-0.4903803747149147,-4.057840431201443,1,-5.596615473749273,train,3,-1.5999999999999996,-0.7999999999999998
-2.846494663091355,-1.3976141100932444,-1.4488805529981106,-2.729994862143387,0,-4.247442227522601,train,3,-1.5999999999999996,-0.7999999999999998
-2.654115112595902,-1.252166774076443,-1.4019483385194589,-1.9632993695682546,0,-3.7957663096206944,train,3,-1.5999999999999996,-0.7999999999999998
0.37755433528290316,-0.9764936625649978,1.354047997847901,-0.9311256430164409,1,-3.1157061162982815,train,3,-1.5999999999999996,-0.7999999999999998
-1.224851964367731,-1.4418519403197971,0.2169999759520663,-2.997519372923298,0,-4.3855062084178575,train,3,-1.5999999999999996,-0.7999999999999998
-0.5461229699279241,-0.909605411520622,0.36348244159269794,-0.7525911488404297,0,-2.7438680575386747,train,3,-1.5999999999999996,-0.7999999999999998
0.20718478685981268,-0.8132794582597496,1.0204642451195622,-0.5379221272396754,0,-2.4505968173240418,train,3,-1.5999999999999996,-0.7999999999999998
-2.281207341023439,-1.4689262068762408,-0.8122811341471984,-3.169567004948165,0,-4.470169960727686,train,3,-1.5999999999999996,-0.7999999999999998
-2.472270353702327,-1.1221328448537125,-1.3501375088486143,-1.4129696161871512,1,-3.6489924577985677,train,3,-1.5999999999999996,-0.7999999999999998
-2.616352658017937,-1.5928111218659557,-1.0235415361519813,-4.041037108259908,1,-5.5866407872498485,train,3,-1.5999999999999996,-0.7999999999999998
-2.6162325111590636,-1.2907429738850962,-1.3254895372739675,-2.1504002852161452,0,-3.9152369273596115,train,3,-1.5999999999999996,-0.7999999999999998
-1.9139869117662727,-1.5646719536548,-0.3493149581114728,-3.8306272522848595,1,-5.4601413114213715,train,3,-1.5999999999999996,-0.7999999999999998
-1.9038485044602045,-0.834677625828611,-1.0691708786315934,-0.5815088333039488,0,-2.515663054151912,train,3,-1.5999999999999996,-0.7999999999999998
-1.2047204269209806,-1.2510826824961616,0.04636225557518098,-1.9582044712250826,1,-4.144888941733502,train,3,-1.5999999999999996,-0.7999999999999998
-1.4178371256354452,-0.8408181545747496,-0.5770189710606957,-0.5944375569812924,1,-2.6413419751205076,train,3,-1.5999999999999996,-0.7999999999999998
-1.066930598200385,-0.9709552112519511,-0.09597538694843384,-0.9153719308394835,0,-2.931173072372643,train,3,-1.5999999999999996,-0.7999999999999998
-0.12722015780941354,-0.9069685611346411,0.7797484033252275,-0.7460650562359655,1,-2.8701186946511164,train,3,-1.5999999999999996,-0.7999999999999998
0.2200646097245631,-1.4614676628032413,1.6815322725278044,-3.1215308479249386,1,-5.008709157994711,train,3,-1.5999999999999996,-0.7999999999999998
0.3270843677438964,-1.540041130389514,1.8671254981334104,-3.6525566423110796,1,-5.350634719630758,train,3,-1.5999999999999996,-0.7999999999999998
-0.9814992071202409,-1.1194058228977843,0.13790661577754343,-1.4026931787551706,1,-3.6387561044443872,train,3,-1.5999999999999996,-0.7999999999999998
-1.2107779081765058,-1.4656222530252767,0.25484434484877105,-3.1482278119773057,0,-4.459831315315376,train,3,-1.5999999999999996,-0.7999999999999998
-1.6233521400507311,-1.0132958659915439,-0.6100562740591872,-1.0404202885759144,1,-3.2479716556898146,train,3,-1.5999999999999996,-0.7999999999999998
-0.06606652110890132,-1.273244911878388,1.2071783907694866,-2.0641243064894086,1,-4.232559596933045,train,3,-1.5999999999999996,-0.7999999999999998
0.6604760939756043,-1.1776729412656635,1.8381490352412677,-1.6333305674697653,0,-3.565685435146386,train,3,-1.5999999999999996,-0.7999999999999998
-1.5622648972977053,-0.8499427328392463,-0.712322164458459,-0.6140008817916741,1,-2.6726283748760737,train,3,-1.5999999999999996,-0.7999999999999998
-0.26571630394228385,-1.1826431020440333,0.9169267981017495,-1.654097514722006,1,-3.878748809076501,train,3,-1.5999999999999996,-0.7999999999999998
-1.9089251403696248,-1.5134452936902152,-0.39547984667940966,-3.466571654645194,0,-4.609667314163549,train,3,-1.5999999999999996,-0.7999999999999998
-1.6787592681503236,-1.4734212742521602,-0.2053379938981635,-3.1987537542091085,1,-5.060014573598302,train,3,-1.5999999999999996,-0.7999999999999998
-0.9426961694860528,-1.1638378786374295,0.22114170915137668,-1.576440063020165,1,-3.8068016485163216,train,3,-1.5999999999999996,-0.7999999999999998
-1.6618889170417404,-1.180476735945221,-0.48141218109651923,-1.6450242260598802,1,-3.8704350530476397,train,3,-1.5999999999999996,-0.7999999999999998
-0.01578655203411894,-1.089911804699205,1.074125252665086,-1.2947146709240942,1,-3.5286783482824333,train,3,-1.5999999999999996,-0.7999999999999998
-3.073826482575796,-1.2788036451277813,-1.7950228374480148,-2.0912771708772944,0,-3.87823647880089,train,3,-1.5999999999999996,-0.7999999999999998
-1.914632203292304,-1.080155912784526,-0.834476290507778,-1.2602576487799035,1,-3.4925192681095587,train,3,-1.5999999999999996,-0.7999999999999998
-1.4257737274477422,-1.2824799976786136,-0.14329372976912852,-2.109365317334657,1,-4.269313056502773,train,3,-1.5999999999999996,-0.7999999999999998
-2.354655553819823,-1.1008671091614213,-1.253788444658402,-1.3341500881063026,0,-3.32928432924639,train,3,-1.5999999999999996,-0.7999999999999998
-0.5533104458089777,-0.9860760263279007,0.43276558051892305,-0.9588070105733262,0,-2.977404219195169,train,3,-1.5999999999999996,-0.7999999999999998
-3.2747060310054508,-1.456820871967095,-1.8178851590383556,-3.09185034794931,1,-4.988832685491147,train,3,-1.5999999999999996,-0.7999999999999998
-1.2333263006451407,-1.299539385129966,0.06621308448482532,-2.1946655099588286,0,-3.9425114655890745,train,3,-1.5999999999999996,-0.7999999999999998
-2.926291404968326,-1.1979735525384523,-1.7283178524298737,-1.7192605220060608,0,-3.628305868055478,train,3,-1.5999999999999996,-0.7999999999999998
-1.224962420493229,-1.050666336066923,-0.17429608442630598,-1.159830305449029,0,-3.1751956143097497,train,3,-1.5999999999999996,-0.7999999999999998
-0.7873683209942844,-1.397056281070893,0.6096879600766086,-2.7267273022088716,1,-4.736514303654454,train,3,-1.5999999999999996,-0.7999999999999998
1.4880695128303076,-1.1562073096459529,2.6442768224762605,-1.545635671083251,1,-3.777749063154509,train,3,-1.5999999999999996,-0.7999999999999998
0.1931058715268148,-1.1000553247487215,1.2931611962755363,-1.3312008389387602,1,-3.5664061420339164,train,3,-1.5999999999999996,-0.7999999999999998
1.0570903848281556,-0.883599067155083,1.9406894519832387,-0.6898675961052103,1,-2.7887707206862906,train,3,-1.5999999999999996,-0.7999999999999998
-1.2281504972007367,-1.3097171292534986,0.08156663205276192,-2.2466350109754796,1,-4.378478389955592,train,3,-1.5999999999999996,-0.7999999999999998
1.448928667341154,-1.0899543415850104,2.5388830089261645,-1.2948662665282964,1,-3.52883627806069,train,3,-1.5999999999999996,-0.7999999999999998
-1.73635328697546,-1.446842878304829,-0.28951040867063116,-3.0287547817050413,1,-4.946279591255496,train,3,-1.5999999999999996,-0.7999999999999998
-1.5044017172908366,-1.2017647083061551,-0.3026370089846815,-1.7356347564816976,1,-3.9524210762148053,train,3,-1.5999999999999996,-0.7999999999999998
-2.9925430702486073,-1.4540436763430342,-1.538499393905573,-3.074201682888025,1,-4.976971365606707,train,3,-1.5999999999999996,-0.7999999999999998
-0.5985914728658299,-0.8652935686881896,0.26670209582235976,-0.6478738149642439,1,-2.7254554690574175,train,3,-1.5999999999999996,-0.7999999999999998
0.009778141760664827,-1.2545423429270177,1.2643204846876825,-1.9744946994892587,1,-4.158525968678905,train,3,-1.5999999999999996,-0.7999999999999998
-1.696479290525436,-0.9358495183213228,-0.7606297722041132,-0.8196304103927229,1,-2.9714746370425127,train,3,-1.5999999999999996,-0.7999999999999998
-1.7113015842180632,-1.2665789562573098,-0.4447226279607535,-2.031874146092424,0,-3.840374351693778,train,3,-1.5999999999999996,-0.7999999999999998
-1.4325198936872234,-0.8762659290053062,-0.5562539646819173,-0.6728337644754574,0,-2.642254462305428,train,3,-1.5999999999999996,-0.7999999999999998
-1.6738828922655338,-1.2761398261512749,-0.39774306611425897,-2.0782356355963456,0,-3.8699841911657513,train,3,-1.5999999999999996,-0.7999999999999998
-2.0435204611521454,-1.3350603975271016,-0.7084600636250438,-2.379593315558121,0,-4.052773058892467,train,3,-1.5999999999999996,-0.7999999999999998
-2.7623366526094606,-1.1422889837818009,-1.6200476688276597,-1.4904862208693903,1,-3.7249641955192807,train,3,-1.5999999999999996,-0.7999999999999998
0.7335166750787745,-0.9236450807247092,1.6571617558034837,-0.7879803084601917,0,-2.7866948483433314,train,3,-1.5999999999999996,-0.7999999999999998
-3.2772922422802973,-0.9111885505975422,-2.366103691682755,-0.7565275744698707,0,-2.748696203282024,train,3,-1.5999999999999996,-0.7999999999999998
-2.235948139855826,-1.1234495063453322,-1.1124986335104936,-1.4179492042806836,0,-3.3987075031216105,train,3,-1.5999999999999996,-0.7999999999999998
-1.1197809708903852,-1.5322707111836715,0.41248974029328633,-3.597547201771044,1,-5.316321573905223,train,3,-1.5999999999999996,-0.7999999999999998
0.09168737604557897,-1.1221867141446598,1.2138740901902387,-1.4131731197004371,1,-3.6491947663740665,train,3,-1.5999999999999996,-0.7999999999999998
-1.653958009579057,-1.403637033133518,-0.25032097644553897,-2.7654413605778565,1,-4.7639993715161255,train,3,-1.5999999999999996,-0.7999999999999998
-1.3538207902387598,-1.0139252411280255,-0.3398955491107342,-1.0423601606815962,1,-3.250247755520396,train,3,-1.5999999999999996,-0.7999999999999998
-0.8249071145698064,-0.8842789661466087,0.05937185157680241,-0.6914613097131408,0,-2.666666124634089,train,3,-1.5999999999999996,-0.7999999999999998
-1.5017872740825648,-1.1882128232694837,-0.3135744508130811,-1.6775779339698822,1,-3.9001540566024278,train,3,-1.5999999999999996,-0.7999999999999998
-0.0650582131347921,-1.1171491917118346,1.0520909785770425,-1.3942271221636795,0,-3.3793321175787776,train,3,-1.5999999999999996,-0.7999999999999998
-2.127400173385899,-1.5479457500937537,-0.5794544232921454,-3.7090886078653624,0,-4.718019022438568,train,3,-1.5999999999999996,-0.7999999999999998
-2.3504423695463705,-1.1679402162857546,-1.1825021532606161,-1.5931689693900584,0,-3.5356840282450652,train,3,-1.5999999999999996,-0.7999999999999998
-2.063845951706506,-1.4966505730636495,-0.5671953786428565,-3.352441814577158,1,-5.16044008210638,train,3,-1.5999999999999996,-0.7999999999999998
-0.9928281902049951,-1.108349722919734,0.11552153271473892,-1.3615401453039155,1,-3.597357197819985,train,3,-1.5999999999999996,-0.7999999999999998
0.16597635177230918,-1.3090797223641293,1.4750560741364385,-2.243356462227797,0,-3.972106296336944,train,3,-1.5999999999999996,-0.7999999999999998
0.9340594444459256,-0.9857935725354032,1.9198530169813288,-0.9579833181722682,0,-2.976540383969655,train,3,-1.5999999999999996,-0.7999999999999998
-2.040469822390326,-1.5611726908643577,-0.4792971315259683,-3.8049840190292725,1,-5.4445148763989275,train,3,-1.5999999999999996,-0.7999999999999998
-3.269165779258631,-1.5121455055057245,-1.7570202737529066,-3.457647763655239,0,-4.605589471790278,train,3,-1.5999999999999996,-0.7999999999999998
-2.7134209636822932,-1.0527814279010976,-1.6606395357811956,-1.166848963775638,1,-3.3917140764584204,train,3,-1.5999999999999996,-0.7999999999999998
1.3621095410456645,-1.1882770423330746,2.550386583378739,-1.6778499516706036,0,-3.598388126032636,train,3,-1.5999999999999996,-0.7999999999999998
-1.626130639966275,-1.1426869027082005,-0.48344373725807444,-1.4920444061825602,1,-3.7264695893611135,train,3,-1.5999999999999996,-0.7999999999999998
-0.3755469448786314,-0.9250344048074755,0.5494874599288441,-0.7915414411249712,1,-2.9334115026474206,train,3,-1.5999999999999996,-0.7999999999999998
1.090931934846815,-1.2098098886802604,2.3007418235270753,-1.770726105240036,0,-3.6648441881455818,train,3,-1.5999999999999996,-0.7999999999999998
-1.7680239509699172,-0.9518844622990839,-0.8161394886708333,-0.8624873092816151,0,-2.872903133082884,train,3,-1.5999999999999996,-0.7999999999999998
-1.4252938884387731,-1.1918050965640477,-0.2334887918747255,-1.6928392300084945,1,-3.9139831356938415,train,3,-1.5999999999999996,-0.7999999999999998
-1.5553376513144632,-0.8586234454077989,-0.6967142059066643,-0.6330065869109542,0,-2.5885304679616157,train,3,-1.5999999999999996,-0.7999999999999998
-2.381556986755807,-1.066457782768299,-1.315099203987508,-1.2129167788713664,0,-3.2236316838823247,train,3,-1.5999999999999996,-0.7999999999999998
-0.5213118843399365,-1.4810185284527542,0.9597066441128177,-3.248489561282288,0,-4.508025376583908,train,3,-1.5999999999999996,-0.7999999999999998
-0.029517736386845295,-1.308357459739395,1.2788397233525497,-2.23964530844319,1,-4.3730014409068225,train,3,-1.5999999999999996,-0.7999999999999998
-3.155866192205966,-0.9073800672447204,-2.2484861249612456,-0.7470810219227789,1,-2.8715564061187173,train,3,-1.5999999999999996,-0.7999999999999998
-0.14171903618623705,-1.319771831315587,1.17805279512935,-2.2987755228023143,0,-4.005291004402808,train,3,-1.5999999999999996,-0.7999999999999998
-1.7319399321662519,-1.4487793924350758,-0.2831605397311761,-3.0409324969559783,1,-4.9545246766964235,train,3,-1.5999999999999996,-0.7999999999999998
-1.0015513701706007,-1.2219029526673812,0.22035158249678052,-1.8243583248390245,1,-4.030580522969949,train,3,-1.5999999999999996,-0.7999999999999998
-1.0483322583544215,-1.2857750601422957,0.2374428017878742,-2.1256658372847337,0,-3.8998384971725817,train,3,-1.5999999999999996,-0.7999999999999998
-2.6727024654731455,-1.104856058684725,-1.5678464067884208,-1.3487054258473903,0,-3.3415422845711227,train,3,-1.5999999999999996,-0.7999999999999998
-1.6236320651608191,-1.250586966448389,-0.37304509871243,-1.9558776974150944,1,-4.142936438828186,train,3,-1.5999999999999996,-0.7999999999999998
-2.5803581391420893,-1.3912622741644032,-1.1890958649776862,-2.6929421659617527,1,-4.71237525568556,train,3,-1.5999999999999996,-0.7999999999999998
1.028279656651426,-1.2700222306697944,2.2983018873212204,-2.048490569424857,0,-3.8510365033978804,train,3,-1.5999999999999996,-0.7999999999999998
1.3582450086038302,-1.2647727723581594,2.6230177809619897,-2.0231939748737373,0,-3.834782196571953,train,3,-1.5999999999999996,-0.7999999999999998
-0.7772224440593779,-0.8780625152990871,0.10084007123970916,-0.676980738425809,0,-2.6477271606657777,train,3,-1.5999999999999996,-0.7999999999999998
-2.2310542149324664,-0.8163069903676116,-1.4147472245648547,-0.5439519608706549,1,-2.5577113632769657,train,3,-1.5999999999999996,-0.7999999999999998
0.28612234696865424,-1.1011449284744685,1.3872672754431228,-1.3351604177051615,1,-3.570466868964438,train,3,-1.5999999999999996,-0.7999999999999998
-1.7614549033177016,-1.5334527019433106,-0.2280022013743911,-3.6058790491792236,0,-4.672475686813516,train,3,-1.5999999999999996,-0.7999999999999998
1.0809323817783032,-1.0136010259232038,2.094533407701507,-1.0413605575134095,0,-3.0616302889198796,train,3,-1.5999999999999996,-0.7999999999999998
1.3054115883763469,-1.0570516780168127,2.3624632663931595,-1.1811054131064835,1,-3.4073761166717347,train,3,-1.5999999999999996,-0.7999999999999998
1.068306007855318,-0.9391817063798241,2.007487714235142,-0.8284167550082504,0,-2.8341134542396373,train,3,-1.5999999999999996,-0.7999999999999998
-1.7963502720149949,-1.322038930631155,-0.47431134138383985,-2.310642369334444,1,-4.428245265760354,train,3,-1.5999999999999996,-0.7999999999999998
-2.7505856705141527,-1.5528959246735012,-1.1976897458406512,-3.744786398036257,0,-4.7335835019812285,train,3,-1.5999999999999996,-0.7999999999999998
-1.9062025565585867,-1.1105425468357661,-0.7956600097228206,-1.3696373962377846,1,-3.605555119754855,train,3,-1.5999999999999996,-0.7999999999999998
-1.616402590289724,-1.500788305349382,-0.11561428494034207,-3.380323858012159,1,-5.178429687650578,train,3,-1.5999999999999996,-0.7999999999999998
-2.1009451785840993,-0.9923763766693346,-1.1085688019147648,-0.9773030458238798,1,-3.17258973917278,train,3,-1.5999999999999996,-0.7999999999999998
0.46758086734375814,-0.964461345938686,1.4320422132824442,-0.8971281404380018,0,-2.911326600624818,train,3,-1.5999999999999996,-0.7999999999999998
-0.4841415792645122,-1.2730985706000815,0.7889569913355693,-2.063412663654923,1,-4.231978244531229,train,3,-1.5999999999999996,-0.7999999999999998
-0.8857203374427136,-0.8449619952935634,-0.04075834214915014,-0.6032697197298518,1,-2.65553992982666,train,3,-1.5999999999999996,-0.7999999999999998
-1.9414477480532453,-1.460976164995779,-0.4804715830574663,-3.1183825545388673,0,-4.445296146078114,train,3,-1.5999999999999996,-0.7999999999999998
-0.06675394457168848,-0.8459313202184157,0.7791773756467272,-0.6053482823155305,0,-2.5499009263015577,train,3,-1.5999999999999996,-0.7999999999999998
0.4264952056707143,-1.2276082601459712,1.6541034658166855,-1.8500327049908276,1,-4.052831321436079,train,3,-1.5999999999999996,-0.7999999999999998
-3.305359500743055,-0.9896050869797068,-2.315754413763348,-0.9691383003750348,1,-3.162642921014127,train,3,-1.5999999999999996,-0.7999999999999998
-0.7170955349325508,-0.9977438436156695,0.28064830868311863,-0.9932467900875189,1,-3.191880888864512,train,3,-1.5999999999999996,-0.7999999999999998
-1.1755904328475835,-0.8150320646949912,-0.3605583681525923,-0.5414072720299383,0,-2.4559243395255725,train,3,-1.5999999999999996,-0.7999999999999998
-1.7144532455848993,-0.8213776046968553,-0.893075640888044,-0.5541515753838713,0,-2.4752158455982434,train,3,-1.5999999999999996,-0.7999999999999998
-1.9774342937555227,-1.567927100287065,-0.4095071934684578,-3.8545847580469546,0,-4.780872996022134,train,3,-1.5999999999999996,-0.7999999999999998
-1.4258024281837383,-1.587222977974751,0.16142054979101272,-3.9986539959687617,1,-5.561399733118006,train,3,-1.5999999999999996,-0.7999999999999998
1.0781108758926496,-1.1653677479811724,2.243478623873822,-1.5826649479698027,0,-3.527756542902913,train,3,-1.5999999999999996,-0.7999999999999998
-1.5044293096659522,-1.5728979056812724,0.0684685960153202,-3.8913617213855636,0,-4.796520951471528,train,3,-1.5999999999999996,-0.7999999999999998
-1.5897323970266348,-1.0740122913317818,-0.515720105694853,-1.2388757577554264,0,-3.246814389150454,train,3,-1.5999999999999996,-0.7999999999999998
-2.64470609614187,-1.1720779186684376,-1.4726281774734322,-1.6101615528560318,0,-3.5484369870624333,train,3,-1.5999999999999996,-0.7999999999999998
-0.13795417268417776,-1.0667532831197917,0.9287991104356139,-1.213925304464658,0,-3.2245383554486677,train,3,-1.5999999999999996,-0.7999999999999998
-2.149172346029352,-1.2469274365018637,-0.9022449095274885,-1.938757732019688,1,-4.128533855909529,train,3,-1.5999999999999996,-0.7999999999999998
-1.5185169295443912,-1.3820228330210107,-0.13649409652338063,-2.6396457981659784,1,-4.673997658696228,train,3,-1.5999999999999996,-0.7999999999999998
0.015439311727981742,-0.8402648480417246,0.8557041597697064,-0.593264807117403,0,-2.532659840267522,train,3,-1.5999999999999996,-0.7999999999999998
-0.9545397250442018,-1.0173844478454022,0.0628447228012004,-1.0530652545277859,0,-3.073214648626762,train,3,-1.5999999999999996,-0.7999999999999998
-2.058415219505489,-1.5949408501876134,-0.46347436931787556,-4.057268455936704,1,-5.59627624175018,train,3,-1.5999999999999996,-0.7999999999999998
-1.7278016233680746,-1.52053778808466,-0.20726383528341458,-3.515536835753002,1,-5.264720731404581,train,3,-1.5999999999999996,-0.7999999999999998
-0.016627381827413856,-1.0946462039000162,1.0780188220726024,-1.3116601550383356,0,-3.3101718148008157,train,3,-1.5999999999999996,-0.7999999999999998
-1.393134003376477,-1.369570538401833,-0.023563464974643997,-2.568935588537149,1,-4.622498732912929,train,3,-1.5999999999999996,-0.7999999999999998
-0.9826948207951556,-1.2739026581666737,0.2912078373715181,-2.0673248806337767,1,-4.235172950626777,train,3,-1.5999999999999996,-0.7999999999999998
-0.4673569408457887,-0.974775100881832,0.5074181600360432,-0.9262181387613683,0,-2.9428496654207232,train,3,-1.5999999999999996,-0.7999999999999998
-1.7181307947238906,-1.3166835694565073,-0.40144722526738336,-2.2826758726843295,0,-3.995704225823209,train,3,-1.5999999999999996,-0.7999999999999998
-0.46582618637058476,-0.8593531221765925,0.3935269358060078,-0.6346217868181064,1,-2.704983723893399,train,3,-1.5999999999999996,-0.7999999999999998
-1.3558092926819156,-1.0236383028603067,-0.332170989821609,-1.0726044250266775,1,-3.2854357935862555,train,3,-1.5999999999999996,-0.7999999999999998
0.20215314030450027,-1.1584588474149,1.3606119877194003,-1.5546829371104889,1,-3.786313129666798,train,3,-1.5999999999999996,-0.7999999999999998
-0.8530558269755542,-1.4552281311799178,0.6021723042043636,-3.08172048041671,1,-4.9820284896230955,train,3,-1.5999999999999996,-0.7999999999999998
-3.348732416706154,-1.2723268882658803,-2.076405528440274,-2.059662755749137,0,-3.8581739199126237,train,3,-1.5999999999999996,-0.7999999999999998
-1.2385192935991982,-0.9896945681253411,-0.2488247254738571,-0.9694012156976783,1,-3.162963947515559,train,3,-1.5999999999999996,-0.7999999999999998
0.5236469448707591,-0.8073625451863541,1.3310094900571132,-0.5262665828317047,1,-2.527340952125403,train,3,-1.5999999999999996,-0.7999999999999998
-1.6381678033821452,-0.6224054631282083,-1.0157623402539369,-0.24111275642838953,1,-1.915438940670303,train,4,-0.7999999999999998,0.0
2.921555005927891,-0.10341415505809885,3.02496916098599,-0.001105961385115169,0,-0.31026458440199883,train,4,-0.7999999999999998,0.0
-2.113488013492387,-0.6346246757284587,-1.4788633377639282,-0.25559412291308026,0,-1.908985909643638,train,4,-0.7999999999999998,0.0
0.8072326391780971,-0.06511127364966275,0.8723439128277598,-0.00027603780934314255,0,-0.19533934170517514,train,4,-0.7999999999999998,0.0
-0.35412478004138814,-0.4092710489641366,0.055146268922748445,-0.06855404318989525,0,-1.2291842277562075,train,4,-0.7999999999999998,0.0
-0.895164084291317,-0.31060490967788335,-0.5845591746134337,-0.029965735983097836,1,-0.9378078762302696,train,4,-0.7999999999999998,0.0
0.7920851185722197,-0.1872737148157475,0.9793588333879673,-0.006567959650690285,0,-0.5619525036402563,train,4,-0.7999999999999998,0.0
-0.7229817551556466,-0.3852656097016453,-0.3377161454540012,-0.05718481649635072,1,-1.167233792404206,train,4,-0.7999999999999998,0.0
-3.3653057838717064,-0.5625595987390223,-2.8027461851326843,-0.17803509385978436,1,-1.7232858149890238,train,4,-0.7999999999999998,0.0
-2.050557156723206,-0.6498230170709985,-1.4007341396522075,-0.2744007352117135,0,-1.95495706591723,train,4,-0.7999999999999998,0.0
-0.18621729908451667,-0.7354069849881,0.5491896859035833,-0.3977253306921017,1,-2.28576602110272,train,4,-0.7999999999999998,0.0
2.476310971042699,-0.20924776304082396,2.6855587340835227,-0.009161835116718803,1,-0.6295756561458157,train,4,-0.7999999999999998,0.0
-2.224463663454449,-0.4469526216832374,-1.7775110417712114,-0.08928622616776087,1,-1.3587151102832644,train,4,-0.7999999999999998,0.0
-0.69368648710311,-0.6733521058298789,-0.020334381273231034,-0.3052999041805399,0,-2.0261623155732473,train,4,-0.7999999999999998,0.0
1.6448298771833139,-0.09605037503897688,1.7408802522222908,-0.0008861295000470978,1,-0.28832835101694004,train,4,-0.7999999999999998,0.0
0.14751355256400345,-0.5807308304062202,0.7282443829702236,-0.19585048379306733,1,-1.781362587977274,train,4,-0.7999999999999998,0.0
-0.9193569976294429,-0.46861198473515886,-0.450745012894284,-0.10290587609664784,0,-1.4078940717274095,train,4,-0.7999999999999998,0.0
-2.2694455127312168,-0.5631360538130815,-1.7063094589181353,-0.1785829527902254,0,-1.692979820495049,train,4,-0.7999999999999998,0.0
-2.434351230504838,-0.2969696728964133,-2.1373815576084243,-0.02619004844901356,0,-0.8914328196582202,train,4,-0.7999999999999998,0.0
-1.2336166966240607,-0.33612975184836386,-0.8974869447756969,-0.03797701836642959,1,-1.0159846592183774,train,4,-0.7999999999999998,0.0
-0.7621480798821229,-0.3200566427000099,-0.44209143718211297,-0.032785403717684417,0,-0.9608256361743833,train,4,-0.7999999999999998,0.0
-3.2862864601037685,-0.587344705971594,-2.6989417541321745,-0.20261853726264356,1,-1.802557825367311,train,4,-0.7999999999999998,0.0
-2.604661344497536,-0.5722512954869088,-2.032410049010627,-0.18739601596804317,0,-1.7205018067800872,train,4,-0.7999999999999998,0.0
-0.23275127701108217,-0.5971294353809699,0.3643781583698877,-0.21291459881180722,1,-1.8339712259052712,train,4,-0.7999999999999998,0.0
-1.0287396474943447,-0.5379488418490126,-0.49079080564533195,-0.15567645396439336,0,-1.6169600546263256,train,4,-0.7999999999999998,0.0
-1.5904652679707663,-0.6846685594772635,-0.9057967084935028,-0.3209527901732925,1,-2.118196236466449,train,4,-0.7999999999999998,0.0
-1.1565327092816047,-0.6675097110389857,-0.48902299824261897,-0.2974217775061875,1,-2.0620134886181947,train,4,-0.7999999999999998,0.0
-1.0040052900732115,-0.02885557674564651,-0.9751497133275651,-2.4026431769521503e-05,0,-0.08656721076557493,train,4,-0.7999999999999998,0.0
1.081200821728921,-0.031818627771444945,1.113019449500366,-3.2213976552466785e-05,1,-0.09546232610964532,train,4,-0.7999999999999998,0.0
1.31867660393926,-0.6492682755232517,1.9679448794625116,-0.27369858290432536,0,-1.9532787982278417,train,4,-0.7999999999999998,0.0
1.7077838836917008,-0.7805547506964102,2.488338634388111,-0.4755652512729158,0,-2.351175557114689,train,4,-0.7999999999999998,0.0
0.21540186885653367,-0.6363555628960393,0.851757431752573,-0.2576911685713896,0,-1.914220512059546,train,4,-0.7999999999999998,0.0
0.6564580019528831,-0.24012510869875395,0.896583110651637,-0.01384563005467719,1,-0.7231444521071974,train,4,-0.7999999999999998,0.0
1.5793262440524531,-0.17638833155557615,1.7557145756080292,-0.005487942556495168,0,-0.5292747535178584,train,4,-0.7999999999999998,0.0
1.304485051036481,-0.7816535260487346,2.0861385770852157,-0.4775764181723776,0,-2.3545121065096515,train,4,-0.7999999999999998,0.0
1.4203761478235735,-0.3378697134961951,1.7582458613197687,-0.038569835855983475,0,-1.014380537205705,train,4,-0.7999999999999998,0.0
0.6560538248260516,-0.7986862618271636,1.4547400866532152,-0.5094817626199312,0,-2.4062484207338897,train,4,-0.7999999999999998,0.0
-1.1492049100156216,-0.3876219104756851,-0.7615829995399366,-0.05824048101367138,0,-1.1640305410473288,train,4,-0.7999999999999998,0.0
-2.207802063761202,-0.2881638590953142,-1.919638204665888,-0.023928668589034707,0,-0.8649701506577234,train,4,-0.7999999999999998,0.0
1.0410828968674426,-0.011500477756648928,1.0525833746240916,-1.521064557825245e-06,1,-0.03450173748285835,train,4,-0.7999999999999998,0.0
-0.7053208612703669,-0.5927219228711152,-0.11259893839925166,-0.20823463791014818,1,-1.8198126961953756,train,4,-0.7999999999999998,0.0
-0.22480773341520044,-0.1580024917897038,-0.06680524162549666,-0.003944498618057585,1,-0.4747963750927229,train,4,-0.7999999999999998,0.0
-1.1709184113327777,-0.10361353039881346,-1.0673048809339643,-0.0011123703765889058,0,-0.3108628386039721,train,4,-0.7999999999999998,0.0
-1.6229420508781158,-0.06180030884346407,-1.5611417420346518,-0.0002360325706596194,1,-0.18544813304452412,train,4,-0.7999999999999998,0.0
0.8843713144769708,-0.798228629974045,1.6825999444510158,-0.5086064945962921,1,-2.4964071888413937,train,4,-0.7999999999999998,0.0
0.13371188986249616,-0.42440930259393805,0.5581211924564342,-0.07644598551434957,1,-1.288517104884684,train,4,-0.7999999999999998,0.0
-1.2928641531735994,-0.014825009915191598,-1.2780391432584077,-3.2582543031303916e-06,0,-0.04447509491066086,train,4,-0.7999999999999998,0.0
-0.01233942722385517,-0.48084415687771953,0.46850472965386436,-0.11117650798062788,1,-1.4647677722292842,train,4,-0.7999999999999998,0.0
0.21770618871952804,-0.14901401793046545,0.3667202066499935,-0.0033088827240621067,1,-0.4477038303362088,train,4,-0.7999999999999998,0.0
0.2633845867575793,-0.3628348016220177,0.626219388379597,-0.047766872639645554,1,-1.098057779393982,train,4,-0.7999999999999998,0.0
2.496608246206059,-0.18331673028782033,2.6799249764938793,-0.006160363048223516,1,-0.5511822634731057,train,4,-0.7999999999999998,0.0
-0.4536976614860237,-0.4120551400092335,-0.041642521476790206,-0.06996261081530952,1,-1.2501579421907623,train,4,-0.7999999999999998,0.0
-2.3122585677793355,-0.7767107490618257,-1.5355478187175096,-0.4685737404625317,1,-2.4238469952779838,train,4,-0.7999999999999998,0.0
-0.6869282794935321,-0.7307794492782358,0.04385116978470374,-0.3902644365498415,0,-2.200143636565704,train,4,-0.7999999999999998,0.0
-1.4864648527261477,-0.7108369500975812,-0.7756279026285665,-0.35917821225288565,0,-2.1396944145378014,train,4,-0.7999999999999998,0.0
0.05927749358032686,-0.5990039106475618,0.6582814042278886,-0.21492600846024928,1,-1.839996933634735,train,4,-0.7999999999999998,0.0
0.22458318125503882,-0.028067765978908005,0.2526509472339468,-2.2111771640731823e-05,0,-0.08420374017215683,train,4,-0.7999999999999998,0.0
0.12121494276137984,-0.2945871578098036,0.41580210057118344,-0.025564742993056694,1,-0.8888744220280221,train,4,-0.7999999999999998,0.0
-0.8271332398283421,-0.14667183790771046,-0.6804614019206316,-0.0031552966921514903,1,-0.4406465730615617,train,4,-0.7999999999999998,0.0
0.14928016688594453,-0.34713440312579485,0.4964145700117394,-0.04183049184518182,0,-1.0422398192142883,train,4,-0.7999999999999998,0.0
-0.9040223028260288,-0.29171503553448547,-0.6123072672915433,-0.024824267481654665,1,-0.8801099600997873,train,4,-0.7999999999999998,0.0
0.4702331386037857,-0.15047808705567145,0.6207112256594571,-0.0034073738407876183,1,-0.45211573593517185,train,4,-0.7999999999999998,0.0
-0.41986006186587727,-0.05865390780490055,-0.3612061540609767,-0.00020178591877764897,1,-0.17600208059845718,train,4,-0.7999999999999998,0.0
-1.4119863065746194,-0.06989858903697346,-1.342087717537646,-0.0003415114174790996,1,-0.20976406939441622,train,4,-0.7999999999999998,0.0
0.4580769246930969,-0.14015142364917962,0.5982283483422766,-0.002752913344274816,0,-0.42050932921442435,train,4,-0.7999999999999998,0.0
-1.5719504581829509,-0.7246378142581417,-0.8473126439248092,-0.3805072886240589,1,-2.2500149004992367,train,4,-0.7999999999999998,0.0
1.2214960588224164,-0.5111612652289527,1.7326573240513692,-0.13355920008566674,0,-1.5361549796885714,train,4,-0.7999999999999998,0.0
-0.2400452615550126,-0.7715927745917356,0.531547513036723,-0.45937193251745834,1,-2.4066527102786983,train,4,-0.7999999999999998,0.0
0.1983329363871651,-0.3629133211673544,0.5612462575545195,-0.04779789043194875,1,-1.098299541588453,train,4,-0.7999999999999998,0.0
-0.04147207514473736,-0.16308582331519658,0.12161374817045922,-0.0043375913214151775,1,-0.49012498820987277,train,4,-0.7999999999999998,0.0
-0.8303081345722985,-0.7590857575189222,-0.07122237705337633,-0.4373937055782649,1,-2.3647360136724194,train,4,-0.7999999999999998,0.0
-3.5131031046207655,-0.6490658113655136,-2.864037293255252,-0.2734426168719035,0,-1.9526662864339785,train,4,-0.7999999999999998,0.0
0.9589868825834306,-0.507617785670268,1.4666046682536986,-0.13080082730559714,0,-1.525469373556916,train,4,-0.7999999999999998,0.0
-1.5812617157295392,-0.6045673064336732,-0.9766944092958662,-0.22097033474220124,0,-1.8181213259958635,train,4,-0.7999999999999998,0.0
0.9835842071937487,-0.16393002166317436,1.1475142288569231,-0.004405299996923602,0,-0.4918781709894615,train,4,-0.7999999999999998,0.0
-1.2845367178915073,-0.5183240513869051,-0.7662126665046022,-0.13925284751150246,0,-1.5577572111109452,train,4,-0.7999999999999998,0.0
-0.4606495555402809,-0.2888978543517077,-0.17175170118857325,-0.024111984124908083,1,-0.8715159598801047,train,4,-0.7999999999999998,0.0
-0.6742957575696193,-0.4052679584825921,-0.26902779908702723,-0.0665620679286857,0,-1.21713511680635,train,4,-0.7999999999999998,0.0
-1.5793944931551864,-0.3332002050239547,-1.2461942881312318,-0.03699267865469813,0,-1.0003404686449582,train,4,-0.7999999999999998,0.0
-0.25461137655527244,-0.04856051842811872,-0.2060508581271537,-0.00011451172153013496,1,-0.1457044576286622,train,4,-0.7999999999999998,0.0
0.5264474772288785,-0.04516793438729633,0.5716154116161749,-9.214901340329273e-05,0,-0.13550564614215704,train,4,-0.7999999999999998,0.0
-1.2076599769586263,-0.7106460582531428,-0.49701391870548356,-0.3588889232092844,0,-2.1391159532236137,train,4,-0.7999999999999998,0.0
-1.6420560388840155,-0.12515602711182097,-1.5169000117721945,-0.0019604479038373623,1,-0.3758601709162304,train,4,-0.7999999999999998,0.0
-1.211036145811832,-0.523177478595238,-0.6878586672165939,-0.14320135305500553,1,-1.598172706396715,train,4,-0.7999999999999998,0.0
-0.41955740260441954,-0.7193381817098837,0.2997807791054642,-0.3722196859927826,0,-2.165458938849507,train,4,-0.7999999999999998,0.0
0.8833697507915921,-0.4932727471463077,1.3766424979378997,-0.12002213980807636,0,-1.4822186842350846,train,4,-0.7999999999999998,0.0
0.6114165859980436,-0.39171616212860155,1.0031327481266452,-0.06010553573231139,0,-1.1763505971004509,train,4,-0.7999999999999998,0.0
0.3137668396182189,-0.031117534427896124,0.344884374046115,-3.013113811306718e-05,1,-0.09335862951131098,train,4,-0.7999999999999998,0.0
-1.6975054664333955,-0.502789907737594,-1.1947155586958016,-0.12710412789645648,1,-1.5337905487920735,train,4,-0.7999999999999998,0.0
0.298162890359409,-0.7901044707197137,1.0882673610791227,-0.49323462639615123,0,-2.380178104687064,train,4,-0.7999999999999998,0.0
-0.08318159714609609,-0.11223449040944675,0.029052893263350657,-0.0014137708311946448,1,-0.3369862253945791,train,4,-0.7999999999999998,0.0
-0.9990894819969565,-0.7111114003677076,-0.2879780816292489,-0.3595944031478536,0,-2.14052608916608,train,4,-0.7999999999999998,0.0
0.6748039118775995,-0.41732876481057196,1.0921326766881714,-0.07268335400393375,1,-1.2665229652325027,train,4,-0.7999999999999998,0.0
0.6213977269160882,-0.12001597409104511,0.7414137010071333,-0.0017286901725989956,0,-0.36008249607658727,train,4,-0.7999999999999998,0.0
0.21133202623893266,-0.38820962639945666,0.5995416526383893,-0.058505797149167704,0,-1.1657989951413534,train,4,-0.7999999999999998,0.0
-1.8245668319926696,-0.44271373766214933,-1.3818530943305203,-0.08676987979032089,0,-1.3298766105822544,train,4,-0.7999999999999998,0.0
-0.8922385441641163,-0.15961886339954423,-0.7326196807645721,-0.004066798380971087,1,-0.4796699498748269,train,4,-0.7999999999999998,0.0
-2.828349386265507,-0.7836868972414793,-2.0446624890240277,-0.4813131830762912,0,-2.360686955385964,train,4,-0.7999999999999998,0.0
-0.10858022759412372,-0.34190508095376054,0.23332485335963682,-0.03996839090904736,0,-1.0265146106794627,train,4,-0.7999999999999998,0.0
-0.43700360920215753,-0.47089310737649864,0.0338894981743411,-0.10441598764429272,0,-1.4147676418823818,train,4,-0.7999999999999998,0.0
1.1071820457370138,-0.01189056184335637,1.1190726075803703,-1.6811525671855365e-06,1,-0.03567202176058255,train,4,-0.7999999999999998,0.0
0.09557320685246745,-0.1588787756711439,0.25445198252361134,-0.004010491991121315,0,-0.4767165368532541,train,4,-0.7999999999999998,0.0
-1.1983638005453634,-0.7568303182838824,-0.44153348226148104,-0.4335064505682664,0,-2.2791610838630127,train,4,-0.7999999999999998,0.0
1.8861683040122972,-0.6476177812355978,2.533786085247895,-0.27161659038127994,1,-1.997176661783049,train,4,-0.7999999999999998,0.0
-1.6735531164286237,-0.43806492334641955,-1.2354881930822041,-0.08406504300224894,0,-1.3158760708993036,train,4,-0.7999999999999998,0.0
-1.841182709371466,-0.2376463383056174,-1.6035363710658488,-0.013421262821403546,1,-0.7156232674811329,train,4,-0.7999999999999998,0.0
-1.2670423097207004,-0.5343614803714579,-0.7326808293492425,-0.15258274826787474,0,-1.6061360960797313,train,4,-0.7999999999999998,0.0
0.1176196711049875,-0.5120134438629538,0.6296331149679413,-0.13422830096164562,0,-1.5387248976080943,train,4,-0.7999999999999998,0.0
-0.48199329789104417,-0.0628235472326584,-0.41916975065838574,-0.00024795185602975484,1,-0.18852023206918114,train,4,-0.7999999999999998,0.0
-0.5659817505962833,-0.037095595418122324,-0.528886155178161,-5.10466256275458e-05,0,-0.11128780718687953,train,4,-0.7999999999999998,0.0
-1.8193965381357031,-0.47385141705828504,-1.345545121077418,-0.1063963063270199,0,-1.4236821773013955,train,4,-0.7999999999999998,0.0
1.6862705995720766,-0.08114307609222136,1.767413675664298,-0.0005342621440487348,1,-0.24353608070547383,train,4,-0.7999999999999998,0.0
-1.283844083463997,-0.5357973984323948,-0.7480466850316022,-0.15381610213599511,1,-1.6381554157243836,train,4,-0.7999999999999998,0.0
-2.030651487431513,-0.7338091447360097,-1.2968423426955034,-0.3951385109466902,0,-2.2093302044269625,train,4,-0.7999999999999998,0.0
-0.5256620588660756,-0.3786259476331268,-0.1470361112329489,-0.05427891026312618,0,-1.1369634211046429,train,4,-0.7999999999999998,0.0
-1.2406162018944362,-0.27132448723329167,-0.9692917146611445,-0.019974088637233614,0,-0.8143729434726197,train,4,-0.7999999999999998,0.0
-0.36468003309420804,-0.0856125645157613,-0.2790674685784468,-0.0006274982507328697,1,-0.2569631931974305,train,4,-0.7999999999999998,0.0
1.5743064415625547,-0.02787396238852748,1.6021804039510823,-2.1656891915927217e-05,0,-0.08362232030342076,train,4,-0.7999999999999998,0.0
-0.7198019305179613,-0.1840538584869482,-0.535748072031013,-0.006234975900165195,1,-0.5534085706408776,train,4,-0.7999999999999998,0.0
-0.25246712654239867,-0.1927207053685392,-0.059746421173859456,-0.007157891806211018,1,-0.5795936944668598,train,4,-0.7999999999999998,0.0
-0.6742144970134655,-0.23196076211644923,-0.44225373489701625,-0.012480833251976487,1,-0.698378452999743,train,4,-0.7999999999999998,0.0
-0.4688452160769645,-0.23875773393490207,-0.23008748214206243,-0.013610445628838135,0,-0.716545410717283,train,4,-0.7999999999999998,0.0
0.7974810089856937,-0.18613489510577322,0.9836159040914669,-0.006448866649445411,0,-0.5585336626503086,train,4,-0.7999999999999998,0.0
0.6174400522607152,-0.020520416891484844,0.6379604691522001,-8.640891240691948e-06,1,-0.06156297885270267,train,4,-0.7999999999999998,0.0
-0.9109664291616751,-0.5010283860832244,-0.4099380430784507,-0.125772877016921,0,-1.5056006157900117,train,4,-0.7999999999999998,0.0
-1.8506370222014397,-0.7335564455692439,-1.1170805766321958,-0.3947304343026994,0,-2.2085639453937858,train,4,-0.7999999999999998,0.0
-0.7693480414473848,-0.60828764831022,-0.16106039313716478,-0.22507486261923582,0,-1.8293644421830446,train,4,-0.7999999999999998,0.0
0.3762985436635916,-0.6228137919656037,0.9991123356291953,-0.24158761358364148,0,-1.873273128168484,train,4,-0.7999999999999998,0.0
-0.5299440852992044,-0.5091201625567151,-0.020823922742489332,-0.1319656465562181,0,-1.5299998006012698,train,4,-0.7999999999999998,0.0
-0.30493848065441986,-0.15174861431011855,-0.1531898663443013,-0.0034944127559895523,1,-0.45594472548155357,train,4,-0.7999999999999998,0.0
-2.921423013166126,-0.75192306410692,-2.169499949059206,-0.42512849868726466,1,-2.340794892058213,train,4,-0.7999999999999998,0.0
0.7525576185632764,-0.44020515368275503,1.1927627722460314,-0.08530320882378292,0,-1.3223215252247407,train,4,-0.7999999999999998,0.0
-1.9388182085952275,-0.149463578013324,-1.7893546305819035,-0.003338920848391227,1,-0.4490585182096502,train,4,-0.7999999999999998,0.0
-2.127138276441772,-0.5886093003674808,-1.5385289760742913,-0.20393011294456206,0,-1.7699065033613337,train,4,-0.7999999999999998,0.0
-1.2001281061584437,-0.749279214421305,-0.4508488917371388,-0.42065984290814457,0,-2.2562508401220778,train,4,-0.7999999999999998,0.0
-0.5647412112739016,-0.606313862195252,0.041572650921350374,-0.22289097961255533,0,-1.823399406178007,train,4,-0.7999999999999998,0.0
-0.6778498408991904,-0.7319436305998274,0.0540937897006369,-0.392132562745197,1,-2.2742574043485217,train,4,-0.7999999999999998,0.0
-1.0702743231377316,-0.15377805172211834,-0.9164962714156134,-0.003636495571591454,0,-0.4614068850777868,train,4,-0.7999999999999998,0.0
-1.0395661481254919,-0.6637999394895341,-0.3757662086359577,-0.29249040608374766,0,-1.997249626590277,train,4,-0.7999999999999998,0.0
-1.3721117422415139,-0.643724299550049,-0.728387442691465,-0.2667471021263571,0,-1.936507840692674,train,4,-0.7999999999999998,0.0
-2.31974786534213,-0.14828639075371172,-2.171461474588418,-0.0032606477494283104,0,-0.4449243852161237,train,4,-0.7999999999999998,0.0
-0.45839286737925977,-0.15177157665400345,-0.30662129072525635,-0.0034959993019383893,1,-0.4560139298223981,train,4,-0.7999999999999998,0.0
-1.1610601135931828,-0.32850089741300587,-0.832559216180177,-0.0354494646513636,0,-0.9862116815320449,train,4,-0.7999999999999998,0.0
0.43482478126217006,-0.06821252790603037,0.5030373091682004,-0.000317389411006549,1,-0.20470106160029242,train,4,-0.7999999999999998,0.0
-0.926382914470764,-0.7521426905962921,-0.17424022387447188,-0.42550113024532976,1,-2.341528297837942,train,4,-0.7999999999999998,0.0
1.1285588720747675,-0.028002687783734177,1.1565615598585017,-2.1958322274193438e-05,1,-0.08401245501565738,train,4,-0.7999999999999998,0.0
0.4922465593566905,-0.3432198265153553,0.8354663858720458,-0.040431243844822,1,-1.0377457283150304,train,4,-0.7999999999999998,0.0
0.5213010448513917,-0.5579855099996844,1.0792865548510762,-0.1737275773580954,0,-1.6774310815462152,train,4,-0.7999999999999998,0.0
1.3106183489810312,-0.13943533880131942,1.4500536877823507,-0.002710931655232828,0,-0.41836023503706293,train,4,-0.7999999999999998,0.0
0.5594382694574651,-0.27246617571734294,0.8319044451748081,-0.020227294067081257,0,-0.8178030730333704,train,4,-0.7999999999999998,0.0
0.776149254357263,0.7142881211488019,0.061861133208461115,0.36443517086699373,1,2.2157513976198047,train,5,0.0,0.8000000000000007
0.0020791391975776286,0.265583844240942,-0.2635047050433644,0.018732897579385493,1,0.8004981122387032,train,5,0.0,0.8000000000000007
-0.0069244989297205795,0.656983298446266,-0.6639077973759866,0.2835717659228867,1,2.0276642485233753,train,5,0.0,0.8000000000000007
-0.41533574327376577,0.03335730058019995,-0.4486930438539657,3.711698531658548e-05,1,0.10007932513766317,train,5,0.0,0.8000000000000007
-1.3351748863649129,0.08612534394877444,-1.4213002303136872,0.0006388411869699169,1,0.25850380008371726,train,5,0.0,0.8000000000000007
-0.15776616208903788,0.4760416513649926,-0.6338078134540305,0.10787849007644205,0,1.4302825238965067,train,5,0.0,0.8000000000000007
-0.37238677524800634,0.42385388975425764,-0.796240665002264,0.07614624980518045,1,1.286790919223809,train,5,0.0,0.8000000000000007
-0.1854378378331728,0.33504594284532374,-0.5204837806784965,0.0376108449288451,1,1.0126599975217403,train,5,0.0,0.8000000000000007
-0.265966609758743,0.2683262794186636,-0.5342928891774066,0.019319221706073694,1,0.8088426825972056,train,5,0.0,0.8000000000000007
0.327664474632585,0.49801554575687257,-0.17035107112428755,0.12351755859072185,0,1.496516988442432,train,5,0.0,0.8000000000000007
0.8933942719715122,0.35051314088709956,0.5428811310844127,0.043063855890374564,1,1.0601521938393736,train,5,0.0,0.8000000000000007
0.21735060591055372,0.5887056850789527,-0.371355079168399,0.20403030995412108,0,1.7701976614359405,train,5,0.0,0.8000000000000007
0.5233854863271609,0.41442912959941536,0.10895635672774552,0.07117882608653801,1,1.2575231540155536,train,5,0.0,0.8000000000000007
0.7874067870070327,0.4630868801809261,0.3243199068261066,0.09930873073757297,0,1.3912468151575297,train,5,0.0,0.8000000000000007
0.13889388462628027,0.5162840767164755,-0.3773901920901952,0.13761513233654168,1,1.5763752566167346,train,5,0.0,0.8000000000000007
0.6182087247699987,0.7921794170987339,-0.1739706923287352,0.49713079015145295,0,2.386480867099231,train,5,0.0,0.8000000000000007
1.0823312347827418,0.6558865575374737,0.4264446772452682,0.2821539861984494,0,1.9733027523363902,train,5,0.0,0.8000000000000007
-1.708142757391783,0.3305607478529449,-2.0387035052447278,0.03612050779365066,1,0.9989063451175649,train,5,0.0,0.8000000000000007
1.4897232076818705,0.7010141241653025,0.7887090835165681,0.344492923306396,0,2.1099322309620354,train,5,0.0,0.8000000000000007
0.09215679060698989,0.6590075460564176,-0.5668507554494278,0.28620101043935803,0,1.98274665837804,train,5,0.0,0.8000000000000007
-4.384703183214696,0.04357960625788375,-4.42828278947258,8.276560732781527e-05,1,0.1307553718951168,train,5,0.0,0.8000000000000007
1.215519688897853,0.5749097892513559,0.640609899646497,0.19001991125096862,0,1.7285297659790873,train,5,0.0,0.8000000000000007
-0.7998852234959432,0.6417364499395809,-1.441621673435524,0.2642835442177162,0,1.9304950207030969,train,5,0.0,0.8000000000000007
1.6591085947078077,0.5891253150491517,1.069983279658656,0.20446692001719152,0,1.7714652835477986,train,5,0.0,0.8000000000000007
-0.6143681159026483,0.5673054006249344,-1.1816735165275827,0.18257897050450364,1,1.738431995975704,train,5,0.0,0.8000000000000007
0.17999711574799826,0.4327494834420229,-0.25275236769402465,0.08104191121081326,1,1.3144568325682313,train,5,0.0,0.8000000000000007
0.8992488485923265,0.09985933950448792,0.7993895090878386,0.0009957861179641161,0,0.29959793423582304,train,5,0.0,0.8000000000000007
-0.18938006163946675,0.7661178363757354,-0.9554978980152021,0.44966255151175466,1,2.3882860194295574,train,5,0.0,0.8000000000000007
-0.8718987502578028,0.3226050389879362,-1.194503789245739,0.03357480043448637,1,0.9745300770507058,train,5,0.0,0.8000000000000007
0.03660833655958606,0.17356092825884822,-0.13695259169926216,0.005228244540493467,0,0.5207873496673546,train,5,0.0,0.8000000000000007
2.218038505104499,0.5738206771626561,1.6442178279418431,0.18894203165456633,0,1.7252408721210595,train,5,0.0,0.8000000000000007
2.114949958612118,0.7953659507375508,1.319584007874567,0.5031540644927721,1,2.486728665111207,train,5,0.0,0.8000000000000007
1.885188992727121,0.20449124448066822,1.680697748246453,0.008551142698007693,1,0.6151839619816062,train,5,0.0,0.8000000000000007
0.9986971989279618,0.5370475455514248,0.461649653376537,0.1548952886312574,0,1.6142405424268995,train,5,0.0,0.8000000000000007
1.065145667974602,0.47920473051129364,0.5859409374633083,0.11004321995956107,1,1.4596228355257932,train,5,0.0,0.8000000000000007
1.8582373935963308,0.573865716444411,1.2843716771519198,0.18898652542252506,1,1.759394454417738,train,5,0.0,0.8000000000000007
1.4321437106950858,0.7498796277159243,0.6822640829791614,0.4216719043702234,0,2.258072321235177,train,5,0.0,0.8000000000000007
-0.6845108722652964,0.2814478148317619,-0.9659586870970583,0.02229428986423435,0,0.8447893302925704,train,5,0.0,0.8000000000000007
1.1420637423041726,0.20290727797711697,0.9391564643270556,0.008353969289480352,0,0.6088889133171406,train,5,0.0,0.8000000000000007
-0.2701242427083741,0.3219780072294187,-0.5921022499377928,0.033379407571951285,0,0.9666016098396952,train,5,0.0,0.8000000000000007
-0.38665458016381804,0.5972085737479885,-0.9838631539118066,0.21299926360580207,1,1.834225573965126,train,5,0.0,0.8000000000000007
0.7457128804360874,0.5792564539293511,0.16645642650673628,0.19436257487214464,0,1.7416566132854963,train,5,0.0,0.8000000000000007
0.22921545811834432,0.32488623684671175,-0.09567077872836742,0.03429208891783313,1,0.9815171283237019,train,5,0.0,0.8000000000000007
1.838702463176737,0.7915038786240026,1.0471985845527343,0.49586007546163885,0,2.3844288373812406,train,5,0.0,0.8000000000000007
0.6946195867589403,0.3603994245961331,0.3342201621628072,0.04681146864990939,0,1.0821345031613976,train,5,0.0,0.8000000000000007
-0.2140014118107163,0.2990467472802826,-0.5130481590909989,0.026743438721137252,1,0.9024889295850752,train,5,0.0,0.8000000000000007
0.49559175706217184,0.5677028849353621,-0.0721111278731903,0.18296301304655452,1,1.7397012574153974,train,5,0.0,0.8000000000000007
-0.6162191071570402,0.06596684264936685,-0.682185949806407,0.00028706291738863287,0,0.1979062692064483,train,5,0.0,0.8000000000000007
-0.06969242920173102,0.31869833504902684,-0.38839076425075786,0.03236975287998774,1,0.962568955723078,train,5,0.0,0.8000000000000007
2.136028818613263,0.6167047730463043,1.5193240455669588,0.23454810534416617,1,1.8970239402077465,train,5,0.0,0.8000000000000007
1.1080767985372386,0.6118007868003742,0.49627601173686453,0.2289971585294825,0,1.8399823035717122,train,5,0.0,0.8000000000000007
-0.22096464032542013,0.22708750684615808,-0.4480521471715782,0.011710615636219291,0,0.6814967328511986,train,5,0.0,0.8000000000000007
-0.23256580028451648,0.15163375229630457,-0.38419955258082106,0.003486483756679446,0,0.4549709865640473,train,5,0.0,0.8000000000000007
-0.33483423081057523,0.37700077178825236,-0.7118350025988276,0.05358296208115125,1,1.1417189077809873,train,5,0.0,0.8000000000000007
0.04265588989680111,0.26784483560209904,-0.22518894570529793,0.01921541777021601,0,0.8039188151617015,train,5,0.0,0.8000000000000007
-1.1958824803818189,0.5877880349709212,-1.7836705153527401,0.20307769433449732,1,1.8039796437796631,train,5,0.0,0.8000000000000007
0.8855589914130848,0.15128569242789164,0.7342732989851931,0.003462530216397334,0,0.45392632788800286,train,5,0.0,0.8000000000000007
-0.058929617107432275,0.26488325929687034,-0.3238128764043026,0.018585041485348626,1,0.7983667861876808,train,5,0.0,0.8000000000000007
1.5063744632911666,0.6753827366580557,0.8309917266331109,0.3080703248624285,0,2.0323096164714154,train,5,0.0,0.8000000000000007
1.6456192183093523,0.4920192274579013,1.153599990851451,0.11910945137178537,0,1.4784398714011395,train,5,0.0,0.8000000000000007
1.0863140300719574,0.708211263789898,0.37810276628205947,0.3552127036057615,0,2.1317380454418093,train,5,0.0,0.8000000000000007
-0.4363561873522095,0.7812424163261431,-1.2175986036783526,0.47682327221635445,0,2.3532637144227566,train,5,0.0,0.8000000000000007
-0.7975639848581396,0.6695268743257466,-1.4670908591838863,0.30012629148286113,0,2.014583148806897,train,5,0.0,0.8000000000000007
1.1320348149548618,0.14465970086875157,0.9873751140861103,0.0030272109674106223,1,0.43458454479973685,train,5,0.0,0.8000000000000007
1.498498227069835,0.49472840676367114,1.0037698203061638,0.1210878431196578,1,1.5084027889149452,train,5,0.0,0.8000000000000007
-1.2728261538951344,0.38088709861867565,-1.65371325251381,0.05525718893582074,0,1.1437664396347433,train,5,0.0,0.8000000000000007
-0.8111892445833813,0.3233253237381828,-1.134514568321564,0.03380019168990648,1,0.9767360095525297,train,5,0.0,0.8000000000000007
1.9030507166960613,0.5935069500392078,1.3095437666568535,0.20906311975334838,1,1.8223334740682933,train,5,0.0,0.8000000000000007
0.7496639104724394,0.6607466313353475,0.08891727913709196,0.2884728020127828,1,2.039934454408599,train,5,0.0,0.8000000000000007
2.983496283336348,0.5465838643901137,2.436912418946234,0.1632940725389189,1,1.672410407678125,train,5,0.0,0.8000000000000007
0.7316909315238754,0.11141728439277801,0.6202736471310974,0.00138311313971649,1,0.33452847580627737,train,5,0.0,0.8000000000000007
1.6768888815449692,0.5622600459187295,1.1146288356262397,0.1777508438609123,1,1.7223303065283708,train,5,0.0,0.8000000000000007
-0.05393538300027973,0.0470698321313105,-0.10100521513159023,0.00010428646546497838,1,0.14123035368702452,train,5,0.0,0.8000000000000007
-0.3841464574249319,0.15413237980097283,-0.5382788372259047,0.003661690656677701,0,0.46247037321605206,train,5,0.0,0.8000000000000007
-1.0000785011420814,0.7398350119641577,-1.739913513106239,0.40495301808096246,1,2.3004956395086653,train,5,0.0,0.8000000000000007
-2.9242349818991635,0.3240819658911936,-3.2483169477903573,0.03403804388502441,1,0.9790535064505858,train,5,0.0,0.8000000000000007
1.4574657594845521,0.11863322608075466,1.3388325334037974,0.0016696253189986312,0,0.35593307074864394,train,5,0.0,0.8000000000000007
1.4987536135943702,0.5458297045396675,0.9529239090547027,0.16261908009359466,0,1.6407414952208745,train,5,0.0,0.8000000000000007
-0.47432937840374834,0.13079100061169488,-0.6051203790154432,0.0022373482418951533,0,0.39241774879992253,train,5,0.0,0.8000000000000007
1.7815921131837502,0.5185801928532089,1.2630119203305412,0.13945939431004267,0,1.5585297664458273,train,5,0.0,0.8000000000000007
-1.559172749904361,0.2012913145363826,-1.7604640644407437,0.008155960393563286,0,0.6040370628170191,train,5,0.0,0.8000000000000007
1.9220253903377962,0.033100401040721414,1.8889249892970748,3.6266009168645215e-05,0,0.09930192844234761,train,5,0.0,0.8000000000000007
1.333782940878093,0.7669780802527797,0.5668048606253133,0.4511789786670457,1,2.3911700364917485,train,5,0.0,0.8000000000000007
2.0652924339127128,0.052976384650745306,2.0123160492619676,0.00014867808211053133,0,0.15893212751387814,train,5,0.0,0.8000000000000007
-1.6191009351123886,0.41035214886851107,-2.0294530839808997,0.06909874124891519,0,1.2324384214305115,train,5,0.0,0.8000000000000007
1.9864062020253914,0.273037272975937,1.7133689290494545,0.020354751890738616,0,0.8195189139656258,train,5,0.0,0.8000000000000007
1.6422804046757244,0.5280078549163186,1.1142725497594057,0.14720452157270575,1,1.613464469063497,train,5,0.0,0.8000000000000007
1.0829059975182884,0.675541869695032,0.4073641278232563,0.3082881378846042,1,2.088283236662017,train,5,0.0,0.8000000000000007
-0.5594452193486343,0.48309324536568493,-1.0425384647143192,0.11274385895377428,0,1.4515346132761304,train,5,0.0,0.8000000000000007
0.895576148682564,0.46977095278058867,0.42580519590197524,0.10367128436798619,1,1.4300471152153633,train,5,0.0,0.8000000000000007
0.4089969860420967,0.09362642842771356,0.31537055761438315,0.0008207206673407143,1,0.2810434294166088,train,5,0.0,0.8000000000000007
-0.16248148016170527,0.568360268354222,-0.7308417485159273,0.18359934686705914,0,1.7087527920000072,train,5,0.0,0.8000000000000007
-1.4816439022955987,0.1636186062761064,-1.6452625085717052,0.004380241614625425,1,0.4917318671512443,train,5,0.0,0.8000000000000007
-0.8900554951108375,0.39229423460572804,-1.2823497297165656,0.060372029635864626,1,1.188957109744357,train,5,0.0,0.8000000000000007
-0.6075540415143369,0.02928682434880863,-0.6368408658631455,2.5119838762584142e-05,1,0.0878654970141784,train,5,0.0,0.8000000000000007
1.616653583805832,0.252322860471017,1.364330723334815,0.016064595632305115,0,0.757289873325697,train,5,0.0,0.8000000000000007
2.114894151077044,0.6904243256794741,1.4244698253975698,0.32911543715261793,0,2.0778552857814745,train,5,0.0,0.8000000000000007
2.475848288972618,0.4467732945793355,2.0290749943932824,0.08917879855931708,0,1.342103459709193,train,5,0.0,0.8000000000000007
1.0257038995989942,0.43736626102118886,0.5883376385778053,0.08366346241889394,0,1.3137720523119445,train,5,0.0,0.8000000000000007
-1.4403764932438254,0.29425972714729004,-1.7346362203911154,0.025479592842754705,1,0.8878751000104211,train,5,0.0,0.8000000000000007
-0.22919562345842726,0.6625253480791583,-0.8917209715375856,0.29080876819313917,0,1.9933922196013376,train,5,0.0,0.8000000000000007
-1.1637729332551336,0.2210803675461114,-1.3848533008012451,0.010805640976756826,1,0.6654022308336857,train,5,0.0,0.8000000000000007
-0.2086822085009261,0.10052667333329932,-0.3092088818342254,0.0010158835615301594,0,0.30160033767112854,train,5,0.0,0.8000000000000007
2.1024017158198953,0.4502248635941414,1.6521768522257538,0.09126167290571936,0,1.3524998242405384,train,5,0.0,0.8000000000000007
-0.0009056736481245775,0.21387120429915527,-0.21477687794727984,0.00978265966382534,1,0.6435701448302308,train,5,0.0,0.8000000000000007
0.10327204599083473,0.6200279426450872,-0.5167558966542525,0.2383602249106084,1,1.9077558729173834,train,5,0.0,0.8000000000000007
0.7784120442240852,0.14352507643163137,0.6348869677924538,0.002956537286173758,0,0.4306343600406176,train,5,0.0,0.8000000000000007
1.506642294269599,0.626605337069997,0.880036957199602,0.24602671559185638,1,1.9290213543283623,train,5,0.0,0.8000000000000007
1.6464560771668122,0.48639705666743455,1.1600590204993777,0.11507283551198953,1,1.4822057371047017,train,5,0.0,0.8000000000000007
-1.0889298215945935,0.033399100922842644,-1.1223289225174362,3.7256695157453936e-05,1,0.10020475410755941,train,5,0.0,0.8000000000000007
-0.6048298114857118,0.44902010575328144,-1.0538499172389932,0.09053100956442306,0,1.3488709374511327,train,5,0.0,0.8000000000000007
-0.012363724619659178,0.5345101878615541,-0.5468739124812133,0.15271017050957547,1,1.6340725976865775,train,5,0.0,0.8000000000000007
1.6424051728515439,0.7507140853332682,0.8916910875182757,0.42308116667920714,0,2.260603879333389,train,5,0.0,0.8000000000000007
0.8607620968926888,0.6288046870495712,0.23195740984311763,0.24862643954315694,1,1.9361393490573449,train,5,0.0,0.8000000000000007
-0.5652436333712428,0.6003443772166704,-1.1655880105879133,0.21637214090704698,0,1.8053605744681522,train,5,0.0,0.8000000000000007
2.673887401869596,0.39764078066764297,2.276246621201953,0.06287424068828212,1,1.2054971901405853,train,5,0.0,0.8000000000000007
-0.617778737502397,0.03418600132230217,-0.6519647388246992,3.995258786291078e-05,1,0.10256599448447909,train,5,0.0,0.8000000000000007
0.5049403803430198,0.6534939971565953,-0.1485536168135755,0.27907748968221224,1,2.016297489406228,train,5,0.0,0.8000000000000007
-0.10499562038426989,0.010898995353471285,-0.11589461573774118,1.294670946841345e-06,0,0.03269701195383279,train,5,0.0,0.8000000000000007
-0.543984579578471,0.44003294857208436,-0.9840175281505553,0.08520313796370546,1,1.337139473308994,train,5,0.0,0.8000000000000007
0.4107453461737386,0.45343741706004137,-0.042692070886302794,0.09322922285859182,0,1.362176835637296,train,5,0.0,0.8000000000000007
0.1579551555441466,0.0903346678297172,0.0676204877144294,0.0007371627064359673,0,0.2710187467432803,train,5,0.0,0.8000000000000007
0.3646067396599454,0.05022099186501143,0.31438574779493395,0.000126664775390915,1,0.15068830855011245,train,5,0.0,0.8000000000000007
0.8384660556688315,0.45977937997361956,0.3786866756952119,0.09719601756552596,1,1.3987773434339639,train,5,0.0,0.8000000000000007
-0.25096020062570185,0.38838821263255213,-0.639348413258254,0.0585865767315039,1,1.1768819532439572,train,5,0.0,0.8000000000000007
-0.869225240538658,0.24113767770811204,-1.11036291824677,0.014021524084078665,1,0.7262173379411518,train,5,0.0,0.8000000000000007
1.3445401756193687,0.031836446437302816,1.3127037291820658,3.2268127058090025e-05,1,0.09551579293732006,train,5,0.0,0.8000000000000007
0.24549527068604088,0.5071153091792909,-0.26162003849325005,0.13041278355274644,0,1.5239541832089278,train,5,0.0,0.8000000000000007
1.416753658675794,0.09946854656043502,1.317285112115359,0.000984140979535403,1,0.2986024678772122,train,5,0.0,0.8000000000000007
0.5533881823350775,0.009284675532309902,0.5441035068027675,8.003873087864114e-07,1,0.027854186674391462,train,5,0.0,0.8000000000000007
3.4406875951016507,0.22133327094282526,3.2193543241588256,0.010842766534464473,0,0.664216668159165,train,5,0.0,0.8000000000000007
0.1261469263591602,0.24123643207532922,-0.11508950571616901,0.014038758063109447,1,0.7265170478386096,train,5,0.0,0.8000000000000007
-1.840756162106241,0.1442541052026755,-1.9850102673089165,0.0030018192868596118,1,0.43336267946539847,train,5,0.0,0.8000000000000007
-0.3248784007357456,0.053582370465173716,-0.3784607712009193,0.00015383875912611727,0,0.16075018817070366,train,5,0.0,0.8000000000000007
2.0773623014202625,0.6233871628208222,1.4539751385994404,0.2422554545673306,1,1.9186125793759325,train,5,0.0,0.8000000000000007
2.602011816274614,0.32059877938265324,2.2814130368919607,0.03295228943631462,0,0.9624553839366861,train,5,0.0,0.8000000000000007
2.2976217023244456,0.19665188104540246,2.100969821279043,0.007604914133688319,1,0.591476625962945,train,5,0.0,0.8000000000000007
1.2217258307435543,0.41901775028480126,0.8027080804587531,0.07356940816930185,0,1.25852463901779,train,5,0.0,0.8000000000000007
2.128457455060916,0.2039885551145722,1.9244688999463437,0.008488235209105677,0,0.6121354300478987,train,5,0.0,0.8000000000000007
-0.49430164995666315,0.6815267694435424,-1.1758284194002055,0.31655469342188447,1,2.107891247015004,train,5,0.0,0.8000000000000007
-0.274666501511402,0.38680286247226253,-0.6614693639836645,0.05787207284134429,1,1.1719830019850563,train,5,0.0,0.8000000000000007
-0.5947037520936512,0.4985199609088605,-1.0932237130025118,0.12389325321316347,1,1.5203385333692143,train,5,0.0,0.8000000000000007
1.52413471955717,0.7784580039034136,0.7456767156537564,0.471743108997617,0,2.344808873890193,train,5,0.0,0.8000000000000007
1.8828344134339714,0.28379802363348733,1.599036389800484,0.022857466931181788,1,0.8559655642866982,train,5,0.0,0.8000000000000007
0.26414771992151587,0.17971650737656455,0.08443121254495128,0.005804487892974794,0,0.5392656118875532,train,5,0.0,0.8000000000000007
1.325157187773184,0.7829710445011774,0.5421861432720068,0.47999543207597345,0,2.3585130421450518,train,5,0.0,0.8000000000000007
-0.03650295941253523,0.46965953680065065,-0.5061624962131859,0.10359753843874438,0,1.411050561170727,train,5,0.0,0.8000000000000007
0.3893309237637753,0.7853451109900013,-0.39601418722622594,0.48437490358480106,0,2.3657228310417,train,5,0.0,0.8000000000000007
0.9718417415705705,0.774932864252356,0.1969088773182145,0.46536341525367136,0,2.3341058610621412,train,5,0.0,0.8000000000000007
2.4652469638616905,0.564083148577111,1.9011638152845793,0.1794855033878854,1,1.7281465464089099,train,5,0.0,0.8000000000000007
0.8877403177478389,0.8610466314991664,0.02669368624867256,0.638381093345607,1,2.710816113166621,train,6,0.8000000000000007,1.6000000000000005
0.9090527215249021,1.4239350337920922,-0.5148823122671901,2.8871578312785444,0,4.329548258001847,train,6,0.8000000000000007,1.6000000000000005
0.37300103368188353,1.1507273851527153,-0.7777263514708318,1.523762726335853,1,3.7569347007253167,train,6,0.8000000000000007,1.6000000000000005
3.4758648294831263,1.3787721422647536,2.097092687218373,2.621063242943148,0,4.188737691653124,train,6,0.8000000000000007,1.6000000000000005
1.1139278319634065,1.5823916095972828,-0.46846377763387625,3.962250368110738,1,5.539624902413996,train,6,0.8000000000000007,1.6000000000000005
0.2156895317749783,1.2307966963283477,-1.0151071645533694,1.8644853082665507,0,3.729679795150374,train,6,0.8000000000000007,1.6000000000000005
1.9654317703028794,1.200896370927951,0.7645353993749284,1.7318752156599908,0,3.637326617097053,train,6,0.8000000000000007,1.6000000000000005
1.0143884794025138,0.8576409066878099,0.15674757271470377,0.6308359891586399,1,2.6990899178951575,train,6,0.8000000000000007,1.6000000000000005
0.9237745445143961,1.0147511840814976,-0.09097663956710139,1.0449095543596836,1,3.2532354631164293,train,6,0.8000000000000007,1.6000000000000005
2.1374681739210395,1.1999060006604485,0.9375621732605909,1.72759395466146,1,3.9452367929136374,train,6,0.8000000000000007,1.6000000000000005
1.9297344959679754,1.343383996896753,0.5863504990712226,2.424378988003738,1,4.515027788291007,train,6,0.8000000000000007,1.6000000000000005
1.8776192300248122,1.442991228883501,0.4346280011413112,3.004630516387363,0,4.389066296978251,train,6,0.8000000000000007,1.6000000000000005
2.2617934877885224,1.1047529065188313,1.157040581269691,1.3483277054293312,0,3.341225273665081,train,6,0.8000000000000007,1.6000000000000005
1.193112786126473,0.8527490775247247,0.34036370860174825,0.6201029177502484,0,2.5706492909291794,train,6,0.8000000000000007,1.6000000000000005
0.29021014053782823,1.0305164794463955,-0.7403063389085672,1.0943716235324616,1,3.3104237630456788,train,6,0.8000000000000007,1.6000000000000005
1.0929361480720232,1.5276748221756915,-0.43473867410366823,3.565272776736555,0,4.654329922061806,train,6,0.8000000000000007,1.6000000000000005
0.34554148049875877,0.9707082828639331,-0.6251668023651743,0.9146737302393749,0,2.9304183231965863,train,6,0.8000000000000007,1.6000000000000005
1.413365637826068,1.1616991694541472,0.2516664683719207,1.5677652595336862,0,3.5164528135531152,train,6,0.8000000000000007,1.6000000000000005
0.2513829426503713,1.544964815751218,-1.2935818731008466,3.687701673693421,0,4.708648480727522,train,6,0.8000000000000007,1.6000000000000005
-1.3789917780340124,0.8199193820402791,-2.1989111600742914,0.5512053934392955,0,2.4707822539896234,train,6,0.8000000000000007,1.6000000000000005
1.3862250434893735,1.2804391339712986,0.10578590951807483,2.099311171880805,0,3.883303625351512,train,6,0.8000000000000007,1.6000000000000005
-0.0437210596159161,1.560103600330917,-1.603824659946833,3.7971724155276445,0,4.7562542493033035,train,6,0.8000000000000007,1.6000000000000005
-1.3581314150373776,0.9842423032167725,-2.34237371825415,0.9534679119590296,0,2.971796267889498,train,6,0.8000000000000007,1.6000000000000005
1.686788875968851,1.238791935388825,0.44799694058002587,1.9010568668412882,1,4.096587179534732,train,6,0.8000000000000007,1.6000000000000005
0.6740388645611368,1.5273026999093855,-0.8532638353482487,3.5626680452431345,0,4.65316146063302,train,6,0.8000000000000007,1.6000000000000005
1.5018860632942919,0.9065355566074008,0.595350506686891,0.7449970081629373,1,2.86860607145479,train,6,0.8000000000000007,1.6000000000000005
0.5817055622294466,1.2187300645390133,-0.6370245023095668,1.8101833847455664,1,4.018226870566154,train,6,0.8000000000000007,1.6000000000000005
0.053973021434932766,1.4003278872816285,-1.3463548658466957,2.7459284287935186,0,4.255902230420756,train,6,0.8000000000000007,1.6000000000000005
-0.15701042392008713,1.3352105927071316,-1.4922210166272187,2.380396523390642,0,4.053239708589208,train,6,0.8000000000000007,1.6000000000000005
0.5562896205515321,1.1742022877959852,-0.6179126672444532,1.6189325933726568,1,3.846393382062487,train,6,0.8000000000000007,1.6000000000000005
0.6358199047433011,0.9638792722382368,-0.3280593674949357,0.8955048106714104,0,2.9095479129281387,train,6,0.8000000000000007,1.6000000000000005
0.2044606104534249,1.192612711272857,-0.9881521008194322,1.696282968884423,1,3.917094727595456,train,6,0.8000000000000007,1.6000000000000005
0.7605782561319452,1.0979077515080478,-0.3373294953761025,1.3234195745777695,1,3.558407169439697,train,6,0.8000000000000007,1.6000000000000005
-0.661401831573698,1.1819209238812713,-1.8433227554549694,1.651069152742851,0,3.578784154698671,train,6,0.8000000000000007,1.6000000000000005
1.110099042596007,1.092712308624475,0.017386733971531905,1.304720557724738,1,3.5390810374183728,train,6,0.8000000000000007,1.6000000000000005
-0.6820440947130455,1.470334395447409,-2.1523784901604546,3.1786912785319013,1,5.046741442048607,train,6,0.8000000000000007,1.6000000000000005
1.1822904248705308,1.414918005215608,-0.23262758034507722,2.8326558875176606,1,4.811285193150357,train,6,0.8000000000000007,1.6000000000000005
1.8879486735056212,1.0511957417701303,0.836752931735491,1.1615844214792752,1,3.385904109606246,train,6,0.8000000000000007,1.6000000000000005
2.568426828808952,1.258100266115164,1.3103265626937877,1.9913415825749736,0,3.814127629996991,train,6,0.8000000000000007,1.6000000000000005
3.078095534907467,1.0208392386645568,2.05725629624291,1.0638295875348092,1,3.2752836335006323,train,6,0.8000000000000007,1.6000000000000005
-0.7052708301813095,1.162274346037121,-1.8675451762184305,1.5700950926686859,0,3.5182249399647367,train,6,0.8000000000000007,1.6000000000000005
1.992852933420899,1.0823826927555165,0.9104702406653826,1.2680679262254313,1,3.5007616635116356,train,6,0.8000000000000007,1.6000000000000005
2.773458203162823,1.3259195702238071,1.4475386329390163,2.3310497484974624,1,4.443968660370913,train,6,0.8000000000000007,1.6000000000000005
2.2729492481959888,1.0962808663904289,1.1766683818055597,1.3175451390052282,0,3.3151935019513914,train,6,0.8000000000000007,1.6000000000000005
0.05208580418565956,1.1672743823131457,-1.1151885781274862,1.5904457613579341,0,3.533632062166596,train,6,0.8000000000000007,1.6000000000000005
1.8696154953464084,1.3754592980072338,0.4941561973391747,2.6022153261696404,1,4.646820959255629,train,6,0.8000000000000007,1.6000000000000005
3.362460269963643,1.1303934632910684,2.2320668066725746,1.4444047647073042,1,3.680061342814666,train,6,0.8000000000000007,1.6000000000000005
-0.27158975549644326,1.5251386153314714,-1.7967283708279147,3.5475453147484344,0,4.646366752289383,train,6,0.8000000000000007,1.6000000000000005
1.5159665356708487,0.944361295362146,0.5716052403087027,0.8421986436319326,0,2.8499278589590764,train,6,0.8000000000000007,1.6000000000000005
2.727643681121511,1.392895098330612,1.3347485827908987,2.702434833967681,0,4.232733991671189,train,6,0.8000000000000007,1.6000000000000005
0.30199001612418874,1.137899234914513,-0.8359092187903242,1.4733686210052672,1,3.7083714289445924,train,6,0.8000000000000007,1.6000000000000005
1.8407272220911008,1.1411628581479545,0.6995643639431464,1.4860823775773344,0,3.45321022199541,train,6,0.8000000000000007,1.6000000000000005
0.022432885313226958,1.3075038949070716,-1.2850710095938447,2.235264772622688,1,4.369564639245753,train,6,0.8000000000000007,1.6000000000000005
0.2436746631045903,1.218324960822677,-0.9746502977180866,1.8083788794335243,1,4.0166506583547354,train,6,0.8000000000000007,1.6000000000000005
0.1514124865569384,1.1319087827515553,-0.9804962961946169,1.4502213323418394,0,3.424730774901503,train,6,0.8000000000000007,1.6000000000000005
1.0319107430329102,0.8011415044502073,0.23076923858270287,0.5141948173095988,0,2.4137084096968136,train,6,0.8000000000000007,1.6000000000000005
0.7646323574380809,0.8738098766774024,-0.10917751923932145,0.6671920268407235,1,2.754868035400352,train,6,0.8000000000000007,1.6000000000000005
2.512453764246649,1.3675155149801708,1.1449382492664781,2.5573889645194465,1,4.614024337844402,train,6,0.8000000000000007,1.6000000000000005
0.09114154032542876,1.2194764774121585,-1.1283349370867297,1.813511369915079,1,4.021131706219491,train,6,0.8000000000000007,1.6000000000000005
1.1993975907025773,1.3569283708135758,-0.15753078011099833,2.498450609405741,1,4.570475234321876,train,6,0.8000000000000007,1.6000000000000005
2.7176664147385488,1.5643746584023412,1.1532917563362073,3.8284441539215557,0,4.769692858285454,train,6,0.8000000000000007,1.6000000000000005
2.019263690182269,1.3463310835003346,0.6729326066819346,2.440369666491524,0,4.087800643830834,train,6,0.8000000000000007,1.6000000000000005
-0.7470666501591103,0.8425029525383667,-1.589569602697477,0.5980180528375917,0,2.5394692186718517,train,6,0.8000000000000007,1.6000000000000005
1.8453265698402923,1.0470821478910384,0.7982444219492538,1.148000997969351,1,3.3708466432669852,train,6,0.8000000000000007,1.6000000000000005
0.6999742940932201,1.274075749858699,-0.5741014557654789,2.0681676892642007,1,4.235860787428937,train,6,0.8000000000000007,1.6000000000000005
1.450560171279551,0.9880963258059721,0.46246384547357905,0.964712383075479,0,2.9835832250794256,train,6,0.8000000000000007,1.6000000000000005
1.932793297656392,1.571976799628902,0.3608164980274899,3.884529253380854,1,5.492836249562877,train,6,0.8000000000000007,1.6000000000000005
3.0192212397965905,1.5560385790342357,1.4631826607623546,3.7675678382135374,1,5.421629304745415,train,6,0.8000000000000007,1.6000000000000005
1.6185926323525939,1.4787207046701516,0.1398719276824424,3.233392758923452,1,5.082840665795145,train,6,0.8000000000000007,1.6000000000000005
-1.046707848778525,1.1778591970307224,-2.2245670458092475,1.6341056519775843,1,3.8603987214876843,train,6,0.8000000000000007,1.6000000000000005
-0.17065029085631478,1.4731813719187183,-1.6438316627750331,3.1971915461078733,1,5.05898242497773,train,6,0.8000000000000007,1.6000000000000005
1.7822737763912007,0.9048885138783318,0.8773852625128689,0.7409437289813732,1,2.8628542874312704,train,6,0.8000000000000007,1.6000000000000005
0.7370073259531357,1.046986925838269,-0.30997959988513324,1.1476878274956293,0,3.1639145340647197,train,6,0.8000000000000007,1.6000000000000005
2.53597198743641,1.1703971153235342,1.3655748721128758,1.6032443870908195,1,3.8318402233887667,train,6,0.8000000000000007,1.6000000000000005
1.7216043420640035,1.393477760546774,0.3281265815172293,2.705827620912963,0,4.234549834058582,train,6,0.8000000000000007,1.6000000000000005
0.28978129983248646,1.188660182967118,-0.8988788831346315,1.679473461435652,0,3.5995700181300667,train,6,0.8000000000000007,1.6000000000000005
2.208389006705819,0.9095008950379614,1.2988881116678577,0.7523317534772109,0,2.7435493201834285,train,6,0.8000000000000007,1.6000000000000005
0.10595200592849463,1.0748292237634873,-0.9688772178349927,1.241704909185646,1,3.4728286531275914,train,6,0.8000000000000007,1.6000000000000005
-1.4036216741924579,1.059540935737955,-2.463162609930413,1.189469256241945,1,3.416516658462254,train,6,0.8000000000000007,1.6000000000000005
3.51688978472985,1.0403351234544325,2.4765546612754177,1.1259517590226962,0,3.1435244055437517,train,6,0.8000000000000007,1.6000000000000005
-1.360497532774004,0.9324011203726307,-2.2928986531466347,0.8106032862817663,0,2.8134154268435276,train,6,0.8000000000000007,1.6000000000000005
1.895616848833785,1.1319214180586021,0.7636954307751829,1.4502698986132059,1,3.6858182338984475,train,6,0.8000000000000007,1.6000000000000005
2.2851186487525865,1.1584965260021793,1.1266221227504072,1.55483463907763,1,3.7864565058220645,train,6,0.8000000000000007,1.6000000000000005
1.5963993363731248,1.4199203006512142,0.1764790357219105,2.86280590975828,0,4.317017020148808,train,6,0.8000000000000007,1.6000000000000005
-0.582963651739667,1.4371125606260393,-2.0200762123657063,2.968057810231517,0,4.370698838082749,train,6,0.8000000000000007,1.6000000000000005
2.4359300249543585,1.2179121024012902,1.218017922553068,1.8065410656383956,0,3.6898671285166387,train,6,0.8000000000000007,1.6000000000000005
-0.5613482230355358,1.1685042369306222,-1.729852459966158,1.5954781994046354,0,3.5374222747799595,train,6,0.8000000000000007,1.6000000000000005
-0.1897833966334419,1.4225708812351179,-1.6123542778685598,2.8788679479327204,1,4.843486233291897,train,6,0.8000000000000007,1.6000000000000005
1.0758291862842286,1.5098311614821884,-0.43400197519795974,3.441796223015997,0,4.598329408906885,train,6,0.8000000000000007,1.6000000000000005
2.2861405048338272,1.3399350158934307,0.9462054889403967,2.405753960590653,1,4.500955839798422,train,6,0.8000000000000007,1.6000000000000005
1.8005199260757236,1.4403832391987714,0.3601366868769523,2.988368688952269,1,4.918823455386768,train,6,0.8000000000000007,1.6000000000000005
2.5242110259307706,1.5512890829857489,0.9729219429450219,3.7331737948293893,1,5.400502007923125,train,6,0.8000000000000007,1.6000000000000005
0.3001520508928971,0.8325246475493493,-0.5323725966564522,0.5770205760566216,0,2.50911435416918,train,6,0.8000000000000007,1.6000000000000005
1.2939174360289156,1.500537379896067,-0.20661994386715155,3.378628613950823,0,4.5691847119672175,train,6,0.8000000000000007,1.6000000000000005
-0.34331368783733063,1.021250457960908,-1.3645641457982387,1.0651157160969016,0,3.0850536882046624,train,6,0.8000000000000007,1.6000000000000005
0.8003730556721849,1.180611599539396,-0.38023854386721107,1.6455880979758841,1,3.870952418213365,train,6,0.8000000000000007,1.6000000000000005
2.1491625477173972,1.4374087655455223,0.7117537821718748,2.9698934379294637,0,4.371624165395156,train,6,0.8000000000000007,1.6000000000000005
1.0140001210500411,1.3737937858201845,-0.35979366477014346,2.5927738788735457,0,4.173236835038024,train,6,0.8000000000000007,1.6000000000000005
1.4882695233308938,0.9177180575533551,0.5705514657775387,0.7729080518980789,0,2.7686123336980266,train,6,0.8000000000000007,1.6000000000000005
0.6390695053038935,1.3269986071633169,-0.6879291018594234,2.3367454249482003,0,4.027730729988915,train,6,0.8000000000000007,1.6000000000000005
0.14453174466016727,0.8554016560078691,-0.7108699113477018,0.625907650619418,1,2.691386498147491,train,6,0.8000000000000007,1.6000000000000005
1.1326588823554038,1.0856565026823037,0.04700237967309997,1.2796090822847124,1,3.5128913245038533,train,6,0.8000000000000007,1.6000000000000005
1.2164058367610169,1.4502636401309656,-0.2338578033699488,3.0502882124960067,0,4.411796684642817,train,6,0.8000000000000007,1.6000000000000005
1.853026157543791,1.142163866422041,0.7108622911217499,1.4899965060653562,1,3.7244909004791946,train,6,0.8000000000000007,1.6000000000000005
1.49383183996191,1.2798835500347576,0.21394828992715234,2.096579677201944,1,4.258966585544662,train,6,0.8000000000000007,1.6000000000000005
3.470944580989096,1.3825290265177077,2.0884155544713887,2.6425473298135853,1,4.67609654551584,train,6,0.8000000000000007,1.6000000000000005
1.193588681232047,1.456982086645248,-0.263393405413201,3.0928769123609317,0,4.432803798182963,train,6,0.8000000000000007,1.6000000000000005
1.135708916276666,1.408412095984227,-0.2727031797075609,2.7937609257625824,0,4.281111506467933,train,6,0.8000000000000007,1.6000000000000005
-0.4424426563190351,0.8057146202231995,-1.2481572765422346,0.5230506339725435,1,2.5217539874641073,train,6,0.8000000000000007,1.6000000000000005
1.163539027841052,1.1362054669380286,0.027333560903023305,1.4667990626680347,1,3.7019762133476926,train,6,0.8000000000000007,1.6000000000000005
1.9899037008371574,1.1705089744305184,0.819394726406639,1.6037041147086102,1,3.8322677462332773,train,6,0.8000000000000007,1.6000000000000005
-0.04395516719745518,0.8443996024901789,-0.888354769687634,0.6020659420973458,0,2.5452401263124838,train,6,0.8000000000000007,1.6000000000000005
1.173546990364623,1.2331537056761763,-0.059606715311553315,1.8752174555403003,1,4.074504608136589,train,6,0.8000000000000007,1.6000000000000005
2.1484847133708986,1.2862166011550944,0.8622681122158041,2.1278564793839947,0,3.9012069330529635,train,6,0.8000000000000007,1.6000000000000005
1.310471577184071,1.4627625559969009,-0.15229097881282994,3.129835441086509,0,4.450884376812433,train,6,0.8000000000000007,1.6000000000000005
0.9304826531752878,1.5534474145531594,-0.6229647613778716,3.7487775450652916,0,4.7353177945607845,train,6,0.8000000000000007,1.6000000000000005
2.070230064138431,0.902518283202187,1.1677117809362438,0.7351365668774109,0,2.722257580944109,train,6,0.8000000000000007,1.6000000000000005
1.1007680181956936,0.9843445395281762,0.11642347866751736,0.9537650618615809,0,2.9721089198217605,train,6,0.8000000000000007,1.6000000000000005
1.8032041245479082,1.3273267176564494,0.4758774068914589,2.3384791877726006,1,4.449675990523868,train,6,0.8000000000000007,1.6000000000000005
2.3116513313060216,0.9059791910533995,1.4056721402526222,0.743626174979443,1,2.866662808156087,train,6,0.8000000000000007,1.6000000000000005
2.3536420117206154,0.9792629095570562,1.3743791021635594,0.9390698919241514,1,3.125602707055999,train,6,0.8000000000000007,1.6000000000000005
0.8432450511024927,1.2598900700713198,-0.41664501896882705,1.9998524714141008,0,3.8196672596422414,train,6,0.8000000000000007,1.6000000000000005
0.30510331548546554,0.935618978852968,-0.6305156633675024,0.8190248302935313,0,2.8232374331647745,train,6,0.8000000000000007,1.6000000000000005
1.7669548410575808,1.4257841210590232,0.34117071999855764,2.898420021424496,0,4.3353207636055595,train,6,0.8000000000000007,1.6000000000000005
1.3262354586028493,1.4855805008894087,-0.1593450422865595,3.2786010316687713,0,4.522313523301602,train,6,0.8000000000000007,1.6000000000000005
-1.452894219536538,0.8269393636022793,-2.2798335831388172,0.5654848791492799,0,2.492127788389823,train,6,0.8000000000000007,1.6000000000000005
2.7565499255540047,1.2261158439549396,1.5304340815990651,1.8432935921649036,1,4.047006250297799,train,6,0.8000000000000007,1.6000000000000005
1.4607946789539599,1.437561085954852,0.023233592999107884,2.9708376856639753,1,4.906850794997351,train,6,0.8000000000000007,1.6000000000000005
2.463765304903853,1.5801117449256932,0.8836535599781594,3.945148939286937,0,4.8192382135628185,train,6,0.8000000000000007,1.6000000000000005
-0.38809300258066615,1.0194068745555376,-1.4074998771362037,1.0593578131553298,0,3.0794077799297197,train,6,0.8000000000000007,1.6000000000000005
2.4811251212023793,0.9352808506923074,1.5458442705100721,0.8181371763618973,1,2.9694699873493016,train,6,0.8000000000000007,1.6000000000000005
0.7954453768705408,1.5013607441453087,-0.7059153672747679,3.384193357811252,1,5.180920903998176,train,6,0.8000000000000007,1.6000000000000005
1.3981454828406863,1.5273459710086794,-0.12920048816799315,3.5629708632707984,0,4.653297330291455,train,6,0.8000000000000007,1.6000000000000005
-0.7236832920991261,0.9580263115737262,-1.6817096036728523,0.8792903574351331,0,2.891664741869881,train,6,0.8000000000000007,1.6000000000000005
0.9528841100842074,1.1532237941621124,-0.200339684077905,1.5337012921709452,0,3.490345408329756,train,6,0.8000000000000007,1.6000000000000005
1.099620994124944,1.3753857133538698,-0.275764719228926,2.601797706682379,1,4.646516681398086,train,6,0.8000000000000007,1.6000000000000005
1.2538434800291158,1.4762761270111793,-0.22243264698206347,3.2173832046774216,1,5.072305021969022,train,6,0.8000000000000007,1.6000000000000005
1.460825935600779,0.9346202442937962,0.5262056913069828,0.8164048036698476,1,2.9671416936153583,train,6,0.8000000000000007,1.6000000000000005
1.4043901877660125,1.3319751703238094,0.07241501744220309,2.3631342102413413,1,4.468552353019697,train,6,0.8000000000000007,1.6000000000000005
2.617207517550954,1.4462683674368562,1.170939150114098,3.025148249749583,0,4.399308067305561,train,6,0.8000000000000007,1.6000000000000005
0.6779814738589192,1.2397712966405825,-0.5617898227816633,1.9055692317071595,1,4.100427736263179,train,6,0.8000000000000007,1.6000000000000005
-0.2634457634340258,0.931773327023211,-1.1952190904572368,0.8089670308852474,1,2.957113387246683,train,6,0.8000000000000007,1.6000000000000005
0.8054953739202175,0.8284230438642914,-0.022927669944073956,0.5685340929414997,0,2.4966398134517043,train,6,0.8000000000000007,1.6000000000000005
1.779268697843336,1.0252270542787956,0.7540416435645404,1.0776064302441442,0,3.0972332914412695,train,6,0.8000000000000007,1.6000000000000005
2.939866804724232,1.4462966771628418,1.4935701275613902,3.0253258989251908,1,4.943955211273564,train,6,0.8000000000000007,1.6000000000000005
1.8125187313528377,0.835813008676112,0.9767057226767257,0.5838850812226756,0,2.519116727652789,train,6,0.8000000000000007,1.6000000000000005
-1.3119555971585417,0.8065732040314504,-2.118528801189992,0.5247245325758589,1,2.524664518609523,train,6,0.8000000000000007,1.6000000000000005
1.5417633478419055,1.0892933181696465,0.452470029672259,1.292511806634569,0,3.2937301906416305,train,6,0.8000000000000007,1.6000000000000005
2.6033439560643235,0.8508978285588422,1.752446127505481,0.6160730996701353,0,2.5650149476699293,train,6,0.8000000000000007,1.6000000000000005
0.9946806822754013,0.919589042659385,0.07509163961601628,0.7776449631764883,1,2.914296120613453,train,6,0.8000000000000007,1.6000000000000005
1.612883948831472,2.2987435222334534,-0.6858595734019814,12.147070589142265,0,7.139171978483206,train,7,1.6000000000000005,2.4000000000000004
0.7068287292253024,2.374832530256746,-1.6680038010314437,13.393650672762247,0,7.392370604225483,train,7,1.6000000000000005,2.4000000000000004
-0.5789001362493202,2.295355632171136,-2.8742557684204564,12.093442616428664,0,7.127935748841982,train,7,1.6000000000000005,2.4000000000000004
3.409504324330906,2.0246845532444797,1.3848197710864263,8.299885642915978,1,7.734030788316634,train,7,1.6000000000000005,2.4000000000000004
3.8118967069302094,1.786182662381833,2.0257140445483763,5.698723801983454,0,5.472522463185168,train,7,1.6000000000000005,2.4000000000000004
1.8776617860003002,1.6091190434219445,0.2685427425783557,4.166434165166469,1,5.660643963299127,train,7,1.6000000000000005,2.4000000000000004
1.7024364410688626,1.9443750546339928,-0.24193861356513022,7.350893351824611,0,5.980143030938471,train,7,1.6000000000000005,2.4000000000000004
2.5214552161761397,1.9218810880298922,0.5995741281462473,7.0987117171113345,1,7.185385607511944,train,7,1.6000000000000005,2.4000000000000004
1.800534016671272,2.018139737082056,-0.217605720410784,8.219657114234709,1,7.69835063409311,train,7,1.6000000000000005,2.4000000000000004
-0.11706487691921574,1.9827134366419223,-2.099778313561138,7.794349025677455,0,6.1040272904393165,train,7,1.6000000000000005,2.4000000000000004
0.591784498691706,2.044285179057865,-1.4525006803661589,8.543276062277839,0,6.303721058419152,train,7,1.6000000000000005,2.4000000000000004
2.543798633360782,2.034708814034033,0.5090898193267491,8.423775792808046,1,7.788881600663707,train,7,1.6000000000000005,2.4000000000000004
1.7421545230839126,2.2087164604823437,-0.46656193739843116,10.775065114561434,1,8.781162404359318,train,7,1.6000000000000005,2.4000000000000004
0.3020567148620834,2.1698996592656736,-1.8678429444035902,10.216895582091773,1,8.553078094215376,train,7,1.6000000000000005,2.4000000000000004
0.36869478512562015,2.095745676882752,-1.727050891757132,9.20482925352936,0,6.4713336157188435,train,7,1.6000000000000005,2.4000000000000004
3.079586189726448,1.9408734163809542,1.1387127733454936,7.311250010163305,0,5.968845249346129,train,7,1.6000000000000005,2.4000000000000004
-0.0005786172135919809,1.8312600224144706,-1.8318386396280626,6.141154785426047,1,6.722011024328621,train,7,1.6000000000000005,2.4000000000000004
3.7433282785089643,2.3790841929603572,1.3642440855486069,13.465715495381945,1,9.83039567795746,train,7,1.6000000000000005,2.4000000000000004
2.4484500337246202,1.8670192364085367,0.5814307973160835,6.507982521485506,1,6.902654213522712,train,7,1.6000000000000005,2.4000000000000004
0.5728369143913907,1.7750408486558629,-1.2022039342644721,5.592745480274565,1,6.443671642022502,train,7,1.6000000000000005,2.4000000000000004
1.2705008924953007,1.6526467102297697,-0.38214581773446893,4.513776699463498,0,5.048215664678579,train,7,1.6000000000000005,2.4000000000000004
2.576047755434036,2.3862964372427475,0.18975131819128854,13.588551933147215,1,9.876599698357687,train,7,1.6000000000000005,2.4000000000000004
2.135316700828419,1.702284570340026,0.43303213048839295,4.932833855006153,0,5.2055103881202,train,7,1.6000000000000005,2.4000000000000004
2.1642546259605324,1.857704634563344,0.3065499913971886,6.411062248472318,0,5.701335148659478,train,7,1.6000000000000005,2.4000000000000004
3.368023876821949,1.6567542758001594,1.7112696010217894,4.54751667592534,1,5.879766162585547,train,7,1.6000000000000005,2.4000000000000004
2.892516807658367,1.779815951174437,1.11270085648393,5.638002759984024,0,5.452207908722991,train,7,1.6000000000000005,2.4000000000000004
1.3022317751219128,1.9149079319548843,-0.6126761568329714,7.021723020986607,0,5.885158256284385,train,7,1.6000000000000005,2.4000000000000004
2.1110354319014397,2.3169160039045087,-0.20588057200306895,12.43743626569704,1,9.438235264852935,train,7,1.6000000000000005,2.4000000000000004
0.7838940930594038,1.8763692895982942,-1.0924751965388904,6.606249150415636,0,5.761232851803196,train,7,1.6000000000000005,2.4000000000000004
1.7603425069471563,2.3877995498282174,-0.6274570428810612,13.614246132070216,0,7.435683572126056,train,7,1.6000000000000005,2.4000000000000004
1.7117737987811765,1.6229856391706368,0.08878815961053985,4.275077883172878,0,4.954458475175368,train,7,1.6000000000000005,2.4000000000000004
-0.934791886298642,1.8813477890160966,-2.8161396753147385,6.65897312420249,0,5.777222829532339,train,7,1.6000000000000005,2.4000000000000004
2.024462070474469,1.9047671113630829,0.1196949591113862,6.910757458895729,1,7.096452825868394,train,7,1.6000000000000005,2.4000000000000004
2.1556719054748306,2.2113281050927682,-0.05565619961793785,10.813332491005964,0,6.850250965098424,train,7,1.6000000000000005,2.4000000000000004
2.053879764427708,2.351043130648618,-0.2971633662209097,12.995164739412958,0,7.313032686734113,train,7,1.6000000000000005,2.4000000000000004
0.28930889748703414,1.8557518371736226,-1.5664429396865884,6.390865792623167,0,5.695072827373331,train,7,1.6000000000000005,2.4000000000000004
1.2544219442519444,1.945980746232333,-0.6915588019803887,7.369119800961669,1,7.311766198889333,train,7,1.6000000000000005,2.4000000000000004
0.8987522020210172,1.8161165932731727,-0.9173643912521554,5.990060093538126,1,6.646361798527143,train,7,1.6000000000000005,2.4000000000000004
2.167945489978483,2.240844709061116,-0.0728992190826331,11.252144032102331,1,8.972962933603814,train,7,1.6000000000000005,2.4000000000000004
-0.8107878670181132,2.1105910448984977,-2.921378911916611,9.401827384468953,0,6.519809682384873,train,7,1.6000000000000005,2.4000000000000004
1.257768030318845,1.6549521067665263,-0.39718407644768133,4.532692844096971,1,5.871394889118974,train,7,1.6000000000000005,2.4000000000000004
2.6500852363262077,2.0829155810952895,0.5671696552309183,9.036806978762097,0,6.429482882861111,train,7,1.6000000000000005,2.4000000000000004
1.1742575552540284,2.2364596467431817,-1.0622020914891532,11.186215955280568,1,8.94662213128566,train,7,1.6000000000000005,2.4000000000000004
0.4927747707022072,1.625606525140638,-1.1328317544384308,4.295822234951253,1,5.735984022412165,train,7,1.6000000000000005,2.4000000000000004
2.8458465045627905,1.964358257684747,0.8814882468780435,7.579875818078779,1,7.409049936669996,train,7,1.6000000000000005,2.4000000000000004
5.4036695425212535,2.232138033070629,3.1715315094506247,11.121494264974537,0,6.918843984511377,train,7,1.6000000000000005,2.4000000000000004
3.124986804782139,2.390877214490984,0.7341095902911551,13.666956728709604,0,7.445970778047143,train,7,1.6000000000000005,2.4000000000000004
2.856364253828611,2.067171634800774,0.7891926190278374,8.833434869072214,1,7.968201878216764,train,7,1.6000000000000005,2.4000000000000004
1.686385014791771,1.631129838113858,0.05525517667791312,4.339758844348464,1,5.761341283211267,train,7,1.6000000000000005,2.4000000000000004
2.8814534774175016,1.9571383260143225,0.9243151514031792,7.496603908581748,1,7.370735759759317,train,7,1.6000000000000005,2.4000000000000004
2.4622012835275835,1.7505380122346519,0.7116632712929317,5.36431950721171,0,5.35890042684819,train,7,1.6000000000000005,2.4000000000000004
0.9815122229639728,2.1016445174841993,-1.1201322945202266,9.282774008721313,0,6.490589032627024,train,7,1.6000000000000005,2.4000000000000004
2.2227741362599396,1.7722542395781975,0.4505198966817423,5.566446916253903,0,5.428091657059671,train,7,1.6000000000000005,2.4000000000000004
2.8245250097301,1.7207760861259975,1.103748923604102,5.09533902797082,0,5.264235038937409,train,7,1.6000000000000005,2.4000000000000004
1.1719504241115781,2.02891544534366,-0.8569650212320822,8.352026138290459,0,6.25378685879679,train,7,1.6000000000000005,2.4000000000000004
2.1297167253935316,1.68030943537964,0.4494072900138915,4.744252533857397,0,5.135813356816068,train,7,1.6000000000000005,2.4000000000000004
3.6935654365621273,2.1849267455845305,1.5086386909775966,10.430632460990024,0,6.763392885973392,train,7,1.6000000000000005,2.4000000000000004
3.523045063631103,2.35172083155294,1.1713242320781625,13.006405758740863,0,7.315290609833637,train,7,1.6000000000000005,2.4000000000000004
2.3279926983285564,2.354654547570562,-0.026661849242005212,13.055142054647446,0,7.325066483804635,train,7,1.6000000000000005,2.4000000000000004
4.378914339006597,1.8997908040142215,2.4791235349923757,6.856734656913739,0,5.836507105180939,train,7,1.6000000000000005,2.4000000000000004
3.314888062531228,2.076600196699221,1.2382878658320071,8.95485735975525,0,6.408897737292767,train,7,1.6000000000000005,2.4000000000000004
1.8303845247390484,2.1295861698195746,-0.2992016450805262,9.657965575814536,1,8.320351624621631,train,7,1.6000000000000005,2.4000000000000004
-0.35440274453556997,2.0084643642026165,-2.3628671087381865,8.102002849632804,1,7.645793662534411,train,7,1.6000000000000005,2.4000000000000004
1.5843520830755673,1.97671406531508,-0.3923619822395127,7.723809565862794,1,7.4749041091178,train,7,1.6000000000000005,2.4000000000000004
1.7678248036019724,1.6070978284681212,0.16072697513385117,4.150753500228892,0,4.904308555408941,train,7,1.6000000000000005,2.4000000000000004
1.1968898533870314,1.654317122852296,-0.4574272694652646,4.527477437227842,0,5.053500917301444,train,7,1.6000000000000005,2.4000000000000004
1.9776430344877285,1.9478529827068716,0.029790051780857002,7.390409856978621,1,7.321640919516339,train,7,1.6000000000000005,2.4000000000000004
3.910927265827348,1.9451949047042891,1.965732361123059,7.360195834773302,1,7.307623881067528,train,7,1.6000000000000005,2.4000000000000004
2.732326422731117,1.7487069484158173,0.9836194743152995,5.347503864315959,1,6.315621618110644,train,7,1.6000000000000005,2.4000000000000004
3.639557987496505,2.023764253361524,1.6157937341349806,8.288572899383487,0,6.237064218072242,train,7,1.6000000000000005,2.4000000000000004
0.4295507150849296,2.079269002352112,-1.6497182872671823,8.989427569329099,1,8.035692520922156,train,7,1.6000000000000005,2.4000000000000004
2.1882970331055605,2.1767395733500674,0.011557459755493127,10.313816933204885,0,6.7364950587143,train,7,1.6000000000000005,2.4000000000000004
3.4428367341160535,1.8451166853113874,1.5977200488046661,6.281617799514457,0,5.660982411924452,train,7,1.6000000000000005,2.4000000000000004
0.9304227154064618,1.9235163718198127,-0.9930936564133509,7.116847524364821,0,5.912886065946735,train,7,1.6000000000000005,2.4000000000000004
4.580157229534815,2.2582259363980217,2.3219312931367933,11.516013711361374,0,7.004998083421293,train,7,1.6000000000000005,2.4000000000000004
0.5398335608111442,2.069704280988238,-1.529870720177094,8.865942163856493,0,6.386431686241844,train,7,1.6000000000000005,2.4000000000000004
1.3769473627362778,2.1652124347243653,-0.7882650719880874,10.150829606172012,0,6.698653896296536,train,7,1.6000000000000005,2.4000000000000004
3.8243394531034776,2.0084657973457465,1.815873655757731,8.102020193238518,1,7.645801430684943,train,7,1.6000000000000005,2.4000000000000004
-0.357027055568802,2.2640493287944943,-2.6210763843632963,11.60533429374117,0,7.024254672258307,train,7,1.6000000000000005,2.4000000000000004
3.135235126114858,2.176542409183858,0.958692716931,10.311014580150834,0,6.73584751915459,train,7,1.6000000000000005,2.4000000000000004
0.7635032372952273,2.2930093463053183,-1.529506109010091,12.056395181987119,1,9.290307075313379,train,7,1.6000000000000005,2.4000000000000004
0.35519535987910356,1.7627278177215928,-1.4075324578424893,5.477164373245558,1,6.383616327813891,train,7,1.6000000000000005,2.4000000000000004
1.874294694868963,1.8388278810269008,0.03546681384206225,6.217606604126831,1,6.760004963906069,train,7,1.6000000000000005,2.4000000000000004
1.891791541729529,1.9806432176510196,-0.08885167592149065,7.769959469253232,1,7.4959215468037055,train,7,1.6000000000000005,2.4000000000000004
2.6462809684030963,1.9948835983371749,0.6513973700659217,7.938760111507008,1,7.572402817312926,train,7,1.6000000000000005,2.4000000000000004
1.8834809221981983,2.0861409045742305,-0.2026599823760322,9.078851575051814,0,6.439999745223727,train,7,1.6000000000000005,2.4000000000000004
1.8708376488098848,2.2551484616260695,-0.3843108128161848,11.468996317349966,1,9.059244648348201,train,7,1.6000000000000005,2.4000000000000004
0.5887157841060222,2.02217907073593,-1.4334632866299077,8.269111226036244,0,6.231919436728514,train,7,1.6000000000000005,2.4000000000000004
2.6651126917203802,2.3513633088190975,0.3137493829012829,13.000474724601359,1,9.654184871377565,train,7,1.6000000000000005,2.4000000000000004
-0.8310990394479094,2.1787067319898195,-3.009805771437729,10.341804555587844,0,6.742956287081215,train,7,1.6000000000000005,2.4000000000000004
2.4895905309182336,1.7430056125342945,0.746584918383939,5.29537056062732,1,6.288090949728348,train,7,1.6000000000000005,2.4000000000000004
2.3264488291471785,2.0957803332767275,0.23066849587045124,9.20528590931717,0,6.471446718016526,train,7,1.6000000000000005,2.4000000000000004
3.6741298305058603,2.049826707169307,1.624303123336553,8.612940395318827,0,6.321738929414297,train,7,1.6000000000000005,2.4000000000000004
3.880533728633166,2.2107236917097173,1.669810036923449,10.804468220745159,0,6.848260439544055,train,7,1.6000000000000005,2.4000000000000004
0.5114188234942936,2.245317068170581,-1.7338982446762876,11.31965089663571,0,6.962344222444457,train,7,1.6000000000000005,2.4000000000000004
2.528943037827929,1.8389001620422405,0.6900428757856888,6.21833984173252,0,5.641067282961371,train,7,1.6000000000000005,2.4000000000000004
0.7325993972939133,1.7107077653728726,-0.9781083680789593,5.006422300315244,0,5.232251742124922,train,7,1.6000000000000005,2.4000000000000004
1.482056508145773,2.1083183313430913,-0.6262618231973184,9.371488025461911,1,8.199252599121657,train,7,1.6000000000000005,2.4000000000000004
2.5179394629728655,1.6066466995460569,0.9112927634268084,4.147259003507003,0,4.90288527870831,train,7,1.6000000000000005,2.4000000000000004
2.7618719635963926,2.230866611598312,0.531005351998081,11.102500743397353,0,6.914649849662882,train,7,1.6000000000000005,2.4000000000000004
2.52717953612456,2.001661914108391,0.5255176220161689,8.019959545641854,1,7.608977651453544,train,7,1.6000000000000005,2.4000000000000004
2.2887553795494386,2.397694929229218,-0.10893954967977955,13.784206620962296,1,9.949926111880114,train,7,1.6000000000000005,2.4000000000000004
2.599680932230767,2.3872325178987848,0.21244841433198206,13.604549489995904,0,7.433788543496273,train,7,1.6000000000000005,2.4000000000000004
0.4206940347397605,1.7816629012666207,-1.3609688665268602,5.65557298010273,0,5.458100163401916,train,7,1.6000000000000005,2.4000000000000004
1.4967012398949706,2.279965832151777,-0.7832645922568064,11.851819153558656,1,9.210261327167062,train,7,1.6000000000000005,2.4000000000000004
2.9603594899712524,2.2502540285105375,0.7101054614607148,11.394483493600948,1,9.0296587842518,train,7,1.6000000000000005,2.4000000000000004
0.36112867134562765,1.7889074962018001,-1.4277788248561725,5.724843933878218,1,6.511691275381045,train,7,1.6000000000000005,2.4000000000000004
1.3467433071489698,2.12548263536446,-0.7787393282154901,9.60224281103805,1,8.296896468300991,train,7,1.6000000000000005,2.4000000000000004
3.2644794439674083,2.3817368012386075,0.882742642728801,13.510807353703722,1,9.847371874456567,train,7,1.6000000000000005,2.4000000000000004
2.1181641325784515,2.185254811841928,-0.06709067926347663,10.435331637824715,1,8.642830763090728,train,7,1.6000000000000005,2.4000000000000004
0.66940782732493,1.6765026890407098,-1.0070948617157798,4.712081171036331,0,5.123749690542856,train,7,1.6000000000000005,2.4000000000000004
2.3397965006639345,2.000484884755453,0.33931161590848163,8.005820027858796,0,6.161571054823535,train,7,1.6000000000000005,2.4000000000000004
3.5183223088266375,1.9698880628304172,1.5484342459962201,7.644069823166181,1,7.438478153124487,train,7,1.6000000000000005,2.4000000000000004
0.40573522945231777,1.6005951115547254,-1.1948598821024077,4.100572156908315,1,5.621899766045839,train,7,1.6000000000000005,2.4000000000000004
0.5500675950312175,2.391151152368338,-1.8410835573371207,13.671654995193233,0,7.446886557008879,train,7,1.6000000000000005,2.4000000000000004
2.4284608524600997,2.302095952940076,0.12636489952002353,12.200293094195786,1,9.346346477659385,train,7,1.6000000000000005,2.4000000000000004
0.712288212570485,1.773768922332972,-1.061480709762487,5.58073145122578,1,6.437453057244072,train,7,1.6000000000000005,2.4000000000000004
1.643234063418588,2.084302001050094,-0.4410679376315058,9.054864096656766,0,6.434003285083416,train,7,1.6000000000000005,2.4000000000000004
1.2832058463087153,1.9775624964287437,-0.6943566501200286,7.733759310572039,1,7.4794393514006385,train,7,1.6000000000000005,2.4000000000000004
0.7976354985348093,1.8872871318346247,-1.0896516332998154,6.7222388001499995,0,5.796306171506874,train,7,1.6000000000000005,2.4000000000000004
1.948111924150442,2.0234339618466644,-0.07532203769622221,8.284515314340412,0,6.235992191826801,train,7,1.6000000000000005,2.4000000000000004
2.2534469610715173,2.051858488546991,0.20158847252452608,8.6385771427504,0,6.328347008495982,train,7,1.6000000000000005,2.4000000000000004
0.920711204670075,2.2668392009993528,-1.3461279963292778,11.648289161238953,0,7.033483386222837,train,7,1.6000000000000005,2.4000000000000004
2.8021824579841756,1.6502506579879916,1.151931799996184,4.494172560138334,0,5.040635425166742,train,7,1.6000000000000005,2.4000000000000004
3.6344530374417428,2.085093298525938,1.5493597389158051,9.065180948501439,0,6.436583514547842,train,7,1.6000000000000005,2.4000000000000004
1.7130880670263102,2.0028901959525514,-0.2898021289262412,8.03473249496896,1,7.615617086851446,train,7,1.6000000000000005,2.4000000000000004
1.8824385362360547,1.7282389542604444,0.15419958197561032,5.161921188810835,1,6.2171011005435,train,7,1.6000000000000005,2.4000000000000004
3.454984293657287,1.7163563828450188,1.7386279108122682,5.056178624534862,1,6.160304873442029,train,7,1.6000000000000005,2.4000000000000004
0.4781198187582232,2.110272689617264,-1.6321528708590407,9.39757359505178,0,6.518769540752827,train,7,1.6000000000000005,2.4000000000000004
0.9414769499064664,2.3063249122890395,-1.364847962382573,12.267652642208809,1,9.372505265308881,train,7,1.6000000000000005,2.4000000000000004
1.0884416410763058,1.6262926486804576,-0.5378510076041519,4.301263974260919,0,4.964903225526591,train,7,1.6000000000000005,2.4000000000000004
1.805170375083045,1.9424175211744965,-0.13724714609145156,7.328713776664208,1,7.292995318856331,train,7,1.6000000000000005,2.4000000000000004
2.9472029141893707,2.302314458609197,0.644888455580174,12.203767431884568,0,7.151018724465282,train,7,1.6000000000000005,2.4000000000000004
2.1768904285488975,1.9812056635882667,0.19568476496063092,7.776580686877551,1,7.498933128140311,train,7,1.6000000000000005,2.4000000000000004
-0.4374244290160447,1.8940564300392746,-2.3314808590553193,6.794832285698754,0,5.818065935831799,train,7,1.6000000000000005,2.4000000000000004
2.9670103559275,1.7925202014872632,1.1744901544402366,5.759598055864298,1,6.529480215634649,train,7,1.6000000000000005,2.4000000000000004
2.9986764739537,1.6385854217309044,1.3600910522227954,4.399539893107568,0,5.003747063054864,train,7,1.6000000000000005,2.4000000000000004
0.48706418816590547,1.7401334233673205,-1.253069235201415,5.269235950688443,1,6.274247460239651,train,7,1.6000000000000005,2.4000000000000004
2.59202995841242,2.04542034613308,0.54660961227934,8.55751590318435,1,7.847764219036111,train,7,1.6000000000000005,2.4000000000000004
1.1526585491325627,2.0240683863783206,-0.8714098372457578,8.292310302385689,0,6.238051365182676,train,7,1.6000000000000005,2.4000000000000004
1.4243723165383066,2.0353772404936,-0.6110049239552936,8.432080457147944,0,6.274773330623759,train,7,1.6000000000000005,2.4000000000000004
0.9058662168683312,1.8392421988933736,-0.9333759820250424,6.221810335214135,0,5.642162803384403,train,7,1.6000000000000005,2.4000000000000004
4.061662537653885,2.2923392249715704,1.7693233126823147,12.045827994278136,1,9.28618327377034,train,7,1.6000000000000005,2.4000000000000004
1.1212415976572414,2.277557234837283,-1.1563156371800414,11.814297389133383,0,7.068957652294516,train,7,1.6000000000000005,2.4000000000000004
1.8004262367837083,1.9725602933044089,-0.1721340565207006,7.6752204842898895,0,6.071185289599025,train,7,1.6000000000000005,2.4000000000000004
2.746609441100205,2.201086557428642,0.5455228836715631,10.66378460715318,1,8.736016593716563,train,7,1.6000000000000005,2.4000000000000004
1.070777925373788,2.226856538213343,-1.156078612839555,11.042736711826654,1,8.88911695700536,train,7,1.6000000000000005,2.4000000000000004
1.4741454203035613,1.8944774788235927,-0.4203320585200314,6.799364767201152,1,7.0433053899110085,train,7,1.6000000000000005,2.4000000000000004
1.5029082705700505,1.74185048050721,-0.23894220993715953,5.284849425419168,0,5.331248430030013,train,7,1.6000000000000005,2.4000000000000004
3.7371649243868843,1.802296402920826,1.9348685214660581,5.854349525218855,0,5.523976199266855,train,7,1.6000000000000005,2.4000000000000004
1.9261816104342084,2.4082993231085603,-0.48211771267435183,13.967908802064274,0,7.504256145366967,train,8,2.4000000000000004,3.2
5.129884351528553,2.8014996737189914,2.328384677809561,21.98729122102209,1,12.801957265361391,train,8,2.4000000000000004,3.2
1.3033330096965987,2.796618634507317,-1.4932856248107182,21.872566287464604,1,12.764369161014873,train,8,2.4000000000000004,3.2
3.634235493198168,2.5070636231674217,1.127171870030746,15.75781749761891,0,7.836347219454643,train,8,2.4000000000000004,3.2
2.224719376514227,2.5136888683636314,-0.28896949184940457,15.883074235286365,0,7.858728089796621,train,8,2.4000000000000004,3.2
2.899815635008222,2.574846940500863,0.32496869450735877,17.070814915547217,0,8.065957119813532,train,8,2.4000000000000004,3.2
1.4201589891362028,2.7348065444083622,-1.3146475552721595,20.45407440800655,1,12.295234514826397,train,8,2.4000000000000004,3.2
5.480092502606318,2.5984809347308477,2.88161156787547,17.545211351798738,1,11.304485074552291,train,8,2.4000000000000004,3.2
2.1313560295118603,2.4672477209322805,-0.33589169142042025,15.01890497210552,1,10.405524157217947,train,8,2.4000000000000004,3.2
5.113359866562315,2.6763989120403204,2.436960954521995,19.171342852206205,1,11.863465306562203,train,8,2.4000000000000004,3.2
2.4350937162699418,2.5334210772258574,-0.09832736095591545,16.260059791294104,1,10.852275189936393,train,8,2.4000000000000004,3.2
1.6404955707226583,3.1028472684261272,-1.462351697703469,29.873162166326537,1,15.283174238543689,train,8,2.4000000000000004,3.2
2.192526629720242,3.1607712253013736,-0.9682445955811315,31.577605081161558,1,15.797834692136432,train,8,2.4000000000000004,3.2
4.01264897094834,2.430998700665856,1.5816502702824837,14.366605954749566,0,7.580328221092559,train,8,2.4000000000000004,3.2
2.2649195226883045,2.9592859131190092,-0.6943663904307048,25.91557089687666,1,14.06097191873236,train,8,2.4000000000000004,3.2
2.9566708512873627,2.8582078524555277,0.09846299883183515,23.3497064012621,0,9.041617685391824,train,8,2.4000000000000004,3.2
4.79349828359614,3.1184056945801197,1.6750925890160204,30.324792967249195,1,15.4201756771902,train,8,2.4000000000000004,3.2
4.231774731771019,2.9335191783357097,1.2982555534353093,25.24450128664241,0,9.305447560739978,train,8,2.4000000000000004,3.2
1.6183971155201353,2.8382702264371855,-1.2198731109170502,22.864474502712856,1,13.087705579854127,train,8,2.4000000000000004,3.2
2.611543973998276,2.9619419392544444,-0.35039796525616856,25.985412979855763,1,14.082908413734486,train,8,2.4000000000000004,3.2
4.580411592480563,2.7091817356917325,1.8712298567888306,19.884488198227253,0,8.525234971039742,train,8,2.4000000000000004,3.2
2.2999907203628305,2.9555509422115667,-0.6555602218487362,25.817569089520443,1,14.03016664453879,train,8,2.4000000000000004,3.2
4.212605220309742,3.0598963716004386,1.1527088487093033,28.649705093935086,1,14.909630133588333,train,8,2.4000000000000004,3.2
3.0259874055214597,2.772534780293813,0.253452625227647,21.312333756108995,1,12.580071092103237,train,8,2.4000000000000004,3.2
1.657973792734704,3.152419527621325,-1.494445734886621,31.327953624008433,0,10.083817655344143,train,8,2.4000000000000004,3.2
3.4084459320164653,3.0429918160098546,0.36545411600661054,28.177493160072547,0,9.692525311231016,train,8,2.4000000000000004,3.2
2.4686308480539645,3.1866873985794664,-0.7180565505255018,32.36073588845386,1,16.032209373429172,train,8,2.4000000000000004,3.2
2.6833880408947035,2.535709006067014,0.14767903482768951,16.304152895849835,1,10.86795759737101,train,8,2.4000000000000004,3.2
1.8678633491295797,2.816867769167838,-0.9490044200382585,22.351124711821118,1,12.920828249867737,train,8,2.4000000000000004,3.2
3.9290869737316316,3.1564139335809926,0.7726730401506391,31.447190790972712,0,10.098185616562432,train,8,2.4000000000000004,3.2
2.848051900199231,2.9196323705283813,-0.07158047032915021,24.887685516096397,1,13.736434214804424,train,8,2.4000000000000004,3.2
4.18456142619936,3.0886655385805577,1.0958958876188019,29.465420792284764,0,9.855305031587369,train,8,2.4000000000000004,3.2
1.8679838265087114,3.1766768096721805,-1.308692983163469,32.05672102957324,0,10.171164849608006,train,8,2.4000000000000004,3.2
2.3386124933866306,2.548433349547569,-0.2098208561609383,16.550832338565368,1,10.95546651635578,train,8,2.4000000000000004,3.2
3.8728274519092682,2.594492540250727,1.2783349116585414,17.464545139712396,1,11.276386648694661,train,8,2.4000000000000004,3.2
4.5833968278948,3.0987206744809,1.4846761534139004,29.754132264256704,0,9.891244668727834,train,8,2.4000000000000004,3.2
4.348776985206633,3.125021821538806,1.2237551636678263,30.518217432358906,1,15.478708951088201,train,8,2.4000000000000004,3.2
4.039447180845652,3.0066223894373194,1.0328247914083328,27.179199509616147,1,14.455707070235189,train,8,2.4000000000000004,3.2
1.7986009357184716,2.677521563020416,-0.8789206273019445,19.195477994394228,1,11.871660287940093,train,8,2.4000000000000004,3.2
3.2990975594270235,2.770827771187246,0.5282697882397771,21.27299291124976,1,12.56708189581169,train,8,2.4000000000000004,3.2
3.663707086001395,2.888430192678504,0.7752768933228908,24.098256798379808,1,13.484941937711474,train,8,2.4000000000000004,3.2
3.111320852005087,2.79702537413695,0.314295477868137,21.882111099932196,1,12.767498342397289,train,8,2.4000000000000004,3.2
3.6310376208290744,2.782379210830678,0.8486584099983966,21.540161702191735,0,8.777940866535868,train,8,2.4000000000000004,3.2
2.2244618833479692,2.748444371813077,-0.5239824884651076,20.761601646571805,1,12.39765344475359,train,8,2.4000000000000004,3.2
4.048909643627606,3.096326637141225,0.9525830064863811,29.685222389645286,1,15.226024389352734,train,8,2.4000000000000004,3.2
2.237223222972192,2.5498869176491374,-0.3126636946769453,16.57916914386438,1,10.965494581720288,train,8,2.4000000000000004,3.2
1.9425466721533489,2.9501392745541404,-1.0075926024007915,25.676011282091924,0,9.363938049304261,train,8,2.4000000000000004,3.2
1.187174559058352,2.962823339041111,-1.775648779982759,26.008617709174185,0,9.408642371306815,train,8,2.4000000000000004,3.2
4.469033982311805,3.140160061816886,1.3288739204949191,30.96387867781179,1,15.613255921013018,train,8,2.4000000000000004,3.2
0.9954591368742938,2.431563854139414,-1.4361047172651202,14.37662803946202,0,7.5822241232074825,train,8,2.4000000000000004,3.2
1.6850164457660466,2.9176933708360893,-1.2326769250700427,24.83813286693174,1,13.720706685894616,train,8,2.4000000000000004,3.2
1.0250884826755853,2.9104431877739083,-1.885354705098323,24.653431589958217,0,9.22439819512089,train,8,2.4000000000000004,3.2
5.2209292746553295,2.769358129976558,2.451571144678771,21.23916140992307,1,12.555906671914288,train,8,2.4000000000000004,3.2
4.7104292361283235,2.442447539588315,2.267981696540008,14.570542879835106,1,10.241451194731965,train,8,2.4000000000000004,3.2
1.4724628094196501,2.430856738529887,-0.9583939291102369,14.364089217530859,1,10.165388059095832,train,8,2.4000000000000004,3.2
0.34588072212345855,2.535625131366302,-2.1897444092428433,16.30253505163959,0,7.932926095131697,train,8,2.4000000000000004,3.2
2.1043742805401378,3.035638309582832,-0.9312640290426942,27.973710424554653,0,9.666389137239587,train,8,2.4000000000000004,3.2
1.7529695612552731,2.530084837248065,-0.7771152759927918,16.195906158851983,0,7.914172634921235,train,8,2.4000000000000004,3.2
1.9261894302479234,2.510990959823642,-0.5848015295757185,15.831987833398236,1,10.699370446150573,train,8,2.4000000000000004,3.2
3.1326502234598363,2.682333562586146,0.4503166608736904,19.299157534398976,0,8.432983838446416,train,8,2.4000000000000004,3.2
1.5443911139613968,2.787598764122242,-1.2432076501608451,21.661612866431874,0,8.796028549695363,train,8,2.4000000000000004,3.2
2.7974803347131876,2.958189108099022,-0.1607087733858345,25.88676618306842,1,14.051920560910752,train,8,2.4000000000000004,3.2
3.502779829736256,3.040925145356549,0.4618546843797071,28.120121276525726,0,9.685177861600161,train,8,2.4000000000000004,3.2
3.038695799383641,2.613419501657553,0.42527629772608805,17.849554557832576,1,11.410169416539174,train,8,2.4000000000000004,3.2
3.538746116678738,3.1275809674066,0.41116514927213793,30.593254872240145,1,15.50139387666783,train,8,2.4000000000000004,3.2
1.7015325590122066,2.418293559975742,-0.7167610009635353,14.142528349623419,0,7.537731246919694,train,8,2.4000000000000004,3.2
2.473840335687626,2.7000982099966193,-0.22625787430899325,19.68514793075316,0,8.493997588604921,train,8,2.4000000000000004,3.2
3.400096629468886,2.5597066629185803,0.8403899665503057,16.771449419122604,0,8.014548977138192,train,8,2.4000000000000004,3.2
1.0834960661260706,2.6742441833291286,-1.590748117203058,19.125076436923912,0,8.405234078725863,train,8,2.4000000000000004,3.2
3.8797239732150155,2.7552898360352374,1.1244341371797781,20.91711915758513,1,12.449293339622738,train,8,2.4000000000000004,3.2
2.257684057297973,2.7985116882894343,-0.5408276309914616,21.91701351187346,1,12.778937767242995,train,8,2.4000000000000004,3.2
3.8488320177259245,2.7314770598396976,1.1173549578862267,20.379460009230613,0,8.602020379703704,train,8,2.4000000000000004,3.2
0.4048872336877154,2.57140477030795,-2.1665175366202347,17.00244331974994,1,11.114702974873838,train,8,2.4000000000000004,3.2
3.0897902997575026,2.57331177018149,0.5164785295760127,17.040299330843652,0,8.060741297161343,train,8,2.4000000000000004,3.2
1.9050930064254015,2.5858457017971994,-0.680752695371798,17.29051068114564,0,8.103347319014512,train,8,2.4000000000000004,3.2
4.267215372503427,2.9832684965011302,1.2839468760022967,26.550764210543726,1,14.259958331612136,train,8,2.4000000000000004,3.2
2.5875234356275416,2.732734933611834,-0.14521149798429236,20.40762784067248,0,8.606357357648951,train,8,2.4000000000000004,3.2
1.6277528870713722,2.8671185424110397,-1.2393656553396675,23.568771629121695,1,13.315109953057458,train,8,2.4000000000000004,3.2
3.7978063174424,2.7954692841061655,1.0023370333362343,21.845609899219944,1,12.755529832162486,train,8,2.4000000000000004,3.2
1.7217331058836063,2.7440374513689494,-1.022304345485343,20.66189276983856,0,8.645350209503619,train,8,2.4000000000000004,3.2
1.5658828702462182,2.9878126536289358,-1.4219297833827176,26.67227662048162,1,14.297893284983132,train,8,2.4000000000000004,3.2
1.6080708915990345,2.8449731894429195,-1.236902297843885,23.02685011517717,0,8.995456570632301,train,8,2.4000000000000004,3.2
1.544242220883054,2.6421045133280057,-1.0978622924449517,18.44378193508612,0,8.295189178685739,train,8,2.4000000000000004,3.2
2.1875892633204055,3.176638555850765,-0.9890492925303594,32.05556295396041,1,15.941028258344378,train,8,2.4000000000000004,3.2
1.6950776160218939,2.579874089698644,-0.8847964736767501,17.17099779471351,0,8.083042224990201,train,8,2.4000000000000004,3.2
3.540092158594833,2.5110153255637386,1.029076833031094,15.832448721370596,1,10.699535720965336,train,8,2.4000000000000004,3.2
4.028570641779783,2.8919459802897753,1.1366246614900082,24.18636090520044,0,9.159565158973335,train,8,2.4000000000000004,3.2
4.229909429714796,2.793543151427797,1.4363662782869995,21.80048485589527,1,12.740726425462444,train,8,2.4000000000000004,3.2
4.82422305267823,2.546522186922577,2.277700865755653,16.51362404748346,1,10.942291370264424,train,8,2.4000000000000004,3.2
3.1171959774647706,2.48744841213176,0.6297475653330108,15.390837317748856,1,10.540512699945051,train,8,2.4000000000000004,3.2
2.6629650400711946,2.831660419938739,-0.16869537986754443,22.7051048232021,0,8.94908335628026,train,8,2.4000000000000004,3.2
1.0816607362999993,2.6314394252385953,-1.549778688938596,18.221332431927117,1,11.538584762101209,train,8,2.4000000000000004,3.2
1.9130223996308136,2.482443241476899,-0.5694208418460852,15.298117164274437,0,7.753292067716186,train,8,2.4000000000000004,3.2
2.7852023472034424,2.7924812385394526,-0.007278891336010085,21.775633172299766,1,12.732570350078312,train,8,2.4000000000000004,3.2
4.475511195404499,2.905673347785964,1.5698378476185348,24.532418773060588,0,9.207668418819106,train,8,2.4000000000000004,3.2
1.6485030977755017,2.4303753735415587,-0.7818722757660571,14.355557656929149,1,10.162237652010507,train,8,2.4000000000000004,3.2
4.723242442023942,2.8000863363534076,1.9231561056705346,21.954030693646104,0,8.839339622933146,train,8,2.4000000000000004,3.2
4.344268067935788,2.4668347439435565,1.8774333239922314,15.011364475911659,0,7.700731521348903,train,8,2.4000000000000004,3.2
2.7233778341600634,3.033054587795501,-0.30967675363543773,27.902343438080997,0,9.657210632148123,train,8,2.4000000000000004,3.2
2.575363403003414,3.0064288199382174,-0.4310654169348034,27.173950371565418,1,14.454076534127736,train,8,2.4000000000000004,3.2
2.621570220932979,2.6098185766423616,0.011751644290617426,17.775873635550347,0,8.184973202638092,train,8,2.4000000000000004,3.2
1.5327699740440595,2.4806868728361775,-0.947916898792118,15.265669138548482,1,10.49519444621823,train,8,2.4000000000000004,3.2
1.8091930959447902,3.133754164928347,-1.324561068983557,30.774766928422814,0,10.016757833353497,train,8,2.4000000000000004,3.2
2.13744493477893,2.8139681934150644,-0.6765232586361345,22.282173562051657,1,12.898339292655525,train,8,2.4000000000000004,3.2
3.0844498699284904,2.5068317407387473,0.5776181291897432,15.753445502818582,1,10.67118432277996,train,8,2.4000000000000004,3.2
-0.25082769819267225,2.4900344912346855,-2.7408621894273577,15.438890556199212,0,7.77888128482804,train,8,2.4000000000000004,3.2
3.9052348598311384,3.073312918731262,0.8319219410998767,29.028215903326604,1,15.025581936859107,train,8,2.4000000000000004,3.2
4.7862757168284,2.8368597892243375,1.9494159276040626,22.830404932008125,0,8.967187466313174,train,8,2.4000000000000004,3.2
4.085092293285737,2.608813266518023,1.4762790267677148,17.755339584144625,1,11.377507716382993,train,8,2.4000000000000004,3.2
4.839586143899135,2.8606604142558916,1.9789257296432432,23.409865515771678,0,9.050178553083109,train,8,2.4000000000000004,3.2
0.8679625874215038,2.6510820854223383,-1.7831194980008345,18.63243114462758,1,11.679732485192531,train,8,2.4000000000000004,3.2
1.7410278620698885,3.0332985482453934,-1.292270686175505,27.90907686367058,1,14.681711017470295,train,8,2.4000000000000004,3.2
4.695968921476068,2.7944725747223673,1.9014963467537007,21.822251429007483,0,8.819862752747252,train,8,2.4000000000000004,3.2
3.6377991904291243,3.1721265467680375,0.4656726436610867,31.919164383201668,0,10.154762927968147,train,8,2.4000000000000004,3.2
4.346817733830125,2.816249555597723,1.5305681782324023,22.336411842001866,0,8.895476903633206,train,8,2.4000000000000004,3.2
3.375581812076511,3.1224172763978157,0.25316453567869507,30.4419749128131,1,15.455646811756068,train,8,2.4000000000000004,3.2
3.3436465362404775,2.599843648481854,0.7438028877586237,17.572829381885395,1,11.314096821822641,train,8,2.4000000000000004,3.2
1.6144347039009077,2.8171898425471524,-1.2027551386462447,22.35879229791649,1,12.923327987224756,train,8,2.4000000000000004,3.2
2.1654632832064373,2.8045965467120038,-0.6391332635055664,22.060288353013352,1,12.82584731073868,train,8,2.4000000000000004,3.2
4.173690273162436,3.050457184582611,1.1232330885798254,28.385385791347126,0,9.719079269574776,train,8,2.4000000000000004,3.2
2.673660673870745,2.4585553769846644,0.2151052968860807,14.860724556651494,0,7.672880622087023,train,8,2.4000000000000004,3.2
3.0245558856534562,3.0689656005957966,-0.04440971494234025,28.905205520594574,1,14.987937905906307,train,8,2.4000000000000004,3.2
4.054580540172029,3.043388508303064,1.0111920318689656,28.1885144696429,1,14.767868418837772,train,8,2.4000000000000004,3.2
1.74912656722625,2.725057016682453,-0.975930449456203,20.236098305084226,1,12.222390711064204,train,8,2.4000000000000004,3.2
0.4216352422344771,2.4291609986577343,-2.007525756423257,14.334049473932081,0,7.574163985451845,train,8,2.4000000000000004,3.2
1.9931410778653795,3.013803285562061,-1.0206622076966814,27.374406116355967,0,9.588897979013302,train,8,2.4000000000000004,3.2
2.605083647613007,2.943142055224482,-0.33805840761147493,25.493747112182284,1,13.928175588109903,train,8,2.4000000000000004,3.2
4.959060818837727,3.1351431106059344,1.8239177082317934,30.815705137328433,1,15.568570359283491,train,8,2.4000000000000004,3.2
1.6971157300704438,2.848148497841646,-1.151032767771202,23.104037824724315,1,13.165253058469801,train,8,2.4000000000000004,3.2
4.044643898960333,3.1741751677805916,0.8704687311797406,31.981046381880017,1,15.918734779717779,train,8,2.4000000000000004,3.2
3.3132218375461457,2.6467074808605466,0.6665143566855989,18.540346000760568,0,8.31092936259685,train,8,2.4000000000000004,3.2
3.66681179845951,2.671111972892282,0.995699825567228,19.05795433626485,0,8.394495005402144,train,8,2.4000000000000004,3.2
4.747335248697082,2.9847054491575737,1.7626297995395084,26.589148859072154,0,9.485899324654165,train,8,2.4000000000000004,3.2
2.9565091896883,2.9610959247474495,-0.004586735059149606,25.963152829451367,1,14.07591834013262,train,8,2.4000000000000004,3.2
4.249263342054954,2.9802791374930018,1.268984204561952,26.471029254384906,0,9.470257997566703,train,8,2.4000000000000004,3.2
1.9347562490016794,3.115154195253509,-1.1803979462518295,30.230034670908218,1,15.39146951994217,train,8,2.4000000000000004,3.2
4.275752145946553,2.973319269914779,1.3024328760317738,26.28600804693921,1,14.17715941913218,train,8,2.4000000000000004,3.2
3.384760154464591,2.9457222161371224,0.4390379383274686,25.560854629516676,0,9.348383741001701,train,8,2.4000000000000004,3.2
1.7629083700698076,3.07449347364169,-1.3115851035718822,29.061680671828228,0,9.804714034361634,train,8,2.4000000000000004,3.2
0.23232915165429047,2.9160951987961385,-2.683766047141848,24.797339817366428,0,9.244232392735745,train,8,2.4000000000000004,3.2
2.493972458836912,2.642159110503007,-0.1481866516660954,18.444925340875187,1,11.61546239968406,train,8,2.4000000000000004,3.2
2.8490661612444286,3.06302496179966,-0.2139588005552314,28.737673625217383,0,9.763828357903328,train,8,2.4000000000000004,3.2
5.255480287514063,2.5957756381410797,2.659704649372983,17.49046905893467,0,8.137136295601932,train,8,2.4000000000000004,3.2
5.666602309891216,2.963024554393985,2.7035777554972307,26.01391706861545,1,14.091857076905043,train,8,2.4000000000000004,3.2
1.6210613039006885,2.82871059267491,-1.2076492887742216,22.634220910108443,0,8.9388161962269,train,8,2.4000000000000004,3.2
3.9092947122106976,2.7046476149988106,1.2046470972118872,19.784818403047918,1,12.070906525606016,train,8,2.4000000000000004,3.2
2.3938534468522343,2.5428943481270823,-0.14904090127484776,16.443147388029967,0,7.957545992141846,train,8,2.4000000000000004,3.2
2.925703506119729,3.108665283546445,-0.1829617774267157,30.041519085687497,0,9.926826232353084,train,8,2.4000000000000004,3.2
0.9028551961795672,2.46418679478783,-1.5613315986082628,14.963075861274865,1,10.385175556618464,train,8,2.4000000000000004,3.2
2.7137758623173593,3.0428709176604123,-0.32909505534305283,28.174134810188086,1,14.763439715018855,train,8,2.4000000000000004,3.2
2.346053337727731,3.817056514613397,-1.4710031768856657,55.614209716688215,1,22.574011487177835,train,9,3.2,4.0
2.9504497958081286,3.2166015594875215,-0.2661517636793927,33.28065035610519,1,16.3059347496836,train,9,3.2,4.0
5.314830159890084,3.7069185879410202,1.607911571949064,50.93767806004476,1,21.308291375832013,train,9,3.2,4.0
3.8342147591626934,3.7990431060308896,0.035171653131803704,54.830557790747136,1,22.363240876242095,train,9,3.2,4.0
5.981268505149339,3.5988056098420724,2.3824628953072664,46.609577515888674,0,11.72860837984399,train,9,3.2,4.0
5.116436037226545,3.379837316424678,1.7365987208018667,38.60889658164667,1,17.86129126560337,train,9,3.2,4.0
3.0132949954270023,3.3584502918076993,-0.34515529638069675,37.88059344753729,0,10.832962744373843,train,9,3.2,4.0
2.1772518820319684,3.808424569759167,-1.6311726877271986,55.23776205636942,0,12.53002895040489,train,9,3.2,4.0
3.277639078974724,3.3352886692500285,-0.05764959027530477,37.10225314178826,1,17.42631663610774,train,9,3.2,4.0
2.6937270431807803,3.2706718513392086,-0.5769448081584284,34.98733954593755,1,16.809483463205137,train,9,3.2,4.0
4.201591557852648,3.748287854694238,0.4533037031584103,52.662176843611526,1,21.777298932805017,train,9,3.2,4.0
5.900004245930507,3.962714676955949,1.9372895689745577,62.22693500377815,1,24.33353103162348,train,9,3.2,4.0
1.8554337707930721,3.2031586130623317,-1.3477248422692596,32.86512840241798,0,10.266778407235355,train,9,3.2,4.0
3.143280274482848,3.6097538107086216,-0.4664735362257735,47.03625656598984,1,20.236512745323832,train,9,3.2,4.0
4.248916708759511,3.850096769321691,0.39881993943782007,57.070928197970886,0,12.69170887192449,train,9,3.2,4.0
5.051988661161797,3.6900208534635106,1.3619678076982868,50.244260833347504,0,12.074947777057483,train,9,3.2,4.0
4.390261547622875,3.7774042539454395,0.6128572936774354,53.89896121649074,0,12.410191986166133,train,9,3.2,4.0
3.9306580239693174,3.4335008545365064,0.49715716943281113,40.47729476757583,1,18.395961517124686,train,9,3.2,4.0
5.547678606049484,3.9342192980103547,1.613459308039129,60.89416687382284,1,23.981491268795633,train,9,3.2,4.0
4.363879007416099,3.7716606267181527,0.5922183806979463,53.65347115839999,1,22.045676111834457,train,9,3.2,4.0
3.3496304729808317,3.634035494409009,-0.28440502142817725,47.99185033054583,0,11.861943489837945,train,9,3.2,4.0
3.3824782182684436,3.3137360380812217,0.0687421801872217,36.38762687535937,0,10.668960651750853,train,9,3.2,4.0
2.650186871560579,3.4986726080411756,-0.8484857364805966,42.82623684385321,1,19.06126519289417,train,9,3.2,4.0
4.3953046970945175,3.7393068920530763,0.6559978050414413,52.284544639584446,1,21.67482960407612,train,9,3.2,4.0
4.684467030266565,3.553466539538397,1.131000490728168,44.87006421520134,0,11.557800902919217,train,9,3.2,4.0
-0.028304930606725343,3.547211194666635,-3.5755161252733605,44.6335200503538,0,11.53430398500698,train,9,3.2,4.0
5.1559922031967105,3.6942135827754536,1.4617786204212568,50.41572330797314,1,21.16578540992099,train,9,3.2,4.0
3.5426857263444043,3.6105105940435127,-0.06782486769910862,47.06584616148548,0,11.772848705360248,train,9,3.2,4.0
4.273383888423813,3.7203177455451737,0.5530661428786391,51.49204039662758,1,21.45936131596104,train,9,3.2,4.0
4.475679976793195,3.6808311627236354,0.7948488140695597,49.86980744155934,1,21.016454976482777,train,9,3.2,4.0
1.0900545627110492,3.844178557466197,-2.754123994755148,56.80815122702529,0,12.668698696939098,train,9,3.2,4.0
2.182202548158686,3.6173177219149073,-1.435115173756221,47.33255717941395,1,20.31846460162751,train,9,3.2,4.0
3.5271977100815324,3.9269191046469345,-0.399721394565402,60.55581651853244,0,12.991873644311452,train,9,3.2,4.0
2.505719946029904,3.4553888711908365,-0.9496689251609325,41.256348837842815,1,18.617436381141076,train,9,3.2,4.0
3.601374816328854,3.272367479416726,0.3290073369121282,35.041783659880664,0,10.51793811144779,train,9,3.2,4.0
2.822668138343461,3.440560045308963,-0.6178919069655021,40.72746929355581,1,18.46717399463805,train,9,3.2,4.0
1.237902052905723,3.29118748949084,-2.053285436585117,35.649863434663764,1,17.003535155405274,train,9,3.2,4.0
4.5977018360444015,3.8629450610461413,0.7347567749982604,57.64419715802618,1,23.117674614743663,train,9,3.2,4.0
4.557672304327395,3.2375170555114,1.3201552488159944,33.93408903443163,0,10.391232947222832,train,9,3.2,4.0
4.3782527503124555,3.701029718649114,0.6772230316633415,50.695302315568455,1,21.242149619061035,train,9,3.2,4.0
2.7827096005429235,3.638068924735395,-0.8553593241924717,48.15182678956551,0,11.877243309997496,train,9,3.2,4.0
3.5423982222710446,3.8554295965360548,-0.31303137426501,57.30840624402352,0,12.712456914488634,train,9,3.2,4.0
4.01727171129804,3.35915803174305,0.6581136795549898,37.90454669072043,1,17.658383433373235,train,9,3.2,4.0
4.609319102242897,3.8854802419661865,0.7238388602767103,58.65892701328104,1,23.388226128554766,train,9,3.2,4.0
4.689555477895458,3.4813221115456705,1.208233366349787,42.192244150199215,1,18.882415164676857,train,9,3.2,4.0
3.4504069443559544,3.803718153223886,-0.3533112088679314,55.03322805022368,0,12.51181902067613,train,9,3.2,4.0
1.7317127473186622,3.4367693655037432,-1.705056618185081,40.5930015669894,0,11.122168127851019,train,9,3.2,4.0
3.0924130541048998,3.907149183648949,-0.8147361295440491,59.64581561197633,0,12.914363863186374,train,9,3.2,4.0
4.10107108143885,3.460409310265799,0.6406617711730501,41.436438035414895,1,18.668515537880374,train,9,3.2,4.0
4.224782002718428,3.332012718175319,0.8927692845431096,36.99303396971066,0,10.73589883392017,train,9,3.2,4.0
6.184082961745103,3.51402339515727,2.6700595665878333,43.39242741373226,0,11.409918733746455,train,9,3.2,4.0
3.4153860038803003,3.2747682996469205,0.1406177042333798,35.11896700914472,0,10.526684239123655,train,9,3.2,4.0
4.15042195058753,3.8568845262695426,0.29353742431798774,57.373310430102315,0,12.718119787410675,train,9,3.2,4.0
3.10816302853937,3.320921615714051,-0.21275858717468069,36.62485171170269,0,10.695261881376208,train,9,3.2,4.0
3.020416125774849,3.5072915589537597,-0.4868754331789104,43.143523430955504,0,11.38474514548039,train,9,3.2,4.0
4.893538798241779,3.955408569791041,0.938130228450738,61.883383432341155,1,24.242902395841355,train,9,3.2,4.0
4.4142735164861175,3.990100379921498,0.4241731365646199,63.525993295776985,0,13.240821005680035,train,9,3.2,4.0
3.316308254810102,3.5650436376758274,-0.2487353828657253,45.31005094848771,1,19.757141102725022,train,9,3.2,4.0
2.5652614143235737,3.860898275074192,-1.2956368607506183,57.55261716249121,0,12.733747168472402,train,9,3.2,4.0
3.2534155131534797,3.4010993073656475,-0.1476837942121679,39.34213630723132,0,10.990140648241569,train,9,3.2,4.0
3.2087186962170238,3.6778973185847077,-0.46917862236768415,49.750654743119355,0,12.028705050616509,train,9,3.2,4.0
5.428473886316787,3.922265408265302,1.5062084780514857,60.34078187352745,1,23.834952599501396,train,9,3.2,4.0
4.764197652851677,3.627646359041452,1.1365512938102251,47.73916623884618,1,20.430772324893592,train,9,3.2,4.0
2.4453882596554646,3.6721610903883386,-1.2267728307328738,49.518236961218896,1,20.920130663408795,train,9,3.2,4.0
4.632027455865251,3.2314254137803102,1.4006020420849408,33.74290028936703,1,16.442856299214334,train,9,3.2,4.0
2.7993732309623094,3.485745406907629,-0.6863721759453197,42.35327433837019,1,18.927891088396926,train,9,3.2,4.0
3.423455468370041,3.2636904721247717,0.1597649962452696,34.763771834458815,0,10.486346853063491,train,9,3.2,4.0
4.887660583438141,3.4443679346742546,1.4432926487638857,40.86284615238521,1,18.505673034499807,train,9,3.2,4.0
2.234871889131365,3.4645754495857055,-1.2297035604543405,41.58627975515644,1,18.710982299788405,train,9,3.2,4.0
4.011543232499547,3.819064236968477,0.1924789955310705,55.70201294877409,1,22.597595300660252,train,9,3.2,4.0
1.8753970223847731,3.231967366951982,-1.356570344567209,33.759880541096855,1,16.447878209075316,train,9,3.2,4.0
1.2140341255183973,3.5435937427453106,-2.3295596172269133,44.49710724333563,0,11.520723373102644,train,9,3.2,4.0
4.6358588777517475,3.451941497474151,1.183917380277597,41.132990041795324,0,11.178484293258359,train,9,3.2,4.0
3.74306575521298,3.709192914454036,0.03387284075894384,51.031491830922846,1,21.333877109546677,train,9,3.2,4.0
2.490236602667229,3.4770777200640266,-0.9868411173967977,42.038111192911764,1,18.838855398774434,train,9,3.2,4.0
1.3306157719465777,3.234477884963996,-1.9038621130174183,33.83861336649757,1,16.4711563281915,train,9,3.2,4.0
3.422164756368268,3.9039321396143327,-0.48176738324606483,59.498604493546424,0,12.901768508713925,train,9,3.2,4.0
5.421207610820975,3.810592469714945,1.6106151411060299,55.33214606125806,1,22.49820662139645,train,9,3.2,4.0
4.385440226366024,3.9024773141798867,0.48296291218613685,59.43211166513261,1,23.593854275566184,train,9,3.2,4.0
3.086693615347173,3.5340073150714137,-0.4473136997242408,44.13695138177143,0,11.48476097284967,train,9,3.2,4.0
2.8780339277529903,3.6844620515150055,-0.8064281237620151,50.01753255348655,0,12.053736805614747,train,9,3.2,4.0
3.7377478012815373,3.610773301926631,0.12697449935490646,47.076120720871835,0,11.773842320197328,train,9,3.2,4.0
1.8215028492693444,3.678269318370379,-1.8567664691010348,49.76575231377152,0,12.030123001386569,train,9,3.2,4.0
5.023540341659437,3.4097725289055605,1.6137678127538764,39.64388635942037,0,11.02219531390509,train,9,3.2,4.0
4.044524065116352,3.440697047152566,0.6038270179637867,40.73233474611973,1,18.468558090681647,train,9,3.2,4.0
4.653540548595981,3.220319825640085,1.4332207229558953,33.39619722863902,1,16.340198922648057,train,9,3.2,4.0
2.7662432430854555,3.442450048520828,-0.6762068054353721,40.79462464548883,1,18.48627507466025,train,9,3.2,4.0
4.419455207898023,3.393660700322822,1.025794507575201,39.084562736987856,0,10.962673355708223,train,9,3.2,4.0
4.471548221723944,3.6460625509301154,0.8254856707938294,48.469924706636824,1,20.632172594117712,train,9,3.2,4.0
1.8127231539623154,3.652405615910534,-1.8396824619482186,48.723334835343145,1,20.701883814800233,train,9,3.2,4.0
3.7588586391043064,3.5801057979320405,0.1787528411722659,45.88677996606479,1,19.91767338700908,train,9,3.2,4.0
3.8123717828976074,3.4342383810316073,0.37813340186600014,40.503384311395095,1,18.403392005373842,train,9,3.2,4.0
2.5614996516929245,3.2514008485558596,-0.6899011968629353,34.37253352453539,1,16.62870925057466,train,9,3.2,4.0
3.5508499552907713,3.983055316606114,-0.4322053613153429,63.19009579944091,1,24.587185109706525,train,9,3.2,4.0
3.9951886307495776,3.471766274910291,0.5234223558392868,41.84575810057095,1,18.784450444845064,train,9,3.2,4.0
3.5505374462903228,3.5960389047059635,-0.04550145841564083,46.50216200779721,1,20.08854911567733,train,9,3.2,4.0
2.7760049577068306,3.9816645807381454,-1.2056596230313146,63.12392796248449,1,24.569779334711335,train,9,3.2,4.0
4.26236276387692,3.5526190599205334,0.7097437039563871,44.83796817931828,0,11.554616543347965,train,9,3.2,4.0
3.7279990809974106,3.4546182443831612,0.27338083661424933,41.228751806485725,0,11.188429769279198,train,9,3.2,4.0
3.9148519781639064,3.615837588700304,0.2990143894636023,47.274478376728844,1,20.30240844144668,train,9,3.2,4.0
3.777425027991236,3.6625091439059743,0.11491588408526188,49.12879960803617,0,11.970103423878646,train,9,3.2,4.0
4.421973077232977,3.883147000400389,0.5388260768325878,58.55331591768762,0,12.82050731955492,train,9,3.2,4.0
2.911275409638775,3.25447781883036,-0.3432024091915848,34.47021146987056,0,10.452837685888491,train,9,3.2,4.0
2.5363146869470543,3.571624646223466,-1.035309959276412,45.56143913402959,1,19.82716176547632,train,9,3.2,4.0
2.9353694883708292,3.8255592948953185,-0.8901898065244892,55.98669271631211,1,22.67401642794838,train,9,3.2,4.0
5.101572411695479,3.7748822483058,1.3266901633896782,53.79107542631325,1,22.08286183018005,train,9,3.2,4.0
1.247555200833241,3.6688175840425408,-2.4212623832093,49.383100864642124,0,11.994114769420465,train,9,3.2,4.0
3.8783243863090426,3.2296755305875267,0.6486488557215162,33.688112549332736,1,16.426649101629128,train,9,3.2,4.0
1.7497664538889635,3.4805251130265065,-1.730758659137543,42.163272865297536,0,11.28484079638547,train,9,3.2,4.0
1.7199321121884559,3.650552547594196,-1.9306204354057401,48.64921228927157,1,20.681500100636903,train,9,3.2,4.0
2.23190162378444,3.4397838979396504,-1.2078822741552107,40.69991268591089,1,18.45933423100113,train,9,3.2,4.0
3.30082697285708,3.6098673226188396,-0.30904034976175937,47.0406939959442,1,20.23774076704536,train,9,3.2,4.0
4.6153824767952125,3.7387735402277764,0.8766089365674364,52.26217518918938,0,12.261564124467117,train,9,3.2,4.0
1.2892731973081788,3.327354986702475,-2.038081789394296,36.83811600862295,1,17.349688161832017,train,9,3.2,4.0
5.249272790832652,3.2403821361231984,2.008890654709454,34.024259955948786,1,16.525998399559352,train,9,3.2,4.0
4.866721149853786,3.4702527096517435,1.3964684402020426,41.79105221975834,0,11.246579173350398,train,9,3.2,4.0
3.1273627070417556,3.2864510182235622,-0.15908831118180683,35.49616966969177,0,10.569276448064521,train,9,3.2,4.0
2.9948272765219155,3.3431222468568724,-0.3482949703349568,37.36429332076943,1,17.502225404724506,train,9,3.2,4.0
2.764422775794397,3.9086616769341647,-1.1442389011397678,59.71511075671874,1,23.66900718214624,train,9,3.2,4.0
4.197940689541926,3.4922919769712926,0.7056487125706331,42.59235353873307,0,11.32872300168854,train,9,3.2,4.0
3.4575772442343093,3.3750154793436296,0.08256176489068,38.443888335621644,0,10.893924204743321,train,9,3.2,4.0
5.496474101483255,3.8019969361748824,1.6944771653083728,54.95855274345578,0,12.505161863393763,train,9,3.2,4.0
2.462044929659918,3.2855036675148557,-0.8234587378549375,35.46548219358768,0,10.56582064641632,train,9,3.2,4.0
4.453215304829247,3.7956825926204485,0.6575327122087988,54.68518232791521,1,22.32408424344439,train,9,3.2,4.0
3.5321691893897382,3.5758282347523958,-0.04365904536265763,45.7224978059735,1,19.871984265451886,train,9,3.2,4.0
2.6621850333694637,3.6786045370232876,-1.016419503653824,49.77935974221389,0,12.03140080591414,train,9,3.2,4.0
5.600861003786642,3.3180961538282383,2.282764849958404,36.53144923228563,0,10.684917446130427,train,9,3.2,4.0
3.6827543282905344,3.3472278576745214,0.33552647061601315,37.50212110892304,1,17.542107794808175,train,9,3.2,4.0
4.4603631029907564,3.7160577011745937,0.7443054018161626,51.315356060128906,0,12.17448022472636,train,9,3.2,4.0
1.956621154849265,3.2389024050107245,-1.2822812501614596,33.97766936902693,1,16.51224108883756,train,9,3.2,4.0
2.5317451260348736,3.398890006242216,-0.8671448802073423,39.26551798239109,1,18.049773615204867,train,9,3.2,4.0
3.734894279452505,3.6339268129824034,0.10096746647010134,47.98754464879197,1,20.499289368705604,train,9,3.2,4.0
2.6800724866655656,3.3814186746160075,-0.7013461879504418,38.663114929850565,1,17.876879009818136,train,9,3.2,4.0
4.227555952828162,3.505129227923706,0.7224267249044561,43.06377550542142,0,11.376663193879544,train,9,3.2,4.0
4.463824516526467,3.937786229522837,0.5260382870036299,61.0599448542293,1,24.025347659414372,train,9,3.2,4.0
3.0014736651206153,3.9402854982942213,-0.9388118331736058,61.176280847423435,1,24.05611266436735,train,9,3.2,4.0
3.8849231206629518,3.65339993966,0.23152318100295177,48.76313870517008,1,20.712827560014016,train,9,3.2,4.0
3.631606602376728,3.626776707991202,0.004829894385525905,47.70484111996692,1,20.421298347966992,train,9,3.2,4.0
3.014997670893703,3.2118880197065827,-0.19689034881287978,33.13455836558118,0,10.29835522643137,train,9,3.2,4.0
2.603744693432171,3.982319410721604,-1.3785747172894325,63.155077426474314,0,13.210059780694296,train,9,3.2,4.0
2.6558129184622477,3.658423123226549,-1.0026102047643015,48.96455366677285,0,11.954560443015104,train,9,3.2,4.0
4.0859464710765625,3.833405597021299,0.25254087405526393,56.33188938800203,0,12.626854578823938,train,9,3.2,4.0
4.866027445120722,3.6492458882210954,1.2167815568996272,48.596991264143874,0,11.919677489946164,train,9,3.2,4.0
2.737630805680457,3.9018681932519477,-1.1642373875714909,59.40428649931515,1,23.586461879618874,train,9,3.2,4.0
5.127974533797205,3.6673566628245404,1.4606178709726645,49.32413137870072,1,20.866896264213764,train,9,3.2,4.0
3.986256715378024,3.7670798610951644,0.21917685428285974,53.458218491136684,1,21.99288328151283,train,9,3.2,4.0
1.7950432509217074,3.318826761085167,-1.5237835101634596,36.555585982376414,1,17.267597479730785,train,9,3.2,4.0
3.9308285068403155,3.5427605911743174,0.38806791566599813,44.465728827690086,0,11.517596350076754,train,9,3.2,4.0
4.818041882199806,3.7551120530739293,1.0629298291258766,52.95033386987471,1,21.85540293319673,train,9,3.2,4.0
3.600969425575137,3.2836957956182826,0.3172736299568543,35.4069689968474,1,16.93248118622433,train,9,3.2,4.0
-5.695727118376482,-6.049325777808077,0.35359865943159574,-221.37109859690042,0,-22.57539930536224,test,-1,-6.5,-4.0
-7.706968446129392,-6.451311896280939,-1.2556565498484533,-268.49989280008145,1,-73.05391424885912,test,-1,-6.5,-4.0
-4.556598016054884,-5.341953683754139,0.7853556676992551,-152.44049654725652,1,-46.513960360713725,test,-1,-6.5,-4.0
-4.616419646557435,-4.68766517701963,0.07124553046219508,-103.00771468917118,1,-34.66453846889313,test,-1,-6.5,-4.0
-4.790816970944903,-5.449490988530681,0.6586740175857788,-161.83327249653104,0,-19.585138415522664,test,-1,-6.5,-4.0
-5.9102513838316435,-5.286432254580544,-0.6238191292511001,-147.73657052698212,0,-18.814028174281276,test,-1,-6.5,-4.0
-7.43031244695366,-6.468047963523478,-0.9622644834301812,-270.59495494210654,1,-73.52313487899174,test,-1,-6.5,-4.0
-6.377790845224399,-5.281570981700321,-1.0962198635240779,-147.32938046543856,1,-45.31058903818868,test,-1,-6.5,-4.0
-2.817448833226881,-4.145483369141584,1.3280345359147032,-71.24026586241493,1,-26.68450327990774,test,-1,-6.5,-4.0
-4.635904106586899,-4.373012276558053,-0.26289183002884586,-83.62614741758719,0,-14.791559778025903,test,-1,-6.5,-4.0
-4.951486629090899,-4.675088824447954,-0.27639780464294517,-102.18087092713085,1,-34.46144065877003,test,-1,-6.5,-4.0
-8.375753277975885,-6.228159820327563,-2.147593457648323,-241.59016215416602,1,-67.0025118918159,test,-1,-6.5,-4.0
-4.333785396849722,-4.265239574287297,-0.06854582256242428,-77.59438408996395,1,-28.314595540854683,test,-1,-6.5,-4.0
-8.50945370917334,-4.357114382317926,-4.152339326855413,-82.71740157671005,0,-14.72569117848798,test,-1,-6.5,-4.0
-4.45266438693669,-6.087283456011932,1.634619069075242,-225.56440944019874,0,-22.773138556839772,test,-1,-6.5,-4.0
-5.209253582459753,-4.91916496544126,-0.2900886170184928,-119.03485874968253,1,-38.564466646260286,test,-1,-6.5,-4.0
-6.423685810719012,-6.448790968021918,0.02510515730290701,-268.18525702465183,0,-24.71007804455879,test,-1,-6.5,-4.0
-7.92254075802054,-6.208156828049959,-1.714383929970581,-239.26988348292176,0,-23.40986815380831,test,-1,-6.5,-4.0
-7.024097426544784,-5.709081720968649,-1.3150157055761351,-186.0796064597666,0,-20.84883729210128,test,-1,-6.5,-4.0
-5.379640065921022,-6.105219233312658,0.7255791673916364,-227.5641216561196,1,-63.8284820311619,test,-1,-6.5,-4.0
-4.852796965545967,-4.602551029598737,-0.2502459359472302,-97.49802918250707,0,-15.757613672446354,test,-1,-6.5,-4.0
-3.9392303058096427,-4.454311605339641,0.5150812995299987,-88.3775149500743,1,-31.038437806033784,test,-1,-6.5,-4.0
-4.113442625849016,-5.6384387726019565,1.52499614675294,-179.2571991804045,1,-52.766756153886774,test,-1,-6.5,-4.0
-4.907117525998091,-5.703003007843916,0.795885481845825,-185.48585741038724,0,-20.818726171739492,test,-1,-6.5,-4.0
-8.499577097354814,-6.220846920013349,-2.2787301773414654,-240.7401593256645,1,-66.81057262517295,test,-1,-6.5,-4.0
-7.471507536019798,-6.290117141694857,-1.1813903943249409,-248.87209307612758,0,-23.84779328660712,test,-1,-6.5,-4.0
-6.081056018767024,-4.718185160777892,-1.3628708579891313,-105.03279948960741,1,-35.16111538025516,test,-1,-6.5,-4.0
-6.093098797860945,-5.001141509355861,-1.091957288505084,-125.08563274883116,1,-40.020551077833815,test,-1,-6.5,-4.0
-8.857094603230141,-6.360815801037304,-2.4962788021928373,-257.3584651757963,1,-70.55414043827118,test,-1,-6.5,-4.0
-7.762580838241062,-5.300506795851424,-2.4620740423896383,-148.91971177031806,1,-45.68546274161788,test,-1,-6.5,-4.0
-6.388358333503515,-5.4958087984233694,-0.8925495350801457,-165.99493822511323,1,-49.68641404029276,test,-1,-6.5,-4.0
-5.097651145396811,-4.3800525061325635,-0.7175986392642472,-84.03069393217439,1,-29.94629630483257,test,-1,-6.5,-4.0
-4.0857842891914355,-4.705377051650303,0.6195927624588673,-104.17974503718133,1,-34.952080162387176,test,-1,-6.5,-4.0
-5.384550193345177,-4.9948398718779385,-0.38971032146723855,-124.6133896572806,0,-17.476787408779426,test,-1,-6.5,-4.0
-3.413312309976831,-5.119040446236257,1.7057281362594254,-134.1422797631827,0,-18.039966933972423,test,-1,-6.5,-4.0
-6.319530378533667,-4.127244005633406,-2.192286372900261,-70.30406492643847,0,-13.787813315428988,test,-1,-6.5,-4.0
-5.7033764531390245,-4.033316674103829,-1.6700597790351954,-65.61255734779789,1,-25.222461491871066,test,-1,-6.5,-4.0
-5.355691049036603,-5.65486487587618,0.2991738268395772,-180.82842327155228,1,-53.130279281939,test,-1,-6.5,-4.0
-6.2291960090333,-5.900313302368817,-0.3288827066644836,-205.4117199038095,0,-21.809174305182644,test,-1,-6.5,-4.0
-5.696703717418079,-4.508910615030135,-1.1877931023879447,-91.66739245788804,1,-31.86021033666801,test,-1,-6.5,-4.0
-5.419356423568304,-6.340783923063362,0.9214274994950582,-254.93464646260148,1,-70.00928106171038,test,-1,-6.5,-4.0
-4.284208798623761,-5.5884608925098975,1.3042520938861364,-174.53263616771545,1,-51.67190991107279,test,-1,-6.5,-4.0
-4.754489578948229,-6.324942993438744,1.5704534144905147,-253.02873643732732,1,-69.58057626778171,test,-1,-6.5,-4.0
-6.182476791991564,-5.701580732372725,-0.4808960596188395,-185.34711671634298,1,-54.17416554038677,test,-1,-6.5,-4.0
-6.335050559375572,-6.324043512232608,-0.011007047142964648,-252.92080081094323,1,-69.55629069888647,test,-1,-6.5,-4.0
-5.503499171017988,-5.77434083216172,0.2708416611437316,-192.53391592430523,0,-21.173700814971262,test,-1,-6.5,-4.0
-4.458437328153211,-4.524747191415527,0.06630986326231574,-92.63667475127431,1,-32.101576524501446,test,-1,-6.5,-4.0
-3.0145783845760574,-4.23649919799982,1.221920813423763,-76.0363717943985,0,-14.230225029887432,test,-1,-6.5,-4.0
-5.110279319475852,-4.518446537300185,-0.5918327821756674,-92.25022712684483,0,-15.40034415443745,test,-1,-6.5,-4.0
-4.653887603167724,-5.095453224637804,0.44156562147008066,-132.2965313239344,0,-17.9322903003921,test,-1,-6.5,-4.0
-7.615208906903871,-4.959954037318371,-2.6552548695855,-122.02054376490985,1,-39.28397086493708,test,-1,-6.5,-4.0
-4.692811615677984,-5.596291144491995,0.9034795288140107,-175.26730191702356,1,-51.842333816880696,test,-1,-6.5,-4.0
-4.1130294590680725,-6.077956753536368,1.9649272944682952,-224.52919374262558,1,-63.13970900913422,test,-1,-6.5,-4.0
-5.44393063172106,-5.409397665837098,-0.03453296588396302,-158.28753935859032,1,-47.88570086922936,test,-1,-6.5,-4.0
-3.4259050938800817,-4.66793665912956,1.242031565249478,-101.71262505291898,0,-16.03806247844706,test,-1,-6.5,-4.0
-8.33976959116022,-6.3427809403482485,-1.9969886508119712,-255.1755958127207,1,-70.0634619835889,test,-1,-6.5,-4.0
-6.85043809334144,-6.448167552797072,-0.40227054054436834,-268.1074868142117,0,-24.706652394675448,test,-1,-6.5,-4.0
-6.426496373714539,-4.573629833962452,-1.852866539752086,-95.67159984456575,1,-32.8552094708005,test,-1,-6.5,-4.0
-5.369737380433678,-5.750119976423614,0.38038259598993546,-190.12127540982132,1,-55.274615011235106,test,-1,-6.5,-4.0
-4.122136738925868,-4.747089312391208,0.6249525734653396,-106.97497853527881,1,-35.63626364422939,test,-1,-6.5,-4.0
-6.310577642807593,-4.663330697738746,-1.647246945068847,-101.41183542418882,1,-34.272359178054,test,-1,-6.5,-4.0
-5.186078245634823,-4.167738432031635,-1.0183398136031871,-72.39379843546533,1,-26.981974983187975,test,-1,-6.5,-4.0
-6.203870401241247,-5.499178917695479,-0.7046914835457677,-166.30049790421768,1,-49.75763633392997,test,-1,-6.5,-4.0
-2.6988716354991786,-5.603905179129609,2.9050335436304304,-175.98365551919304,0,-20.331388647772688,test,-1,-6.5,-4.0
-4.573438118068893,-4.483583022680698,-0.08985509538819535,-90.13130268464361,1,-31.477009604970817,test,-1,-6.5,-4.0
-4.446337491978783,-4.588772258638821,0.1424347666600385,-96.62500122102867,1,-33.0913170201222,test,-1,-6.5,-4.0
-4.4374617475221045,-4.86846315021104,0.4310014026889359,-115.39198956555603,1,-37.68378736374433,test,-1,-6.5,-4.0
-4.117106253520657,-4.472583565112331,0.3554773115916745,-89.46957839488827,0,-15.207142263234761,test,-1,-6.5,-4.0
-5.1831926493891025,-4.894462853147362,-0.2887297962417402,-117.25060984436605,1,-38.1335105283153,test,-1,-6.5,-4.0
-5.705628241112658,-4.106389867935112,-1.599238373177545,-69.24374351493906,1,-26.167918306793148,test,-1,-6.5,-4.0
-6.482481127517339,-5.665313946372269,-0.8171671811450705,-181.832682012948,1,-53.36247824170641,test,-1,-6.5,-4.0
-2.694777707824491,-4.654368442878318,1.9595907350538266,-100.82826126371344,0,-15.979670553909221,test,-1,-6.5,-4.0
-3.819715302941036,-4.125416735657047,0.30570143271601097,-70.21072832721471,1,-26.41839587241408,test,-1,-6.5,-4.0
-6.112626552028076,-5.6640896145969,-0.44853693743117573,-181.71481983014937,1,-53.33523280982058,test,-1,-6.5,-4.0
-6.596405210816385,-4.970920008162964,-1.6254852026534203,-122.83166070972433,0,-17.36939323868338,test,-1,-6.5,-4.0
-5.654714662121493,-5.585824581057118,-0.06889008106437522,-174.28574957144653,1,-51.61462365746066,test,-1,-6.5,-4.0
-5.309968096770082,-5.346149271531749,0.0361811747616669,-152.79996050731467,0,-19.094447024741537,test,-1,-6.5,-4.0
-7.097483360321605,-6.312495017228211,-0.7849883430933938,-251.53773442326292,0,-23.96823974014989,test,-1,-6.5,-4.0
-5.38313104184962,-6.451641594254394,1.0685105524047736,-268.5410604243224,1,-73.06313686762766,test,-1,-6.5,-4.0
-5.309226695327478,-4.600876331119566,-0.7083503642079122,-97.39164009793902,0,-15.750461795317479,test,-1,-6.5,-4.0
-5.571862487478254,-5.368102088770006,-0.20376039870824733,-154.6900213934189,1,-47.042310544993796,test,-1,-6.5,-4.0
-3.933279936955813,-4.942914980867526,1.0096350439117128,-120.76731803328664,0,-17.24409130326831,test,-1,-6.5,-4.0
-4.382610564322392,-4.650121205505263,0.2675106411828712,-100.55248750305073,1,-34.06086111712594,test,-1,-6.5,-4.0
-4.107467575779905,-5.453341424545398,1.3458738487654929,-162.17655357466563,0,-19.603555345129504,test,-1,-6.5,-4.0
-5.8575957658354705,-5.5809559373308755,-0.2766398285045947,-173.83042063948363,0,-20.219476224782298,test,-1,-6.5,-4.0
-6.597840777758223,-6.077427973523119,-0.5204128042351037,-224.4705969677607,0,-22.721695859924573,test,-1,-6.5,-4.0
-3.9549628330973836,-4.515318983412982,0.5603561503155983,-92.05879989917658,0,-15.387132948222478,test,-1,-6.5,-4.0
-4.161063708155858,-4.417406478538932,0.256342770383074,-86.19897295598734,1,-30.492014026814264,test,-1,-6.5,-4.0
-3.242792541071275,-4.6644675317366175,1.4216749906653425,-101.48602051028648,0,-16.02312300541558,test,-1,-6.5,-4.0
-3.8254151707952104,-4.3117635499407925,0.4863483791455822,-80.16131085935183,0,-14.538516867009413,test,-1,-6.5,-4.0
-4.912243479053942,-4.879858895060466,-0.032384583993475956,-116.20419130307234,1,-37.88041494579586,test,-1,-6.5,-4.0
-4.221186018265807,-4.7598345630733565,0.5386485448075493,-107.83893117970281,0,-16.436282312814125,test,-1,-6.5,-4.0
-5.2317864897806485,-6.017454799333506,0.785668309552857,-217.8906077063286,0,-22.41017655212709,test,-1,-6.5,-4.0
-5.926526252523493,-4.580919412651729,-1.3456068398717638,-96.12978151811204,0,-15.665353868317428,test,-1,-6.5,-4.0
-5.836907654696929,-5.664792764244153,-0.17211489045277567,-181.78250338535548,0,-20.630028360439567,test,-1,-6.5,-4.0
-5.806588837036711,-5.405101984843054,-0.40148685219365604,-157.9107434569156,1,-47.79745464591229,test,-1,-6.5,-4.0
-4.262619517023159,-5.702824400603562,1.4402048835804033,-185.4684307601431,0,-20.81784181701355,test,-1,-6.5,-4.0
-5.6614372339119035,-5.079275827681834,-0.5821614062300694,-131.040455150331,0,-17.858636586052125,test,-1,-6.5,-4.0
-3.5770092727125933,-4.853269121417279,1.2762598487046855,-114.31497425865437,0,-16.846106849424924,test,-1,-6.5,-4.0
-6.5790982010498,-5.0611036473619135,-1.5179945536878867,-129.63900652793998,1,-41.11111224767374,test,-1,-6.5,-4.0
-5.771154335250269,-5.704532015032381,-0.06662232021788839,-185.6350868179303,1,-54.2406134086832,test,-1,-6.5,-4.0
-4.674393182305945,-5.9549915618237,1.2805983795177556,-211.17546117181533,0,-22.088483908907406,test,-1,-6.5,-4.0
-4.700632850188812,-4.38765367281956,-0.3129791773692516,-84.46893553507923,0,-14.852339729160265,test,-1,-6.5,-4.0
-4.361518550993799,-5.744588280530973,1.3830697295371737,-189.57310511238072,1,-55.14838586406907,test,-1,-6.5,-4.0
-7.837215998675742,-5.4044483228066404,-2.4327676758691017,-157.85345992587426,0,-19.370414166937408,test,-1,-6.5,-4.0
-6.238851882872578,-6.271463532685875,0.03261164981329632,-246.6645304351786,0,-23.747681206761197,test,-1,-6.5,-4.0
-5.5540114012586965,-5.747552075397666,0.19354067413896947,-189.8666748316135,0,-21.03998972282527,test,-1,-6.5,-4.0
-6.436369196694403,-6.285762984966533,-0.15060621172786973,-248.35562662431207,1,-68.52841427976202,test,-1,-6.5,-4.0
-7.450782274550557,-5.640716732599239,-1.8100655419513179,-179.47454962413354,0,-20.51164119028039,test,-1,-6.5,-4.0
-3.9273887954762916,-4.72674745557141,0.7993586600951187,-105.60566052850425,1,-35.301374472415084,test,-1,-6.5,-4.0
-6.861453431360352,-4.065079360586852,-2.7963740707735,-67.17490881838567,1,-25.630219845437693,test,-1,-6.5,-4.0
-3.7987262854164925,-4.936937899821699,1.1382116144052066,-120.32974412665499,0,-17.217408581998196,test,-1,-6.5,-4.0
-5.476655301249659,-5.826741149553639,0.3500858483039803,-197.8231784852397,0,-21.43668701836571,test,-1,-6.5,-4.0
-3.6736725707751967,-4.8582279845283445,1.184555413753148,-114.66573888629902,1,-37.50783173084484,test,-1,-6.5,-4.0
-5.237162631982508,-4.932505452021723,-0.30465717996078506,-120.00593413937241,1,-38.79870318393965,test,-1,-6.5,-4.0
-5.769024720108297,-4.435869427319375,-1.3331552927889228,-87.2843258176559,0,-15.053294798311242,test,-1,-6.5,-4.0
-5.784843786023154,-5.165765045259117,-0.619078740764037,-137.8491040481201,1,-43.06711594540137,test,-1,-6.5,-4.0
-4.778776946899486,-4.222195837998183,-0.5565811089013031,-75.26882213758736,0,-14.171963956746296,test,-1,-6.5,-4.0
-4.742789935668587,-5.4612408269379,0.7184508912693125,-162.8823343304275,0,-19.641369167422248,test,-1,-6.5,-4.0
-6.158169015037583,-5.784888326262026,-0.37328068877555726,-193.59089994610832,1,-56.07284496800774,test,-1,-6.5,-4.0
-4.704091472486433,-5.202480646030852,0.49838917354441886,-140.80932601752144,1,-43.76930714159685,test,-1,-6.5,-4.0
-3.611675424651244,-4.193874404322825,0.5821989796715813,-73.7643060357359,1,-27.334484420115658,test,-1,-6.5,-4.0
-2.983184287414133,-4.690221843450965,1.7070375560368323,-103.1763487646545,1,-34.7059352832838,test,-1,-6.5,-4.0
-7.64769896885948,-5.265217497166235,-2.3824814716932443,-145.96507258334773,0,-18.71495394316566,test,-1,-6.5,-4.0
-5.737068223545242,-5.256259118129344,-0.4808091054158983,-145.221293106347,0,-18.67320321651497,test,-1,-6.5,-4.0
-4.047223625292752,-4.878194504288249,0.8309708789954979,-116.08532932656881,1,-37.85164937817851,test,-1,-6.5,-4.0
-4.545922973233488,-5.380572099085722,0.834649125852234,-155.770554477097,1,-47.29582719267657,test,-1,-6.5,-4.0
-5.786835539863199,-5.1234013226190775,-0.6634342172441215,-134.4853966341183,0,-18.0599119005396,test,-1,-6.5,-4.0
-4.379025570858151,-4.0720619909225135,-0.3069635799356382,-67.52166494362237,1,-25.720518961492015,test,-1,-6.5,-4.0
-4.269623824720596,-4.168965702653407,-0.10065812206718901,-72.45777050233824,0,-13.956052518006985,test,-1,-6.5,-4.0
-4.228064992876054,-4.398286424028388,0.17022143115233374,-85.08451426225959,1,-30.21176212453708,test,-1,-6.5,-4.0
-6.843544653485721,-6.182379347221501,-0.6611653062642198,-236.30175591631354,0,-23.273173159990776,test,-1,-6.5,-4.0
-5.864326314601654,-5.10869723532064,-0.7556290792810142,-133.33080325104893,1,-41.992252356171704,test,-1,-6.5,-4.0
-6.908628897309754,-5.5839319723962895,-1.3246969249134641,-174.10865326396132,1,-51.57352656998113,test,-1,-6.5,-4.0
-4.658769349379225,-4.220511289310065,-0.4382580600691595,-75.1787670433179,0,-14.165109208796554,test,-1,-6.5,-4.0
-4.033536796651912,-5.715802117241614,1.6822653205897016,-186.73750630158727,1,-54.4949076120423,test,-1,-6.5,-4.0
-5.291333977305358,-4.1730851938518265,-1.1182487834535313,-72.67277648692425,1,-27.053810878940332,test,-1,-6.5,-4.0
-4.728434721713671,-5.904134746900072,1.1757000251864005,-205.81109429099777,1,-58.874623098899775,test,-1,-6.5,-4.0
-3.100936475743547,-5.449023062885871,2.348086587142324,-161.79158817971052,0,-19.582900952251823,test,-1,-6.5,-4.0
-3.831776374299599,-4.100093381648795,0.2683170073491965,-68.9257093438072,0,-13.67879433182253,test,-1,-6.5,-4.0
-2.1556916054833963,-5.0112832738423645,2.855591668358968,-125.84815665870555,1,-40.20348115326821,test,-1,-6.5,-4.0
-4.309168886778175,-4.1696284458269455,-0.13954044095122947,-72.49233197190604,0,-13.958731976918958,test,-1,-6.5,-4.0
-3.122399234247846,-5.1528742702873105,2.0304750360394643,-136.81970116391977,0,-18.19501683414033,test,-1,-6.5,-4.0
-5.95317976584577,-5.929907834514357,-0.023271931331412834,-208.51813418085771,1,-59.49335033971462,test,-1,-6.5,-4.0
-6.1361813394513005,-4.717592699417413,-1.418588640033888,-104.99323762871282,0,-16.252642850826494,test,-1,-6.5,-4.0
-4.7428612074722025,-5.196066271510492,0.45320506403828964,-140.2891372818891,0,-18.39398156016926,test,-1,-6.5,-4.0
-2.9358916184937534,-5.236317078451073,2.3004254599573195,-143.57466461456278,0,-18.580444527644474,test,-1,-6.5,-4.0
-6.824224598100412,-6.158788716861141,-0.6654358812392717,-233.60703451578354,0,-23.148506840899095,test,-1,-6.5,-4.0
-5.519851263559255,-6.137701345238724,0.617850081679468,-231.21566622058828,0,-23.037417360127936,test,-1,-6.5,-4.0
-5.3271306422384,-4.175987214124389,-1.1511434281140114,-72.82449486031427,1,-27.09286061443602,test,-1,-6.5,-4.0
-5.125879574711533,-4.109854339879282,-1.0160252348322505,-69.4191497456254,1,-26.21339296876293,test,-1,-6.5,-4.0
-3.4931661385781076,-4.085172758251709,0.592006619673601,-68.1759630582113,0,-13.619037535919352,test,-1,-6.5,-4.0
-5.7794711889598895,-5.605526896760456,-0.1739442921994333,-176.13648379872663,0,-20.3393103662559,test,-1,-6.5,-4.0
-5.658976317173933,-6.385324487022967,0.7263481698490334,-260.34480492178477,0,-24.362869559504595,test,-1,-6.5,-4.0
-3.538813321627017,-5.115181817946035,1.5763684963190185,-133.83916721377088,0,-18.022328798113524,test,-1,-6.5,-4.0
-6.022380459017576,-4.659226320544822,-1.3631541384727544,-101.14430162695331,0,-16.000564994173534,test,-1,-6.5,-4.0
-5.651789740188564,-4.8798838170685075,-0.7719059231200563,-116.20597171720487,0,-16.96377088554962,test,-1,-6.5,-4.0
-6.260213754504427,-6.367667877213157,0.10745412270872993,-258.19106598339255,1,-70.74121682831799,test,-1,-6.5,-4.0
-3.0833412132237417,-5.917792918426779,2.834451705203037,-207.2427237109787,1,-59.20192349747608,test,-1,-6.5,-4.0
-5.0669602555136475,-4.735289353436722,-0.3316709020769251,-106.17922867181122,1,-35.44171379467241,test,-1,-6.5,-4.0
-6.881426340147846,-6.362287919735535,-0.519138420412311,-257.53719220210354,1,-70.59430219962732,test,-1,-6.5,-4.0
-3.797017825154835,-4.383757557131603,0.5867397319767682,-84.24411701691616,1,-30.000096074778043,test,-1,-6.5,-4.0
-1.4342380225054687,-4.02729709605161,2.5930590735461414,-65.31922252783633,0,-13.388275738711556,test,-1,-6.5,-4.0
-6.510493102943172,-5.880500893791995,-0.629992209151177,-203.34943073287207,0,-21.708491296033422,test,-1,-6.5,-4.0
-6.661087127803528,-6.364711738811965,-0.2963753889915629,-257.8316435405569,0,-24.25076808724703,test,-1,-6.5,-4.0
-3.9278085576745347,-4.050766729202486,0.12295817152795133,-66.46786097034717,1,-25.445872381676892,test,-1,-6.5,-4.0
-3.599773172400631,-4.581959288464565,0.9821861160639336,-96.1952612084327,1,-32.98493010708023,test,-1,-6.5,-4.0
-2.6699667306256667,-5.3645054996822426,2.694538769056576,-154.37930611887276,1,-46.96937772282128,test,-1,-6.5,-4.0
-6.720082946861297,-5.304358399417908,-1.4157245474433884,-149.24458443250097,0,-18.897966886903745,test,-1,-6.5,-4.0
-6.123565970895239,-4.21124248975335,-1.9123234811418888,-74.68454653778154,1,-27.57063677681636,test,-1,-6.5,-4.0
-5.337707207356635,-5.610424800343495,0.2727175929868596,-176.59859211381138,0,-20.363246243306712,test,-1,-6.5,-4.0
-5.638404156314481,-6.367050428052511,0.7286462717380299,-258.11596577298656,0,-24.263470599617264,test,-1,-6.5,-4.0
-7.552065235351574,-4.965074176941591,-2.5869910584099833,-122.39881786438684,0,-17.343198888112507,test,-1,-6.5,-4.0
-6.362656995859313,-5.718638101796991,-0.6440188940623223,-187.01560243477482,0,-20.89622635408647,test,-1,-6.5,-4.0
-3.5497737642144043,-4.7961023925044275,1.2463286282900232,-110.32281606605245,1,-36.452870390723774,test,-1,-6.5,-4.0
-4.664831864528368,-4.130124925619615,-0.5347069389087536,-70.45138972476902,1,-26.48065272181265,test,-1,-6.5,-4.0
-4.919208466831751,-5.598550304008094,0.6793418371763423,-175.47964790522502,0,-20.305243870128784,test,-1,-6.5,-4.0
-5.572601974724649,-5.882504618199061,0.30990264347441193,-203.55736968779794,1,-58.35898779215677,test,-1,-6.5,-4.0
-5.483754867781036,-6.367620329728882,0.8838654619478459,-258.1852822753447,1,-70.73991744425558,test,-1,-6.5,-4.0
-3.7957089593154025,-4.420850151173804,0.6251411918584014,-86.40072426454822,0,-14.990564938812376,test,-1,-6.5,-4.0
-5.884206382604734,-6.30405048071085,0.4198440981061156,-250.52960088554107,1,-69.01807161924077,test,-1,-6.5,-4.0
-2.516144153821372,-4.119561299264394,1.603417145443022,-69.91219033340117,0,-13.756927704461205,test,-1,-6.5,-4.0
-5.297486961102317,-4.734630930430666,-0.5628560306716507,-106.13494344149075,1,-35.43088147959015,test,-1,-6.5,-4.0
-3.960491589595646,-4.221167883077292,0.26067629348164584,-75.21385965619203,1,-27.70627558047028,test,-1,-6.5,-4.0
-2.994992549148173,-4.463897822712374,1.4689052735642008,-88.94934113264907,0,-15.170680290790104,test,-1,-6.5,-4.0
-6.579318809264249,-6.023195967867785,-0.5561228413964634,-218.514861963035,1,-61.77256029621036,test,-1,-6.5,-4.0
-6.387532538106608,-6.060241295685106,-0.32729124242150237,-222.57160079718392,0,-22.632155902998996,test,-1,-6.5,-4.0
-4.880636020209941,-4.096530570607315,-0.784105449602627,-68.7461846883314,0,-13.664515405588574,test,-1,-6.5,-4.0
-6.778613832808684,-5.772405060491679,-1.0062087723170052,-192.34034745575133,0,-21.164022130590066,test,-1,-6.5,-4.0
-1.9746934314536237,-4.5234661850674796,2.548772753613856,-92.55801759964396,1,-32.08200207513123,test,-1,-6.5,-4.0
-5.385528212783152,-6.073024630429588,0.6874964176464357,-223.98303623698385,0,-22.698734616028442,test,-1,-6.5,-4.0
-3.376347908827653,-5.752274424270037,2.3759265154423836,-190.33505870339926,0,-21.063524446878095,test,-1,-6.5,-4.0
-3.8125688207825013,-4.816274640699511,1.0037058199170101,-111.72072151630604,1,-36.79296822535974,test,-1,-6.5,-4.0
-5.660628756293861,-5.878950794392136,0.21832203809827405,-203.18866445442305,1,-58.274585274061025,test,-1,-6.5,-4.0
-4.8315446588968,-4.620332077092864,-0.21121258180393668,-98.63239348735361,1,-33.587474928749316,test,-1,-6.5,-4.0
-3.8580736271438996,-4.301859842369003,0.4437862152251038,-79.61021008391776,1,-28.827621543890565,test,-1,-6.5,-4.0
-5.625040155747594,-5.699068875777046,0.07402872002945235,-185.10225814675005,1,-54.11765825668115,test,-1,-6.5,-4.0
-4.532440965441415,-5.7532303090852706,1.220789343643855,-190.42996131807277,0,-21.068290153617266,test,-1,-6.5,-4.0
-7.349700817625453,-6.4306683481041125,-0.9190324695213405,-265.93061397352216,1,-72.47812783901676,test,-1,-6.5,-4.0
-5.114087281720284,-5.4433500633841225,0.32926278166383843,-161.28678850302134,0,-19.555785960212795,test,-1,-6.5,-4.0
-5.65435461663683,-6.336383543224513,0.682028926587683,-254.4042557608147,0,-24.097235744889833,test,-1,-6.5,-4.0
-5.2130370151208805,-5.063360140498476,-0.14967687462240412,-129.81248250819866,0,-17.786330071659403,test,-1,-6.5,-4.0
-4.931823570127434,-4.780159382821406,-0.15166418730602813,-109.22627729165124,1,-36.18573360679447,test,-1,-6.5,-4.0
-4.292823904392232,-5.079235422680231,0.7864115182879995,-131.0373279440944,1,-41.445171856859574,test,-1,-6.5,-4.0
-4.19243737312857,-4.990683631518095,0.7982462583895259,-124.3025734760709,0,-17.458102364075703,test,-1,-6.5,-4.0
-4.998142608717907,-5.00087473938454,0.0027321306666332314,-125.06561693204468,0,-17.503936556794514,test,-1,-6.5,-4.0
-4.133613067204815,-4.243381427452438,0.10976836024762375,-76.40753933030683,0,-14.258295068963452,test,-1,-6.5,-4.0
-5.714084050602712,-5.172426485215151,-0.5416575653875604,-138.38307617653956,0,-18.284940979176245,test,-1,-6.5,-4.0
-3.554992792592839,-4.346518281466639,0.7915254888738003,-82.11538469780025,1,-29.462631783959967,test,-1,-6.5,-4.0
-5.64064495767797,-5.620071015240015,-0.020573942437955066,-177.5110570062683,1,-52.362424446973705,test,-1,-6.5,-4.0
-7.904896030155463,-6.148435286866299,-1.756460743289164,-232.4308760803075,0,-23.09392338220505,test,-1,-6.5,-4.0
-6.198410933493769,-5.945307272411094,-0.2531036610826751,-210.14686511846568,0,-22.0388591196026,test,-1,-6.5,-4.0
-3.663023606796823,-4.516794844380413,0.8537712375835896,-92.14909943514783,0,-15.393366521844193,test,-1,-6.5,-4.0
-5.4734950813701495,-5.925790690418284,0.45229560904813493,-208.08411228221652,1,-59.39419452769816,test,-1,-6.5,-4.0
-5.520616534176401,-4.568655631454136,-0.9519609027222653,-95.35978676808998,0,-15.613162629724208,test,-1,-6.5,-4.0
-3.2532803686319767,-4.2429079186481164,0.98962755001614,-76.38196377965826,1,-28.005116511876004,test,-1,-6.5,-4.0
-4.307561806474669,-5.1390320218036285,0.8314702153289597,-135.72003765708163,1,-42.56110359682721,test,-1,-6.5,-4.0
-5.308882024480496,-6.141943347590614,0.8330613231101177,-231.69540385279,0,-23.059738119827642,test,-1,-6.5,-4.0
-3.012274998784672,-4.941258491356788,1.9289834925721157,-120.64594263294005,0,-17.236694326729165,test,-1,-6.5,-4.0
-5.851448125404949,-5.551257029033661,-0.3001910963712873,-171.0700602214455,0,-20.075172291529896,test,-1,-6.5,-4.0
-3.4116623545128317,-4.228880142848651,0.8172177883358197,-75.62687043680121,0,-14.199177837281978,test,-1,-6.5,-4.0
-6.156219723657443,-5.940903798870518,-0.21531592478692543,-209.68026639053141,1,-59.75876467471784,test,-1,-6.5,-4.0
-4.642156271017786,-5.91427872015519,1.2721224491374044,-206.87373836571047,1,-59.11758383360767,test,-1,-6.5,-4.0
-3.8163869378717044,-5.29409726104408,1.4777103231723763,-148.3801299755217,1,-45.558317778236585,test,-1,-6.5,-4.0
-4.595988153867307,-5.266114094122345,0.6701259402550387,-146.03965305045483,0,-18.719135343376134,test,-1,-6.5,-4.0
-5.056310590493837,-6.0305857142030685,0.9742751237092315,-219.3201244928758,1,-61.95578204118437,test,-1,-6.5,-4.0
-6.456905394592621,-5.564161079075361,-0.8927443155172601,-172.26580668153846,1,-51.14564457353377,test,-1,-6.5,-4.0
-4.005898707389737,-4.8295724443307195,0.8236737369409824,-112.6486664383904,1,-37.018450620670244,test,-1,-6.5,-4.0
-6.675333396390372,-5.323699876961994,-1.3516335194283784,-150.88313272170433,1,-46.14772617522685,test,-1,-6.5,-4.0
-3.6879051547471007,-6.350700680676387,2.6627955259292864,-256.1326439427273,1,-70.27863083057463,test,-1,-6.5,-4.0
-4.0117651573223725,-5.461731210967872,1.4499660536455,-162.9262156042154,0,-19.643717944987923,test,-1,-6.5,-4.0
-7.231274854198602,-5.4604761103077895,-1.7707987438908124,-162.8139205432982,0,-19.637706741789334,test,-1,-6.5,-4.0
-8.512631239138003,-5.380988057179067,-3.1316431819589354,-155.80668392439378,0,-19.25909785002508,test,-1,-6.5,-4.0
-4.827656770726871,-6.440400489977852,1.6127437192509817,-267.13981638227835,1,-72.74916474638923,test,-1,-6.5,-4.0
-6.791355948567352,-5.815019020480627,-0.9763369280867247,-196.63164786974585,1,-56.77138663539105,test,-1,-6.5,-4.0
-3.4271381731127084,-4.123971836043763,0.6968336629310546,-70.13698164883345,0,-13.774655141107958,test,-1,-6.5,-4.0
-5.807654120415579,-4.292483079273009,-1.5151710411425703,-79.0907648853911,1,-28.69560221489725,test,-1,-6.5,-4.0
-4.025263884969779,-4.148227519074034,0.12296363410425466,-71.38183445021254,0,-13.872319246226352,test,-1,-6.5,-4.0
-5.342290801443965,-4.602774740943157,-0.7395160605008079,-97.5122468252196,0,-15.758569159333861,test,-1,-6.5,-4.0
-4.665612283338676,-5.415019843531708,0.7494075601930316,-158.7815939509013,0,-19.42069140961315,test,-1,-6.5,-4.0
-4.527031446372435,-4.156239539068088,-0.3707919073043469,-71.79624132922211,0,-13.904643443788705,test,-1,-6.5,-4.0
-3.9381124643688064,-5.748347314253867,1.810234849885061,-189.9454963441769,1,-55.234141211596985,test,-1,-6.5,-4.0
-5.899260355845537,-5.016960351027193,-0.8823000048183441,-126.27634600834843,0,-17.576407973248546,test,-1,-6.5,-4.0
-3.4715895594958246,-5.031414440506969,1.559824881011145,-127.37091704598512,1,-40.56842673071793,test,-1,-6.5,-4.0
-5.394373768210779,-5.39811504096013,0.0037412727493512815,-157.29916133623823,1,-47.65417739012804,test,-1,-6.5,-4.0
-5.227180824943006,-5.874079464421639,0.6468986394786328,-202.6839932269282,1,-58.15903703865056,test,-1,-6.5,-4.0
-7.563084891494521,-5.673794727834511,-1.8892901636600095,-182.65049697498898,0,-20.67439412300331,test,-1,-6.5,-4.0
-6.9752783753359395,-4.892701820408302,-2.082576554927638,-117.12409470763663,1,-38.10292440275224,test,-1,-6.5,-4.0
-4.511302316755954,-5.789946032548112,1.2786437157921586,-194.09911141982823,1,-56.18966038160998,test,-1,-6.5,-4.0
-7.0897747016984205,-5.634510715111299,-1.4552639865871217,-178.88281780245475,0,-20.481188501382995,test,-1,-6.5,-4.0
-6.006440683860446,-5.614743419047174,-0.3916972648132724,-177.00671585791895,1,-52.24557342872531,test,-1,-6.5,-4.0
-6.057365110021364,-5.687985324021996,-0.369379785999368,-184.02439622478065,1,-53.868835217022124,test,-1,-6.5,-4.0
-5.495808261485779,-4.4286745668983025,-1.067133694587477,-86.86029586895094,0,-15.023229618073927,test,-1,-6.5,-4.0
-4.879979138647886,-5.135536662334009,0.25555752368612356,-135.44329231141063,1,-42.495268449284154,test,-1,-6.5,-4.0
-8.13294189940973,-6.4540752639253185,-1.6788666354844108,-268.84506993050707,0,-24.739127190386096,test,-1,-6.5,-4.0
-6.060324968598322,-4.646053423617991,-1.4142715449803311,-100.28883767280894,0,-15.94393702431015,test,-1,-6.5,-4.0
-4.127035394163091,-5.244575542410817,1.1175401482477263,-144.25505344313834,0,-18.618827696095217,test,-1,-6.5,-4.0
-5.506836611424646,-4.552766920996084,-0.9540696904285615,-94.36832606932447,0,-15.54566728437474,test,-1,-6.5,-4.0
-4.364539598569717,-5.263590911282352,0.899051312712634,-145.82983521477004,1,-44.956739776801065,test,-1,-6.5,-4.0
-4.919549012678132,-5.722905617534686,0.803356604856554,-187.43459437001516,1,-54.65563572660709,test,-1,-6.5,-4.0
-2.574667786253028,-4.401778973495293,1.8271111872422647,-85.287364560893,1,-30.262809832664477,test,-1,-6.5,-4.0
-5.5142641462918744,-6.066637443313362,0.5523732970214875,-223.2770696639896,1,-62.85532626273802,test,-1,-6.5,-4.0
-7.995317744010748,-5.804308575576581,-2.1910091684341677,-195.54714453770106,1,-56.52235463426996,test,-1,-6.5,-4.0
-6.0630402279580204,-5.28963029360572,-0.7734099343523002,-148.00485346698127,0,-18.828987950156787,test,-1,-6.5,-4.0
-4.83890098800823,-4.350322035081524,-0.4885789529267063,-82.33115747989484,0,-14.697589254842468,test,-1,-6.5,-4.0
-4.73412616631255,-6.211969945365096,1.477843779052546,-239.7110408149638,1,-66.57811799908805,test,-1,-6.5,-4.0
-5.235157560854579,-5.65327882405995,0.4181212632053717,-180.6763120425592,1,-53.095098880691694,test,-1,-6.5,-4.0
-5.751368106651704,-5.169399552233133,-0.5819685544185706,-138.14027066677306,1,-43.136252790054016,test,-1,-6.5,-4.0
-4.2791990069779615,-4.804126102730277,0.5249270957523154,-110.87744144698436,1,-36.587866597587706,test,-1,-6.5,-4.0
-6.663576956137806,-6.237014826902162,-0.4265621292356439,-242.62208436411294,0,-23.563486167988746,test,-1,-6.5,-4.0
-3.952268894262275,-4.611790918190137,0.6595220239278621,-98.08640768132555,1,-33.452654290835525,test,-1,-6.5,-4.0
-4.9232511695203,-5.107697261137628,0.184446091617328,-133.25252423439915,0,-17.988142268100866,test,-1,-6.5,-4.0
-3.876382684241901,-5.207139001852103,1.330756317610202,-141.18791125350444,0,-18.4451752306264,test,-1,-6.5,-4.0
-5.145304984081944,-5.547823845819547,0.4025188617376025,-170.75286087078712,1,-50.79404371161607,test,-1,-6.5,-4.0
-4.518523632302037,-5.713382199674112,1.194858567372076,-186.50042772264857,0,-20.87015515347531,test,-1,-6.5,-4.0
-4.286612232740965,-4.273738448027789,-0.012873784713175926,-78.05915033186488,0,-14.382398350720665,test,-1,-6.5,-4.0
-3.1610013539680355,-4.015558826527895,0.8545574725598598,-64.74973236476941,0,-13.341671126879074,test,-1,-6.5,-4.0
-6.243885607766582,-6.0619628381124,-0.18192276965418167,-222.76133349537014,0,-22.641115184244605,test,-1,-6.5,-4.0
-5.198787637956606,-5.97124705465969,0.7724594167030842,-212.90953930585374,0,-22.171931950096145,test,-1,-6.5,-4.0
-4.563543058980217,-4.832414764571734,0.2688717055915171,-112.84767291019747,0,-16.75419775191915,test,-1,-6.5,-4.0
-4.73732052507925,-4.588592753883281,-0.14872777119596883,-96.61366226078253,0,-15.698051506865495,test,-1,-6.5,-4.0
-4.9459598818112855,-4.442585485178045,-0.503374396633241,-87.68138071975261,0,-15.081384069929186,test,-1,-6.5,-4.0
-6.072351091748773,-5.7438861544396875,-0.32846493730908605,-189.5036025045614,1,-55.13237896423134,test,-1,-6.5,-4.0
-5.408962989139103,-5.977249235905372,0.568286246766269,-213.55222245285088,0,-22.202792156773135,test,-1,-6.5,-4.0
-9.068718626333526,-6.318576889593956,-2.7501417367395695,-252.26547906048233,0,-24.001040249991515,test,-1,-6.5,-4.0
-4.070308126241915,-5.559169332676356,1.4888612064344398,-171.802590756635,0,-20.113559813161768,test,-1,-6.5,-4.0
-7.93469156786362,-5.093788160534586,-2.8409034073290345,-132.16688030714582,1,-41.71474054303292,test,-1,-6.5,-4.0
-4.546217735843352,-4.318621627423042,-0.2275961084203101,-80.54442139908659,1,-29.064749162086443,test,-1,-6.5,-4.0
-6.812813153290225,-6.417388957376312,-0.395424195913913,-264.28656595650364,0,-24.53789819125901,test,-1,-6.5,-4.0
-5.388564974140624,-6.27586171500022,0.8872967408595959,-247.1838525543118,0,-23.771262196086898,test,-1,-6.5,-4.0
-4.584210515257939,-4.867137187839712,0.28292667258177334,-115.29773162644581,1,-37.6609578888083,test,-1,-6.5,-4.0
-4.873522290886059,-4.821697352932216,-0.05182493795384289,-112.09851041103823,0,-16.707062267017413,test,-1,-6.5,-4.0
-6.0889867500451125,-6.189671270074904,0.10068452002979177,-237.13887406065226,1,-65.99678862235517,test,-1,-6.5,-4.0
-5.123588860333942,-6.2590857410181915,1.1354968806842496,-245.20690885103818,0,-23.68139540007534,test,-1,-6.5,-4.0
-3.6207922928645195,-6.430059217498968,2.8092669246344486,-265.85505209236396,0,-24.607278694344185,test,-1,-6.5,-4.0
-4.42568547224905,-4.878164813788202,0.45247934153915237,-116.08320972443198,0,-16.956158635853246,test,-1,-6.5,-4.0
-8.271561698614503,-5.800358046265602,-2.4712036523489007,-195.1481362598005,1,-56.430701390756916,test,-1,-6.5,-4.0
-6.400567278863685,-5.897517620319099,-0.5030496585445862,-205.11987414572374,1,-58.71652769010204,test,-1,-6.5,-4.0
-4.334947388957291,-4.838627518051535,0.5036801290942442,-113.28347770944002,1,-37.17257809604261,test,-1,-6.5,-4.0
-2.219880011206137,-6.197498833085281,3.977618821879144,-238.03968177429613,1,-66.20043285411506,test,-1,-6.5,-4.0
-6.077474601634238,-5.15896686140437,-0.918507740229868,-137.3055887168924,0,-18.22301235855096,test,-1,-6.5,-4.0
-6.719182451155433,-6.272687895838271,-0.44649455531716215,-246.80902585850825,0,-23.754244204684976,test,-1,-6.5,-4.0
-5.664568378161791,-6.335626478061333,0.6710580998995422,-254.31307870977366,0,-24.093141008379476,test,-1,-6.5,-4.0
-4.440731459280629,-4.828667067515401,0.3879356082347714,-112.58532519622538,1,-37.00306624179128,test,-1,-6.5,-4.0
-6.1095992515086985,-4.520963803075987,-1.5886354484327116,-92.4044932440922,1,-32.0437900580464,test,-1,-6.5,-4.0
-4.20740047245577,-5.343930579871168,1.1365301074153977,-152.60980009116733,0,-19.08398774143685,test,-1,-6.5,-4.0
-7.073918319754336,-5.494634854401857,-1.5792834653524785,-165.88858783152423,0,-19.801676319836055,test,-1,-6.5,-4.0
-5.065998661678949,-4.746128003678166,-0.3198706580007839,-106.91000283198161,0,-16.37658406767413,test,-1,-6.5,-4.0
-4.720183110717914,-6.309896555183198,1.5897134444652836,-251.22723489505483,1,-69.17513664456057,test,-1,-6.5,-4.0
-7.3868575848722715,-5.804292812042865,-1.5825647728294066,-195.545551321768,0,-21.323789462563955,test,-1,-6.5,-4.0
-4.650098762549998,-4.2368314781541025,-0.4132672843958955,-76.05426441600946,0,-14.231579722782499,test,-1,-6.5,-4.0
-2.1234738498961656,-4.127610482733293,2.0041366328371275,-70.32279445948927,0,-13.789287337389666,test,-1,-6.5,-4.0
-6.716718514241613,-6.404009769378445,-0.3127087448631684,-262.6370292281024,1,-71.7394351537558,test,-1,-6.5,-4.0
-7.750735777717436,-6.4923396936943085,-1.2583960840231279,-273.6551999919522,0,-24.95012308092197,test,-1,-6.5,-4.0
-5.278879635705651,-4.5802896943113,-0.6985899413943509,-96.09014338437814,1,-32.95889775980953,test,-1,-6.5,-4.0
-4.366545715168226,-5.370304309505572,1.003758594337346,-154.88048052022677,1,-47.08700903256207,test,-1,-6.5,-4.0
-6.476866774570024,-4.593923859584057,-1.8829429149859678,-96.95079587092444,1,-33.17193075293706,test,-1,-6.5,-4.0
-5.652718740654908,-4.892542351018663,-0.7601763896362457,-117.11264269207217,0,-17.019879906897433,test,-1,-6.5,-4.0
-7.130816043265786,-5.380084024432632,-1.7507320188331539,-155.72816822431432,0,-19.25481543778418,test,-1,-6.5,-4.0
-6.115219816223707,-4.725047586167746,-1.390172230055961,-105.49176532990747,1,-35.27349582448473,test,-1,-6.5,-4.0
-3.443962503295076,-4.9886819018136,1.5447193985185246,-124.1530626763774,0,-17.44910695896835,test,-1,-6.5,-4.0
-6.562056074402858,-6.460709854814527,-0.1013462195883313,-269.6750158973544,0,-24.775629882390668,test,-1,-6.5,-4.0
-5.8625113090617385,-5.334698707258389,-0.5278126018033495,-151.8202454424558,1,-46.368145210266334,test,-1,-6.5,-4.0
-3.784733497904575,-4.294988376330271,0.5102548784256961,-79.22932911036264,1,-28.730830951063343,test,-1,-6.5,-4.0
-5.408220153511045,-4.549288889509027,-0.858931264002018,-94.15221660732878,0,-15.530911000673656,test,-1,-6.5,-4.0
-6.309747356935765,-4.862679698465275,-1.44706765847049,-114.98124093268231,1,-37.58428728193229,test,-1,-6.5,-4.0
-3.569650330356989,-4.94605319145068,1.376402861093691,-120.99748623195148,1,-39.03765682074234,test,-1,-6.5,-4.0
-3.4047985971149712,-4.458469102799545,1.0536705056845737,-88.62521137014107,0,-15.147911535801457,test,-1,-6.5,-4.0
-6.789733361707292,-5.771643851134051,-1.0180895105732404,-192.26426549459245,0,-21.160216863294004,test,-1,-6.5,-4.0
-4.669495593530833,-5.51473714547608,0.8452415519452473,-167.7159826796554,0,-19.89853109002135,test,-1,-6.5,-4.0
-3.171157494748206,-4.923359335607088,1.7522018408588826,-119.33960687083207,1,-38.63799938098768,test,-1,-6.5,-4.0
-3.858469391148241,-4.447610544702105,0.5891411535538641,-87.97924964252759,0,-15.102416626956867,test,-1,-6.5,-4.0
-5.096334986343262,-5.696528306980401,0.600193320637139,-184.85482013989298,1,-54.0605489489198,test,-1,-6.5,-4.0
-7.572081454252432,-6.078804716210196,-1.4932767380422358,-224.62318204177893,0,-22.728877789466168,test,-1,-6.5,-4.0
-5.981231736668079,-5.819359301705699,-0.16187243496237977,-197.0722692002559,1,-56.872531745168274,test,-1,-6.5,-4.0
-7.652994879574519,-5.4025591158196535,-2.250435763754865,-157.68797756365834,1,-47.74527286019063,test,-1,-6.5,-4.0
-4.9157914578976065,-6.25384255533401,1.3380510974364033,-244.591201358031,1,-67.67976793760823,test,-1,-6.5,-4.0
-5.138849535006996,-4.929161224602958,-0.20968831040403724,-119.76200834838542,0,-17.182723840776582,test,-1,-6.5,-4.0
-2.6678172449401774,-4.258799931430893,1.5909826864907157,-77.24345931048074,0,-14.321268980502294,test,-1,-6.5,-4.0
-6.578274883983242,-5.644505469510366,-0.9337694144728758,-179.83643910367172,1,-52.90080422926545,test,-1,-6.5,-4.0
-3.0572113095444413,-4.109052645910201,1.0518413363657595,-69.37853366501447,1,-26.202864670733497,test,-1,-6.5,-4.0
-7.363362590608681,-5.450929732172093,-1.9124328584365877,-161.9614852432997,1,-48.745086245176225,test,-1,-6.5,-4.0
-5.651613114262447,-5.160640515363265,-0.490972598899182,-137.43926466865494,0,-18.230706839462893,test,-1,-6.5,-4.0
-3.402297636186188,-4.058172789901871,0.6558751537156827,-66.83309965810527,1,-25.54113830132667,test,-1,-6.5,-4.0
-4.2980742365481746,-4.724916266659701,0.4268420301115261,-105.48297002691766,1,-35.271342805362636,test,-1,-6.5,-4.0
-5.309748510558838,-5.23622681170072,-0.07352169885811795,-143.5672396659955,0,-18.58002522842207,test,-1,-6.5,-4.0
-6.6030037272700195,-4.613604958441341,-1.9893987688286787,-98.2021995896045,0,-15.804858867116113,test,-1,-6.5,-4.0
-3.722878690852908,-5.316731681079627,1.5938529902267193,-150.29143464011295,0,-18.95602373604114,test,-1,-6.5,-4.0
-3.9014829256049977,-4.696065046331362,0.7945821207263644,-103.56244888188235,1,-34.80068491537055,test,-1,-6.5,-4.0
-4.5704647506856375,-5.944127305581736,1.3736625548960983,-210.02176622546574,0,-22.03281724125452,test,-1,-6.5,-4.0
-4.949810982749785,-6.307761126417047,1.3579501436672619,-250.9722562330435,0,-23.942728503912008,test,-1,-6.5,-4.0
-5.45864391446145,-5.002106934918177,-0.45653697954327305,-125.15808671583757,0,-17.509482539071282,test,-1,-6.5,-4.0
-4.719528601289248,-5.1907899015414145,0.4712613002521668,-139.86219931603696,1,-43.544809567831635,test,-1,-6.5,-4.0
-2.152860373937559,-5.348284661197458,3.195424287259899,-152.98313036564022,0,-19.10451659090518,test,-1,-6.5,-4.0
-7.220901210321999,-6.20630642736031,-1.0145947829616886,-239.05599719508862,0,-23.400039225982702,test,-1,-6.5,-4.0
-3.6735520685981404,-4.163640092355494,0.4900880237573534,-72.18044335843292,1,-26.92700894875307,test,-1,-6.5,-4.0
-6.900684538134104,-6.220653891888755,-0.6800306462453491,-240.71775007166843,0,-23.476316677099636,test,-1,-6.5,-4.0
-1.967235049420145,-4.081337611661018,2.1141025622408733,-67.98413315852385,1,-25.840839466687825,test,-1,-6.5,-4.0
-5.4968338643728964,-5.704702231608509,0.20786836723561275,-185.6517047166463,0,-20.827140789158456,test,-1,-6.5,-4.0
-7.056444847737688,-5.795425106679652,-1.2610197410580364,-194.65066584625026,0,-21.279288636963962,test,-1,-6.5,-4.0
-4.884897338915768,-4.15002694585692,-0.7348703930588473,-71.47476723410213,1,-26.74503428439119,test,-1,-6.5,-4.0
-5.8063794470465835,-4.098515827133604,-1.707863619912979,-68.84618025313827,0,-13.67247108646358,test,-1,-6.5,-4.0
-7.513059400444293,-4.748346490563741,-2.764712909880551,-107.05999203634414,0,-16.38623931241811,test,-1,-6.5,-4.0
-7.40222909010162,-4.111912397664068,-3.2903166924375515,-69.52348933881306,0,-13.726206979768467,test,-1,-6.5,-4.0
-6.948100706774871,-6.06255481974707,-0.8855458870278012,-222.82660121481567,1,-62.752984702204344,test,-1,-6.5,-4.0
-5.7331865323122,-4.358395848410466,-1.3747906839017343,-82.7904068144972,1,-29.633268908130837,test,-1,-6.5,-4.0
-4.77740314101593,-4.954503133131857,0.17709999211592695,-121.61869028139432,1,-39.18724745567444,test,-1,-6.5,-4.0
-6.768049339724611,-5.761101877883518,-1.0069474618410927,-191.212669972593,0,-21.10755903310241,test,-1,-6.5,-4.0
-4.740485610015722,-5.008918472777345,0.26843286276162254,-125.67007925501886,0,-17.540157003432412,test,-1,-6.5,-4.0
-4.081068611134512,-6.2267713943119505,2.145702783177438,-241.428627139808,0,-23.50888672573201,test,-1,-6.5,-4.0
-5.9524145006899785,-4.520025497980972,-1.4323890027090063,-92.34697081066739,1,-32.0294706560764,test,-1,-6.5,-4.0
-6.370696229218886,-4.895306689357705,-1.475389539861181,-117.3112645303775,1,-38.148172974148615,test,-1,-6.5,-4.0
-5.042986015635147,-6.232398084329419,1.1894120686942713,-242.0837043182088,0,-23.538868339352433,test,-1,-6.5,-4.0
-3.107258215518468,-5.950853039703029,2.843594824184561,-210.73548720390988,1,-59.999656559891065,test,-1,-6.5,-4.0
-6.835929965263574,-5.770646635542327,-1.065283329721247,-192.16462535557238,1,-55.744864977741464,test,-1,-6.5,-4.0
-7.372004287936531,-5.315711370048262,-2.0562929178882694,-150.20492590193973,0,-18.95123262818358,test,-1,-6.5,-4.0
-6.28132681876578,-5.923434621462889,-0.3578921973028914,-207.83601090148065,0,-21.927024082418278,test,-1,-6.5,-4.0
-6.252960011275229,-5.756100702992228,-0.4968593082830005,-190.71513072555433,0,-21.08260472348777,test,-1,-6.5,-4.0
-4.262684743412614,-5.121292983173786,0.858608239761172,-134.3194380154266,1,-42.22776655260668,test,-1,-6.5,-4.0
-7.427746761819249,-6.132535927885131,-1.295210833934118,-230.63239220675584,0,-23.010255627790514,test,-1,-6.5,-4.0
-4.941142056655979,-4.616701643892109,-0.3244404127638697,-98.40007445284968,0,-15.81810642073332,test,-1,-6.5,-4.0
-5.7568310414055714,-5.373579101624731,-0.3832519397808401,-155.1639900013664,0,-19.22401710490152,test,-1,-6.5,-4.0
-7.404871653575965,-5.482246060755045,-1.9226255928209193,-164.7690252563556,0,-19.74211868739225,test,-1,-6.5,-4.0
-6.980993185459914,-5.066300539639161,-1.9146926458207525,-130.03876833764704,1,-41.20665528644689,test,-1,-6.5,-4.0
-5.568931529984097,-6.10578907977407,0.5368575497899727,-227.62784846522814,1,-63.84293693236784,test,-1,-6.5,-4.0
-3.612375947468429,-4.271184588541516,0.6588086410730868,-77.91929643055074,1,-28.397413051734695,test,-1,-6.5,-4.0
-7.18558744755456,-6.212101634486889,-0.9734858130676706,-239.726286223072,0,-23.43083062792211,test,-1,-6.5,-4.0
-3.2351636679804967,-5.132203507602666,1.8970398396221695,-135.179740203695,1,-42.432558563547,test,-1,-6.5,-4.0
-2.955935055631647,-4.087636969313284,1.1317019136816369,-68.29941046053877,1,-25.922793000047605,test,-1,-6.5,-4.0
-5.593144541990795,-6.152021885333092,0.5588773433422964,-232.83786870627262,0,-23.112823030124726,test,-1,-6.5,-4.0
-4.016179832400918,-4.7529742219761335,0.7367943895752156,-107.37331873176767,1,-35.73358641228194,test,-1,-6.5,-4.0
-3.6419661443188462,-4.062010976490689,0.4200448321718429,-67.02290966062033,0,-13.526491122684472,test,-1,-6.5,-4.0
-3.136826844009924,-4.010429265114209,0.8736024211042851,-64.5019110947186,1,-24.931670014286347,test,-1,-6.5,-4.0
-4.583369174379872,-5.630656970877548,1.0472877964976766,-178.51602611081452,0,-20.462291434848936,test,-1,-6.5,-4.0
-4.857643492376582,-4.935591652920512,0.07794816054392986,-120.23133330278858,1,-38.85304161931926,test,-1,-6.5,-4.0
-6.650307276159115,-4.144060094243514,-2.506247181915601,-71.16691397663308,0,-13.855518562263203,test,-1,-6.5,-4.0
-5.142620835088193,-4.938655255946188,-0.2039655791420056,-120.45536100914137,1,-38.90703796966684,test,-1,-6.5,-4.0
-5.341039219818629,-4.317950635828679,-1.0230885839899497,-80.50688426028016,1,-29.055228759542068,test,-1,-6.5,-4.0
-6.213166152351479,-4.756061185242403,-1.4571049671090763,-107.58266521479398,0,-16.41983686002309,test,-1,-6.5,-4.0
-5.687838443007766,-6.407748353955149,0.7199099109473835,-263.09727090938566,1,-71.84269924374257,test,-1,-6.5,-4.0
-7.81817662639104,-5.636180496748487,-2.1819961296425525,-179.0419001715889,1,-52.71692152456325,test,-1,-6.5,-4.0
-3.2602561091513613,-4.265431870927427,1.0051757617760653,-77.60487949953051,0,-14.348393202772892,test,-1,-6.5,-4.0
-6.11748147962787,-5.327998598395974,-0.7894828812318961,-151.2489281875753,0,-19.008974358939426,test,-1,-6.5,-4.0
-6.923310073985698,-5.4150751787071645,-1.5082348952785336,-158.7864616877146,0,-19.420954769875788,test,-1,-6.5,-4.0
-6.810352845245128,-5.737699594777216,-1.0726532504679123,-188.89193662037331,1,-54.99148610840631,test,-1,-6.5,-4.0
-3.2587486421458602,-6.100658782129711,2.841910139983851,-227.05454779151384,0,-22.84306730221941,test,-1,-6.5,-4.0
-3.039149197756684,-4.827816824520005,1.7886676267633208,-112.52586280526614,1,-36.98862303461324,test,-1,-6.5,-4.0
-5.868193349937081,-5.511647582185846,-0.3565457677512351,-167.43425815536622,0,-19.883627909664867,test,-1,-6.5,-4.0
-3.001754758768373,-4.294735339403528,1.2929805806351546,-79.21532667559535,1,-28.727271353329655,test,-1,-6.5,-4.0
-4.22711539214686,-6.392024600697167,2.164909208550306,-261.1652036806622,0,-24.399377875704744,test,-1,-6.5,-4.0
-5.39101306829483,-4.314126673938195,-1.0768863943566351,-80.2931837841355,0,-14.548243697497295,test,-1,-6.5,-4.0
-6.63077740059191,-6.269076691309854,-0.36170070928205583,-246.38300520810336,0,-23.734890178091625,test,-1,-6.5,-4.0
-3.3282231408178147,-4.441204689151289,1.1129815483334744,-87.59964961290255,1,-30.84354399003438,test,-1,-6.5,-4.0
-4.875455355187203,-5.354937336868522,0.47948198168131945,-153.55472314950714,1,-46.775756640507,test,-1,-6.5,-4.0
-5.116113317651819,-4.6495626506685355,-0.4665506669832834,-100.51625791043598,0,-15.959013110214325,test,-1,-6.5,-4.0
-3.3934576136541725,-5.3727804224704485,1.979322808816276,-155.0948138580772,0,-19.22023754457289,test,-1,-6.5,-4.0
-5.491682642471796,-6.103660528583797,0.6119778861120014,-227.38987006515046,1,-63.788955598781484,test,-1,-6.5,-4.0
-3.1711181714760777,-4.1295258466114895,0.9584076751354118,-70.42073702463354,0,-13.796992280327139,test,-1,-6.5,-4.0
-1.9760002608506189,-4.893804974650784,2.9178047138001655,-117.20333624792565,0,-17.025481648910866,test,-1,-6.5,-4.0
-5.37319828624858,-5.9629575904558765,0.5897593042072964,-212.02406746374598,1,-60.29368626411683,test,-1,-6.5,-4.0
-1.7772029048519307,-5.008714370603439,3.2315114657515083,-125.65471756085466,1,-40.15708662398125,test,-1,-6.5,-4.0
-5.6107414931689625,-5.9759262097349835,0.3651847165660213,-213.41044855227523,1,-60.60986833966,test,-1,-6.5,-4.0
-5.701522808038151,-5.495157672389659,-0.2063651356484916,-165.93594555007334,1,-49.67266212718365,test,-1,-6.5,-4.0
-4.862779020394629,-5.011937540080855,0.14915851968622656,-125.89745478016938,1,-40.21530357627644,test,-1,-6.5,-4.0
-3.913540974185328,-4.974329938621776,1.0607889644364479,-123.08461276206101,0,-17.38468207110655,test,-1,-6.5,-4.0
-5.4353901015936295,-6.230155877149509,0.7947657755558798,-241.82251758677612,1,-67.05497114880376,test,-1,-6.5,-4.0
-5.571205682386106,-6.018582723702398,0.4473770413162925,-218.0131562939645,0,-22.416011296986483,test,-1,-6.5,-4.0
-7.184021249604604,-5.354380102884994,-1.8296411467196105,-153.5067914925964,1,-46.76449860717426,test,-1,-6.5,-4.0
-6.553594858153286,-5.209606233835824,-1.3439886243174612,-141.38869813898745,0,-18.45659266428722,test,-1,-6.5,-4.0
-4.693514632453727,-4.356889307671867,-0.33662532478185964,-82.70458348665748,0,-14.724759592748752,test,-1,-6.5,-4.0
-4.176327003799011,-5.058170062506415,0.8818430587074043,-129.41370786386915,0,-17.76278434479663,test,-1,-6.5,-4.0
-2.709899546252113,-4.471203911430227,1.7613043651781142,-89.38680813992427,0,-15.201347897089168,test,-1,-6.5,-4.0
-8.531418244816114,-5.575731993652027,-2.955686251164088,-173.34274579749624,1,-51.39574514045533,test,-1,-6.5,-4.0
-6.226509719756395,-6.030685764506445,-0.1958239552499505,-219.3310405514875,0,-22.478678104549086,test,-1,-6.5,-4.0
-6.377977572783656,-5.800771257780813,-0.5772063150028431,-195.18984568588942,0,-21.306110687060226,test,-1,-6.5,-4.0
-6.587523838027416,-6.4375636451362945,-0.14996019289112142,-266.78696544445154,0,-24.648430244297916,test,-1,-6.5,-4.0
-5.3482029118388255,-5.589672403312945,0.24146949147411947,-174.64617047760407,1,-51.69825130545965,test,-1,-6.5,-4.0
-5.975115391379996,-4.9112490536481666,-1.063866337731829,-118.46113091350357,0,-17.102969779214572,test,-1,-6.5,-4.0
-6.036899800788213,-4.395069536542464,-1.6418302642457485,-84.89795944753213,1,-30.16480049913382,test,-1,-6.5,-4.0
-4.689478831027485,-5.913016633445615,1.2235378024181294,-206.74132819577827,0,-21.87387646425241,test,-1,-6.5,-4.0
-3.831503415849639,-4.735583223622797,0.9040798077731581,-106.19899822157147,0,-16.33072963529982,test,-1,-6.5,-4.0
-5.149862005341517,-4.618901136480814,-0.5309608688607032,-98.54078098714074,1,-33.56485960687059,test,-1,-6.5,-4.0
-4.940165941978596,-4.77195255572229,-0.1682133862563058,-108.66466647922593,1,-36.04879096301205,test,-1,-6.5,-4.0
-4.96013216140828,-4.091553435154839,-0.8685787262534412,-68.49591666907243,1,-25.973843639279004,test,-1,-6.5,-4.0
-6.798802132367202,-5.050293068872819,-1.7485090634943823,-128.81004826803627,1,-40.91288886022571,test,-1,-6.5,-4.0
-4.615464857659073,-5.391109872377651,0.7756450147185786,-156.6875712897514,0,-19.307081042927983,test,-1,-6.5,-4.0
-5.997670099118785,-5.158003068712744,-0.8396670304060404,-137.22864924112196,0,-18.21858219096067,test,-1,-6.5,-4.0
-7.883830366356854,-6.4880954071933585,-1.3957349591634955,-273.1188547015802,0,-24.926663315611677,test,-1,-6.5,-4.0
-7.243000785344213,-6.4831931322930965,-0.7598076530511171,-272.50023295134184,0,-24.89958405590613,test,-1,-6.5,-4.0
-3.2770224737820923,-5.2659981124253585,1.9889756386432664,-146.03000406444085,1,-45.00399515016424,test,-1,-6.5,-4.0
-5.036420504186591,-5.558517497175291,0.5220969929887007,-171.74216415832393,0,-20.110395774692353,test,-1,-6.5,-4.0
-5.894990509579592,-6.162547237457117,0.2675567278775254,-234.0349852834628,1,-65.29463876906391,test,-1,-6.5,-4.0
-5.524344639875403,-5.614281445392144,0.08993680551674084,-176.96302781799776,0,-20.382104892536386,test,-1,-6.5,-4.0
-3.8602027502076153,-4.8963633532326725,1.0361606030250574,-117.38724669568975,1,-38.166539398835965,test,-1,-6.5,-4.0
-4.316420824863628,-5.193036814883536,0.8766159900199076,-140.04390246650848,1,-43.58789093795231,test,-1,-6.5,-4.0
-7.131823490456604,-5.508983107813051,-1.622840382643553,-167.19154924666594,1,-49.965259172772335,test,-1,-6.5,-4.0
-4.892548490264049,-4.574889310232198,-0.3176591800318503,-95.75065912509682,0,-15.639681113198531,test,-1,-6.5,-4.0
-7.187684319641017,-6.366615035122002,-0.8210692845190154,-258.06301777927683,1,-70.71244866122137,test,-1,-6.5,-4.0
-4.046803022392096,-4.284649061023371,0.23784603863127513,-78.65851969962154,0,-14.427117577062544,test,-1,-6.5,-4.0
-4.905555533423524,-4.802169088828251,-0.10338644459527317,-110.74199518124149,1,-36.55490630273305,test,-1,-6.5,-4.0
-7.929663427850329,-5.451282417929135,-2.4783810099211943,-161.99292494686986,0,-19.5937057527248,test,-1,-6.5,-4.0
-3.3894425837121966,-4.770670858962974,1.3812282752507767,-108.57713140123836,0,-16.48355520491369,test,-1,-6.5,-4.0
-3.861355139631828,-4.151892709130723,0.2905375694988953,-71.57121115602276,1,-26.76992035859672,test,-1,-6.5,-4.0
-7.021475058901336,-4.862902988572485,-2.1585720703288502,-114.99708118178036,0,-16.888650589353063,test,-1,-6.5,-4.0
-3.4602213452602086,-4.8291408791349735,1.3689195338747648,-112.61847066002623,0,-16.739792050605445,test,-1,-6.5,-4.0
-4.627870932860614,-4.744757101778875,0.11688616891826048,-106.81738788628095,1,-35.59774888259282,test,-1,-6.5,-4.0
-3.667512926240643,-4.210795208756749,0.5432822825161058,-74.66075206574783,1,-27.564536039419814,test,-1,-6.5,-4.0
-4.277957945785074,-4.276685596724361,-0.0012723490607131993,-78.2207493195519,0,-14.39447177656412,test,-1,-6.5,-4.0
-5.643435716734175,-5.801592702987025,0.15815698625284996,-195.27277972811962,0,-21.31023370352347,test,-1,-6.5,-4.0
-7.105115988636523,-6.443928883839262,-0.6611871047972614,-267.57911715703204,1,-72.84761008292419,test,-1,-6.5,-4.0
-7.890262011009171,-5.805462092274539,-2.0847999187346327,-195.66375363477005,0,-21.329661349519018,test,-1,-6.5,-4.0
-6.395043746404921,-5.5899332873036265,-0.8051104591012945,-174.67062513961335,0,-20.263212364703147,test,-1,-6.5,-4.0
-5.7098337807062,-5.881363876122183,0.1715300954159829,-203.43897041152192,0,-21.712871036596987,test,-1,-6.5,-4.0
-5.361059902428797,-5.356741636416667,-0.004318266012129487,-153.70999223848156,0,-19.14442475401963,test,-1,-6.5,-4.0
-3.4110328652763156,-4.155030755987571,0.7439978907112558,-71.73361680320605,0,-13.899764604026835,test,-1,-6.5,-4.0
-6.19926845052832,-6.026615239807755,-0.17265321072056597,-218.8872154305217,1,-61.8572888055276,test,-1,-6.5,-4.0
-8.353817962563927,-5.5462506131868885,-2.8075673493770386,-170.60763754941843,1,-50.760279349444346,test,-1,-6.5,-4.0
-3.5807595724364094,-4.417395740811264,0.8366361683748543,-86.19834436621314,1,-30.491856095676418,test,-1,-6.5,-4.0
-7.226447748888909,-6.172343695346958,-1.0541040535419508,-235.15288039798003,1,-65.54760716563689,test,-1,-6.5,-4.0
-7.329256698551909,-5.619055555494281,-1.710201143057628,-177.41485389872395,0,-20.40546374445732,test,-1,-6.5,-4.0
-5.584484319831582,-5.12276813742125,-0.46171618241033197,-134.43554090336022,0,-18.057015230330954,test,-1,-6.5,-4.0
-6.318379697311695,-4.576592606669506,-1.741787090642188,-95.85764694999044,1,-32.90130721000661,test,-1,-6.5,-4.0
-3.979553491079561,-4.345393948723194,0.36584045764363254,-82.05167775141743,1,-29.446517396453068,test,-1,-6.5,-4.0
-7.0680569863719835,-5.860049706021767,-1.2080072803502162,-201.23517669815007,1,-57.82718445769532,test,-1,-6.5,-4.0
-1.824229434622393,-4.1191243772090465,2.2948949425866534,-69.88994796142113,0,-13.755172090855561,test,-1,-6.5,-4.0
-5.799168180228136,-5.412869333555683,-0.3862988466724529,-158.59249447075484,0,-19.410457890082146,test,-1,-6.5,-4.0
-6.9357284137253465,-6.1725732922479954,-0.7631551214773507,-235.17912280294777,1,-65.55354443733354,test,-1,-6.5,-4.0
-6.986501655664845,-6.102553278634963,-0.8839483770298815,-227.2661418126081,0,-22.85298267215705,test,-1,-6.5,-4.0
-8.132978252402234,-5.40658118529554,-2.726397067106694,-158.0404240290964,1,-47.827828361705905,test,-1,-6.5,-4.0
-5.620415365956756,-4.470410285089365,-1.150005080867391,-89.33921885345232,1,-31.27907462595856,test,-1,-6.5,-4.0
-7.342454954091757,-6.327539313649693,-1.0149156404420636,-253.3404609832143,0,-24.049427160613362,test,-1,-6.5,-4.0
-6.449118631635088,-5.956236659761097,-0.49288197187399074,-211.30794957641817,1,-60.13029989456693,test,-1,-6.5,-4.0
-7.29833796805171,-4.495651634283644,-2.8026863337680656,-90.86109196235067,0,-15.304176742097946,test,-1,-6.5,-4.0
-4.480080941506618,-4.441586732672034,-0.038494208834583876,-87.62225817964321,0,-15.077205361608966,test,-1,-6.5,-4.0
-4.51239905135539,-5.99993706881652,1.4875380174611295,-215.99320350346989,1,-61.198451907143536,test,-1,-6.5,-4.0
-6.968243736335247,-6.359429740404132,-0.6088139959311148,-257.1902618869073,1,-70.51634159859387,test,-1,-6.5,-4.0
-5.012714155296957,-4.864916907318169,-0.14779724797878835,-115.14001475690077,1,-37.622753673334664,test,-1,-6.5,-4.0
-4.074622286050336,-4.515144187601081,0.4405219015507446,-92.04810904667514,1,-31.95505437213827,test,-1,-6.5,-4.0
-7.433112711345375,-6.375578993273952,-1.057533718071423,-259.15458273210186,1,-70.95765352624224,test,-1,-6.5,-4.0
-5.8065423043053155,-5.1934761409121455,-0.6130661633931703,-140.0794482206364,1,-43.59631806686372,test,-1,-6.5,-4.0
5.6991611165060485,4.385407105949181,1.3137540105568675,84.3392525796838,1,30.024071833784305,test,-1,4.0,6.5
4.3930888393572065,5.850124241288512,-1.4570354019313052,200.21438081339022,1,57.593248886543584,test,-1,4.0,6.5
5.810245405145634,4.658287537962837,1.151957867182797,101.08317556985216,0,15.996526125285552,test,-1,4.0,6.5
3.9329880413659173,5.334348483450745,-1.4013604420848274,151.79034633657844,1,46.36111471766792,test,-1,4.0,6.5
3.6355295332560082,4.036437406213549,-0.40090787295754116,65.76497609049127,1,25.2623074367389,test,-1,4.0,6.5
7.289776588676022,6.296867520249712,0.9929090684263098,249.67420106031142,0,23.884086581955366,test,-1,4.0,6.5
7.289807542266591,6.25178713529253,1.0380204069740613,244.3501148075366,1,67.62538436738491,test,-1,4.0,6.5
3.057067636656458,4.083553569065861,-1.0264859324094031,68.09492900608983,1,25.86964650841555,test,-1,4.0,6.5
6.478553551686104,6.392373340687792,0.08618021099831188,261.2079524460036,1,71.4187105112641,test,-1,4.0,6.5
2.991877500501224,4.343023303390191,-1.351145802888967,81.91746023517425,0,14.667419114874058,test,-1,4.0,6.5
4.461999644519845,4.709570882394865,-0.24757123787502003,104.45855483825407,1,35.02042361483541,test,-1,4.0,6.5
6.0211044077893785,5.515207960897072,0.5058964468923058,167.75894212296973,0,19.900802725150612,test,-1,4.0,6.5
5.69781514056844,6.360562840132605,-0.6627476995641656,257.3277620191962,0,24.22824376078174,test,-1,4.0,6.5
7.90910122338056,6.131838852773212,1.7772623706073476,230.55375435010842,0,23.006591645321805,test,-1,4.0,6.5
4.600759179652429,4.005648083796284,0.5951110958561452,64.27149101260713,0,13.302374071640992,test,-1,4.0,6.5
6.122273062290324,5.303065068050732,0.8192079942395913,149.13544268824072,1,45.73628374180034,test,-1,4.0,6.5
4.701641983203198,5.380094083161416,-0.6784520999582178,155.7290416848382,1,47.28609058645189,test,-1,4.0,6.5
5.055276971055999,5.213443534156775,-0.15816656310077548,141.70136128675455,0,18.474357828205417,test,-1,4.0,6.5
6.281384037217901,5.920335385161056,0.36104865205684494,207.50995212526473,0,21.911205197988462,test,-1,4.0,6.5
5.443103409368454,4.401791882813925,1.0413115265545283,85.28811494272729,1,30.262998636987234,test,-1,4.0,6.5
6.761196090176194,5.911401125847197,0.8497949643289963,206.57192180057513,0,21.865641813553093,test,-1,4.0,6.5
3.5659249845603176,4.052024494880166,-0.48609951031984805,66.52979513785446,1,25.46203251221139,test,-1,4.0,6.5
3.3310221376391,4.338025445922792,-1.0070033082836918,81.63497902317823,0,14.64677591823194,test,-1,4.0,6.5
2.8694200573313764,4.290682543504224,-1.4212624861728478,78.99127979272697,1,28.670303589058065,test,-1,4.0,6.5
7.342196232612144,4.774743961225073,2.5674522713870713,108.8554717817931,1,36.09532624003384,test,-1,4.0,6.5
7.041299945295351,5.6786316130300065,1.3626683322653446,183.1180215612042,1,53.659499151330856,test,-1,4.0,6.5
6.923715018933569,5.178074445625035,1.7456405733085343,138.83688787581306,1,43.30160091203771,test,-1,4.0,6.5
5.863746079160354,6.0404207451150675,-0.17667466595471407,220.39491557276332,1,62.20024534989787,test,-1,4.0,6.5
7.156906013297627,4.7239669588263835,2.4329390544712433,105.41940338153479,1,35.25578155278611,test,-1,4.0,6.5
6.449947299225356,5.832814944031677,0.6171323551936793,198.4424561650843,1,57.186936065111894,test,-1,4.0,6.5
6.042118757772387,5.756555888138116,0.28556286963427197,190.76037883576433,1,55.42174343156721,test,-1,4.0,6.5
4.188143066300285,4.818923690658558,-0.6307806243582724,111.9051690023892,0,16.694874452023456,test,-1,4.0,6.5
3.1425168613309435,4.836618822765139,-1.6941019614341957,113.14245164290615,0,16.772705501153542,test,-1,4.0,6.5
7.2646437097504215,6.445145197541297,0.8194985122091238,267.73066518993085,0,24.69004889642251,test,-1,4.0,6.5
5.65111844745894,5.561455279338381,0.08966316812055944,172.01461509868406,0,20.124658139988824,test,-1,4.0,6.5
6.371426050465325,6.375783811748813,-0.00435776128348816,259.1795599231953,0,24.310942633710347,test,-1,4.0,6.5
4.29999094801241,5.918689126551222,-1.6186981785388113,207.33689433063378,0,21.90280526626634,test,-1,4.0,6.5
3.659895952180802,6.062523133036934,-2.402627180856132,222.8231073387701,0,22.644031545886204,test,-1,4.0,6.5
3.6847790648653422,5.016600754516654,-1.3318216896513115,126.24919493942666,1,40.2996412514353,test,-1,4.0,6.5
6.192373428659014,5.128271028553286,1.0641024001057278,134.86923949481084,1,42.35866098462203,test,-1,4.0,6.5
7.2863044256569065,5.001579068404184,2.284725357252722,125.11846753610652,1,40.02843071243386,test,-1,4.0,6.5
5.704991653745035,6.487845400846396,-0.7828537471013615,273.08728358010114,1,74.08099291855942,test,-1,4.0,6.5
4.04861252851963,4.443910439844723,-0.3952979113250928,87.7598542838753,1,30.883702176309228,test,-1,4.0,6.5
4.522438959529621,6.406492257569626,-1.884053298040005,262.94257815244083,0,24.478328335757695,test,-1,4.0,6.5
3.833924163145496,5.048125675647766,-1.2142015125022703,128.6442783463772,0,17.717262593870842,test,-1,4.0,6.5
5.4438488471111075,5.060131116377497,0.3837177307336107,129.56428741481795,0,17.77167909742885,test,-1,4.0,6.5
4.230004586752577,5.157872174318364,-0.9278675875657868,137.2182021718593,0,18.21798056639228,test,-1,4.0,6.5
5.056739850190199,4.934307872059788,0.12243197813041012,120.13753874811762,1,38.83043136580289,test,-1,4.0,6.5
6.642781848609426,5.163770250431277,1.4790115981781489,137.68947163816546,1,43.02920507892692,test,-1,4.0,6.5
3.8627912756961544,4.087920653677012,-0.22512937798085722,68.31363150290031,0,13.630034591089041,test,-1,4.0,6.5
2.81869404220964,4.2106816743296145,-1.3919876321199742,74.65471306118035,0,14.125139284212452,test,-1,4.0,6.5
7.8277552512474475,5.831301745354875,1.996453505892572,198.2880513178044,1,57.15151549962551,test,-1,4.0,6.5
6.318831322208525,5.590499984582169,0.7283313376263564,174.72375389703265,1,51.71625073315304,test,-1,4.0,6.5
4.315894825905015,4.069769472153832,0.24612535375118313,67.40768763670786,1,25.69084594380307,test,-1,4.0,6.5
5.129487245410744,4.750425149559966,0.37906209585077827,107.20065488663516,0,16.3952885464126,test,-1,4.0,6.5
4.29128951581736,4.552131302072214,-0.26084178625485366,94.32880685755367,1,32.52215527772738,test,-1,4.0,6.5
4.967318436697592,4.1375499833505005,0.8297684533470915,70.83204162125955,1,26.579058274303414,test,-1,4.0,6.5
3.6395674129878914,5.30811517694573,-1.6685477639578383,149.56191360759064,1,45.836728252355314,test,-1,4.0,6.5
5.015815699132596,5.040924143236525,-0.025108444103929525,128.09450106439573,0,17.68466245099749,test,-1,4.0,6.5
2.6999166057681556,4.120546874563926,-1.4206302687957708,69.9623802994846,1,26.3541166835887,test,-1,4.0,6.5
5.346224971271078,5.431011288824023,-0.08478631755294506,160.19247691044242,0,19.49688340468092,test,-1,4.0,6.5
6.779259448189935,6.008791626693441,0.7704678214964938,216.95088763101867,0,22.365392632700697,test,-1,4.0,6.5
4.07792484524366,4.284004298849543,-0.2060794536058826,78.62301499015807,1,28.576615894580243,test,-1,4.0,6.5
6.800450498210289,4.692793036062991,2.1076574621472983,103.3461264842039,1,34.74760440502975,test,-1,4.0,6.5
5.567556655351069,5.604195229213557,-0.03663857386248833,176.01098291737628,1,52.01478227111593,test,-1,4.0,6.5
4.403005757831814,5.231843263591269,-0.8288375057594554,143.20697612898786,0,18.559669313353567,test,-1,4.0,6.5
5.654140009903763,5.266390189170237,0.3877498207335259,146.06262422328788,1,45.011695412168294,test,-1,4.0,6.5
5.44396096641461,5.153600650164888,0.29036031624972225,136.8775700830069,1,42.83631596709605,test,-1,4.0,6.5
6.643670125749606,6.236857684819727,0.4068124409298789,242.60374617827074,0,23.562647978024597,test,-1,4.0,6.5
5.581357696444819,5.5144442328389625,0.06691346360585597,167.68925963544888,0,19.897117891225864,test,-1,4.0,6.5
5.399615970671784,5.508389007918884,-0.1087730372471008,167.13746425400774,0,19.867916308836808,test,-1,4.0,6.5
6.2456076274754855,5.109679640478173,1.135927986997313,133.4077367936787,1,42.01058628017026,test,-1,4.0,6.5
3.2549285954678098,5.200116958317226,-1.945188362849416,140.61748787209123,0,18.412700632393502,test,-1,4.0,6.5
7.129817178781143,6.221118818074232,0.9086983607069109,240.7717272026773,1,66.81770189475816,test,-1,4.0,6.5
3.8383953068990015,4.52125122115045,-0.682855914251449,92.42211807665255,0,15.412196024984402,test,-1,4.0,6.5
6.240039432078235,6.361453655390812,-0.12141422331257677,257.4358956585753,0,24.233078879343942,test,-1,4.0,6.5
3.125629392389634,4.183675109855664,-1.05804571746603,73.22744038862687,0,14.01557413733953,test,-1,4.0,6.5
7.012452918778237,5.487881141590226,1.5245717771880112,165.27763512048702,1,49.51917044886809,test,-1,4.0,6.5
1.6083754518701117,4.077877677129416,-2.469502225259304,67.81138001621528,0,13.589860631712554,test,-1,4.0,6.5
4.189868713398393,5.663143581326973,-1.4732748679285796,181.62378337105878,1,53.314187418192674,test,-1,4.0,6.5
5.088332569386013,5.5934637378524235,-0.5051311684664105,175.00178591965317,1,51.78074839748791,test,-1,4.0,6.5
6.979435100954279,6.156162905744037,0.8232721952102422,233.3083654985504,1,65.13016181694219,test,-1,4.0,6.5
4.7707757214692945,6.354094280849142,-1.5833185593798478,256.5434693249861,0,24.193152229047147,test,-1,4.0,6.5
5.742011648678805,5.114067633526564,0.6279440151522404,133.75172807222822,0,18.01723746202426,test,-1,4.0,6.5
6.980197469982993,5.674894081089388,1.3053033888936056,182.7566885118524,1,53.57601994563865,test,-1,4.0,6.5
5.23284557730716,6.310826749079979,-1.0779811717728192,251.33835771161594,1,69.20015178956314,test,-1,4.0,6.5
2.478273059456175,5.548558666919367,-3.070285607463192,170.82071959975056,1,50.809819920708215,test,-1,4.0,6.5
5.710674945708969,4.806464331772035,0.9042106139369344,111.03941662343959,0,16.640181327784898,test,-1,4.0,6.5
4.594655974254998,4.798690777333953,-0.20403480307895497,110.5015312096002,1,36.4963785739219,test,-1,4.0,6.5
4.6177749661376915,4.728641712516632,-0.11086674637894026,105.73267668715205,1,35.33246047498031,test,-1,4.0,6.5
7.683488647569444,6.393543559347643,1.2899450882218013,261.3514326675148,1,71.4509172115459,test,-1,4.0,6.5
5.9249197123935025,5.0148958573991065,0.9100238549943958,126.12052090863847,0,17.567097990370087,test,-1,4.0,6.5
5.68478491281785,6.366389555907007,-0.681604643089157,258.03560017089404,1,70.70628870189984,test,-1,4.0,6.5
6.324419229545801,6.142976397079859,0.1814428324659419,231.81233414609025,1,64.79139602045763,test,-1,4.0,6.5
4.663145740431503,5.722319165081144,-1.0591734246496407,187.3769784203641,0,20.914497063650714,test,-1,4.0,6.5
4.544597407412671,4.008219921880849,0.5363774855318217,64.39536761106591,0,13.312567117863866,test,-1,4.0,6.5
6.163793002811477,6.250258749142456,-0.0864657463309792,244.17094842048238,0,23.634195215837014,test,-1,4.0,6.5
6.910762537486287,6.299662177405809,0.6111003600804776,250.00677762061667,0,23.899122084629763,test,-1,4.0,6.5
3.243809497188628,4.014773389671211,-0.7709638924825827,64.71174496506389,1,24.98666916202641,test,-1,4.0,6.5
5.871684545623506,5.607315371089614,0.2643691745338918,176.30512954978064,0,20.348048704264457,test,-1,4.0,6.5
5.3619988895077,4.963042450607685,0.3989564389000148,122.24862122357736,1,39.33885159653853,test,-1,4.0,6.5
6.171136458246319,5.489354735717266,0.6817817225290529,165.4108108672552,1,49.550226380602844,test,-1,4.0,6.5
5.626572236945592,5.5270176387610235,0.09955459818456928,168.83891466043372,1,50.348835848369816,test,-1,4.0,6.5
3.06451017286896,5.499047970993344,-2.4345377981243845,166.2886183217104,1,49.754867577322116,test,-1,4.0,6.5
5.389487546510974,4.780709992108129,0.6087775544028455,109.26402578004131,0,16.527410491925213,test,-1,4.0,6.5
2.750688281270488,4.1746841869077205,-1.4239959056372327,72.75634616544097,0,13.979179484031981,test,-1,4.0,6.5
7.227366834093349,6.001835585538819,1.2255312485545302,216.1983038931141,0,22.329472834478736,test,-1,4.0,6.5
6.255661043830996,6.278585125333298,-0.022924081502302684,247.5057885332387,0,23.785871146664668,test,-1,4.0,6.5
4.483548334921371,4.4866865726063425,-0.003138237684970893,90.31859976527664,1,31.523779670874358,test,-1,4.0,6.5
3.746578740597652,4.52651909713221,-0.7799403565345583,92.7455478445902,0,15.434468248288434,test,-1,4.0,6.5
7.04846385360765,4.943601955901611,2.104861897706039,120.81767839581299,0,17.247159435621093,test,-1,4.0,6.5
4.073971660297191,5.007118025431684,-0.9331463651344927,125.53461226231087,1,40.128276528757226,test,-1,4.0,6.5
7.8805603284220656,6.212944236081987,1.6676160923400785,239.82384796423162,0,23.435309667530593,test,-1,4.0,6.5
6.475692847726011,4.505385858425181,1.97030698930083,91.45258265641806,1,31.806674106559154,test,-1,4.0,6.5
8.847405267781971,5.047537068709376,3.799868199072595,128.5992841697051,1,40.86246804006915,test,-1,4.0,6.5
7.280644589172854,5.619897933348153,1.6607466558247006,177.49465703376393,0,20.40958694071974,test,-1,4.0,6.5
5.186327838639942,5.279107381983327,-0.09277954334338515,147.12331033372885,0,18.77978835262456,test,-1,4.0,6.5
3.7403896127356937,4.834581213786508,-1.094191601050814,112.99951524022178,0,16.76373394616396,test,-1,4.0,6.5
5.088639237072839,5.946183584648361,-0.857544347575522,210.23980299667116,0,22.043346813878507,test,-1,4.0,6.5
2.585354740950946,4.338587836419027,-1.7532330954680808,81.66673311670837,0,14.649098171591248,test,-1,4.0,6.5
6.165094185953854,4.479276930638889,1.6858172553149648,89.87186215253205,0,15.235268034967309,test,-1,4.0,6.5
5.460678018081291,5.006472869739912,0.4542051483413795,125.48609397233399,0,17.529140488666414,test,-1,4.0,6.5
4.690885833923257,5.967111163119312,-1.2762253291960544,212.46744020247817,0,22.1506822934075,test,-1,4.0,6.5
5.593750555618611,4.634520484819223,0.9592300707993879,99.54384647457462,1,33.81233074937259,test,-1,4.0,6.5
4.4481242151440155,4.273713553328797,0.17441066181521872,78.0577862467049,1,28.43269790932737,test,-1,4.0,6.5
7.627727968728294,6.326690035954716,1.3010379327735788,253.23846516055323,1,69.6277631399748,test,-1,4.0,6.5
4.814477264060284,4.315968209436494,0.49850905462378997,80.39604993896828,1,29.027114616103137,test,-1,4.0,6.5
4.2698547902825945,5.512513475908909,-1.2426586856263142,167.51318358499097,0,19.887804099426546,test,-1,4.0,6.5
4.992459453165162,4.725304841469568,0.2671546116955931,105.50899677128938,1,35.27771387866658,test,-1,4.0,6.5
6.733725915612167,5.566323479806425,1.1674024358057422,172.46672780198458,0,20.148304995458968,test,-1,4.0,6.5
5.852385930171176,5.648689884602041,0.20369604556913534,180.23668761439717,1,52.99340717668556,test,-1,4.0,6.5
4.3672669821457655,4.169315404064237,0.19795157808152838,72.47600575195865,0,13.957466327231884,test,-1,4.0,6.5
3.469486513593898,4.888607312002557,-1.4191207984086587,116.83029116694429,1,38.03188016939653,test,-1,4.0,6.5
4.140259106541853,4.836810193691932,-0.6965510871500787,113.15588232662269,0,16.77354822760825,test,-1,4.0,6.5
4.585292023721394,4.443765918041839,0.14152610567955512,87.75129236522501,1,30.88155622717052,test,-1,4.0,6.5
5.054867137814667,4.020008349455703,1.0348587883589637,64.96521279247258,1,25.053067606861624,test,-1,4.0,6.5
3.39826254420236,4.026096005236803,-0.6278334610344428,65.2607980406568,0,13.383503976523546,test,-1,4.0,6.5
5.116626081906813,5.493647011597808,-0.3770209296909955,165.79913199370858,1,49.640767433535146,test,-1,4.0,6.5
6.851393045081689,4.211596300880304,2.639796744201386,74.70337217683463,1,27.57546333800784,test,-1,4.0,6.5
3.6978825255470396,4.789170592321664,-1.0912880667746243,109.8451588466606,0,16.564414953898204,test,-1,4.0,6.5
6.204582415885872,6.421545822424917,-0.21696340653904458,264.80047373293667,1,72.22473221386208,test,-1,4.0,6.5
5.086668900030972,6.183956378092533,-1.0972874780615605,236.48263299119054,1,65.84839573251571,test,-1,4.0,6.5
6.33612398751986,6.2819599854270605,0.054164002092799986,247.90512044999687,1,68.42690404628055,test,-1,4.0,6.5
5.46065842871216,4.4247456523297135,1.0359127763824458,86.62932562472513,0,15.006823469483644,test,-1,4.0,6.5
5.838305808942491,4.792019751722613,1.0462860572198782,110.04132178567096,0,16.57688569088126,test,-1,4.0,6.5
5.147449185147182,4.604450589285157,0.5429985958620255,97.61879684285867,1,33.337111136427204,test,-1,4.0,6.5
6.796371228222416,5.227387424562457,1.568983803659958,142.8413895309971,0,18.538990064307313,test,-1,4.0,6.5
5.39933627918996,5.359858523921284,0.03947775526867607,153.97846266839286,1,46.87526810544243,test,-1,4.0,6.5
5.850558811531175,5.013635967712526,0.8369228438186488,126.0254892081379,1,40.24600574476516,test,-1,4.0,6.5
4.698525665176538,5.856025782941984,-1.1575001177654456,200.8209145305468,0,21.584495639436888,test,-1,4.0,6.5
6.883396017912371,5.609332539413007,1.2740634784993647,176.4954693385091,1,52.12709148594084,test,-1,4.0,6.5
4.943708422566866,5.6483583767866765,-0.7046499542198107,180.20495652350283,1,52.9860664350606,test,-1,4.0,6.5
5.962144353342576,4.373059213169333,1.5890851401732424,83.62884018622502,1,29.844945676753003,test,-1,4.0,6.5
4.65086689537374,5.866459474514389,-1.2155925791406497,201.89623710480075,0,21.63730316563918,test,-1,4.0,6.5
6.017697642187584,5.603618989039041,0.41407865314854314,175.95669456716314,1,52.00219588054975,test,-1,4.0,6.5
5.1404442011834455,4.745577573079092,0.3948666281043539,106.87281059080097,0,16.374188931053293,test,-1,4.0,6.5
5.330993791428313,4.939569738298649,0.39142405312966366,120.52228694010957,1,38.92316660291786,test,-1,4.0,6.5
6.325080904016678,6.471569662937869,-0.14648875892119015,271.037193336863,1,73.62214765618621,test,-1,4.0,6.5
6.776760923729248,4.861487350699795,1.9152735730294532,114.89668014310944,0,16.882395654961574,test,-1,4.0,6.5
5.372959757000905,4.858612501628188,0.5143472553727172,114.69296759641254,0,16.869696856812816,test,-1,4.0,6.5
4.183550566122152,5.534133635937758,-1.3505830698156065,169.49189146481342,0,19.992238737109545,test,-1,4.0,6.5
4.955058029184945,5.54598178184835,-0.5909237526634049,170.5828302734569,0,20.049601951014186,test,-1,4.0,6.5
5.555099262321948,4.033383555478115,1.5217157068438336,65.61582140896238,1,25.22331494822682,test,-1,4.0,6.5
4.387253371537911,5.436081987067672,-1.048828615529761,160.64159014278235,0,19.52107776405866,test,-1,4.0,6.5
8.17533524133773,5.944198630199054,2.2311366111386777,210.02932657928022,0,22.033182422182765,test,-1,4.0,6.5
5.960735525275903,6.374705192844376,-0.413969667568472,259.04804259597506,0,24.30507643045263,test,-1,4.0,6.5
3.5820402851789725,5.757455432750028,-2.1754151475710555,190.84981996527898,1,55.44233029130588,test,-1,4.0,6.5
5.3903184548282415,4.290514333619562,1.0998041212086789,78.98198994685727,1,28.667940990230143,test,-1,4.0,6.5
3.5501356779922513,4.616503695307728,-1.0663680173154764,98.38741780630995,0,15.817259442049382,test,-1,4.0,6.5
0.5945313612234386,5.0473467017939315,-4.452815340570493,128.5847344246893,0,17.71373479387558,test,-1,4.0,6.5
5.618338479872566,5.580078866784599,0.03825961308796726,173.74847898737875,0,20.215206180101372,test,-1,4.0,6.5
2.6912050207599405,4.2386756336621785,-1.5474706129022382,76.15361952304829,0,14.2390992914475,test,-1,4.0,6.5
5.2032439353581825,4.975773023557831,0.2274709118003523,123.19176674271394,0,17.39115440552777,test,-1,4.0,6.5
5.637098944879371,4.804918968826817,0.8321799760525548,110.93234767039239,0,16.633403859888297,test,-1,4.0,6.5
7.39065418997663,6.428313234818945,0.9623409551576845,265.63854446545827,1,72.4126485975485,test,-1,4.0,6.5
6.147283121438617,6.422955949028603,-0.27567282758998624,264.9749570452991,0,24.56836698799179,test,-1,4.0,6.5
3.933549403133685,5.8585449205637845,-1.9249955174301,201.08019268085903,0,21.597238615308534,test,-1,4.0,6.5
6.84437437605526,5.294223237588671,1.550151138466589,148.39072263746598,1,45.56081424025921,test,-1,4.0,6.5
4.51902955215619,4.4111998902972775,0.1078296618589119,85.83614680891586,0,14.95032260707015,test,-1,4.0,6.5
6.425668193550078,6.373453925962434,0.05221426758764339,258.8955298411023,0,24.29827237470935,test,-1,4.0,6.5
4.434079305184978,6.304564886709711,-1.8704855815247332,250.590934997453,1,69.03188165961973,test,-1,4.0,6.5
5.348230290590553,6.206426750847627,-0.8581964602570742,239.06990141134537,1,66.43326053481196,test,-1,4.0,6.5
4.2851360578994235,4.127596500062676,0.15753955783674714,70.32207978657266,0,13.789231095919481,test,-1,4.0,6.5
5.667564011991806,5.937350538586823,-0.2697865265950164,209.30426146133556,1,59.67290390802758,test,-1,4.0,6.5
4.439132300854183,4.2647378810586485,0.1743944197955343,77.56700649651977,0,14.34555377310634,test,-1,4.0,6.5
5.045798933981678,6.2634896665741335,-1.2176907325924555,245.72485971459108,1,67.93544094264061,test,-1,4.0,6.5
3.3899728792058665,5.469716211779007,-2.0797433325731403,163.64185072462433,0,19.681985649829507,test,-1,4.0,6.5
6.842616675698942,6.470224394237297,0.3723922814616451,270.86820401154284,0,24.828037262942747,test,-1,4.0,6.5
4.865941651529565,5.071653391290445,-0.20571173976088,130.45138535748413,0,17.82398788102102,test,-1,4.0,6.5
6.8634863151726435,5.574624947377851,1.2888613677947922,173.23951611784764,0,20.18866516449051,test,-1,4.0,6.5
7.5451507328297645,5.940703335663298,1.6044473971664666,209.65904145819297,0,22.015290836153753,test,-1,4.0,6.5
4.444073548852146,4.649543719419035,-0.205470170566889,100.51503012359721,1,34.05163718297655,test,-1,4.0,6.5
5.144446914445649,5.5972826731553935,-0.4528357587097445,175.36047791933007,0,20.299057577852782,test,-1,4.0,6.5
7.611878277959724,6.066999937901689,1.544878340058035,223.31709590576506,0,22.66734173182037,test,-1,4.0,6.5
6.39204417783035,5.303263145801074,1.0887810320292766,149.1521546365191,1,45.74022036470704,test,-1,4.0,6.5
3.9848715368971606,5.061212847193882,-1.0763413102967219,129.6473980947784,1,41.113118160537326,test,-1,4.0,6.5
7.566094657282653,5.327507594510705,2.238587062771947,151.20711682084362,1,46.22394614770084,test,-1,4.0,6.5
6.686890569983889,6.364945306675151,0.321945263308739,257.860029773193,1,70.66684187466404,test,-1,4.0,6.5
6.3048028813370705,6.498184155360607,-0.19338127402353694,274.3949059831588,1,74.37353366271358,test,-1,4.0,6.5
4.085380086229003,5.677308972120653,-1.5919288858916498,182.99009832434172,1,53.62994658123031,test,-1,4.0,6.5
5.533854556708432,5.973940342605706,-0.4400857858972745,213.1977632075364,1,60.561373669324404,test,-1,4.0,6.5
7.133166321151085,6.453968886734092,0.6791974344169938,268.83177669598126,0,24.7385421941219,test,-1,4.0,6.5
4.800209463633593,4.353896030381542,0.4463134332520503,82.53424105046044,0,14.712372912153837,test,-1,4.0,6.5
5.775466598900584,4.0657175497169655,1.7097490491836187,67.2065517632172,0,13.54128368441524,test,-1,4.0,6.5
7.047223986992972,5.866106903060368,1.1811170839326033,201.8598376859264,0,21.63551746289963,test,-1,4.0,6.5
4.37168900591026,5.541470185101176,-1.1697811791909158,170.16686692553458,0,20.02774789381422,test,-1,4.0,6.5
3.9948650452519603,4.248011748190182,-0.25314670293822145,76.65793699979768,0,14.277193984566498,test,-1,4.0,6.5
4.8769277230901436,5.3047566883928905,-0.42782896530274717,149.27820599323715,1,45.7699112638261,test,-1,4.0,6.5
4.387846452873438,5.268579953696656,-0.8807335008232179,146.24489846656505,0,18.73063783042127,test,-1,4.0,6.5
3.8334481073551445,4.714232564806521,-0.8807844574513762,104.76905113196413,0,16.238078717058844,test,-1,4.0,6.5
3.485948064918614,4.621096223187021,-1.1351481582684073,98.68133933553163,1,33.59955653666739,test,-1,4.0,6.5
3.296005452395152,4.450872950492354,-1.1548674980972016,88.17299498030793,1,30.98721784753865,test,-1,4.0,6.5
5.337102976042785,5.459557667437781,-0.12245469139499543,162.7317792805575,0,19.633308587924493,test,-1,4.0,6.5
4.786713308634414,4.384796518377413,0.40191679025700094,84.30402939840391,1,30.01519543481302,test,-1,4.0,6.5
7.236365180627799,5.779318969263171,1.4570462113646283,193.03230360022098,1,55.94441762783371,test,-1,4.0,6.5
5.112091130368778,6.146881013630088,-1.0347898832613096,232.254650866732,0,23.085736058224903,test,-1,4.0,6.5
5.051753075286081,5.7161034269954625,-0.6643503517093817,186.7670395833673,0,20.883651072653734,test,-1,4.0,6.5
0.8768075920234097,4.662824022030479,-3.7860164300070696,101.37878351284108,0,16.01604773634826,test,-1,4.0,6.5
4.760798351360418,4.99258176716838,-0.23178341580796125,124.44445758207698,0,17.46663445314668,test,-1,4.0,6.5
5.492297034302062,5.282540063030608,0.20975697127145368,147.41049289438178,1,45.32971876796818,test,-1,4.0,6.5
4.180855341277204,4.860510552011984,-0.6796552107347801,114.82743690351161,1,37.54701903673828,test,-1,4.0,6.5
5.391933695175567,5.3640058174950145,0.027927877680552646,154.3361706961007,0,19.17874086640706,test,-1,4.0,6.5
4.7098147197119715,5.7152918370760775,-1.0054771173641055,186.68749760446062,1,54.48337503212036,test,-1,4.0,6.5
3.79774953823014,4.7492322374835325,-0.9514826992533926,107.1199154740088,1,35.67167980725236,test,-1,4.0,6.5
2.7960125391507056,4.538394558661768,-1.7423820195110622,93.4774269565593,1,32.31066906729716,test,-1,4.0,6.5
4.6188347091089454,5.970771974829782,-1.3519372657208373,212.85872530696983,1,60.48406098588332,test,-1,4.0,6.5
3.6725466276988774,5.939622364868517,-2.2670757371696393,209.5446135604503,1,59.72778980669561,test,-1,4.0,6.5
5.486372730526299,4.104314876554674,1.3820578539716255,69.13882830835135,0,13.695721195831048,test,-1,4.0,6.5
6.582311427089762,5.613713423860701,0.9685980032290606,176.90932087003264,1,52.22300444558863,test,-1,4.0,6.5
4.37480227851457,4.320482756265215,0.05431952224935552,80.64859919205917,0,14.574420252636829,test,-1,4.0,6.5
5.1838596339226415,5.369131257355769,-0.1852716234331277,154.77900962351112,1,47.06319569676953,test,-1,4.0,6.5
6.5167481499359114,4.728808616639866,1.787939533296045,105.7438730371804,1,35.33520045735568,test,-1,4.0,6.5
6.688120304762351,6.064612790493257,0.6235075142690939,223.05359774808565,1,62.8045579210969,test,-1,4.0,6.5
3.3919889031219324,4.2433809298614635,-0.8513920267395313,76.40751245101387,0,14.25829303860467,test,-1,4.0,6.5
6.31372405332585,6.243779778396387,0.06994427492946319,243.41241799934903,0,23.599587695176144,test,-1,4.0,6.5
5.257199688906215,4.854972864961957,0.40222682394425724,114.4354075837441,0,16.853626746560753,test,-1,4.0,6.5
4.671322939812842,4.330213262603772,0.34110967720907,81.19473290850267,0,14.61453444598137,test,-1,4.0,6.5
5.519249037446899,5.143957371036901,0.37529166640999795,136.11064203082785,0,18.15408495372726,test,-1,4.0,6.5
2.198993797236152,4.211094520159356,-2.0121007229232037,74.67667428599692,1,27.568618417677452,test,-1,4.0,6.5
4.906633046728466,5.850566483111116,-0.9439334363826499,200.25979003684196,1,57.60365745670175,test,-1,4.0,6.5
2.5020166196293863,4.909344546952878,-2.4073279273234913,118.32337214518581,0,17.09450108376235,test,-1,4.0,6.5
5.209602125723479,4.83390290554058,0.3756992201828984,112.95195926006096,0,16.76074790182296,test,-1,4.0,6.5
3.775921908956292,4.2660616588658815,-0.49013974990958975,77.63925948862212,1,28.32603687432207,test,-1,4.0,6.5
2.9289899871668235,4.465364050189984,-1.5363740630231604,89.03701975981807,1,31.203496102533567,test,-1,4.0,6.5
7.940645914482701,5.298122011911734,2.6425239025709675,148.7187980139227,0,18.868741996013657,test,-1,4.0,6.5
5.8311864515868725,4.281555697608965,1.549630753977907,78.48827675230974,0,14.41443262787309,test,-1,4.0,6.5
4.621524894233055,5.209813973660399,-0.5882890794273445,141.4056129881879,1,43.91056451861878,test,-1,4.0,6.5
7.3312040195187365,6.328720942510906,1.0024830770078306,253.4824167854465,1,69.68264618462203,test,-1,4.0,6.5
4.264290594428353,4.99713798607065,-0.7328473916422973,124.78547179871164,1,39.94850831795428,test,-1,4.0,6.5
5.610593292831847,4.45097996133387,1.1596133314979777,88.17935487421123,1,30.988810858843856,test,-1,4.0,6.5
6.9918390757277775,6.013730100715226,0.9781089750125517,217.48624674756522,1,61.53843965165873,test,-1,4.0,6.5
5.068500187671897,5.651838654977689,-0.5833384673057914,180.5382656988452,0,20.566281278909972,test,-1,4.0,6.5
6.265737557096762,5.533587786347306,0.7321497707494563,169.44174380268615,1,50.489112119579154,test,-1,4.0,6.5
6.5085120642488405,4.3097053873130795,2.1988066769357615,80.04657385805442,0,14.530047639100326,test,-1,4.0,6.5
6.132130522870191,4.8788538669228885,1.2532766559473025,116.13240781525161,0,16.959209757073697,test,-1,4.0,6.5
3.821327807447786,5.182749504024315,-1.3614216965765291,139.2132768749945,1,43.39090388707184,test,-1,4.0,6.5
5.517064146431281,4.945963251562124,0.5711008948691574,120.99088563419122,0,17.257707467370196,test,-1,4.0,6.5
5.575701351476417,4.554809165557033,1.0208921859193847,94.49537605926143,1,32.56350270852339,test,-1,4.0,6.5
4.939451524008471,4.5672007237987,0.3722508002097712,95.26871259829223,1,32.755344691054546,test,-1,4.0,6.5
5.811313934977573,4.357070362381707,1.4542435725958656,82.71489451976707,0,14.725508977540462,test,-1,4.0,6.5
5.116811605568836,5.823562802921283,-0.7067511973524468,197.49963173187618,0,21.420681043401373,test,-1,4.0,6.5
1.6212318482566443,4.30752902352494,-2.6862971752682956,79.9253666136387,0,14.521094402847595,test,-1,4.0,6.5
6.775295383730919,4.799444935180802,1.9758504485501165,110.55363835612218,0,16.60940757266485,test,-1,4.0,6.5
3.76545574588637,4.979149051632426,-1.2136933057460557,123.44269123794834,0,17.406300979656244,test,-1,4.0,6.5
4.089822607868665,4.094853048629863,-0.0050304407611985015,68.66176494668896,1,26.016912135227383,test,-1,4.0,6.5
2.659551452255605,4.38752821726313,-1.7279767650075248,84.46169011752778,1,30.054922675294947,test,-1,4.0,6.5
5.562174681355788,4.426622515542255,1.135552165813533,86.73961018163007,1,30.62778958295278,test,-1,4.0,6.5
4.787459649874593,5.925780513904526,-1.138320864029932,208.08304023935892,1,59.39394958958536,test,-1,4.0,6.5
4.893906268549133,4.597996352605849,0.2959099159432838,97.20886385689518,1,33.23576182919658,test,-1,4.0,6.5
6.009696035341815,5.867925218084865,0.141770817256949,202.04760713827295,0,21.644727797020057,test,-1,4.0,6.5
6.781633999558583,4.868735461610238,1.912898537948345,115.41135356859722,1,37.68847709855016,test,-1,4.0,6.5
8.100873114446049,5.653033420500213,2.4478396939458364,180.65278409346342,1,53.08965708019333,test,-1,4.0,6.5
6.714914636487282,5.636384999580964,1.0785296369063173,179.06138991518853,0,20.490382797046664,test,-1,4.0,6.5
5.973308733507333,4.5824398572307485,1.390868876276585,96.22553207106088,1,32.99242598590442,test,-1,4.0,6.5
5.5039212574656124,5.052436925020493,0.45148433244511893,128.97415802532117,1,40.952142380125714,test,-1,4.0,6.5
6.100139977790821,5.691358788874873,0.40878118891594817,184.3520173724481,0,20.761116714073584,test,-1,4.0,6.5
4.607152774155378,5.513363215639769,-0.9062104414843907,167.59066070193427,1,50.05822178730616,test,-1,4.0,6.5
6.3037202542162705,5.521701266354151,0.7820189878621191,168.35217073360394,0,19.932147213734535,test,-1,4.0,6.5
1.7727132045943033,4.098708554439163,-2.32599534984486,68.85589291254222,1,26.067304245825934,test,-1,4.0,6.5
7.406404920440573,6.263589886937397,1.142815033503176,245.73665522958055,1,67.9381007067283,test,-1,4.0,6.5
6.443762926027934,6.222640952248711,0.2211219737792228,240.9485008159298,1,66.85762301993209,test,-1,4.0,6.5
4.503008713517677,4.446703206781913,0.05630550673576443,87.92541582015188,0,15.098617936748777,test,-1,4.0,6.5
6.437012903140814,4.969758820643538,1.4672540824972762,122.74560182576501,0,17.364188498445913,test,-1,4.0,6.5
4.098689555946022,6.269086485372225,-2.1703969294262024,246.3841599687207,1,68.08409144986081,test,-1,4.0,6.5
4.041950175169729,5.1303288754335465,-1.0883787002638172,135.03166361029466,1,42.397319348359574,test,-1,4.0,6.5
5.8187767734743385,5.083232841978931,0.7355439314954074,131.3469553508356,0,17.876637632953503,test,-1,4.0,6.5
5.430553522970759,5.774030673417329,-0.3434771504465701,192.50289271047208,0,21.17214987446143,test,-1,4.0,6.5
5.170768202680552,4.402255344628132,0.7685128580524201,85.31505757032184,1,30.269777547948763,test,-1,4.0,6.5
5.925185810596931,6.159379564598278,-0.23419375400134743,233.67427473271522,0,23.151624188449137,test,-1,4.0,6.5
2.683779318595921,4.034656453620088,-1.350877135024167,65.67796423591352,0,13.417528645578535,test,-1,4.0,6.5
4.754993839039969,4.185233023582531,0.5697608154574376,73.30927598911327,0,14.021884590529858,test,-1,4.0,6.5
5.228345437960155,4.939789357587711,0.28855608037244423,120.53836335803977,0,17.23013533992393,test,-1,4.0,6.5
5.3195392747211665,4.623408807251301,0.696130467469866,98.82956592883514,1,33.63613960752093,test,-1,4.0,6.5
5.95339079139899,5.281558362200185,0.6718324291988046,147.32832440539448,1,45.310339967679454,test,-1,4.0,6.5
6.8420407309908775,4.358700642299829,2.483340088691049,82.80777727075682,0,14.732257472314624,test,-1,4.0,6.5
4.487652471768168,5.604138753339304,-1.116486281571135,176.00566175694618,1,52.01354861140715,test,-1,4.0,6.5
4.671678145751274,5.347763759496311,-0.6760856137450363,152.93843486975055,0,19.102059975883943,test,-1,4.0,6.5
7.85487678261448,6.074785439424978,1.780091343189502,224.1779172376359,1,63.05993976580211,test,-1,4.0,6.5
3.688258582580373,4.672812269883188,-0.984553687302815,102.0316713633634,1,34.424771082322245,test,-1,4.0,6.5
4.59835627695714,4.427639304081778,0.17071697287536178,86.7993957865121,1,30.642797069547754,test,-1,4.0,6.5
6.700165479158939,5.316081911043616,1.384083568115323,150.23633898589458,0,18.95297251284874,test,-1,4.0,6.5
5.122724905939701,4.6046385218315455,0.5180863841081551,97.6307503848784,0,15.766530573192204,test,-1,4.0,6.5
5.768354795559283,5.140535280671186,0.6278195148880972,135.83917412203635,0,18.138389324454284,test,-1,4.0,6.5
4.257625692844849,4.2912050283672984,-0.03357933552244935,79.02014007791523,0,14.454017886660202,test,-1,4.0,6.5
3.3580929809891624,5.499516570172125,-2.141423589182963,166.33113259912997,1,49.76477623034238,test,-1,4.0,6.5
7.006530498468303,6.091587231679674,0.9149432667886285,226.04317725346698,1,63.483397145732425,test,-1,4.0,6.5
7.354182691008387,6.280829778234179,1.0733529127742079,247.7713403502452,1,68.39675740475158,test,-1,4.0,6.5
6.936996223457966,6.376567680100227,0.5604285433577385,259.2751658780723,1,70.98473621591515,test,-1,4.0,6.5
4.982582491801551,5.453823423216285,-0.47124093141473355,162.21955975367732,1,48.80538222038432,test,-1,4.0,6.5
5.588424521777522,5.286725764702284,0.30169875707523836,147.76117951710214,0,18.815400884448895,test,-1,4.0,6.5
6.8529456990369,5.941790529802164,0.9111551692347363,209.77417014858938,0,22.020854992378283,test,-1,4.0,6.5
5.274114850758703,5.680243315205186,-0.4061284644464837,183.27398280624882,1,53.69552650686533,test,-1,4.0,6.5
3.842492433165098,4.409468851658426,-0.5669764184933278,85.73513525409341,1,30.37543360579396,test,-1,4.0,6.5
3.7983931664035087,5.0688958879814345,-1.270502721577926,130.23871827352949,1,41.254431318650205,test,-1,4.0,6.5
4.969706729917579,4.385981651659037,0.5837250782585423,84.37240555954466,0,14.845393066168004,test,-1,4.0,6.5
3.9605225654558827,5.416753993260875,-1.4562314278049926,158.93419131314613,0,19.428945806045547,test,-1,4.0,6.5
4.722000579800994,5.272757724208685,-0.5507571444076906,146.59307325272565,1,45.136887823171186,test,-1,4.0,6.5
6.7881543365300425,5.134446290225133,1.6537080463049094,135.35703906613358,1,42.47474668390212,test,-1,4.0,6.5
4.04470389049769,6.477528179912422,-2.4328242894147327,271.7865326186311,0,24.86831519210989,test,-1,4.0,6.5
5.3268632416000665,6.25036638083815,-0.9235031392380835,244.18356277142462,1,67.58781169679938,test,-1,4.0,6.5
5.507360998744021,4.3785644480730195,1.128796550671002,83.94507846891237,1,29.92470903800153,test,-1,4.0,6.5
5.215897837760836,5.519186879591265,-0.30328904183042926,168.1222906360445,0,19.920006451494682,test,-1,4.0,6.5
6.643215678771342,5.195510783457204,1.4477048953141385,140.24414905139352,1,43.63536216065032,test,-1,4.0,6.5
4.663336635177256,6.071561116147912,-1.4082244809706554,223.821144888172,1,62.97891232607814,test,-1,4.0,6.5
5.232334025065304,6.3235636273799125,-1.0912296023146077,252.86322831741867,0,24.02795544848811,test,-1,4.0,6.5
7.461956147057087,6.0719127703907,1.390043376666387,223.86003713305837,0,22.692939053833268,test,-1,4.0,6.5
2.876210616311498,4.066917592297564,-1.1907069759860658,67.26607965476981,1,25.653968707846655,test,-1,4.0,6.5
6.288054890442863,6.22567704560632,0.06237784483654318,241.30135700695286,0,23.50305827695802,test,-1,4.0,6.5
4.104812459867964,4.410746199756017,-0.3059337398880525,85.80966486949069,0,14.948431896657866,test,-1,4.0,6.5
6.502482513881787,4.8349306865138955,1.6675518273678915,113.0240218738063,1,37.109596434302944,test,-1,4.0,6.5
3.6250981222163636,4.943252898653531,-1.3181547764371675,120.79208816276582,1,38.98817632851376,test,-1,4.0,6.5
6.168792529357585,6.0457023353194925,0.12309019403809242,220.97354433529662,0,22.556577892664407,test,-1,4.0,6.5
5.571263937709922,4.4951327172990485,1.076131220410874,90.82963228156115,0,15.301990797528369,test,-1,4.0,6.5
6.019633675334792,4.440065117445689,1.579568557889103,87.53223515431286,0,15.070840055423325,test,-1,4.0,6.5
6.707422350965474,6.481090132475981,0.22633221848949214,272.2351403997324,1,73.89029847737443,test,-1,4.0,6.5
5.139955585291892,4.111746860860228,1.0282087244316642,69.51509307561867,0,13.725542444093056,test,-1,4.0,6.5
4.066366961932965,4.777122214474099,-0.7107552525411343,109.01821235059153,0,16.51173089043413,test,-1,4.0,6.5
7.4423046338689876,5.0289589279572295,2.413345705911758,127.18452317494062,0,17.6305672473705,test,-1,4.0,6.5
5.242108057172885,4.563158134289096,0.6789499228837896,95.0159594167106,1,32.69266628620941,test,-1,4.0,6.5
5.749127172543438,4.676507202053633,1.0726199704898047,102.27390126707805,0,16.07499963150246,test,-1,4.0,6.5
6.572813422493038,4.268044316773187,2.3047691057198505,77.7475586567687,0,14.359084123454934,test,-1,4.0,6.5
6.500579296430281,6.027551664624168,0.47302763180611285,218.98926438974374,0,22.462440281667376,test,-1,4.0,6.5
4.800644662590797,4.614950219264529,0.1856944433262683,98.28812768539527,0,15.810613211501492,test,-1,4.0,6.5
6.622534465445024,5.584629289309141,1.037905176135883,174.17388905369108,0,20.237365649001244,test,-1,4.0,6.5
6.6787386220387015,4.901094725382129,1.7776438966565724,117.72787068741454,0,17.05784158989468,test,-1,4.0,6.5
2.454238326517638,4.012156719436551,-1.5579183929189135,64.58529775947481,1,24.95352971020462,test,-1,4.0,6.5
2.695755015810197,4.618052244853203,-1.9222972290430065,98.48645957912137,0,15.823885926142037,test,-1,4.0,6.5
6.962486604662091,6.074767987999322,0.8877186166627692,224.17598521235382,1,63.059501006468736,test,-1,4.0,6.5
4.915567398716524,5.027900805736904,-0.11233340702037996,127.10425897419994,0,17.62578759669471,test,-1,4.0,6.5
4.3783560000786315,4.224786459961391,0.15356954011724075,75.4074557335069,0,14.18250849455431,test,-1,4.0,6.5
8.995047116012046,6.436843749623457,2.5582033663885895,266.69747323593356,0,24.644480713589044,test,-1,4.0,6.5
5.506467764301811,5.630905660079938,-0.12443789577812651,178.539680705225,0,20.46351059434431,test,-1,4.0,6.5
5.633429327283279,5.640388965778319,-0.0069596384950396965,179.44326509742578,0,20.510032199283472,test,-1,4.0,6.5
7.922006285828511,6.318790677100027,1.6032156087284837,252.2910859495089,1,69.41458922120187,test,-1,4.0,6.5
5.430204655814206,6.332556546919133,-0.9023518911049271,253.94357520260513,0,24.076541144809504,test,-1,4.0,6.5
6.473010340824518,6.195641472216978,0.27736886860754056,237.82572783308245,0,23.343438973312583,test,-1,4.0,6.5
4.843866395333742,5.00381328073856,-0.1599468854048178,125.28621422749117,0,17.517164126765504,test,-1,4.0,6.5
4.981430634607596,4.6973741527573125,0.28405648185028354,103.64908230566145,1,34.82193891940423,test,-1,4.0,6.5
5.557418940923856,5.202312491667194,0.3551064492566623,140.7956727592454,1,43.766072026850665,test,-1,4.0,6.5
4.515872899183848,5.892052078408348,-1.3761791792245,204.55011614551788,1,58.58617946432862,test,-1,4.0,6.5
4.763939814374543,5.272206450412045,-0.5082666360375029,146.54709856046227,0,18.74756132244538,test,-1,4.0,6.5
4.244118419842767,4.938182971606894,-0.6940645517641267,120.42080682131503,1,38.89871027908369,test,-1,4.0,6.5
3.8981295643821063,5.494379160174153,-1.5962495957920468,165.86542990658626,0,19.800446078654183,test,-1,4.0,6.5
6.121773019522953,5.605407963296345,0.5163650562266081,176.12527267900768,1,52.04127842569058,test,-1,4.0,6.5
5.663523489892833,6.446324614205538,-0.7828011243127049,267.87767062652415,0,24.696527255147096,test,-1,4.0,6.5
4.141489280365105,5.553845488080561,-1.4123562077154557,171.30947321318396,0,20.08772592850536,test,-1,4.0,6.5
3.032150760327129,4.983501078994575,-1.9513503186674457,123.76665964926447,1,39.70383516683662,test,-1,4.0,6.5
5.721391726983058,6.337095929267936,-0.6157042022848781,254.49007178653696,1,69.90930214511121,test,-1,4.0,6.5
4.380298213248059,5.829551865750426,-1.4492536525023678,198.10959574174112,1,57.11057474559951,test,-1,4.0,6.5
5.506988966656914,5.076424079457495,0.43056488719941954,130.81986192365542,0,17.845669476845593,test,-1,4.0,6.5
6.264308659712444,5.148792816980051,1.1155158427323937,136.49484497844452,0,18.176275350509044,test,-1,4.0,6.5
5.877399243793643,6.4969760221865975,-0.6195767783929548,274.24188910111405,1,74.33930588678261,test,-1,4.0,6.5
5.487764553755522,6.408995460415517,-0.9212309066599951,263.2509165352715,0,24.49200471195198,test,-1,4.0,6.5
3.4506942038007917,4.016299007337875,-0.5656048035370838,64.78554457385624,1,25.006005936784874,test,-1,4.0,6.5
6.910339589107595,6.114887926524081,0.7954516625835144,228.6469987393156,0,22.917603754358556,test,-1,4.0,6.5
3.9920640460553676,4.906202834766708,-0.9141387887113401,118.09635601174041,0,17.08053562453493,test,-1,4.0,6.5
5.637692566197218,4.993216537386364,0.6444760288108546,124.49193022230926,0,17.469488216605278,test,-1,4.0,6.5
3.933537012380408,4.736149114944073,-0.8026121025636651,106.23707438051584,1,35.45586222093539,test,-1,4.0,6.5
2.611691785110535,5.536990416631735,-2.9252986315212,169.75450772320394,1,50.561872794536,test,-1,4.0,6.5
6.388093816646878,4.441588948591974,1.946504868054903,87.62238932467154,0,15.077214632269353,test,-1,4.0,6.5
5.517216110908022,4.520954626485017,0.9962614844230048,92.40393056107546,0,15.410942490676561,test,-1,4.0,6.5
4.250757591525109,4.540720561262644,-0.289962969737535,93.62122683355767,0,15.494586220459084,test,-1,4.0,6.5
5.565054934489441,5.403567060819002,0.16148787367043888,157.77625265338406,1,47.76595171313382,test,-1,4.0,6.5
4.460395640702547,4.257718318335022,0.20267732236752548,77.18462138316154,1,28.210079231637373,test,-1,4.0,6.5
6.782341379323734,4.778314942258742,2.004026437064992,109.09989009260629,1,36.154922845297484,test,-1,4.0,6.5
5.617619208511501,6.017203926082201,-0.3995847175706996,217.86335666011848,1,61.624283110270305,test,-1,4.0,6.5
5.56304373928997,5.215087663534306,0.3479560757556636,141.83546584684072,0,18.481972307539735,test,-1,4.0,6.5
6.095763985098108,6.389335783578446,-0.2935717984803376,260.83576340315415,0,24.38472261879842,test,-1,4.0,6.5
5.07780413776353,5.786392521329839,-0.7085883835663093,193.74195257747752,0,21.23401661553907,test,-1,4.0,6.5
4.873566057507343,4.288113335999256,0.5854527215080867,78.84946774525467,1,28.634233557048702,test,-1,4.0,6.5
5.726060260055061,5.119654487825649,0.6064057722294123,134.19055765058508,1,42.197074993593965,test,-1,4.0,6.5
4.7252519521852845,5.316923699641086,-0.5916717474558011,150.30771896049004,1,46.01231489102126,test,-1,4.0,6.5
9.170141346324794,6.240842157542992,2.9292991887818025,243.06901205800827,0,23.58390671378914,test,-1,4.0,6.5
2.912365334846759,6.300632880165137,-3.3882675453183775,250.12236461167134,1,68.92637156282967,test,-1,4.0,6.5
5.9513778329053295,4.13320911972105,1.8181687131842792,70.60933753334675,0,13.811814109830085,test,-1,4.0,6.5
4.925560410542426,6.274251669300275,-1.3486912587578497,246.99365944953396,0,23.762628196891505,test,-1,4.0,6.5
4.833938894064521,5.722683649048815,-0.8887447549842934,187.41278571428703,0,20.916306661432184,test,-1,4.0,6.5
6.252301679734198,5.436102010115763,0.8161996696184347,160.64336525184447,1,48.436979080716185,test,-1,4.0,6.5
7.4882068711776135,6.295816523950423,1.1923903472271908,249.54920421137797,0,23.87843365607883,test,-1,4.0,6.5
6.734735084567194,5.012576563706205,1.7221585208609886,125.94561681651976,0,17.556642027449012,test,-1,4.0,6.5
4.035998838551187,5.681126500264978,-1.6451276617137907,183.3594844316845,0,20.710569189428625,test,-1,4.0,6.5
8.673163611382835,6.063713991713886,2.6094496196689483,222.95444025963434,0,22.650230780334347,test,-1,4.0,6.5
4.911557708664187,6.040020913866694,-1.128463205202506,220.35115292188303,1,62.19029332597669,test,-1,4.0,6.5
5.9150844625848045,5.400906384641923,0.5141780779428817,157.54330383805654,1,47.71137992153708,test,-1,4.0,6.5
7.106573849647003,5.399224093422266,1.7073497562247368,157.39613344501518,1,47.676898969269836,test,-1,4.0,6.5
6.339848765927366,6.145031596779378,0.1948171691479872,232.0450780237328,0,23.07599635081279,test,-1,4.0,6.5
4.557149822615306,4.513836544223575,0.04331327839173176,91.96815728499466,0,15.380872778370618,test,-1,4.0,6.5
6.956608233020749,5.789352291512148,1.1672559415086003,194.03940475454704,1,56.17593782544585,test,-1,4.0,6.5
6.195019520135927,6.039678856555163,0.1553406635807637,220.3137183886474,1,62.181780247394975,test,-1,4.0,6.5
3.0661495566096715,4.298191308461789,-1.232041751852117,79.40671407506807,0,14.482708206886727,test,-1,4.0,6.5
7.623020746202384,6.12168040473536,1.5013403414670234,229.40979550234027,0,22.953237124252887,test,-1,4.0,6.5
5.828404449579477,4.313055670230638,1.515348779348838,80.23339906481407,1,28.98584682365473,test,-1,4.0,6.5
5.055074595861214,4.134285881667109,0.9207887141941049,70.6645362329544,0,13.816148369660416,test,-1,4.0,6.5
5.8637008530912,5.176576644956906,0.6871242081342936,138.7164435831561,0,18.304058806533842,test,-1,4.0,6.5
7.944774360185875,6.346876614165483,1.5978977460203923,255.67023263661204,1,70.17467636981885,test,-1,4.0,6.5
7.811318520206946,6.368845779649799,1.442472740557147,258.33437440609055,1,70.77341222016751,test,-1,4.0,6.5
7.175344985006298,5.466932502681281,1.7084124823250164,163.39213054011344,1,49.079223616066535,test,-1,4.0,6.5
6.7594373338744305,6.032838980143353,0.7265983537310775,219.5660564440963,0,22.489838069311986,test,-1,4.0,6.5
2.521171009600089,4.628136428975649,-2.1069654193755603,99.1330476749911,0,15.86707024042677,test,-1,4.0,6.5
6.702504194398596,5.602828913975229,1.0996752804233665,175.8822786957006,0,20.3261323158397,test,-1,4.0,6.5
5.462923852090822,4.414450894393053,1.0484729576977687,86.02606749830858,0,14.963874033145332,test,-1,4.0,6.5
5.952800518181453,4.633306739824908,1.3194937783565446,99.46565766961302,0,15.889233372866984,test,-1,4.0,6.5
8.39095090815102,6.328388751951606,2.0625621561994127,253.44250348536215,0,24.05401632556206,test,-1,4.0,6.5
4.800834260677536,6.243329007570772,-1.442494746893236,243.3597021929512,0,23.597181066571338,test,-1,4.0,6.5
2.5033948064955918,5.857265815568547,-3.353871009072955,200.9485150043929,0,21.5907677467935,test,-1,4.0,6.5
6.61560778478989,5.183758408504975,1.4318493762849152,139.29459292655653,0,18.337167084046055,test,-1,4.0,6.5
7.271783994691537,6.201375754569329,1.070408240122208,238.48668722377076,0,23.373861008183404,test,-1,4.0,6.5
4.681365565056949,4.426747009303791,0.2546185557531578,86.7469287483301,1,30.629626777577396,test,-1,4.0,6.5
3.9871500360972663,5.269669315061474,-1.2825192789642081,146.33563248963978,1,45.07613444311238,test,-1,4.0,6.5
7.830735410241809,5.497951618200688,2.332783792041121,166.18917857493958,0,19.817638426100853,test,-1,4.0,6.5
3.8602085854622072,4.093109910403643,-0.23290132494143614,68.57411637657634,0,13.650812058742456,test,-1,4.0,6.5
8.800101367458767,6.038845663471808,2.7612557039869587,220.22255201277113,0,22.52098803067085,test,-1,4.0,6.5
5.321898434934368,4.703975673988555,0.6179227609458121,104.08669084243066,0,16.193660838814278,test,-1,4.0,6.5
7.872458692698126,6.313252732704418,1.5592059599937083,251.62832471082393,0,23.97232469232973,test,-1,4.0,6.5
3.3470109414144003,6.3326031033100705,-2.9855921618956702,253.9491761553302,0,24.076792833036816,test,-1,4.0,6.5
6.843761855650993,5.969543761269495,0.8742180943814982,212.72739445102908,1,60.4541101740143,test,-1,4.0,6.5
5.327409794505008,6.06727577905682,-0.7398659845518126,223.34755717841963,0,22.66877848073885,test,-1,4.0,6.5
3.2946278538252383,4.757657379473474,-1.4630295256482355,107.69101987741546,0,16.42679253596873,test,-1,4.0,6.5
4.1223057587391585,4.396375588647617,-0.2740698299084581,84.97366754096302,1,30.183860274135455,test,-1,4.0,6.5
8.478503307846271,4.9161242739033195,3.562379033942952,118.81425752691266,1,38.51122432709249,test,-1,4.0,6.5
4.381248223162472,4.983138731837698,-0.6018905086752261,123.73966462958958,1,39.69734912143102,test,-1,4.0,6.5
4.297279249152217,6.33958381080922,-2.0423045616570032,254.78992037173683,1,69.97673550677503,test,-1,4.0,6.5
7.598528387214704,6.074700746500952,1.5238276407137519,224.16854109482293,1,63.05781045846744,test,-1,4.0,6.5
5.131804471809264,6.1012249688791504,-0.9694204970698856,227.1177707378599,0,22.84603032139465,test,-1,4.0,6.5
5.737524892115425,5.733487845478034,0.004037046637391454,188.47627440530295,0,20.96998902454016,test,-1,4.0,6.5
8.132211533349794,5.994794182591187,2.1374173507586076,215.43825938839586,0,22.29314773554148,test,-1,4.0,6.5
6.578886703946676,5.161423479206272,1.4174632247404042,137.50183033376436,1,42.98463650437169,test,-1,4.0,6.5
7.215615891147308,6.249780520263843,0.9658353708834644,244.11490562162143,1,67.57232268511581,test,-1,4.0,6.5
7.91269494703632,6.425875809079907,1.4868191379564135,265.3364922489952,1,72.34492587703878,test,-1,4.0,6.5
5.067137976274069,5.027974587452112,0.03916338882195692,127.10985461433907,0,17.62612085464312,test,-1,4.0,6.5
4.850892785889381,6.263974568490026,-1.413081782600645,245.78193413458237,1,67.94831053238656,test,-1,4.0,6.5
5.72120825295114,5.781455514615171,-0.060247261664031555,193.24646798167726,0,21.20929590347906,test,-1,4.0,6.5
5.135844162384556,5.604992551249492,-0.4691483888649356,176.0861180955364,0,20.336700015659204,test,-1,4.0,6.5
5.3973464494523595,5.314527735009879,0.08281871444248116,150.10461107127864,1,45.964505419285366,test,-1,4.0,6.5
6.331593162420019,6.360535483784507,-0.028942321364488464,257.3244417858772,0,24.228095287071067,test,-1,4.0,6.5
5.58488349415941,4.906331373302497,0.6785521208569131,118.10563834121218,0,17.081106886731735,test,-1,4.0,6.5
5.602803408191939,4.349726337840479,1.25307707035146,82.29734086066614,0,14.695125830734758,test,-1,4.0,6.5
3.518009175576307,4.150710762333737,-0.6327015867574296,71.51010460276694,0,13.882334379056548,test,-1,4.0,6.5
5.73347343882672,6.020274047769517,-0.2868006089427972,218.19700415872515,1,61.700222975053585,test,-1,4.0,6.5
5.788537208595318,5.344587985460397,0.4439492231349209,152.66612878592034,1,46.56698971356526,test,-1,4.0,6.5
6.132473095850317,4.598256572899317,1.5342165229509999,97.22536918797462,1,33.23984355629288,test,-1,4.0,6.5
4.496335423931112,4.855457712145877,-0.35912228821476494,114.46969565976914,1,37.46031226839146,test,-1,4.0,6.5
3.2853990733482306,5.644139181568283,-2.3587401082200525,179.80143108834227,0,20.528446166471692,test,-1,4.0,6.5
7.1175698954120925,5.871529451475434,1.2460404439366584,202.42014466690551,0,21.662991247764413,test,-1,4.0,6.5
2.6729995057347162,4.213398970814723,-1.5403994650800066,74.79933804954283,0,14.136183673435024,test,-1,4.0,6.5
5.122770182370479,5.5555771278152095,-0.4328069454447309,171.46976149956214,1,50.960683683358056,test,-1,4.0,6.5
4.971432645205738,5.510272987118351,-0.5388403419126137,167.309015980504,1,49.992622157455855,test,-1,4.0,6.5
6.78288776721823,5.9879777023299905,0.7949100648882395,214.70419175553127,1,60.90477145809623,test,-1,4.0,6.5
2.4164811547451195,4.560753128203328,-2.1442719734582085,94.86580449957793,0,15.579575474601544,test,-1,4.0,6.5
6.098312836270018,4.403877383249579,1.6944354530204386,85.40939692755994,0,14.919820088299936,test,-1,4.0,6.5
5.45904617981999,5.8764183182104475,-0.41737213839045767,202.92619475121842,1,58.21449390487503,test,-1,4.0,6.5
6.5074876745214425,4.96968931829131,1.5377983562301323,122.74045208567529,0,17.363876996587436,test,-1,4.0,6.5
4.043246548061764,4.3038474548355685,-0.26060090677380465,79.7206093342049,0,14.505954551190802,test,-1,4.0,6.5
8.743827703417084,5.094246541834939,3.649581161582146,132.2025639338248,0,17.926790904181313,test,-1,4.0,6.5
6.304915628739266,5.995576160951109,0.3093394677881575,215.52257756247846,0,22.297180034102894,test,-1,4.0,6.5
4.612565069642105,4.864564593914241,-0.2519995242721356,115.11500152420274,0,16.895993812226777,test,-1,4.0,6.5
3.780589228396759,4.4971699410755654,-0.7165807126788065,90.95318202232646,0,15.310573463673226,test,-1,4.0,6.5
3.048980814449312,5.914050007806562,-2.8650691933572503,206.84973911688178,1,59.11209784679605,test,-1,4.0,6.5
6.3672540362213255,4.164168381624169,2.203085654597156,72.20792195259192,0,13.936663583924345,test,-1,4.0,6.5
2.6113695738695943,4.238964592284401,-1.627595018414807,76.16919519836556,1,27.95073281652632,test,-1,4.0,6.5
4.472753672558515,4.068747886794352,0.4040057857641629,67.35693875060136,0,13.553382435395083,test,-1,4.0,6.5
7.184927394822179,6.004220293103558,1.1807071017186201,216.45611232608127,0,22.3417831258323,test,-1,4.0,6.5
5.92687717972669,4.88356545912721,1.0433117205994793,116.46918596582523,1,37.944533570546675,test,-1,4.0,6.5
4.60029934706949,4.515719975928204,0.08457937114128615,92.08332851050476,0,15.388826497994707,test,-1,4.0,6.5
3.2773977077998664,4.006385491197665,-0.7289877833977981,64.30699313182713,0,13.305296336229535,test,-1,4.0,6.5
5.544957887509969,4.669658209485872,0.8752996780240963,101.82520241118817,1,34.374015110695254,test,-1,4.0,6.5
4.373591653083521,4.355929464433456,0.017662188650065188,82.64993489975507,0,14.72078709129547,test,-1,4.0,6.5
4.3574013060370005,6.186468660120216,-1.8290673540832152,236.77096901466973,1,65.9135997832946,test,-1,4.0,6.5
3.1895305202472786,4.279464381221934,-1.0899338609746552,78.37332064640914,1,28.51305727294763,test,-1,4.0,6.5
6.801797496235368,5.913071820683114,0.8887256755522537,206.7471169107309,1,59.08863884419553,test,-1,4.0,6.5
6.5268185314629115,5.292254336206994,1.2345641952559183,148.2252263728506,0,18.841267536077993,test,-1,4.0,6.5
1.1908779595575534,4.098324960572318,-2.907447001014765,68.8365622677744,0,13.671706127072444,test,-1,4.0,6.5
4.972595725433614,4.497893688083036,0.47470203735057764,90.99710143512323,1,31.693101351273757,test,-1,4.0,6.5
4.645607609425951,4.857399343210256,-0.2117917337843049,114.60707517367901,1,37.49361306436657,test,-1,4.0,6.5
6.1410306822503316,4.9117949062674455,1.229235775982886,118.50063380061297,0,17.105397394814595,test,-1,4.0,6.5
4.940856817537403,4.742677888196085,0.1981789293413185,106.67702315453786,0,16.361574127679013,test,-1,4.0,6.5
5.411344370697266,5.605172225984706,-0.19382785528743998,176.10305259129163,1,52.03612719621245,test,-1,4.0,6.5
5.485644316842121,4.230124477429948,1.2555198394121732,75.69364898324774,0,14.204246411954799,test,-1,4.0,6.5
5.681146659241049,4.207126931813191,1.4740197274278586,74.4657975873325,1,27.51454031290607,test,-1,4.0,6.5
6.891946444396197,5.347799651201467,1.5441467931947301,152.94151424552302,0,19.102229238514862,test,-1,4.0,6.5
