x_true,epsilon,x_obs,y,split
-0.50183952461055,0.6253469140552059,0.12350738944465589,0.14372684430996704,train
1.8028572256396647,0.7742587031400684,2.577115928779733,1.955880349489011,train
0.9279757672456204,0.6667253592041381,1.5947011264497584,1.35349181078189,train
0.3946339367881464,0.10749681750629858,0.502130754294445,0.5332465611091163,train
-1.375925438230254,-0.2368061043687913,-1.6127315425990452,-2.925276677331697,train
-1.3760219186551894,-0.18152794038421402,-1.5575498590394035,-2.785776104420324,train
-1.7676655513272022,-0.2338899364232172,-2.0015554877504194,-4.004667915164721,train
1.4647045830997407,1.3605241162404773,2.825228699340218,2.1232363561005383,train
0.4044600469728352,0.7122680667370342,1.1167281137098695,1.0355817910714775,train
0.832290311184182,-3.528466361597136,-2.696176050412954,-6.396195279421557,train
-1.9176620228167902,0.7870809318357131,-1.1305810909810772,-1.812417596667863,train
1.8796394086479773,0.2336834336625298,2.1133228423105073,1.6680664703606567,train
1.329770563201687,-0.0224505077350769,1.30732005546661,1.1677744507311023,train
-1.1506435572868954,-0.466222143706663,-1.6168657009935583,-2.935860187211424,train
-1.2727001311715975,1.3489352639832162,0.07623513281161864,0.08976077388149563,train
-1.2663819605862647,1.1370317545474293,-0.1293502060388354,-0.1603479009794072,train
-0.7830310281618491,-0.9274532013883309,-1.7104842295501799,-3.18053096581568,train
0.09902572652895136,0.4884627445494421,0.5874884710783934,0.6115817221626245,train
-0.27221992543153695,-1.1659880814495431,-1.43820800688108,-2.495124801374613,train
-0.8350834392078323,-1.6555417977467166,-2.490625236954549,-5.622208581399522,train
0.4474115788895179,-0.7520606695079581,-0.30464909061844025,-0.39483596964611345,train
-1.4420245573918327,1.0348721668593104,-0.4071523905325223,-0.5416895344427627,train
-0.8314214058591274,1.143750054451304,0.31232864859217657,0.34705299314310883,train
-0.5345526268252332,0.6157025041167515,0.08114987729151835,0.09543098179932616,train
-0.17572006313185629,0.8701149442175965,0.6943948810857402,0.7053598958169595,train
1.1407038455720544,0.6194139445379501,1.7601177901100045,1.4553804912731523,train
-1.201304871366561,-0.7697779142675426,-1.9710827856341036,-3.913748871037944,train
0.05693775365444642,0.5183070536087288,0.5752448072631752,0.6005394070607916,train
0.36965827544816987,0.9604914302732187,1.3301497057213885,1.1830617516153643,train
-1.814198349120009,0.9051495957762891,-0.90904875334372,-1.3763299091675305,train
0.43017940760575346,1.4266960457695714,1.856875453375325,1.5139786793142795,train
-1.3179035052508339,0.8499646166412765,-0.46793888860955735,-0.6323398615063937,train
-1.739793628058882,0.42173784904989947,-1.3180557790089824,-2.2173392522578634,train
1.795542149013333,1.284180285979713,3.079722434993046,2.3107705107019996,train
1.8625281322982374,-0.03182551109887207,1.8307026211993653,1.4981789560111098,train
1.2335893924658445,-1.0582495814732613,0.17533981099258322,0.20145409118526167,train
-0.7815449233065173,-0.19568035673251666,-0.977225280039034,-1.5058221149687527,train
-1.6093115439744645,-0.8938831737677388,-2.503194717742203,-5.667877676617044,train
0.7369321060486276,-0.8102139299692578,-0.0732818239206302,-0.08956893341666737,train
-0.2393900250415948,-0.1734224048586214,-0.41281242990021616,-0.5500165995468717,train
-1.5118470606208847,-0.9509039051999535,-2.462750965820838,-5.521690610158572,train
-0.01929235955491926,-0.36955383556684834,-0.3888461951217676,-0.5149155469282692,train
-1.8624459155391264,-2.272337600344543,-4.134783515883669,-13.625173459725644,train
1.6372816083151283,0.25595244884752627,1.8932340571626545,1.5358795832270389,train
-0.9648800735999323,0.0014465704346690843,-0.9634335031652632,-1.479294585414072,train
0.6500891374159279,-0.9805063572818287,-0.3304172198659008,-0.43105699950097964,train
-0.7531556956423562,0.791094802118886,0.03793910647652987,0.04509784546335185,train
0.08027208471124325,1.12508416515187,1.2053562498631132,1.0981245148585983,train
0.1868411173731186,-1.9290718372427689,-1.7422307198696503,-3.2657027866624615,train
-1.2605821778978918,-0.915269734279457,-2.175851912177349,-4.546381974845436,train
1.8783385110582342,-0.9229708197447578,0.9553676913134764,0.9162225165644469,train
1.1005312934444582,-1.1278837213306376,-0.02735242788617942,-0.03304838325000585,train
1.7579957662567565,0.9953698103180981,2.7533655765748546,2.073398342673917,train
1.5793094017105953,-0.23259136652736423,1.346718035183231,1.1940905246210525,train
0.39159991524434057,-0.3174178095727329,0.07418210567160766,0.0873880425153712,train
1.6874969400924673,-2.404634837288104,-0.7171378971956366,-1.0332922321229918,train
-1.646029991792322,0.7625016362510716,-0.8835283555412504,-1.3289058324457295,train
-1.2160685503234192,-1.487110073824167,-2.7031786241475864,-6.423596670281653,train
-1.8190908443578477,0.0719191563195939,-1.7471716880382537,-3.2790602907809716,train
-0.6986786769469426,0.33285232554983,-0.3658263513971126,-0.48158820475383884,train
-0.44529084124207197,1.6327903150063812,1.1874994737643092,1.0856807844926348,train
-0.9146038729044164,-1.5705844789429344,-2.4851883518473508,-5.602520552193799,train
1.3149500366077174,-3.6234145869849903,-2.308464550377273,-4.983951404376838,train
-0.5729866932256429,0.22061945370443384,-0.3523672395212091,-0.4622770317619767,train
-0.876261961250477,2.1606134178130243,1.2843514565625473,1.152284802320796,train
0.17078433263299386,1.4867356235273248,1.6575199561603187,1.3925034552918312,train
-1.4363031001009494,0.2515912983295509,-1.1847118017713985,-1.925856419841376,train
1.2087879230161587,-0.5899634227584568,0.6188245002577019,0.6395550207844947,train
-1.7017974252809167,0.9685471159647724,-0.7332503093161443,-1.0609089980190383,train
1.9475477464020692,-1.1682554396453624,0.7792923067567068,0.7766248927909647,train
1.0889790771866297,0.5716293232274631,1.6606084004140929,1.3944103710451916,train
-1.2051372738633104,0.6065641909999522,-0.5985730828633582,-0.8364977496722741,train
-1.9779115315055904,1.2722518889986556,-0.7056596425069348,-1.01374758642894,train
1.2618457138193366,3.3115920466932933,4.57343776051263,3.9962027739155417,train
0.8274293753904685,0.4708991606145204,1.298328536004989,1.161723975417726,train
0.9160286721639492,-0.6107563508489985,0.30527232131495075,0.33979186307696324,train
1.085081386743783,-0.03068917463039332,1.0543922121133897,0.9903584281768749,train
-1.7038213930636386,-2.1228910858669416,-3.82671247893058,-11.78704040326688,train
-0.5661370858229096,-0.8336557573068698,-1.3997928431297795,-2.4047165177505847,train
-1.5365237618994811,-0.49113892573572476,-2.027662687635206,-4.083448255885961,train
1.452413703502374,-0.628906077521511,0.8235076259808631,0.8126834027997903,train
0.4931925073102317,0.1828258464404664,0.6760183537506981,0.6895688270361914,train
-0.6764079005894033,-0.9869039188586406,-1.6633118194480438,-3.056042486288068,train
-1.7457665988559055,1.3452368007893656,-0.4005297980665399,-0.5319757254238066,train
-0.7560707131373512,0.0002484779018365126,-0.7558222352355147,-1.0999556822043697,train
-0.6992667118930118,-0.011160385366337301,-0.7104270972593492,-1.0218523792573688,train
0.9184247133522563,-0.3934736598155014,0.5249510535367549,0.5545023144696213,train
0.5502298854208525,0.18622882063077495,0.7364587060516274,0.7410107274654101,train
1.5488509703053062,0.9901179176011616,2.538968887906468,1.9312095179646604,train
-0.11114029935220282,-1.0405562588530803,-1.1516965582052832,-1.856338159987473,train
-1.5216230162467932,-0.789739786890308,-2.311362803137101,-4.993765767812819,train
0.85297914889198,-0.3644712345319976,0.4885079143599824,0.5204463785183462,train
1.0431401944675898,-1.6150451081678578,-0.5719049137002681,-0.7937612621030008,train
0.24510879027798493,-0.9831094316657973,-0.7380006413878124,-1.0690916696712707,train
1.083868719818244,-0.5714650482535908,0.5124036715646532,0.5428439210174045,train
-0.024817614542437028,1.049267016855273,1.0244494023128359,0.9682481165035715,train
0.09093131752797623,0.31507359480230995,0.4060049123302862,0.44110019040624726,train
-0.2898359265658015,0.23230789364105323,-0.05752803292474826,-0.07003600125946281,train
-1.8983234930236192,1.0210775546015667,-0.8772459384220526,-1.31731794541339,train
-1.5684342920267822,-0.16484614607927597,-1.7332804381060583,-3.241576196660483,train
-1.874283257253063,0.4685578199146675,-1.4057254373383956,-2.418579898254673,train
0.5456416450551216,-0.12386610351899548,0.4217755415361261,0.4565138473313515,train
-0.7425760756946933,0.31843481927955414,-0.42414125641513917,-0.5667533109623596,train
0.03428276465881108,-0.6993103891338984,-0.6650276244750873,-0.945417485525744,train
1.630265895704372,-2.926580589931715,-1.296314694227343,-2.1686255898861013,train
-1.0028310834045002,-0.16113499462356498,-1.1639660780280652,-1.882052456162986,train
-0.35846830785748107,1.707297763319928,1.348829455462447,1.195492106345193,train
1.0222045541721947,1.1114584826899108,2.1336630368621057,1.6803172220210723,train
-1.0848073380335101,1.1584769815094047,0.07366964347589455,0.08679539831486556,train
-1.692080360684828,1.4833568661674614,-0.2087234945173666,-0.2639924997103203,train
-0.8409941883449279,0.10638910915372492,-0.734605079191203,-1.0632407657691878,train
-1.3551148509839823,0.2367788488867147,-1.1183360020972677,-1.7871395936903973,train
1.7187906093702923,-0.7411822745212202,0.9776083348490721,0.93313048179245,train
1.2324815182576678,-0.37928742723245973,0.853194091025208,0.8365045741690762,train
0.5336150260416939,0.7389253797253699,1.2725404057670637,1.1442757549390443,train
1.4858423607508708,1.4446613246025795,2.9305036853534503,2.198585442228791,train
1.2146883075964579,-0.16733553081719946,1.0473527767792583,0.9851835486863014,train
-1.2537197644558566,-0.5402271178216939,-1.7939468822775506,-3.4068779502237945,train
1.570235993959911,0.0006335506279167513,1.5708695445878278,1.3385704448357612,train
0.1573689676626029,0.7214480987149378,0.8788170663775406,0.856821023865588,train
1.2297606206562501,-1.7326257793602502,-0.5028651587040001,-0.6856582611088234,train
1.584365199693973,-2.7554171437646855,-1.1710519440707126,-1.8969679747982573,train
-0.7279861001125445,-0.6606442193899003,-1.3886303195024448,-2.3787290197446382,train
-1.559792301889293,-1.4648549110969904,-3.0246472129862836,-7.757671738962069,train
-1.0882593498322333,-0.6097682371767731,-1.6980275870090065,-3.1474183609239423,train
-0.29156884549497475,-0.17733638258096582,-0.4689052280759406,-0.6338028667289567,train
1.2720590636899725,-0.5438980908276161,0.7281609728623564,0.7340318641009217,train
1.4429223330253738,1.7429610413648944,3.185883374390268,2.3949165630863725,train
-1.9721914778752372,0.39209371752278405,-1.580097760352453,-2.842382201710851,train
0.042989210310262926,0.36056923153299403,0.40355844184325695,0.4386984700247004,train
-0.33035598740488403,0.7466485728520823,0.41629258544719827,0.45116841272029856,train
-1.111568758117079,-1.3665997413369229,-2.478168499454002,-5.577159111234398,train
-1.5205385306652688,1.2469341449043223,-0.2736043857609465,-0.35180716334472234,train
-0.6495393143854882,-0.09091714384255185,-0.7404564582280401,-1.0733291964440452,train
1.7716388156500766,0.8045767406894551,2.5762155563395317,1.9552952140817714,train
-0.7071882719169791,-1.2862286796481865,-1.9934169515651656,-3.9802768423471915,train
0.07516248697346439,-1.864510519219277,-1.7893480322458126,-3.3942012714786625,train
0.8120758355807114,0.9814675896300343,1.7935434252107458,1.4756860515990946,train
-0.5454815904828241,0.4516914313170199,-0.09379015916580419,-0.1152284208832332,train
1.8871283308838427,-1.0824618652290123,0.8046664656548304,0.7974039213928591,train
1.849789179768445,-1.0435956975296332,0.8061934822388117,0.7986469887257247,train
-0.9928708166985434,1.3505217412977233,0.3576509245991799,0.3930942856654842,train
-0.011005976430458198,-1.4272942714407935,-1.4383002478712517,-2.4953437112637613,train
-0.7964867607329214,1.971207543907156,1.1747207831742346,1.076728172712845,train
-0.8606380224901296,-1.0807448815774425,-1.941382904067572,-3.8262002202526655,train
-1.8524522105818688,0.7660703107300596,-1.0863818998518093,-1.721834757754845,train
0.4382573359195874,-0.39434217089878154,0.043915165020805835,0.05212387012071716,train
0.010716092915445952,0.7238249172988117,0.7345410102142577,0.7394001618592958,train
-1.7940849950000426,-0.6529368025370311,-2.4470217975370736,-5.465428869578657,train
-0.8854141430535543,-0.19535148728675306,-1.0807656303403073,-1.7104547103953642,train
1.6330635438666148,0.04910301047486536,1.68216655434148,1.4076945860780885,train
-1.0417524373321103,-1.2026249469377672,-2.2443773842698773,-4.769694050982887,train
-1.4204205116351076,0.888989214504151,-0.5314312971309566,-0.7299476443440691,train
-0.04218895888974794,-0.6158562797659023,-0.6580452386556502,-0.9338088010303852,train
1.9426018164424028,-0.2743198984080223,1.6682819180343804,1.3991440895837681,train
-1.0317789139539983,-1.1932192495302147,-2.224998163484213,-4.705938511899473,train
0.6885421896235142,-3.0748003905543726,-2.3862582009308584,-5.2511732387611865,train
1.0464784613148703,-0.2292333151202028,0.8172451461946675,0.8076187646138098,train
-1.0494498240304013,2.895138505935499,1.8456886819050977,1.5072294862197313,train
0.9128653944474383,0.9415251454776286,1.8543905399250669,1.5124799625301553,train
-0.5288674691229871,-0.023112455681273566,-0.5519799248042606,-0.7621893738656906,train
0.5292233223743179,-0.3154689950499212,0.2137543273243967,0.2432862505670828,train
0.5341188430435788,0.026959071374455655,0.5610779144180345,0.5876825722437371,train
0.1430987362990339,0.6565429382102519,0.7996416745092858,0.7933075832857884,train
-1.6388409197823668,-1.4169753783706138,-3.0558162981529806,-7.895146185989904,train
1.3412099823569519,1.3371860336026464,2.6783960159595983,2.022648219458393,train
-0.7168797401130567,0.8584575785294929,0.14157783841643623,0.16402201212292936,train
-1.253925958400583,0.8618228708495214,-0.3921030875510617,-0.5196613455931386,train
-1.8368994337809443,0.5261708865716728,-1.3107285472092716,-2.200869247289607,train
0.36357177275296726,0.023539989232787883,0.38711176198575514,0.42247800114987544,train
0.7102574473691297,0.8074334831601838,1.5176909305293136,1.305004772371375,train
-1.9336486842885754,0.7101769604896536,-1.2234717237989217,-2.0088006910614187,train
0.048372233197123915,-0.42484885312922854,-0.37647661993210463,-0.49696032653571204,train
-1.0940168992082482,-0.6883221274762811,-1.7823390266845291,-3.3749272610654337,train
0.5806911616377994,0.12222755431438403,0.7029187159521835,0.7126394641223536,train
-1.3025342839800342,1.8588241817942248,0.5562898978141906,0.5833177727418111,train
0.7637509524098638,-1.486928490784681,-0.7231775383748171,-1.0436193490899182,train
-0.45305861479785037,-1.761030318902928,-2.2140889337007783,-4.6702578723973005,train
1.746919954946938,0.1977130094838201,1.9446329644307583,1.5667712922521932,train
-1.449916223416027,0.06106524222722167,-1.3888509811888052,-2.3792415141196046,train
-0.635734595798966,0.20800999724448985,-0.4277245985544761,-0.572066593025454,train
-1.5461059150376437,0.2927438374902003,-1.2533620775474434,-2.0737558005310195,train
1.6987744731142511,-0.26784270556176615,1.4309317675524849,1.2493447460332978,train
1.509357413523924,1.7878361263224984,3.2971935398464227,2.487456221016333,train
-0.9682334891393776,-1.9210847741718187,-2.8893182633111962,-7.177654485494488,train
0.6399361841367162,-0.9941964297362952,-0.354260245599579,-0.46498537994103656,train
1.2688888008048633,-0.12390571217885686,1.1449830886260064,1.0557366799933485,train
0.22080324639784932,-1.9718265733850007,-1.7510233269871514,-3.2894919156583384,train
0.11860231342402594,-0.2110252853184854,-0.09242297189445947,-0.11350964187128545,train
-1.0325908363981933,1.9937641988736217,0.9611733624754284,0.9206509691164418,train
-1.6275889287764032,0.025063785955154145,-1.602525142821249,-2.899227407369301,train
1.588863031813307,0.27684108686242015,1.865704118675727,1.5193013673177123,train
1.6016722286533218,-1.5121977182070963,0.08947451044622556,0.10500352138041007,train
0.5324058290930718,-0.739633689647373,-0.2072278605543012,-0.2620014018243899,train
-0.6438808358051973,-0.45023565638872437,-1.0941164921939217,-1.737554904914623,train
-0.6031617015493564,-0.38125811610748084,-0.9844198176568373,-1.5197276892693687,train
0.9038227154809575,1.5379725540045224,2.44179526948548,1.8693887093239603,train
1.5884410398103084,0.6692292728701494,2.2576703126804576,1.7554575756169193,train
1.5483456970604692,-1.3337495483244384,0.21459614873603083,0.24419405017038204,train
1.1195021834304955,0.2958057341184058,1.4153079175489012,1.2391904675234167,train
0.568126584617151,0.5978660981961421,1.1659926828132932,1.0705901610543103,train
-1.6634401400198047,1.3681788462255198,-0.2952612937942849,-0.38175435467296776,train
-1.353485143621545,1.8966488238820483,0.5431636802605033,0.5713007729228978,train
1.594216754108317,-1.2181130301934424,0.37610372391487457,0.4115483343727307,train
0.4257162386383597,-0.9730290134524058,-0.547312774814046,-0.754838123753475,train
-1.9632117935334814,-1.5090934306975394,-3.472305224231021,-9.877099802890418,train
-1.5941138285358716,-0.28082383092837765,-1.8749376594642493,-3.634099529371404,train
0.6540070764322232,0.5596300493356013,1.2136371257678245,1.1038692497961327,train
-1.9797536646151253,1.1848014199069221,-0.7949522447082031,-1.1686458817010348,train
-1.3567677943300054,-0.09114122837102731,-1.4479090227010327,-2.5181957471746577,train
0.1949351574663445,-0.38381702790581274,-0.18888187043946825,-0.23769808371120102,train
0.767580790770773,0.18210959069848845,0.9496903814692614,0.9118817606170295,train
0.6078450380104021,-1.0021714819560277,-0.39432644394562555,-0.5229054929308122,train
-1.1029227621577609,2.507446466033728,1.404523703875967,1.2321566652128049,train
0.8487168853901434,-1.9291932325416703,-1.0804763471515269,-1.7098693360699102,train
-1.0510036500127997,0.22168869467486935,-0.8293149553379304,-1.230025554269564,train
-0.6984012073629291,2.428327463075567,1.729926255712638,1.4369707968135323,train
0.9859656204720966,0.008159813471997322,0.9941254339440939,0.9455888887424004,train
0.5985315961888587,-0.22804684200179334,0.3704847541870653,0.40594663657364766,train
1.3968936419767117,-0.4289345073725126,0.9679591346041991,0.9258137137099085,train
0.6304515692013735,-0.2164700181148894,0.41398155108648405,0.4489110668224285,train
0.2732344133418865,1.6474181696118362,1.9206525829537227,1.5523665711553905,train
-1.62530092868763,-2.654234293595408,-4.279535222283038,-14.548629423427172,train
-0.5291367877622659,1.8401204415555905,1.3109836537933246,1.1702348898152424,train
-0.9391905292730982,-1.708748582940174,-2.6479391122132725,-6.209313447427812,train
-1.0240414264836657,-0.31998279508129773,-1.3440242215649634,-2.2761417404849396,train
1.8920422190097823,-0.5150933043583942,1.376948914651388,1.214076156041158,train
-0.4276091013329584,0.7062639237248637,0.2786548223919053,0.3121730904463482,train
1.5681862207084531,-1.917749222260497,-0.3495630015520439,-0.45826961965382235,train
0.5245545039890516,0.5546071992983314,1.079161703287383,1.0084560948140304,train
1.1792452141665937,2.429171547944223,3.6084167621108167,2.7730991257822715,train
0.010548372420768448,-1.6358088055113724,-1.625260433090604,-2.9574079160224866,train
0.30761553850543644,0.22764740113247478,0.5352629396379112,0.5640314164844006,train
-0.0299292247245444,-0.7943786133559309,-0.8243078380804753,-1.2210196043874457,train
-1.219028048807822,0.5110646474316429,-0.7079634013761791,-1.017661728864216,train
0.8898084610460213,0.02297733289890247,0.9127857939449238,0.8834152288498949,train
-0.8769105502365768,-0.7697842908531715,-1.6466948410897482,-3.0127741868425777,train
-1.9027361342741846,0.5854467418452888,-1.3172893924288958,-2.215614083329697,train
0.5818891836286713,2.1652177317440917,2.747106915372763,2.069114735615587,train
-1.2915572823718042,-0.2290845500727584,-1.5206418324445625,-2.6942886010971363,train
1.7618343374116572,0.8637095305778183,2.6255438679894754,1.9875652470472738,train
1.8157143080103495,-1.5519275494453963,0.26378675856495315,0.29658683376862655,train
1.659457560881794,-1.1477236521816105,0.5117339087001835,0.5422196411473447,train
-0.5193651989782224,0.5668875334564528,0.0475223344782304,0.056354655847727926,train
-1.9381735338845303,1.7809392342431578,-0.15723429964137248,-0.19629230929599134,train
1.7132742503509015,0.426736018542792,2.1400102688936933,1.6841433915289776,train
-0.2872634067307427,-0.3756696366277852,-0.6629330433585279,-0.9419310160094615,train
1.8666192761746783,-0.0008503134919751006,1.8657689626827032,1.5193404490601923,train
1.8544799083570114,-1.500489280763661,0.3539906275933504,0.3894138608126279,train
1.4120378218694403,0.7254183916264401,2.1374562134958803,1.6826035844300287,train
-0.8222044317216572,1.058799674788091,0.23659524306643376,0.2677832972191669,train
-0.45960908559229896,-0.5425083993996964,-1.0021174849919954,-1.5541311138933152,train
1.4045466860674276,-0.5640505773114017,0.8404961087560259,0.8263529570254788,train
-0.7323119793748893,0.3190538755824582,-0.41325810379243116,-0.5506732603096358,train
-1.32202901325563,-0.5240636832487146,-1.8460926965043445,-3.55230828071471,train
0.22720504983340062,-0.07935913755098695,0.14784591228241367,0.171019154461618,train
1.7446190966431239,2.5196661469998185,4.264285243642942,3.539019271848067,train
0.784119186699892,-0.296430840895196,0.487688345804696,0.5196736260972968,train
0.28024468035745986,-0.4300081824254666,-0.14976350206800676,-0.18661288752438204,train
-1.6112940249169259,-0.777050166762191,-2.388344191679117,-5.258447634659587,train
0.46002890679667896,0.8930303657999241,1.353059272596603,1.1982972838733708,train
1.960215400417053,-0.2174690078617236,1.7427463925553295,1.4447965908252551,train
-1.4396639390539039,-0.7792476459857112,-2.2189115850396153,-4.686012661493853,train
0.07331860945494695,1.5855648387276144,1.6588834481825614,1.3933454442503368,train
1.5094922877118218,1.7035236054163645,3.213015893128186,2.41705157347129,train
0.9630744710168178,-0.7205082788864462,0.24256619213037156,0.2741415331043402,train
0.7880629639810719,-2.2398479416327395,-1.4517849776516676,-2.527440740180356,train
0.8099363359484371,1.2090164278043065,2.0189527637527434,1.6113719986501573,train
-0.5620353951209793,-0.8215557909120047,-1.3835911860329841,-2.3670389243776633,train
-0.8256326229420266,0.9487507189953224,0.12311809605329582,0.1432876071998955,train
1.2374446219140545,-2.3641245812542024,-1.126679959340148,-1.8043490829667845,train
1.240453578716723,1.071116805959171,2.311570384675894,1.7884545327683,train
1.4682892743204148,-1.4534063151369374,0.014882959183477373,0.017793265108569753,train
1.6529622102258852,0.8769169428798294,2.5298791531057145,1.9253662511404657,train
0.04536959544375119,0.017127681403720927,0.06249727684747211,0.07383716476868399,train
0.0060651787487984166,-1.1447273032759737,-1.1386621245271753,-1.8291766800927696,train
1.1931807158671006,-0.4884435755121366,0.704737140354964,0.7141887787108966,train
0.5998557231110606,0.8235821483480409,1.4234378714591016,1.2444795716513557,train
0.8078675090308134,0.12707334373828108,0.9349408527690944,0.9005569669123817,train
1.1831706777444042,0.701295576566981,1.8844662543113853,1.5306026450969614,train
1.5600213672702652,2.3717287014185824,3.9317500686888476,3.119481602773523,train
-0.6480193725938568,-1.8770899340532616,-2.5251093066471184,-5.748011466635464,train
-0.49766818944022395,1.9406550899623487,1.4429869005221247,1.257151096033951,train
-1.624072240636524,0.12522712502785552,-1.4988451156086684,-2.6409356694420394,train
0.3131205639846959,-1.0785408579877538,-0.7654202940030579,-1.1166865922528397,train
-1.8562309048130317,-1.5963763508867876,-3.452607255699819,-9.777117463356669,train
-0.13760792747015937,-0.2269444689324402,-0.36455239640259957,-0.4797548330162162,train
0.1705785388303065,1.1059801343093512,1.2765586731396577,1.1470039252544986,train
-0.8538349914868624,-0.15305894445304105,-1.0068939359399034,-1.5634645783237275,train
0.363333042276043,1.813385916296817,2.17671895857286,1.706307318177608,train
-1.8779990002438023,-1.7414108280618705,-3.619409828305673,-10.644066557762898,train
-1.8506072450031423,-0.014506737415265472,-1.8651139824184078,-3.6061357824850586,train
1.290402242638633,-1.5028721332957429,-0.21246989065710986,-0.2689864863606785,train
-0.5592374343549484,0.43635825914996146,-0.12287917520498698,-0.1520775671812097,train
-1.4917579493924609,1.0642648681167604,-0.4274930812757005,-0.5717230230732219,train
0.08897304021921748,-0.5049141524172639,-0.4159411121980464,-0.5546294736658807,train
1.0799742123944434,-3.125056627952561,-2.0450824155581175,-4.136471282519487,train
-1.1367158900126273,0.23873777615579342,-0.8979781138568339,-1.3556880368214757,train
0.491561903276001,0.5240862620802114,1.0156481653562124,0.9616995858397692,train
-1.658610140024928,0.4851537059540372,-1.1734564340708908,-1.90204019732577,train
-1.7932731153255692,1.4829386301865848,-0.31033448513898443,-0.40278800677430876,train
0.12541852627259198,-1.2852644155788586,-1.1598458893062666,-1.8734015116796257,train
0.16254048644042607,0.8162593265405392,0.9787998129809653,0.9340319661272696,train
0.5497196059928262,1.43100901497357,1.9807286209663961,1.588436814723771,train
0.9043653348906462,-2.13430510080782,-1.229939765917174,-2.022782948883722,train
1.9034083178501384,0.38358219110277264,2.2869905089529112,1.773376183260416,train
0.06520139320478124,-0.6050157972092057,-0.5398144040044245,-0.7430622468574546,train
-0.7081741082350161,-0.09782720772197506,-0.8060013159569912,-1.1882734745798746,train
1.1807447790748147,0.41721178024600364,1.5979565593208183,1.3555246420505676,train
-0.9166709949517031,-0.5846742769362627,-1.5013452718879658,-2.647030050470785,train
-0.24411431717745558,-0.8108496949939341,-1.0549640121713897,-1.6585475953507047,train
-1.6861744746309362,0.04098290098562952,-1.6451915736453067,-3.0088748083396455,train
-1.89859702633817,-1.304695126635363,-3.2032921529735328,-8.565736719880368,train
1.8505936587117002,-1.3029901546622225,0.5476035040494778,0.5753738076866708,train
1.3439204820488233,0.815247939547804,2.159168421596627,1.6957026762646978,train
0.7838968243747919,-1.3785528421903872,-0.5946560178155953,-0.8301859428004387,train
-0.3641882223429205,0.7995750010910543,0.4353867787481338,0.46972227211059947,train
-1.306822719716617,0.5551095514247414,-0.7517131682918755,-1.0928162371726828,train
-1.3742518293156558,-2.070968074548716,-3.4452199038643716,-9.739784745355587,train
-0.9990284073416187,-0.8130775828027861,-1.8121059901444048,-3.457168793797596,train
0.19690665882448188,1.4329312836568469,1.6298379424813287,1.375366786179862,train
0.8583836908002493,-1.177398637367618,-0.3190149465673686,-0.4149724128281928,train
0.6407895068709251,-0.5572851147712652,0.08350439209965987,0.09814248920702585,train
-0.8802644122162286,0.5544730719022758,-0.32579134031395285,-0.42452058220488903,train
1.8194611226527764,0.9400686111391146,2.759529733791891,2.077625921616799,train
0.951587666783074,-0.3018466632533948,0.6497410035296792,0.6667550353733327,train
0.21741621004560274,-0.7170122336299699,-0.49959602358436717,-0.6806289474565222,train
0.44688298493740897,1.706843834038209,2.153726818975618,1.6924177344940787,train
-0.32159975028884036,2.0866795965570946,1.7650798462682542,1.4583996752127688,train
-1.0090760419953702,1.1746296609381546,0.16555361894278442,0.190668817193392,train
-0.5761092853949537,0.10238177107802886,-0.4737275143169248,-0.6411139878556308,train
1.0313844418574765,-0.9699188659691116,0.061465575888364876,0.07263689685984166,train
-1.9424260454809765,-0.9965332878678783,-2.938959333348855,-7.387256200543204,train
-1.535709437972335,0.6270169263189089,-0.9086925116534261,-1.3756640117781544,train
-1.815989431912989,0.5020778650664205,-1.3139115668465684,-2.2080174173558667,train
-1.8370847907241195,1.6819183115357152,-0.1551664791884042,-0.1936095602491898,train
1.4218423360440289,0.780540111043367,2.2023824470873956,1.7218439338927303,train
0.8146314375200947,-1.8036963621117814,-0.9890649245916867,-1.5287303467186124,train
-0.10330468365069922,1.2623371412675022,1.159032457616803,1.0656817518855355,train
-1.608663357395994,-1.1976727527772955,-2.8063361101732895,-6.835328180911761,train
-0.03353649953267057,-0.46076552634282186,-0.49430202587549243,-0.6725015306247104,train
-0.10611291687773727,0.3002402475020334,0.1941273306242961,0.22201295910477137,train
-1.3071925203599393,2.3948009877407572,1.087608467380818,1.0145886848183303,train
-0.26459340304810786,3.731902267206433,3.467308864158325,2.6383407731122372,train
-0.40598106241050624,0.7280676709634193,0.32208660855291305,0.35705265499127326,train
0.46340039220886586,-0.21983594246446544,0.24356444974440042,0.27520270384052614,train
0.5403746034705752,0.6414067781766603,1.1817813816472356,1.0816797091054957,train
-1.818783960911822,1.0651865110486032,-0.7535974498632187,-1.0960884178631423,train
-0.5015495414941151,-0.38480115066863,-0.8863506921627451,-1.3341227283831172,train
0.5034396628569455,2.1542536270947865,2.657693289951732,2.008840579693009,train
0.012545034320350812,0.27608491102968247,0.2886299453500333,0.32256600909788247,train
1.425959364753289,0.597291706909673,2.023251071662962,1.6139512714885824,train
0.63477452647578,0.7991091024653536,1.4338836289411336,1.2512585093898265,train
-1.3482622916742812,0.5059039327373468,-0.8423583589369344,-1.253585822345293,train
-1.7177250103982806,1.0067286005635345,-0.7109964098347461,-1.02282145955685,train
0.5696771128252625,-0.7407038238563078,-0.1710267110310454,-0.214257221729974,train
-1.8939547578335127,-0.6699621047352367,-2.5639168625687496,-5.891518265371941,train
0.3431023250938532,-1.320185079566034,-0.9770827544721807,-1.5055471094778836,train
1.7609209656998304,0.5274014767442716,2.2883224424441018,1.7741918752595165,train
0.3018967115035158,0.9347238042145368,1.2366205157180525,1.1197294069986061,train
-0.44732029517391236,0.5493274393822629,0.10200714420835055,0.11934000735919018,train
0.5731528737694127,2.0093909200170446,2.5825437937864573,1.959410799896523,train
-0.16698843803393348,-0.006715222594855866,-0.17370366062878934,-0.21775833896440241,train
0.18246715726373974,0.8024899867110151,0.9849571439747549,0.9386837446529295,train
1.7658592351061007,-1.3100410513671772,0.45581818373892347,0.4893860276374921,train
-0.455589448796903,-0.46451964296928117,-0.9201090917661842,-1.3970593842776982,train
1.8447622552956568,0.834645309078933,2.67940756437459,2.023325083079336,train
1.621402567824255,1.0189225328917728,2.6403251007160278,1.9973222447656132,train
-1.2168354608428142,-0.35276033719701866,-1.569595798039833,-2.8159494892758525,train
-1.7225547964993382,-0.08591910222968019,-1.8084738987290183,-3.4470797642757214,train
-1.5968879944902934,-1.8214484960169712,-3.4183364905072646,-9.604678355820328,train
-1.927112697393801,-0.4284350409679312,-2.3555477383617323,-5.144739045680876,train
-1.6222281569762864,1.0684597962237434,-0.553768360752543,-0.765010765703782,train
0.7320270936654274,0.6902460193278795,1.4222731129933068,1.2437225201321767,train
-1.715245406159084,0.6007988656574516,-1.1144465405016324,-1.7791398098631583,train
-0.7240974788249548,0.05972842461715209,-0.6643690542078027,-0.9443209050527885,train
1.3795012438778183,0.008475790353811742,1.38797703423163,1.2213238838369473,train
-1.9069122570566965,-0.7923853673681365,-2.6992976244248332,-6.408401600967931,train
1.2578739303557431,0.8385941042430417,2.096468034598785,1.6579257077298384,train
-0.8725809009064003,0.5051675332672677,-0.36741336763913257,-0.4838737199541092,train
-1.527340689513375,0.5904226175913591,-0.9369180719220159,-1.4287683874011081,train
0.7869486614566026,-0.6312418112010965,0.15570685025550612,0.17976358603749373,train
0.515771387119536,-2.584011503845493,-2.068240116725957,-4.20753026703008,train
1.5098880541082118,1.3165832541044347,2.8264713082126462,2.12410904559722,train
0.9402841752155431,-0.5746049472100849,0.36567922800545816,0.4011436393154215,train
1.2139237215393943,-1.0353309168517446,0.1785928046876497,0.20502756301613845,train
-0.8718617097147741,0.8321746942967924,-0.0396870154179817,-0.04810006172933759,train
-1.2902418248811087,-0.4704151679029555,-1.7606569927840643,-3.3156564843069045,train
1.0024590065634333,1.271923660855946,2.2743826674193794,1.7656624570437578,train
1.227338957069056,0.740407139492037,1.967746096561093,1.5806459802268276,train
1.9620205680026932,0.8202831878405731,2.7823037558432664,2.0933207158285967,train
-0.3495292923542941,-1.639146853440641,-1.9886761457949351,-3.966105302586533,train
-0.5119276568288673,1.4543327824636805,0.9424051256348132,0.9062967161949557,train
1.1056518429679874,0.31350063748062723,1.4191524804486146,1.2416930599109905,train
-0.6367858389879286,-0.44313256709544374,-1.0799184060833724,-1.7087405418461878,train
1.723029302414259,0.17206616081070128,1.8950954632249601,1.5369995544137947,train
1.4336510073720472,-2.131482279477984,-0.6978312721059368,-1.000479163670561,train
-0.2840238904999266,0.49038337377680496,0.20635948327687836,0.23529549208108955,train
1.0034842711659895,-1.2352458098184858,-0.23176153865249627,-0.29485030475921487,train
1.0181714963387294,-1.6232043430122414,-0.605032846673512,-0.8469328994278335,train
-1.5875045246562696,-1.8268310234614693,-3.414335548117739,-9.58467162507235,train
1.6102116267182667,1.3352260499879103,2.945437676706177,2.209516692867736,train
0.02100948979142858,-0.7551160724313465,-0.7341065826399179,-1.0623826013267728,train
1.3058298644309665,1.840473251899799,3.1463031163307655,2.363094605522998,train
-0.719801595877553,-0.6429617556627574,-1.3627633515403104,-2.318994230611987,train
1.582092913984802,-2.048829549111536,-0.4667366351267339,-0.6305206555834603,train
-0.44319328506334754,-1.3398293279383908,-1.7830226130017384,-3.3768045949432732,train
-1.9566493940788066,1.4829739440083263,-0.4736754500704803,-0.6410349605848659,train
1.6215279056770546,-0.18707781352400102,1.4344500921530536,1.2516255917553665,train
-1.6348532928554658,-0.6579447557887211,-2.292798048644187,-4.931087653350236,train
-0.7227454496383405,0.19202187102334523,-0.5307235786149953,-0.7288429290347492,train
1.8002478682032197,0.6021392834010539,2.4023871516042736,1.8446899251907918,train
1.8024285877502244,1.340878579082953,3.1433071668331776,2.3607080712982196,train
0.29375155249314444,1.7381990758715113,2.0319506283646556,1.6191720078470044,train
0.5273488486791971,-0.43172237494690285,0.09562647373229421,0.11205216417900785,train
-0.2062179120867209,-1.5912572232984459,-1.7974751353851668,-3.416619857387132,train
-0.8271569132077419,-0.4961581933479312,-1.3233151065556732,-2.229194003315806,train
-0.6853418185203362,0.3123366078994634,-0.3730052106208728,-0.4919409834839336,train
0.6900738243081537,-1.156510711452733,-0.4664368871445794,-0.6300672545259569,train
1.00949811775072,-1.1485810978740514,-0.1390829801233313,-0.17283732033843355,train
1.1663161749033941,0.4125454578598625,1.5788616327632568,1.3435823767466726,train
1.1584725711782156,-0.05838282188454137,1.100089749293674,1.0236147530280055,train
-1.6351755878052385,0.03935639449390381,-1.5958191933113348,-2.882173462868256,train
-0.02231878118967412,-0.9101944016400834,-0.9325131828297575,-1.4204348499034543,train
-1.7697649599334229,-0.27648085704692077,-2.0462458169803437,-4.140025601533931,train
0.19811552929494214,-1.1090797731219653,-0.9109642438270231,-1.3799122991567099,train
-0.23387799450649194,1.0682380933497442,0.8343600988432522,0.8214273580102377,train
1.550816731033199,1.242299201668503,2.793115932701702,2.1008143596943634,train
-0.5963399497916853,-2.2154254346857125,-2.8117653844773978,-6.857420146346833,train
-1.5317319342895765,-1.115413032230892,-2.6471449665204685,-6.2062639700102835,train
-1.4280332717886566,-1.7958351061080948,-3.2238683778967516,-8.66197621295885,train
1.046042526869889,-0.7800287212882778,0.26601380558161114,0.2989287646016947,train
0.47287225326504423,-0.10012556374843302,0.3727466895166112,0.4082034720704053,train
-1.595509295508839,-1.739574263638236,-3.3350835591470753,-9.193705401712455,train
-1.6635727755400103,-1.1062317757503757,-2.769804551290386,-6.687782354364353,train
0.80387652583648,-1.2047488464977982,-0.4008723206613183,-0.5324773514209603,train
-1.708947974543226,0.24872079527873275,-1.4602271792644932,-2.54763108923751,train
1.2874402371614249,0.08321320444350051,1.3706534416049254,1.2099285772726844,train
0.8249689086259848,-0.866085064004704,-0.041116155378719155,-0.04985002334603443,train
-1.674604877432401,0.21218504656727757,-1.4624198308651233,-2.5528871253520413,train
-1.6606491436592323,-0.6560161015047185,-2.316665245163951,-5.011749572088507,train
1.9465583140047018,-0.3259861323912639,1.620572181613438,1.3696120837698438,train
-0.5029168169755187,2.0081425083582443,1.5052256913827256,1.2970793373028253,train
-0.5174314117324363,1.6085532621484175,1.0911218504159812,1.0171337391777544,train
1.2511982690300103,-1.559497484313117,-0.3082992152831068,-0.39993874763438997,train
1.7889943095354348,0.9956789014550094,2.7846732109904444,2.094960564083557,train
1.9440042552914836,0.9736758653899105,2.917680120681394,2.189248682600213,train
1.0135127410357665,-1.3779159465031419,-0.36440320546737537,-0.4795402049539141,train
-0.49496165787633695,0.9825331725058327,0.4875715146294958,0.5195634438445192,train
-1.665997133205325,1.8455183020950634,0.17952116888973846,0.20604632670967885,train
1.1085876637097472,-1.3470537674932965,-0.23846610378354938,-0.3038971809947643,train
0.2336169989432202,-1.1010033852171164,-0.8673863862738962,-1.2992007103720526,train
-0.30311196301209486,1.221193760212203,0.9180817972001081,0.887527273125973,train
1.625417540378944,0.32579437299077757,1.9512119133697214,1.5707213415628403,train
-1.5552100707753946,0.6617715302874279,-0.8934385404879668,-1.3472545569405596,train
-0.0294995828365634,0.4087070596805961,0.3792074768440327,0.4146359487893651,train
-1.9545854209303237,0.46883510511377297,-1.4857503158165508,-2.609122853217578,train
-0.12535743202349492,-1.5917665539732995,-1.7171239859967944,-3.1982514910540942,train
-1.7747868972726506,1.2567812479457379,-0.5180056493269127,-0.7090555539926531,train
-1.5247283349277123,1.4035079909133281,-0.1212203440143842,-0.14996178719840225,train
-1.5298950128915805,-0.2752688928816333,-1.8051639057732138,-3.437898569829741,train
0.5968412084642543,-0.052172339776634914,0.5446688686876193,0.572682576540103,train
0.9841795170616932,-1.8373290030668665,-0.8531494860051734,-1.2731874386612325,train
0.3334750603886385,0.6171057072214018,0.9505807676100403,0.9125632018959938,train
1.8486901938981677,0.6864689300569728,2.5351591239551405,1.9287588269433598,train
-0.5005176819051838,-0.0746292203991732,-0.5751469023043569,-0.7989272265819325,train
-0.8571516548725571,1.3492240318446032,0.4920723769720461,0.5238036878782985,train
1.4743965127578411,-0.40089267717592864,1.0735038355819124,1.0043373109866744,train
-1.1056166459221894,0.6775271110723203,-0.4280895348498691,-0.5726082350917214,train
1.8528901577624453,-1.2235972064305387,0.6292929513319065,0.6488089591015871,train
-1.9513821012407346,-0.028262581049085744,-1.9796446822898204,-3.939182228544853,train
1.8795153068305561,-0.209225109483403,1.6702901973471531,1.4003820046145616,train
-1.8273603521976955,0.2703695064491299,-1.5569908457485657,-2.7843796188635674,train
1.5645724547922844,-0.4434323146000303,1.121140140192254,1.0387427512847942,train
0.11080443634519943,-0.15776711480600136,-0.04696267846080193,-0.05702204089675143,train
1.9718591844772013,0.9912566057298076,2.963115790207009,2.2225384004482507,train
-1.7048137410584046,-0.5241170846858609,-2.2289308257442655,-4.718837976497646,train
0.21541713760528314,-1.927892520886415,-1.712475383281132,-3.185839904146261,train
1.8772101424763958,2.0995006850465048,3.9767108275229006,3.172215077108344,train
0.09239137668059527,1.6577448944285837,1.750136271109179,1.4493017895109148,train
0.5175945525410501,-1.5507152341267423,-1.0331206815856921,-1.6150807865245318,train
0.7829947559384687,0.8276493662942332,1.610644122232702,1.3634351947304555,train
-0.18183574092890709,-0.6035697246616117,-0.7854054655905188,-1.1517694116391972,train
0.5102323203362538,0.31618465839727145,0.8264169787335252,0.8150315621921497,train
0.33725724769240095,0.35306895481619244,0.6903262025085934,0.701875120016454,train
1.604632041963956,-0.2812893603795864,1.3233426815843696,1.1785147195137318,train
-1.8182144786341685,-0.9405187987036757,-2.758733277337844,-6.643444777667188,train
-0.8761472416310787,-0.8286492627795112,-1.70479650441059,-3.1653902985533096,train
1.801645936306235,-1.0994302985774909,0.7022156377287441,0.7120400900804608,train
1.5610551355636653,-0.9981866498765336,0.5628684856871317,0.5893123290871398,train
-0.17737298885714825,-0.08061394805922631,-0.25798693691637453,-0.3304100473624365,train
0.48053039120614693,-0.8589119869329022,-0.3783815957267552,-0.49971839891526293,train
-0.8904752680754693,0.8184624788551439,-0.07201278922032539,-0.08798977195444209,train
-1.2475153611049548,1.7846953864031128,0.537180025298158,0.5657978138021167,train
-0.14520638024007138,-0.6960638896440515,-0.8412702698841229,-1.251614872737022,train
-0.5865910878957887,0.28728540064245245,-0.2993056872533363,-0.38738264148500434,train
0.3346244474034883,0.5996221323635206,0.9342465797670089,0.9000221936984399,train
-1.6890614521400606,0.5664027251031293,-1.1226587270369315,-1.796047112244295,train
1.897579230664666,0.09114632149930489,1.9887255521639708,1.5932352596418402,train
1.9448429779184115,0.8912189020316669,2.8360618799500785,2.13085746839767,train
0.7926468560789806,0.5786987432167886,1.3713455992957693,1.2103849488481144,train
0.14438546537648156,-1.4851949067927575,-1.340809441416276,-2.268825663828692,train
-0.761889534854689,1.0429872772671278,0.2810977424124388,0.3147230687866399,train
1.2551800788277947,1.0647490047200905,2.319929083547885,1.7935947610934075,train
0.7389246902155171,-0.9159433250142979,-0.17701863479878077,-0.22210039010900579,train
-1.3495322426204348,0.04552540253712243,-1.3040068400833125,-2.185807227652412,train
1.6437087379753699,0.8199947913732832,2.463703529348653,1.8832074165835677,train
1.290148971692676,-0.25117658349523386,1.038972388197442,0.979004423746636,train
1.7991996531676961,1.287573657319214,3.08677331048691,2.316242092425205,train
0.9028780335534399,2.836646993543233,3.739525027096673,2.906900570939736,train
0.45366078374315943,-0.9431832391619788,-0.48952245541881934,-0.6651818847984166,train
-0.3270278548375245,-1.6572535237845298,-1.9842813786220543,-3.9529921867170126,train
1.730913933416053,0.36458231472585084,2.0954962481419037,1.6573412929464115,train
1.4642555580016334,0.8658750061513721,2.3301305641530057,1.7998773221011806,train
-1.8191253195752424,-0.27703964861372277,-2.0961649681889654,-4.294087990475104,train
-1.894532102010992,1.7439127959852412,-0.1506193060257508,-0.18771986863456688,train
-0.4941465324878016,-1.6063269596678984,-2.1004734921557002,-4.307528143649141,train
1.2422133231273316,0.8315023476379333,2.0737156707652646,1.6442494310073346,train
1.9491045172597778,-0.727032984910672,1.2220715323491058,1.1097038658203018,train
-1.3983324355858873,2.063253487448756,0.6649210518628688,0.6799680056180218,train
0.3765228614085405,2.391018423801742,2.7675412852102825,2.083133452812822,train
-0.47643657347591395,-0.9199879053400174,-1.3964244788159315,-2.3968612512902343,train
1.8796575912584128,-0.6594685630902961,1.2201890281681167,1.1084030634312272,train
1.3684756925428347,1.0315054643757622,2.3999811569185967,1.8431882419385075,train
1.3533148188445514,-0.4645567797474175,0.8887580390971339,0.8646434835374968,train
-0.12522736082011887,-0.054493461518685865,-0.17972082233880474,-0.22564510430106968,train
-0.3407219906493393,0.030466104650892216,-0.31025588599844706,-0.40267791927935664,train
-0.9063717122771751,-2.3036077874371874,-3.2099794997143625,-8.596942280886545,train
-1.7744980133962915,-0.0166052953130847,-1.7911033087093762,-3.399036832817057,train
1.4588895050202129,-0.8276733288770086,0.6312161761432042,0.6505041479744943,train
1.2516040365203103,-0.5917473868797264,0.6598566496405839,0.6755701756679835,train
1.9988706931445224,1.732358404162577,3.731229097307099,2.8981754852981707,train
1.9865473482956215,-1.5078082731351075,0.47873907516051406,0.5112156963793263,train
0.22172682241050978,0.9758462240975727,1.1975730465080825,1.0927101328424849,train
1.075949660722042,-0.3347555163981702,0.7411941443238719,0.7449817906984053,train
1.779062919529712,-0.33571220219500125,1.4433507173347109,1.2573863069314686,train
1.3985895627096459,0.9484462752620535,2.347035837971699,1.8103112462820228,train
-1.0106075930272094,0.40806155348266854,-0.6025460395445408,-0.8429118367538719,train
-0.19782345875962593,0.6847355966634371,0.48691213790381116,0.5189414764622253,train
-1.48336233939402,1.1618215926394333,-0.32154074675458677,-0.4185276116528097,train
1.8162041090348895,-0.3975700598199873,1.4186340492149023,1.2413557411984197,train
0.4246985378035202,-0.7346840814093003,-0.3099855436057801,-0.40229930512110246,train
-1.0854287779861491,-1.3021806318693576,-2.3876094098555067,-5.255884604657285,train
0.6868027376234269,-0.9904926359747461,-0.3036898983513192,-0.393496573160222,train
0.4725129618315833,3.53891331037047,4.011426272202053,3.2137507691419254,train
-0.567349127868638,1.493615496884144,0.926266369015506,0.8938642363197881,train
-1.545769631201484,-1.6212892394496257,-3.1670588706511094,-8.39787070654311,train
0.6862927823711984,-1.5869495480922842,-0.9006567657210858,-1.3606727570373929,train
0.08123080361517321,0.5782392740621898,0.659470077677363,0.6752340608762468,train
1.0892735669425573,0.6567177568535604,1.7459913237961175,1.446775357111707,train
0.08065400444797355,0.6586606023808372,0.7393146068288108,0.7434066557660428,train
1.4087260012741605,-0.3059469522644374,1.1027790490097231,1.025554042313352,train
0.20762735509794217,-0.15054511200348025,0.057082243094461915,0.06753047675937719,train
0.24375188614154508,0.3934554289912289,0.637207315132774,0.6557751944869726,train
1.50661441063338,0.10307160755199649,1.6096860181853765,1.3628384916473795,train
-0.38606853515041184,-2.663160447297042,-3.049228982447454,-7.865969658485044,train
-1.463939086197437,-0.27575955669023255,-1.7396986428876695,-3.258868147267405,train
-1.884869294746644,-1.0216877211123763,-2.90655701585902,-7.2500309171533175,train
1.020549022694476,0.21025370269021446,1.2308027253846905,1.115726301214255,train
0.48123820541385864,3.582310803124092,4.063549008537951,3.277483185250224,train
0.8163190723968943,0.44097799856916525,1.2572970709660596,1.1338942120548163,train
-1.148143353964357,-0.3762356234068775,-1.5243789773712346,-2.703486507438072,train
-1.454514097652921,1.1061618023727027,-0.34835229528021827,-0.4565411665603339,train
-1.9418213373284723,0.5792254646510552,-1.3625958726774172,-2.3186096753396157,train
-0.5976497647736121,0.5041133885422096,-0.09353637623140254,-0.11490928532006085,train
0.35967074741853233,0.7282207118588052,1.0878914592773374,1.0147938058404609,train
-0.4310238196010707,2.4678522777954495,2.0368284581943787,1.6220995725035823,train
-0.25010031190508375,-1.3570661223910987,-1.6071664342961824,-2.911059160453578,train
1.6166347779749937,0.5683584921737453,2.184993270148739,1.7113125087911263,train
-0.6069781319067986,-1.111657355977846,-1.7186354878846446,-3.2022923318716563,train
0.05595795663924319,0.6666151756106979,0.7225731322499411,0.7293173819497084,train
1.1346120509645723,-1.1024238137833131,0.03218823718125918,0.03831672731730399,train
-0.41382887071491936,-0.5008401763261012,-0.9146690470410206,-1.386850192601202,train
0.48834680091149396,-0.35410789708548757,0.1342389038260064,0.15580160941254034,train
1.4494548349869807,1.170980063213651,2.6204348982006316,1.9842024327444294,train
1.7980824946305685,1.1021453327308965,2.900227827361465,2.1766143844491044,train
-1.4117060762838483,-1.4948608517356614,-2.90656692801951,-7.250072658773316,train
1.7063505006459776,0.06592093319981847,1.772271433845796,1.462772356721303,train
-0.03153482768184723,-0.8514958256990072,-0.8830306533808544,-1.3279865789901262,train
-0.9670224468041666,-1.5102058928104014,-2.477228339614568,-5.573767515186233,train
-0.16345697504695478,-0.2604204605092445,-0.4238774355561993,-0.5663624938130416,train
1.9201303011419082,-0.37017934614698367,1.5499509549949244,1.3254128330925543,train
-0.029527624028521604,2.9120597836146267,2.882532159586105,2.1638878785828206,train
-0.6849935588499672,0.5195517904328354,-0.16544176841713176,-0.20696783087793222,train
0.5336034172669031,-1.6531410009050846,-1.1195375836381816,-1.7896138483750135,train
-1.0394175248872277,-0.6777288050051307,-1.7171463298923584,-3.198311206546504,train
-1.6965466875653443,1.225659954515278,-0.47088673305006634,-0.6368049616371574,train
-1.484481112357403,2.50613132744391,1.021650215086507,0.9661678589501151,train
-1.4878166441689102,-1.9031799746855498,-3.39099661885446,-9.468482804997349,train
-1.3923892259508226,-2.255909262166854,-3.6482984881176765,-10.798940319298206,train
-1.4446913094023595,2.2451582104461387,0.8004669010437793,0.7939809520174278,train
0.5634989792128584,0.46753701284508464,1.031035992057943,0.9731340038672853,train
-1.2724796624034207,-1.0419512782516398,-2.3144309406550603,-5.004167251134575,train
-0.6173308667045472,0.6415549033469223,0.024224036642375157,0.028893513523495697,train
1.5871536396240473,-3.1628972868202534,-1.575743647196206,-2.831408845032568,train
-0.10415343894851059,0.004050607916593198,-0.10010283103191739,-0.1231797246776978,train
0.6702309540841087,0.3933854074117023,1.063616361495811,0.9971180878069568,train
-1.3107205151934807,1.1091241674453958,-0.20159634774808488,-0.2545175982649851,train
-1.230843924765317,-1.2166751427510452,-2.447519067516362,-5.467202498400068,train
-1.8365255349340845,0.10282459368403084,-1.7337009412500537,-3.2427077045648494,train
-1.3242597477113418,-1.1105095512715046,-2.4347692989828467,-5.42183160201355,train
-0.8856386438721655,0.3064605068091805,-0.5791781370629849,-0.8053621463444541,train
-1.2919580628930127,-1.0744155868356289,-2.366373649728642,-5.182117650276098,train
-1.6451898649717775,-0.48972100699226473,-2.1349108719640424,-4.415775957173644,train
-1.5174565155975968,-1.194978473748275,-2.712434989345872,-6.459923440362365,train
-0.1568849278690969,0.7813634901883885,0.6244785623192916,0.6445587360884139,train
-1.17466512637683,1.0301413399879984,-0.14452378638883157,-0.1798456154346233,train
-0.5429205558076982,-0.28154468394889653,-0.8244652397565947,-1.2213023881303409,train
0.013669083419427519,0.045885593952034,0.05955467737146152,0.0704121462728833,train
0.7615793145174612,-1.738309697560253,-0.9767303830427918,-1.5048672807205674,train
-1.8427514406356043,-0.35961197760814445,-2.2023634182437486,-4.632075175299132,train
1.1976415956361706,-0.06024554045009373,1.137396055186077,1.0503450759029946,train
0.511601557963631,3.14495170923597,3.656553267199601,2.8212250438484725,train
-1.6729638722045124,-1.3343604309289963,-3.0073243031335086,-7.681900972338821,train
1.494314496427109,1.757012686502925,3.2513271829300336,2.4487639486393573,train
1.6834896021272527,1.1962305281589696,2.8797201302862225,2.161873178843857,train
-1.755688160580545,0.33676368538816365,-1.4189244751923813,-2.449552713213851,train
-0.8924894074111851,2.11034458103416,1.2178551736229748,1.1067892285924954,train
1.2248051191722453,0.44652656712823546,1.6713316863004808,1.401023827211361,train
0.9930387615346334,0.46699103480151444,1.460029796336148,1.2681459810215194,train
-1.2619159225744907,-0.06374478362105442,-1.3256607061955452,-2.2344899756923895,train
-1.1626027066531588,1.468282658902353,0.3056799522491942,0.3402120130381567,train
-0.5181115888344721,1.3157630805730605,0.7976514917385884,0.7916826238226395,train
-0.06190805923591469,-0.7508127449954549,-0.8127208042313696,-1.2002602151595376,train
0.4730190861211838,-1.5830966335185208,-1.110077547397337,-1.7701705881710368,train
-0.5243454417209104,-0.2435767648747885,-0.7679222065956989,-1.1210603621642914,train
-0.14986113546740842,-0.9600462772771756,-1.109907412744584,-1.769821674666769,train
0.9898837525350261,-0.07622948953842612,0.9136542629966,0.8840901713979633,train
-1.8532671884376084,1.484925761620967,-0.3683414268166414,-0.4852110778373273,train
-0.990252222623917,-0.548761986104148,-1.539014208728065,-2.739649209920966,train
0.8533983435382098,-0.05138805757388985,0.8020102859643199,0.7952396663281499,train
1.5808273507487973,0.06962728177007427,1.6504546325188716,1.3881373725372923,train
0.0467097684626645,1.0181170586463415,1.064826827109006,0.9980033644986133,train
0.12845394106126262,-2.6962672007815263,-2.5678132597202636,-5.906040405445643,train
-1.5713119546408958,-0.7280403537183561,-2.2993523083592518,-4.953165282816728,train
-0.21035053270618143,0.25354043073536725,0.043189898029185825,0.051272295698647476,train
0.13046906582009266,1.4400947477122334,1.570563813532326,1.3383785549930485,train
-1.0301179854610814,-0.5902829370074462,-1.6204009224685274,-2.9449251180250062,train
-0.9230270762024761,-2.251863247250249,-3.174890323452725,-8.433980341186457,train
-0.4908633475815094,0.7436537351593635,0.2527903875778541,0.28498527403262963,train
-1.9197152088890945,-0.7624348665907552,-2.68215007547985,-6.341518662986208,train
-0.7116833376672869,-1.4275999909084336,-2.1392833285757202,-4.429624996852224,train
-1.1542079720138214,-0.7492144676558689,-1.9034224396696904,-3.7158186140721567,train
-0.6900105912883414,-0.22143042918701944,-0.9114410204753609,-1.3808044746676584,train
-1.5209514727229951,-0.7256935974458553,-2.2466450701688503,-4.777185702617743,train
1.5621091229595798,-2.646679268518883,-1.084570145559303,-1.7181604758717635,train
0.37436981421619464,1.0764794362645587,1.4508492504807533,1.262229275558465,train
0.7164092765779584,1.5298500495344667,2.2462593261124253,1.7485022989567063,train
1.1566849544293532,0.7818263896074068,1.93851134403676,1.5630951824380164,train
-0.006231204283770886,-1.3652228045097798,-1.3714540087935507,-2.3389880789985154,train
-1.6523188476503052,-0.24178984073702156,-1.8941086883873268,-3.6889944792826546,train
0.1484261672741911,-0.007825578275349673,0.14060058899884142,0.16292912242790183,train
0.3473644720835165,0.7185532674742923,1.0659177395578088,0.9988008535280853,train
0.98175789673732,0.8020085864616969,1.7837664831990168,1.4697543691080182,train
-0.27336181508128243,-0.8810085585341949,-1.1543703736154773,-1.8619297580011824,train
-1.489678788817745,0.0983946676962725,-1.3912841211214724,-2.3848958485295153,train
-0.8648963768051021,0.5487364855382894,-0.31615989126681276,-0.4109591135012746,train
-0.5476708144054596,1.7469867865761197,1.19931597217066,1.0939238604674884,train
0.5836689653264049,0.8454078477896677,1.4290768131160725,1.248141373448086,train
0.28311321867564754,0.9468680248506227,1.2299812435262703,1.1151604279681373,train
-0.575613096408615,0.10059195351523312,-0.47502114289338193,-0.6430782066674274,train
1.9460609951719188,1.6925509742442044,3.6386119694161234,2.8031548684079137,train
0.4230992774275486,0.49171535515139686,0.9148146325789455,0.8849915848304453,train
-1.051092833056022,-1.0333054922082845,-2.0843983252643064,-4.257498880967145,train
-1.592870109518385,1.6840439641502287,0.09117385463184369,0.1069527189440547,train
-1.388563443262672,0.8374839270468332,-0.5510795162158387,-0.760769838669815,train
-1.0161690864619675,-0.5316528253541787,-1.547821911816146,-2.7615220193387673,train
-1.3572745069617773,-0.575391560879092,-1.9326660678408694,-3.800703254448851,train
-1.253731903794777,0.35589065416891413,-0.8978412496258628,-1.355433512863915,train
-0.8596193252246116,0.5558217543211016,-0.30379757090351,-0.3936468932253278,train
-1.3065056188209807,0.23675071875744771,-1.069754900063533,-1.6882286113427696,train
1.5870616985057007,0.37357040813146186,1.9606321066371626,1.5763762133031658,train
-1.6790650173534312,2.0399488494916564,0.3608838321382253,0.3963394803901263,train
0.09804555828101869,1.2858517826818627,1.3838973409628814,1.2186453156157442,train
-0.35841269204135395,0.22876270951802918,-0.12964998252332477,-0.16073167951102038,train
1.9295144676344256,1.1295726969209798,3.0590871645554056,2.2948493818990787,train
-1.5518443913277906,-1.2390286842330474,-2.790873075560838,-6.772641133000573,train
-0.40857760381703345,0.4775124599361707,0.06893485611913724,0.08131260199792106,train
1.8778817331014754,2.171167619679732,4.049049352781207,3.259586875282238,train
1.462028503575921,-0.2616550744708486,1.2003734291050725,1.0946598899258186,train
1.2682882837971197,-1.0171607143429018,0.2511275694542179,0.28322543521636295,train
-0.9683886918202407,-0.7825066663116728,-1.7508953581319133,-3.28914506191177,train
-1.3164496504397367,-1.307559644810866,-2.6240092952506027,-6.117809520197513,train
0.674572879697724,-0.941714289753244,-0.26714141005552006,-0.3429322730547901,train
1.7175039565103432,-0.44460971830803475,1.2728942382023085,1.144516127824965,train
0.22705157205571913,-1.6866804230143704,-1.4596288509586512,-2.546197694886209,train
0.2864507578795994,0.018742000739523656,0.30519275861912304,0.339709847024704,train
-0.8800836253588633,1.0827326085439766,0.20264898318511326,0.23127490204822648,train
1.0779717327677476,-1.0893074161763043,-0.01133568340855673,-0.013641442236242474,train
-1.2518250057699065,1.8231407083701225,0.571315702600216,0.596982272395856,train
-0.7052830543830253,0.6129505062331136,-0.09233254814991165,-0.11339600574533877,train
-0.2982542455343329,1.2366967027488687,0.9384424572145358,0.903251780154349,train
0.030441514737820086,-0.7894014646225644,-0.7589599498847444,-1.1054168148364558,train
-1.030361070339679,1.025430272479939,-0.004930797859740155,-0.005924257256015378,train
-1.5406527010431859,-1.3103206804743757,-2.8509733815175613,-7.018225423254249,train
0.4424801697665304,1.0682970010038104,1.5107771707703408,1.3006117978973797,train
-0.8454777870389769,0.20620720775223747,-0.6392705792867395,-0.9027871926557803,train
0.3249528856904491,0.6639014639817403,0.9888543496721894,0.9416220591972466,train
-1.3825491389031908,-1.4107135267498219,-2.7932626656530126,-6.7823060386030285,train
-0.07543959258073007,-1.0740838107319255,-1.1495234033126556,-1.8517985447133845,train
0.13035773020634345,0.7166738619040617,0.8470315921104051,0.8315848260690151,train
-1.7927058527102924,-1.138017605069041,-2.930723457779333,-7.352229847081431,train
-0.6535828872243177,0.5558475505189476,-0.09773533670537005,-0.12019474221353438,train
-1.462341292244103,-1.640565367752295,-3.102906659996398,-8.105640794435992,train
-1.746500118108929,1.0178090552000016,-0.7286910629089274,-1.0530728826493452,train
1.959840929559781,-1.4790279777222108,0.4808129518375701,0.5131789570351565,train
-0.7105846201011081,0.6627599252154278,-0.04782469488568031,-0.058081263530641566,train
1.2394977834185394,0.750757120375201,1.9902549037937405,1.5941528960031655,train
-0.9814373809449446,-0.8361261821154898,-1.8175635630604345,-3.4723569192104637,train
0.7260108888957171,0.6984318805016723,1.4244427693973893,1.2451325309434464,train
1.0409114395587462,0.31253071600026716,1.3534421555590135,1.1985510367607666,train
0.3825549624313771,-0.6466102274312859,-0.26405526499990883,-0.3387044379755128,train
-0.11369524579936652,-1.2102656208914497,-1.3239608666908163,-2.2306514745289547,train
-0.35263634341092587,-2.3551508300070947,-2.7077871734180206,-6.441667878031399,train
-0.6045269338280188,0.4195800567596324,-0.18494687706838642,-0.23251416529172245,train
1.7181165769913034,-1.8777633256344661,-0.15964674864316275,-0.19942567018495747,train
1.3224776311509165,0.11441303932956984,1.4368906704804865,1.2532065258185299,train
1.8601076426660503,-0.3161378592986989,1.5439697833673514,1.3216399866890982,train
-1.502811106057821,0.8149713305258345,-0.6878397755319866,-0.9836164577350963,train
0.923469900814577,-0.36245459938783703,0.56101530142674,0.5876255576033586,train
1.7533618272841514,-0.39533734361650963,1.3580244836676418,1.2015857394358174,train
-1.2750677353373594,0.8782448451459547,-0.3968228901914047,-0.5265523434863498,train
-1.73401493053289,0.402069634900941,-1.331945295631949,-2.2487065962526644,train
0.9644825971602362,0.3793871486193339,1.34386974577957,1.1921984170361306,train
0.2978924527196476,0.5631211077702315,0.8610135604898791,0.8427283441587541,train
1.3673151070330882,-1.8426865478485268,-0.4753714408154386,-0.6436103055343099,train
-1.440910493494842,0.9081464159843783,-0.5327640775104637,-0.7320290845499237,train
1.1810692474395608,0.7349625528163227,1.9160318002558836,1.5495894785981807,train
-1.1934907198090219,-1.2200197542917965,-2.4135104741008186,-5.34666129627546,train
-1.345376228537182,-0.29289656840904155,-1.6382727969462234,-2.990959794316696,train
-1.3429368082760282,-0.04716874515315742,-1.3901055534291857,-2.382156242307568,train
1.2582988809255284,-0.16139614128207924,1.0969027396434492,1.0213140301092127,train
0.6607888827848005,0.4006319598822416,1.0614208426670422,0.9955113395807969,train
0.0922616990764773,1.7176401381974202,1.8099018372738975,1.4855976205385055,train
-0.56467806350599,1.2981200732073943,0.7334420097014043,0.738476543541336,train
1.508802163252433,-1.5746630321176875,-0.06586086886525444,-0.08034862293583207,train
-0.43021957030945845,0.7464839883672584,0.3162644180577999,0.35109203570495107,train
1.2663977578863084,1.5947199834424914,2.8611177413288,2.1485976082557117,train
-0.24346036571912633,0.4641702248270431,0.2207098591079168,0.250775548580976,train
-0.4922222823003697,1.3091765102231603,0.8169542279227906,0.8073831534041128,train
-0.14928085732157426,2.4147245348409183,2.265443677519344,1.7602013691788199,train
-0.7944885033434317,1.2284514553283776,0.43396295198494594,0.46834466783025086,train
0.9904375207050045,0.2991703147700746,1.289607835475079,1.1558394813825237,train
0.01088156036991661,1.2541061689017041,1.2649877292716207,1.1391383744532362,train
-1.0711492194127308,0.1738653997162694,-0.8972838196964614,-1.3543970386344306,train
1.5982982930982739,0.028683651941946563,1.6269819450402205,1.3735940343606186,train
-0.46443511450715436,-0.42169708285647906,-0.8861321973636334,-1.3337186094806546,train
0.17421144445595438,1.8760960305985297,2.050307475054484,1.6301908510463459,train
1.6258884438581878,-0.9821143991304015,0.6437740447277862,0.6615357948373368,train
0.4969519836559684,1.838841269613739,2.335793253269707,1.8033691057838612,train
-1.5324078371665437,0.5998369484884456,-0.9325708886780981,-1.4205439122498074,train
1.7593284944539005,-1.6791674097623297,0.0801610846915708,0.09429131673309843,train
0.5108322122856714,0.4411791515897059,0.9520113638753773,0.9136575608533933,train
-0.6603775413716555,-2.520031809181949,-3.1804093505536044,-8.45948491920501,train
-1.442911709346451,0.7506096201972429,-0.6923020891492081,-0.9911375645878528,train
1.176100757081184,1.0622777795867893,2.238378536667973,1.7437044069936025,train
0.4802910237140541,-0.7108271467824643,-0.2305361230684102,-0.293200032954433,train
0.1338443679052861,0.1482572351466988,0.2821016030519849,0.3157700301479208,train
1.5755703322038306,2.3449889205003434,3.920559252704174,3.1065392860824628,train
1.154388844898123,-0.606896045114324,0.547492799783799,0.5752723535975642,train
-1.3933004810689953,-1.2706891044679205,-2.663989585536916,-6.271135116888173,train
-0.7531117288178071,1.7779960829551185,1.0248843541373114,0.9685711513991342,train
-1.006043440742137,2.3551046286369535,1.3490611878948164,1.1956458795449554,train
0.9757851702907079,0.004434806217416791,0.9802199765081246,0.9351059080356464,train
-1.8658702610568825,1.2137556424900275,-0.6521146185668549,-0.9239792854114055,train
0.2795587394852661,1.6097710986370573,1.8893298381223234,1.5335301291041075,train
1.0498347429627621,-0.8909810790460608,0.1588536639167013,0.18325448027030833,train
1.5070625470469978,-0.5823670024414419,0.9246955446055559,0.8926496926253815,train
-0.6316730051363701,1.477049415785682,0.8453764106493118,0.8302611992777985,train
1.2850292186880514,2.0220171344502114,3.307046353138263,2.4958737618595106,train
-1.557473052179171,0.6754570322092257,-0.8820160199699454,-1.32611321959084,train
1.3858091669380728,-1.055777224202465,0.33003194273560776,0.365159378150072,train
-1.4900453506720703,2.3844733340393294,0.894427983367259,0.8690903375357463,train
-0.41085083775853093,-0.6371650773743573,-1.0480159151328883,-1.6446740572589478,train
1.1891814631182145,-0.4021653374057421,0.7870161257124724,0.7829747045611848,train
-1.4003302906049049,0.41080540138754573,-0.9895248892173591,-1.5296228540788896,train
-1.082994419069434,1.864992504857729,0.7819980857882949,0.7788518139054565,train
0.8890102735722651,1.0247711718626684,1.9137814454349336,1.5482368213798208,train
0.8801461461842974,0.4978386004342925,1.37798474661859,1.2147578703560642,train
0.5645905315411892,0.5559462361417274,1.1205367676829168,1.0383107735197503,train
0.7757937778684001,0.05221760237215929,0.8280113802405594,0.8163171504790201,train
0.1708977733903847,0.6697674174222076,0.8406651908125923,0.8264884996245715,train
-0.992803764372189,-3.0354720932331634,-4.028275857605353,-12.970375847704616,train
-0.6172160259843222,-0.35592895088375803,-0.9731449768680802,-1.4979562730313423,train
-1.2736091327942973,0.28958632190013717,-0.9840228108941602,-1.518959149075578,train
1.6338022453345133,-1.3812169003434085,0.25258534499110485,0.2847683461616853,train
0.33356717906448186,0.46358798137387197,0.7971551604383538,0.7912771530063327,train
-0.39659433294544044,-0.24536546518334582,-0.6419597981287862,-0.9072134515696378,train
-0.15197678542346926,2.106570837978588,1.9545940525551186,1.572751750860835,train
1.7891333584472613,1.8876236702578275,3.676757028705089,2.841765521439776,train
-1.3865943875356792,-0.5589666829417954,-1.9455610704774746,-3.8384533029084187,train
0.34491932806718895,-0.18100525388003438,0.16391407418715456,0.18885674263209262,train
0.023554715537863924,-0.08873707873007111,-0.06518236319220719,-0.07950730511927041,train
0.4458169417385913,-0.5419913713915472,-0.09617442965295586,-0.11822865022921618,train
-1.927559264716638,0.23402998083375207,-1.693529283882886,-3.1355031791794628,train
1.488495635776606,-0.9099384826651082,0.5785571531114977,0.6035330448218942,train
1.7284731299344496,-1.3567384019250315,0.3717347280094181,0.4071941011246288,train
0.26053273435683577,0.7472534686803223,1.007786203037158,0.9558305821361196,train
0.786603295507569,0.755435501066173,1.5420387965737419,1.3204209029595166,train
1.6899975247091827,-0.9651789115919908,0.724818613117192,0.7312133377699573,train
0.8289545372535945,1.0744265169151195,1.903381054168714,1.5419835345421027,train
-1.3898438283429546,-0.7578932749983976,-2.147737103341352,-4.456468288406447,train
0.3051534406672527,0.3037982856455774,0.6089517263128301,0.6307860511754494,train
0.4268601855314236,0.9844128151349472,1.4112730006663707,1.2365611768157974,train
-0.3034773147904559,-0.04033507764445561,-0.3438123924349115,-0.4500690101859301,train
0.9457769424988913,0.5456890945693612,1.4914660370682524,1.2883041054159659,train
1.7374680590760594,-0.619715572665086,1.1177524864109734,1.0363161533265495,train
1.7022740516271053,-0.2357599001137166,1.4665141515133888,1.2723167965485944,train
-0.19664251438347158,-0.24703131705640843,-0.44367383143988004,-0.5958293196879967,train
-1.547047816636979,-0.8958940158482867,-2.442941832485266,-5.450889180912372,train
1.9393647958493383,-0.2121289957389385,1.7272358001103998,1.4353267930319704,train
1.3555923457837364,-1.858341958636496,-0.5027496128527595,-0.6854803659395874,train
-1.5013492751869326,-0.5893844965705256,-2.090733771757458,-4.2771782344958975,train
1.6833675304694893,-0.34185059204360496,1.3415169384258843,1.1906342521776927,train
1.4795854482485131,-0.30741570299445614,1.172169745254057,1.0749361221685867,train
0.07535222850428847,-0.2897969350449346,-0.21444470654064612,-0.27162268591749555,train
0.365101742979717,-0.0741170398321547,0.2909847031475623,0.32501192879461177,train
-0.40398918451947896,0.5753298217032766,0.17134063718379766,0.1970529880494164,train
-1.7809534447118747,1.049420488959027,-0.7315329557528476,-1.0579553308272798,train
-0.6592110334163963,-0.7797182722179204,-1.4389293056343169,-2.4968368495277513,train
1.2114137943920458,-1.4438410264669732,-0.23242723207492744,-0.29574721800964393,train
-1.9814719079815886,-1.2504532946917235,-3.2319252026733123,-8.699840361066176,train
-0.6660033132354233,-0.5846435054339125,-1.2506468186693358,-2.0678193485018763,train
-0.40732522563622675,-0.4223055813798109,-0.8296308070160376,-1.2305943676145366,train
0.1495824117516915,-0.9239952794369487,-0.7744128676852572,-1.1324313899753646,train
1.679422465651042,-1.5553399970998734,0.12408246855116856,0.14437554609287095,train
-0.614616022536155,-0.5473449929690258,-1.161961015505181,-1.8778405199502297,train
-0.6121871924150892,0.21771194413676564,-0.3944752482783236,-0.5231227432852696,train
0.9500049924389935,0.7140353590026777,1.6640403514416713,1.3965282413103968,train
-0.19112823644077137,-0.6689076637299854,-0.8600359001707568,-1.2857483880108693,train
-1.1015807082400721,-0.4955973865721208,-1.597178094812193,-2.885625372179056,train
-0.1902419354692264,-1.112037970616773,-1.3022799060859993,-2.1819447438316453,train
-1.4365719184808006,-0.037727004449731705,-1.4742989229305323,-2.5814495621221374,train
-1.2944520539751068,-1.0181143610289776,-2.3125664150040843,-4.9978447552744205,train
-0.0065289090420810325,0.6877533758894401,0.681224466847359,0.6940560099902605,train
-0.32429820198180836,-2.1430397903209335,-2.467337992302742,-5.538160299352815,train
1.6593836042724002,-0.43155560694295486,1.2278279973294453,1.113676435945538,train
-0.5504244035334676,0.3613288070300905,-0.18909559650337704,-0.23797993511867296,train
0.3223534011121738,0.22060141958700522,0.542954820699179,0.57110895599837,train
0.5290571516781215,3.2316403967765956,3.760697548454717,2.9293315664592954,train
-1.9476221736466655,0.41976002948148905,-1.5278621441651765,-2.712072614886136,train
0.6541494880668424,-1.2048655162104123,-0.5507160281435699,-0.7601969589613673,train
-1.2878561325209943,-0.11455709650688763,-1.402413229027882,-2.410835447327683,train
1.8442812698778206,-2.131495600159742,-0.28721433028192145,-0.3705894630478426,train
-1.4053490889875482,-0.09671969915611305,-1.5020687881436612,-2.648794918482184,train
-0.3415035050919051,-0.9996672684009104,-1.3411707734928155,-2.269647453018393,train
-1.6586013276854246,1.098468330672194,-0.5601329970132305,-0.7750713463842128,train
1.9874970073837894,-0.6594483295146418,1.3280486778691476,1.181659281404674,train
0.008780041324970345,-0.14011909895429595,-0.1313390576293256,-0.16289513316898943,train
0.38154006928017514,-0.7626694096852841,-0.38112934040510893,-0.5037012150049698,train
-1.73169409044629,2.0866216222239973,0.3549275317777072,0.39035654639757783,train
0.9998418815967112,-0.385491319341494,0.6143505622552172,0.6355863033091472,train
-1.160377627617657,2.199068452175042,1.038690824557385,0.9787964674016425,train
1.592217157762855,0.9769821145419199,2.569199272304775,1.9507402447125621,train
-1.1794414380719713,0.5784800728024634,-0.6009613652695079,-0.8403520040364524,train
-1.2372491173453337,0.4424797767810236,-0.7947693405643101,-1.168321832801941,train
-1.8538013286076205,0.4725567578595018,-1.3812445707481187,-2.3616038989743493,train
-0.11173221956000301,-2.313207095214732,-2.424939314774735,-5.386998634363376,train
0.2593645330504657,-0.33466007298090783,-0.07529553993044213,-0.0920768175122809,train
-1.7371654422865905,1.0141895654211859,-0.7229758768654047,-1.0432740497310813,train
1.1021104667800423,-0.05867662016892665,1.0434338466111157,0.9822965069990993,train
-0.18684466100788955,-1.68622781616429,-1.8730724771721796,-3.62878154524486,train
0.09756107731032015,-0.06288534069296334,0.03467573661735682,0.04125224664476036,train
-0.23694901224708742,2.0449266195065894,1.807977607259502,1.4844325461183614,train
-0.39694775649869607,1.4962700586416633,1.0993223021429672,1.023060978978546,train
0.23856132523287155,-0.07440481123923809,0.16415651399363346,0.18912478770926225,train
-1.37903901627715,1.141739132469704,-0.23729988380744604,-0.3023213634998511,train
-1.2722874780189155,-0.4398084244416622,-1.7120959024605777,-3.1848277681925015,train
1.4471424840540692,-2.0446459041920626,-0.5975034201379934,-0.8347729501599661,train
1.784461848534531,-1.1093591857554652,0.6751026627790657,0.6887784749239635,train
-0.5067627348809882,1.8754665222098372,1.368703787328849,1.208642593491231,train
-0.9170213074257849,-0.328791698195165,-1.24581300562095,-2.05726882680761,train
0.575998172956063,-0.29206077525002166,0.2839373977060414,0.317683301481772,train
-0.3650633156076144,-0.3598058355298567,-0.7248691511374711,-1.0465171587430306,train
-1.8984545773586206,2.284963907487608,0.38650933012898747,0.42188137852140334,train
-1.3753896105352386,1.9511506984344757,0.5757610878992372,0.6010063203131822,train
0.8638889153895901,2.662536280137761,3.526425195527351,2.693681658896346,train
0.6356957676406054,-0.19085425248006155,0.4448415151605439,0.47884597644189447,train
-1.891616029986066,0.35474938649651405,-1.536866643489552,-2.7343285023057535,train
-1.1121113522682022,-1.8199710593049492,-2.9320824115731514,-7.358002424947919,train
-1.0757008136477144,1.7723213113419292,0.6966204976942147,0.7072633657501537,train
0.6875709743949137,-1.4013354615215219,-0.7137644871266082,-1.0275370210885313,train
-1.9211578489825434,0.2601306765151549,-1.6610271724673884,-3.050075621500962,train
-1.5835656720617046,-1.316763033159413,-2.9003287052211175,-7.2238311344029364,train
1.1996643414927575,-0.7066401920864352,0.4930241494063222,0.5246991740347248,train
-1.2858213517826655,-1.0047149172596403,-2.290536269042306,-4.9234818288559365,train
0.6109844314074988,-0.7294503128109814,-0.11846588140348258,-0.14645243568785052,train
-1.047268875813094,-0.6469472437787743,-1.6942161195918684,-3.1373210302288155,train
-1.6022344289626194,-0.6579225539100925,-2.260156982872712,-4.821960334828219,train
-1.0273112360021837,1.0000006941363686,-0.027310541865815052,-0.032997428447896604,train
0.8890677274226366,-1.325835351675024,-0.43676762425238747,-0.585516956085739,train
1.422785872425143,0.2646497124166402,1.6874355848417832,1.4109345282228885,train
1.3208794582679664,1.46155098276667,2.782430441034636,2.0934083585115424,train
-0.4112658815261807,-0.6158356374160752,-1.0271015189422559,-1.6031794787783271,train
0.6723405462825847,-0.8615026688971222,-0.18916212261453758,-0.23806767259970052,train
-1.1800628183367161,-0.276629550216301,-1.456692368553017,-2.5391682513088445,train
-0.827409078955947,1.4156702500328522,0.5882611710769052,0.6122764680402187,train
1.585343274084479,0.23292915714402923,1.8182724312285083,1.4906633819137451,train
-1.9479923059570559,-0.6374571535291181,-2.585449459486174,-5.972032191648266,train
-1.6579658765821277,0.5806519814256477,-1.07731389515648,-1.7034750497802835,train
-1.1684549794158907,-1.322750579803708,-2.4912055592195985,-5.624312393629556,train
-1.8938711845047211,0.8176314125315375,-1.0762397719731838,-1.7013053388159631,train
-1.2742582596408107,0.4903287692421211,-0.7839294903986896,-1.14916703716567,train
0.3321662438787687,-0.3693701653666609,-0.0372039214878922,-0.045062520074186395,train
-0.3143017976300082,-1.0063029581366771,-1.3206047557666853,-2.2230813145987867,train
1.5706868443078994,-1.0640171067401487,0.5066697375677507,0.537492884590238,train
1.2697742469537636,0.6417808036150923,1.9115550505688559,1.5468984372703138,train
-0.6327305932084961,1.4747766029868743,0.8420460097783782,0.8275950445177942,train
-0.9623062662748301,-0.7647692964345537,-1.7270755627093837,-3.2249028608685744,train
-0.4812303673309324,0.5500640442617811,0.06883367693084874,0.08119529674953828,train
0.36117977005923096,-2.5044324223224823,-2.1432526522632513,-4.442217736910974,train
-0.927745436708495,-0.7015412767886394,-1.6292867134971343,-2.9677698193716155,train
0.49659563139653606,-0.03727071944508234,0.45932491195145375,0.4927414860562643,train
-0.3623533912350383,-1.0916201003782002,-1.4539734916132385,-2.532667691312653,train
0.20818872340792094,-1.1238076497475151,-0.9156189263395942,-1.3886309405177808,train
-0.25549388345873325,-0.8013354677626634,-1.0568293512213967,-1.6622797204368875,train
-0.8221369618323293,0.3506312739916478,-0.47150568784068153,-0.637743310476189,train
1.7938132278486267,-0.22479482208764964,1.569018405760977,1.3374084067455696,train
1.0544231766390433,-2.6858774799899665,-1.6314543033509232,-2.9733555652546033,train
-1.4395472969341898,-2.5448401831620795,-3.9843874800962693,-12.706544065999392,train
1.4738719035916512,-0.7282382134286105,0.7456336901630407,0.7486970314436276,train
-0.05027520700194543,0.5492239032642624,0.49894869626231697,0.5302641540089266,train
1.5782089075763657,-3.2970058112702816,-1.718796903693916,-3.2027240106128847,train
1.1994210237892609,-0.5996762113819567,0.5997448124073042,0.6225718486159504,train
-0.2991459821230662,-0.6314974278209053,-0.9306434099439715,-1.4169026194265093,train
-1.9101227667195304,1.6660053338501373,-0.24411743286939314,-0.31154630417980395,train
-0.9252905624602157,-0.46202617405543633,-1.387316736515652,-2.3756792022507964,train
0.16653685864346768,0.45958678168911415,0.6261236403325818,0.6460121124914839,train
0.5339128793045891,0.16950856810495588,0.7034214474095449,0.7130679246377081,train
-0.9684492582671909,-2.556679775768641,-3.5251290340358317,-10.14837216715862,train
-1.4425757037087035,0.9218486599580847,-0.5207270437506187,-0.7132793788726846,train
1.3397209471971965,0.25847580654754554,1.598196753744742,1.355674578941715,train
1.9376087228142085,0.6099223676095075,2.547531090423716,1.936725879609688,train
0.1027607292107433,4.711485247723592,4.814245976934335,4.402986237695607,train
-1.313282856606786,-2.500935527398306,-3.814218384005092,-11.716053021139945,train
-0.9107706939225242,2.06963597971333,1.1588652857908057,1.0655637110149123,train
-1.926437293810133,-0.3449370232804267,-2.27137431709056,-4.859308618038945,train
1.657195226241996,0.3447946852836111,2.001989911525607,1.6011939473093413,train
-1.5289956684394355,-0.0546146943614906,-1.5836103628009262,-2.8512495977482284,train
0.3060659020570142,-0.5090836000776522,-0.20301769802063796,-0.2564044740948429,train
-0.903779117251176,-0.6837995138865105,-1.5875786311376865,-2.861283258607757,train
0.21671201006317364,0.395410482687611,0.6121224927507847,0.6336067370777414,train
0.6056815534074569,-1.8206084360060149,-1.214926882598558,-1.9903909372003903,train
1.3189672148288065,0.9006950010261187,2.219662215854925,1.7323272809633732,train
-1.1743149129575872,-0.49943328586230473,-1.673748198819892,-3.083372423159056,train
-1.956016685366078,-1.3560832068484292,-3.3120998922145075,-9.082209313626539,train
-1.452457479724771,-0.5400154295949764,-1.9924729093197473,-3.977452700892553,train
1.6000745673924204,1.5085790602350875,3.1086536276275076,2.3333251984620937,train
1.495560310250061,-0.6424021044194678,0.8531582058305932,0.836475963594487,train
0.3896524086812332,0.43014434185154427,0.8197967505327775,0.8096839923235913,train
0.4020674417346135,-0.8771475308585679,-0.4750800891239544,-0.6431677389966837,train
0.6601466981850219,0.9095062199083435,1.5696529180933654,1.3378067667672007,train
-1.2985148855062016,0.822609286548245,-0.4759055989579567,-0.6444218615700753,train
1.6576477836998391,2.2183305999556935,3.8759783836555326,3.0556930877182187,train
-0.32491790043170754,-0.21067673459905858,-0.5355946350307661,-0.7364541230069696,train
-0.4674458870020102,0.8023857657094879,0.33493987870747777,0.3701511946092126,train
0.07567082113135015,0.11768104744673345,0.19335186857808362,0.2211681812183302,train
-1.8121361328997798,1.555046138235617,-0.2570899946641627,-0.3291861947748114,train
-1.3348665249756824,-0.8625988651304765,-2.1974653901061587,-4.616176702746251,train
0.9521344657054818,0.8940063754527373,1.8461408411582192,1.5075023920651907,train
-1.6688053282994941,-0.23363675534001802,-1.9024420836395122,-3.7129903535423696,train
0.4126084378655528,-0.0770258125301973,0.3355826253353555,0.37080403446094057,train
-1.0186035612747162,0.11010298133804743,-0.9085005799366688,-1.3753052933034222,train
-0.4428175438320938,0.30268847571201285,-0.14012906812008097,-0.17418330827396855,train
-0.8452250529172005,-0.1394748517463498,-0.9846999046635503,-1.5202699768245123,train
-0.5773091341402035,0.2576558198046316,-0.31965331433557187,-0.41587053028767756,train
0.876183620736982,1.8937416690746214,2.7699252898116034,2.084775180181013,train
-0.8115131375072999,1.182539622738262,0.37102648523096216,0.40648737386139105,train
0.26561856118758875,1.0429855109962758,1.3086040721838645,1.1686371013077257,train
-0.09579839120360134,-0.5466474312286448,-0.6424458224322461,-0.9080140236852249,train
0.6546846614505926,-1.0670889938739891,-0.4124043324233966,-0.5494154303856437,train
1.747318957299032,1.1463606698853033,2.8936796271843352,2.1718952312496573,train
0.9302883888410012,1.051256151035753,1.9815445398767542,1.5889264096258677,train
-1.140238485636973,1.7672048109011784,0.6269663252642055,0.6467561668918245,train
-1.8752674597548613,-0.7247767511630754,-2.600044210917937,-6.026966853352976,train
-0.9509438228006997,-0.2754583864324165,-1.2264022092331162,-2.0151306359332644,train
0.3803117228010193,-1.967380995030521,-1.5870692722295017,-2.859994410457727,train
-1.7942967460629986,-0.4709653272730475,-2.265262073336046,-4.838937845134491,train
-0.014535011195054626,1.1958846126953366,1.181349601500282,1.0813772577952199,train
0.38737139566755685,-0.5597944550738375,-0.17242305940628067,-0.21608288910191553,train
-0.6630244367321567,0.7685757542409885,0.10555131750883173,0.1233780546091801,train
1.0836488149832877,-0.2286037271973736,0.8550450877859141,0.8379797377545802,train
-1.5736069874649128,0.3888684338658727,-1.18473855359904,-1.9259131703972425,train
-1.699448873056765,-1.3772296677788007,-3.076678540835566,-7.987983893555377,train
0.9127550248144134,0.10225133956068128,1.0150063643750946,0.961221163600446,train
-0.01803473517520615,-3.5893631650808677,-3.607397900256074,-10.580084455501861,train
0.7536095857109442,-0.2242753897943818,0.5293341959165624,0.5585584593820304,train
-0.2606906455850151,-1.956567892458168,-2.217258538043183,-4.680609121512402,train
-1.0143918670435728,1.447193419856179,0.43280155281260635,0.4672202665477428,train
1.2764092706967989,0.9328888233174134,2.2092980940142124,1.7260372788023093,train
1.197663515875917,0.5600051783592972,1.7576686942352142,1.4538896777662735,train
0.778785883417707,1.825207472591256,2.6039933560089628,1.973413093234242,train
-0.9114194510801492,-1.1386998249898046,-2.050119276069954,-4.151871288145439,train
0.3609226674763484,2.0968358374986695,2.457758504975018,1.8794511040465174,train
-0.5561044122398928,1.1186298771124616,0.5625254648725688,0.5890002226807427,train
-1.6336717066934634,-0.28386634466273525,-1.9175380513561986,-3.756666100901967,train
1.6692543018489712,1.362744176619533,3.031998478468504,2.2741540824113264,train
-1.4527254763241544,-1.327552214893961,-2.7802776912181155,-6.729885990025739,train
1.8009494152832097,-0.9894169938332082,0.8115324214500015,0.8029865931779165,train
-0.21597690816817705,-0.7303076678876405,-0.9462845760558175,-1.4465455799738731,train
-1.2594682846455214,-0.6347732496768183,-1.8942415343223398,-3.6893763701595788,train
0.16760378951343258,-1.2678691713123034,-1.1002653817988708,-1.7500918096921163,train
1.4917833435056331,1.46769968051439,2.959483024020023,2.2198551861316727,train
0.9288995456382447,-0.31062528044379795,0.6182742651944468,0.6390673689758899,train
1.226244591445799,0.42300596202825547,1.6492505534740545,1.3873927814957914,train
0.6351334668428694,-0.6844216396964167,-0.04928817285354725,-0.05988059146624921,train
0.7691062580714099,-2.1847239606582205,-1.4156177025868106,-2.4417763037487505,train
1.3967826062612771,0.3240688300697065,1.7208514363309837,1.4314232442730639,train
-1.0013279645632562,-2.294705970503732,-3.2960339350669883,-9.00477184841419,train
-0.042300145427438096,-0.08236085530256233,-0.12466100073000043,-0.15435217428017456,train
-1.115162232721591,-1.6419780465993725,-2.7571402793209634,-6.637079644428324,train
1.950672031986588,2.3847311990769695,4.335403231063557,3.6381190403132386,train
1.776237358746453,1.093635266609666,2.869872625356119,2.1548342658506465,train
-1.8422927545259764,0.1269045495257765,-1.7153882050001998,-3.1936142064154422,train
0.8223006900627539,1.5164480131856022,2.3387487032483563,1.8051928042183016,train
1.7009932696626633,-1.015579172958883,0.6854140967037803,0.6976592904080509,train
-1.2776986194906659,0.6521752544041116,-0.6255233650865543,-0.8802496050439927,train
0.27178092221051786,0.23977252046245617,0.511553442672974,0.542051396156307,train
1.6619531903521674,0.316824097600404,1.9787772879525714,1.5872658948323461,train
-1.8642160856568046,1.5268242001281214,-0.33739188552868327,-0.4409405692839294,train
0.7896810689873597,0.8789905233357627,1.6686715923231223,1.3993843183862473,train
-0.8106039705097969,0.3464683953900279,-0.46413557511976905,-0.6265884865678136,train
1.6975847815061216,-1.9858649234739554,-0.2882801419678338,-0.3720656848430205,train
1.884232980661471,-1.1520555543353563,0.7321774263261147,0.7374131987542367,train
1.7770659564537357,-0.14725072031486897,1.6298152361388667,1.3753526956624746,train
-0.10314313337014491,0.11204684913198149,0.008903715761836573,0.010660711360510873,train
1.4481706039572537,-1.3562444696087086,0.09192613434854513,0.10781507766081753,train
1.3781975941402815,2.894012010694105,4.272209604834387,3.5498894567940784,train
-0.7235981070269775,1.8196728663042874,1.09607475927731,1.02071585578018,train
1.3156618966027094,0.7225419844709802,2.0382038810736898,1.622925116642213,train
-1.8519694611380295,0.0864442335404937,-1.7655252275975357,-3.328918181515668,train
0.38507951392821216,-0.254650763881382,0.13042875004683013,0.15152194287449086,train
-1.0799646508491878,-1.1423021520266827,-2.2222668028758705,-4.696990954762318,train
-1.5177324568908848,0.09297662222263504,-1.4247558346682496,-2.463293430886592,train
-1.6921871934831634,0.3093030481713008,-1.3828841453118625,-2.365400750216952,train
0.785155103512559,-1.4901126905779492,-0.7049575870653901,-1.012555633743687,train
-0.6405001449277354,0.4010117006938769,-0.2394884442338585,-0.30527933712939836,train
0.8990670861150458,-0.1863108585896985,0.7127562275253473,0.7210058133169739,train
-1.7385746368042305,-2.289369069452869,-4.0279437062570995,-12.9683660941832,train
-0.7388386486775587,-1.0324620129354023,-1.771300661612961,-3.344685929761639,train
0.15796516950134887,-0.49632664010597305,-0.3383614706046242,-0.44231723476650353,train
1.1628926593558542,2.265225188808228,3.4281178481640824,2.6025044965869752,train
-0.7249899882717203,0.6678637494405097,-0.057126238831210596,-0.06953983005520271,train
0.5035655057480364,-1.6025778829198696,-1.0990123771718332,-1.7475342215085967,train
1.5439109929447485,0.5832435473011643,2.127154540245913,1.6763955176396412,train
0.46345275272921826,-1.8567647867260386,-1.3933120339968204,-2.389613084124836,train
-1.068162100985465,1.2992292646644878,0.2310671636790229,0.26187984347010834,train
-1.902396873773848,-0.5653495821814543,-2.467746455955302,-5.539628252378489,train
1.4803954956037195,-0.11236342648700501,1.3680320691167145,1.2081993643487667,train
-1.9149223565984514,1.590955977050628,-0.32396637954782337,-0.4219460018344296,train
1.4988066907367976,-1.5445962823011,-0.04578959156430229,-0.05558131620722198,train
0.11574853610884794,-1.6765418221355894,-1.5607932860267415,-2.7938851761569348,train
1.7562707940515847,-0.7003191916152058,1.0559516024363789,0.9915028726084604,train
1.1951329430946616,1.2460546212231798,2.4411875643178416,1.8690063186226313,train
1.9917364421333499,-1.8232152905722108,0.16852115156113912,0.1939448631149392,train
-0.5971527381931594,-3.3985867177326825,-3.995739455925842,-12.774453068700359,train
1.0687531557245076,-0.5413906300907985,0.5273625256337091,0.5567349328513956,train
-0.39227634556303137,0.6620889598931045,0.2698126143300731,0.3029175855000617,train
-0.08049751878436462,1.440314099686595,1.3598165809022305,1.2027714760419765,train
0.5100218528734803,-0.5557936345024788,-0.04577178162899842,-0.05555944947511765,train
1.494708456745355,-0.49371192853920287,1.0009965282061521,0.9507472472438252,train
1.9363338767971805,1.3846808811068967,3.321014757904077,2.5078726758077563,train
1.0730936554580728,-2.2436900396345045,-1.1705963841764317,-1.8960076003820745,train
-0.32893287133066496,-0.4662249302196111,-0.795157801550276,-1.1690100975686137,train
-0.3145719908917193,0.22850866791006927,-0.08606332298165001,-0.1055299293490281,train
0.950329206355566,0.5390624655420411,1.489391671897607,1.2869786908965677,train
-1.0448914169267907,-0.611768031829059,-1.6566594487558497,-3.0386842905988365,train
-1.5581035474744214,0.04132921404700962,-1.5167743334274117,-2.6847853973134708,train
-0.5815113694368939,-2.9859928240955873,-3.567504193532481,-10.369327547802255,train
-0.8510440333836731,-0.789898094800618,-1.640942128184291,-2.9978653848235854,train
-0.8147675181760397,0.5442104550653608,-0.27055706311067884,-0.347619067114228,train
-1.0655689958003602,-1.1787528411056154,-2.244321836905976,-4.769510623836357,train
-1.8316272414545525,0.07078106590751684,-1.7608461755470357,-3.316171342901945,train
-1.9285042610663448,0.5362470009632376,-1.3922572601031071,-2.3871589963825475,train
1.9508895589441262,-0.41105904102931795,1.5398305179148082,1.3190261294052892,train
-0.2889074650565506,0.20455652519588507,-0.08435093986066555,-0.10338566033812224,train
-0.4626934113612733,-1.1552790783415348,-1.617972489702808,-2.938696729677489,train
0.7185891307722794,-0.24793353563525597,0.4706555951370234,0.5035446108544979,train
-1.1269844485397433,0.732259403507067,-0.39472504503267636,-0.5234874756429841,train
1.7998447358009013,0.18836755316212106,1.9882122889630223,1.5929272914826134,train
1.1453800576622082,-0.7038375234767226,0.4415425341854856,0.47566725059153625,train
-1.642355990750962,0.2690596851489516,-1.3732963056020102,-2.343236299692028,train
-0.32967689686028656,0.8575317487639416,0.527854851903655,0.5571904284043137,train
1.5164732302486588,-2.4599295342929737,-0.9434563040443149,-1.4411694891392641,train
1.7789280891656412,1.3908888779470772,3.1698169671127183,2.381933253088847,train
-0.1303939550005211,-0.40350568641728635,-0.5338996414178074,-0.7338035911621125,train
0.4536455568428308,0.5105879198882763,0.9642334767311072,0.9229809332144701,train
-1.331864215631699,1.4366963083742734,0.10483209274257432,0.12255918500762655,train
1.9646745045479062,-1.646008436676559,0.3186660678713471,0.35355285869566266,train
-1.0733131944662264,-0.8513292029130559,-1.9246423973792823,-3.7773130561833486,train
1.7709270965405026,-0.34625843505084575,1.4246686614896569,1.2452792863537536,train
0.5985865959694738,-0.9405042253493139,-0.34191762937984005,-0.4473720944284829,train
0.4309471795154365,2.08192389100417,2.5128710705196067,1.9144678389044185,train
0.05075404406603434,-1.0281265125921513,-0.9773724685261169,-1.5061061366865316,train
-1.0773207531289652,-0.6666561353842398,-1.7439768885132052,-3.270420277693172,train
-1.293887871977967,0.24526683792357212,-1.0486210340543949,-1.6458805656529685,train
-1.1180551637192986,-1.4425794312913065,-2.560634595010605,-5.879301159695225,train
-1.254246951422982,-0.4748168541075166,-1.7290638055304985,-3.2302408466514807,train
1.1183378942670132,0.3809439135002102,1.4992818077672234,1.2932921137480764,train
-0.5994989633330796,-0.3994324852590135,-0.998931448592093,-1.5479168385045279,train
-1.7686292937464145,-0.11206423067993794,-1.8806935244263525,-3.6505360837192096,train
1.8764105205632453,-0.635198534938045,1.2412119856252004,1.1228832304430587,train
1.5351435398537028,-1.8173643710169203,-0.2822208311632175,-0.363683501328569,train
1.7110091327808519,0.3859118536070863,2.0969209863879383,1.6581981140577147,train
1.9796312905857412,2.1059196859766898,4.0855509765624305,3.3048881700019486,train
-1.3044190031220508,0.022081956940125755,-1.282337046181925,-2.13755394719207,train
-0.415031924389365,0.2703169406970594,-0.14471498369230557,-0.18009224252779382,train
1.0329539028163652,0.8312673061402313,1.8642212089565966,1.5184075652983868,train
0.7840824722151689,-1.523196595856039,-0.73911412364087,-1.0710123758900063,train
-1.3844163746405798,2.0430175897555265,0.6586012151149467,0.6744783869347546,train
1.263332499962471,0.2427945557073624,1.5061270556698334,1.297653193929412,train
-1.1022377126533573,1.9582282789069305,0.8559905662535732,0.8387327885943375,train
-1.1047295407095077,-0.8796395946287873,-1.9843691353382948,-3.953253809423214,train
0.1478976915736543,2.1816743070693896,2.329571998643044,1.7995330668474057,train
0.3717597393668126,0.9301865928417397,1.3019463322085523,1.1641604573491635,train
0.3203448313512447,0.6636481030228301,0.9839929343740748,0.9379560617866234,train
-1.6340526504089805,0.2808293452237775,-1.353223305185203,-2.29713398697412,train
1.5098434505215215,-0.2982343416893392,1.2116091088321823,1.1024638454070506,train
-0.9375998296451757,1.440637990168647,0.5030381605234713,0.5340962000485716,train
-1.4819403148687833,0.16843184381765636,-1.313508471051127,-2.2071116203442838,train
1.5549923194759088,-2.3604836443045825,-0.8054913248286737,-1.1873652661274898,train
1.8226059929190135,-1.340623754048403,0.48198223887061054,0.5142850125410284,train
1.4485104690618025,-0.22301490263129675,1.2254955664305056,1.1120677400031043,train
1.2380642988995123,0.3719987797986661,1.6100630786981784,1.3630733361266516,train
0.6209679225560869,-0.067906186679875,0.5530617358762119,0.5803693490184776,train
0.20342948243655723,1.4627649477523958,1.666194430188953,1.397856924497928,train
-1.6520529603543594,-2.3413222368463495,-3.993375197200709,-12.7602906678777,train
-0.3661871477172052,0.1723055238061922,-0.19388162391101296,-0.2442993752476466,train
-0.5092459319507441,-2.1815750704645858,-2.69082100241533,-6.375287353351676,train
-0.9609848649586952,0.9116547545810021,-0.04933011037769308,-0.05993217253219602,train
0.8936804547543398,-0.1133504573304033,0.7803299974239365,0.7774792537526378,train
-0.01649705968491677,0.5035319664289417,0.48703490674402494,0.5190572950353298,train
-1.6758151363694083,-1.0366595527077194,-2.7124746890771276,-6.460079503364202,train
-1.1192671922007547,1.5353579179893013,0.41609072578854667,0.45097134373005576,train
0.7330350546383837,1.2500695968706215,1.9831046515090052,1.589862549764176,train
-1.6954765620387993,0.7002531636142652,-0.9952233984245341,-1.5406958886438877,train
1.4048276561950748,-0.15542069623612892,1.249406959958946,1.1285003486456198,train
-0.0194138919441027,0.6958287423541586,0.6764148504100559,0.6899109482922348,train
-0.077653690693408,-0.8482710815848187,-0.9259247722782267,-1.4080021956005673,train
0.3696311386380704,1.0266667908248543,1.3962979294629247,1.226777609852485,train
1.2987238637005967,1.979377073188705,3.2781009368893015,2.471252140477667,train
-0.6087631683912278,1.2847326719750234,0.6759695035837956,0.6895266718427178,train
0.7120646102362542,-0.8755229637688914,-0.16345835353263716,-0.20438398343176142,train
0.26292785598316426,0.43370078072772345,0.6966286367108877,0.7072703231291483,train
-0.9318869193223147,-1.5517698525103774,-2.483656771832692,-5.596981582523876,train
1.514519945420632,0.6868683734108109,2.2013883188314427,1.7212413791685242,train
1.1897040864277124,0.5407240954350466,1.730428181862759,1.4372774338649914,train
0.633807338633702,-2.2437796074385967,-1.6099722688048947,-2.9182232023432,train
1.4023269163769676,-1.3941406126948366,0.008186303682131024,0.009803487178653952,train
1.4691768038392095,-0.33976667609252054,1.1294101277466888,1.0446539100840908,train
0.8334519068601391,-0.3610316965689915,0.47242021029114767,0.5052217531466825,train
1.3480533134546882,-1.4513723225025663,-0.10331900904787816,-0.12724040172561266,train
0.7898858466771346,0.4667744752226205,1.256660321899755,1.133459432085323,train
0.7205630870412016,0.3017683307286145,1.0223314177698162,0.9666743163196354,train
0.4744455128607372,-0.23312295837422314,0.24132255448651407,0.27281878274849203,train
1.010866558230565,-0.9069498001900355,0.10391675804052947,0.12151661012445118,train
-1.3655795788277052,1.2584485516998762,-0.10713102712782896,-0.13206182709053244,train
1.5234830367957137,1.9864885357059543,3.509971572501668,2.678120771053198,train
1.487374110980928,-0.5802737806158444,0.9071003303650835,0.8789906076542976,train
-1.8830108678617634,-0.7346003005857848,-2.6176111684475485,-6.09347882857443,train
1.3032670022590507,0.5894491984943955,1.8927162007534462,1.5355679796255892,train
-1.4845205301062192,-0.42963525569638344,-1.9141557858026026,-3.7468572645903944,train
-0.6595245829634324,-0.16727664079588098,-0.8268012237593134,-1.2255016243198882,train
0.9740330251664311,0.8875837820696056,1.8616168072360368,1.5168375830708398,train
-1.3569604158067672,-2.2912273050087513,-3.6481877208155185,-10.798343793343285,train
1.2718680964762488,1.5819627898232032,2.853830886299452,2.1434218280438735,train
1.3285367118309677,0.0872166291952096,1.4157533410261773,1.2394805454068687,train
0.029870935043344815,-0.4937917734746162,-0.4639208384312714,-0.62626408057752,train
-1.9744565131326657,-0.10708098506573871,-2.0815374981984043,-4.24862861730949,train
-0.8518474673003489,-0.045084773975377516,-0.8969322412757263,-1.3537434595386706,train
0.4677076735029688,-2.0774415641339106,-1.6097338906309417,-2.9176142281372344,train
1.924744712109694,1.793925872943883,3.7186705850535766,2.8850352657128218,train
0.5272541080666735,0.04959075872474216,0.5768448667914157,0.6019860965277695,train
-0.9607856757433608,0.5316025565368502,-0.42918311920651064,-0.5742319248157771,train
0.5360228123984454,1.1418597246888513,1.6778825370872967,1.4050583823321798,train
0.1599415188634219,-1.2253949490723601,-1.0654534302089382,-1.6795760777148279,train
1.1193815806045744,0.5681662788422741,1.6875478594468485,1.411003537720612,train
-1.5720774446921664,-0.3211693090785523,-1.8932467537707187,-3.686517185296546,train
1.044111610008112,1.0161249302597923,2.0602365402679044,1.6361528523967106,train
0.1650663147044411,-2.552672904421794,-2.387606589717353,-5.255874768958476,train
1.8519680154359786,-0.1189131602895228,1.7330548551464557,1.438881791402648,train
-0.6325113358452557,-0.7233847869407539,-1.3558961227860096,-2.3032492886578364,train
0.5304875725357925,0.5187155407609866,1.049203113296779,0.9865451489237669,train
1.7281124220400699,0.5640530248418425,2.2921654468819126,1.7765462397277378,train
-1.589961088037283,-0.8491510737864313,-2.439112161823714,-5.437261649037345,train
1.7489139489458045,-0.8546086370112522,0.8943053119345523,0.8689942411801594,train
0.7515428892032534,-0.13279844226879534,0.6187444469344581,0.6394840804554139,train
-1.7286517635793124,-1.0759706727782496,-2.804622436357562,-6.828363990985505,train
-0.796145732212735,1.0103804345425522,0.21423470232981723,0.24380432172414232,train
0.8326883545811263,-0.4430486405369354,0.38963971404419095,0.4249796624921266,train
-1.7305975941249132,-3.4883858631859694,-5.218983457310882,-21.54179498187453,train
0.3286818407050931,-0.44978646794616733,-0.12110462724107424,-0.1498142599369072,train
-0.6164677721881731,-1.2462525850127668,-1.8627203572009399,-3.5993391352485826,train
0.48366207106990844,-1.9575309785531345,-1.473868907483226,-2.5804130576784106,train
-1.8170318647499486,-1.4849119658670868,-3.3019438306170352,-9.033209632931921,train
1.486147224609505,0.13129016619956407,1.6174373908090691,1.367662953211883,train
1.8939558767095876,1.5943689938978773,3.4883248706074648,2.657835156068869,train
1.875511421142766,0.375821368637976,2.251332789780742,1.7515934855033357,train
0.9986073269716988,-0.7278040658588876,0.2708032611128113,0.3039565512845072,train
-1.4796550394774721,0.5470850342048432,-0.9325700052726289,-1.4205422426175218,train
1.0330527837160903,-0.5509083722627901,0.4821444114533002,0.51443836614018,train
-1.901652334164794,-0.8335204429957735,-2.7351727771605674,-6.54967301167116,train
-1.911505793884011,-1.3852352018795813,-3.2967409957635923,-9.008171225158687,train
-0.705559123401835,-2.102194568102063,-2.807753691503898,-6.841092282254299,train
-0.045427238381337,-0.46790844787133434,-0.5133356862526713,-0.7018204263926924,train
1.0816296712311728,0.1896641879041582,1.271293859135331,1.1434287069086568,train
0.7331815064260208,-0.11594840401786766,0.6172331024081531,0.6381442836851621,train
-0.21638917449300665,-0.4991603135368303,-0.715549488029837,-1.0305811695254898,train
-0.9054933348733365,-1.1348952728361372,-2.040388607709474,-4.122147861082928,train
1.9884980006308446,0.7298954300219622,2.7183934306528066,2.0495738101069403,train
-0.2952747910561082,-1.580558303935902,-1.8758330949920101,-3.6366540204874997,train
-0.19445190268129808,0.9312334966121704,0.7367815939308723,0.7412817657823754,train
-1.3455047152333233,-1.2026604227120696,-2.548165137945393,-5.83302219549109,train
1.1792381949997175,-0.9029222848236419,0.2763159101760756,0.3097287901956616,train
0.7747289031259545,-1.7601422287388124,-0.9854133256128579,-1.5216515767453116,train
-1.1169215488449584,-0.601682576262764,-1.7186041251077224,-3.202208460906675,train
-1.6704758175366292,1.1703749501735745,-0.5001008673630547,-0.6814050873860823,train
0.7219972082988524,0.6187537061327477,1.3407509144316,1.190124757605716,train
0.6180448571245409,1.174106534433642,1.792151391558183,1.4748418710906537,train
-0.9069618920071627,0.626571055120723,-0.28039083688643973,-0.36115691334710653,train
1.8034542490016414,-1.324403794236443,0.47905045476519836,0.5115105928466961,train
-1.395768432876399,-0.3969470691930688,-1.7927155020694678,-3.4034813058257076,train
-0.27066079582959235,-0.9362389549409552,-1.2068997507705475,-1.9731607352186935,train
1.7744636806703955,1.5966898848468483,3.3711535655172438,2.5515848319166006,train
-0.3210907322955108,-1.4361463757115738,-1.7572371080070845,-3.3063562698085582,train
0.5541037906563422,1.072437227266933,1.626541017923275,1.373320264454846,train
-0.4096224081488229,1.071544644130523,0.6619222359817001,0.6773651342902384,train
-0.9031391906053199,2.1955442420593045,1.2924050514539847,1.1577287235086364,train
1.935910591839313,-0.49162391115539683,1.444286680683916,1.2579913142552162,train
-0.3626639747398279,0.8547865914961945,0.4921226167563666,0.5238509668057422,train
1.5763968147165377,2.7379822038466113,4.314379018563149,3.608458641895613,train
-1.0801815764356553,-0.741170012320436,-1.8213515887560914,-3.4829188386936774,train
-1.1475811838996668,-1.8420482970388314,-2.9896294809384982,-7.604968847065415,train
-1.8754636684619546,-2.2560120406893165,-4.131475709151271,-13.604525164343647,train
0.6066673015035402,0.8552544346335976,1.4619217361371377,1.2693635996371242,train
-0.5258946251049554,-2.2597802496703006,-2.785674874775256,-6.751644895739203,train
1.4574329993585482,-0.4467828635255074,1.0106501358330409,0.9579706484655837,train
-0.10716037323377137,0.5247758244467529,0.4176154512129815,0.45245940431178455,train
1.872773711658887,0.22221064419589687,2.094984355854784,1.6570334610880961,train
-1.2578979371875154,0.5105338370210067,-0.7473641001665087,-1.0852749763473533,train
1.4744926718224431,0.26674782696102484,1.741240498783468,1.4438780180085395,train
1.106387411166967,1.534638975976072,2.6410263871430386,1.9977861946991293,train
1.083687378576208,-1.1427796568865562,-0.059092278310348245,-0.0719686203877095,train
1.3791329124675507,-0.8123941661502375,0.5667387463173131,0.5928302740338682,train
1.0440959637719955,-0.9271913343249887,0.11690462944700686,0.13626543260102403,train
0.5048812865256616,0.9962301742351322,1.5011114607607938,1.2944584636527812,train
-1.4750204892704497,1.0804783060740764,-0.39454218319637335,-0.5232204716658169,train
-1.8698952820349923,0.5414703831822097,-1.3284248988527825,-2.240738107480916,train
1.6833913912627474,1.4201924002679134,3.103583791530661,2.32935285457033,train
0.46660125808295216,-1.4136490408516569,-0.9470477827687047,-1.4479975244534673,train
1.1861491639047053,2.0006689338613644,3.1868180977660696,2.3956747305094384,train
-0.07391059394979971,1.8278863460547097,1.75397575210491,1.4516408843334068,train
-1.530767244150422,0.8827463966948961,-0.648020847455526,-0.9172105252994646,train
-1.4992568311897982,2.138158690525272,0.6389018593354736,0.6572634013828693,train
0.7422611489158855,-1.9879478492133285,-1.245686700297443,-2.0569934516701087,train
-0.2787764204021492,-0.6293377635151822,-0.9081141839173315,-1.3745832204655781,train
-1.1979010931986531,-0.8823641528183427,-2.080265246016996,-4.244687099363263,train
-0.03362181303425249,0.8657751885088119,0.8321533754745594,0.8196527253390157,train
-1.7431642516994637,-1.2601688875225747,-3.0033331392220384,-7.6645074898302,train
0.3278856076575951,0.9089941792049826,1.2368797868625778,1.1199076254592204,train
-0.9240263822596093,1.644643372796056,0.7206169905364468,0.7276641528378031,train
1.1902364025487526,0.8342434801007992,2.024479882649552,1.6146886630861523,train
-0.7585521643057049,0.3405012283938013,-0.4180509359119036,-0.5577441653209504,train
-0.17911940367279522,-1.185448009080899,-1.3645674127536942,-2.3231384059446,train
-1.9535178403675975,-1.0162211593504376,-2.969738999718035,-7.519050059334528,train
-1.7102124488217645,1.499542686356,-0.21066976246576452,-0.26658573422819054,train
-0.4300257743732607,0.9352188046863987,0.505193030313138,0.5361124052188732,train
-0.08024466113150597,-0.046823423253052936,-0.1270680843845589,-0.15742817464049663,train
0.4000821924772149,-0.5014914549190687,-0.10140926244185378,-0.1248284103068382,train
-0.8333496851627871,-2.430969447733652,-3.264319132896439,-8.853110008688525,train
0.7799275445061702,-1.2850229024213264,-0.5050953579151563,-0.6890938554111145,train
1.4404895887568183,2.293702904567668,3.7341924933244863,2.9012880679014654,train
1.1194039555733992,-1.5365466852029601,-0.4171427296295609,-0.5564030024115948,train
-1.8415246986065714,0.22737578546529677,-1.6141489131412747,-2.9289030801974447,train
-0.07797221096868423,1.208932767834238,1.1309605568655539,1.0457601205790081,train
-1.5802792863273005,-1.5059072016027508,-3.0861864879300516,-8.030514315660678,train
-1.0318199365498901,0.22165256973729994,-0.8101673668125902,-1.1957007136580329,train
1.9466503730685858,1.125498645012786,3.0721490180813715,2.3049113641989996,train
-1.430017828393947,0.014999186288700402,-1.4150186421052466,-2.4403687154550484,train
-0.004447386194575742,3.442083666800122,3.4376362806055463,2.6111469632511377,train
0.4726229372724764,-2.002319110653834,-1.5296961733813577,-2.7165987099390465,train
0.8098598821764158,1.2704742358606547,2.0803341180370705,1.6482263929170413,train
0.2385947339476564,-0.20736208487575725,0.031232649071899155,0.03718805871454179,train
-1.9609166103232654,0.9263041858040101,-1.0346124245192554,-1.6180354101002656,train
-0.6941547670240324,0.529568582039095,-0.1645861849849375,-0.20585292623594384,train
0.07084657353884571,-0.8797874365319959,-0.8089408629931502,-1.193512582805077,train
-1.6485340034206666,0.27479567095120827,-1.3737383324694583,-2.344256096725257,train
-0.597492275163277,-2.2294817416779447,-2.8269740168412216,-6.919531463880347,train
-1.8671875648345337,0.7238970006856725,-1.1432905641488613,-1.838803187112763,train
-1.685686011379917,0.3577901591886308,-1.3278958521912863,-2.2395416696588475,train
-0.41230689519361574,0.7663922023717228,0.35408530717810704,0.38950914432551026,train
-1.4691369838277586,1.26974199010458,-0.19939499372317848,-0.2515978824566184,train
0.2701633930462326,0.44114380825165306,0.7113072012978856,0.7197758372943811,train
0.757859876549063,0.17770730375793142,0.9355671803069944,0.9010392720653377,train
1.2023467964363315,-1.0572820039935507,0.1450647924427808,0.16791724840988467,train
-1.1993990230207596,-0.8546649163788611,-2.0540639393996205,-4.163953465125125,train
-1.330069670963721,1.4240815442127972,0.09401187324907623,0.1102043231441435,train
-1.581728638662399,1.7236024868471742,0.14187384818477522,0.16435294436219675,train
0.5457209981745468,-0.2857325235744649,0.2599884746000819,0.29258665058026034,train
0.8259029059476046,0.05520329670392894,0.8811062026515336,0.8586252591705513,train
-1.8736554206974319,-1.0855372499925193,-2.9591926706899514,-7.473733648399325,train
1.7448489849747593,1.4073082143209337,3.1521571992956927,2.367766807219894,train
-1.7921148653941104,0.7985001884301344,-0.993614676963976,-1.5375669546201451,train
0.16518534120428185,2.329460923756499,2.494646264960781,1.9028391359258472,train
0.8362420778036657,-1.0539876926156866,-0.21774561481202093,-0.2760348839103871,train
1.4838764949843424,-0.4536094788218606,1.0302670161624818,0.9725642346507275,train
0.8563477285297112,0.27773510703068677,1.134082835560398,1.0479859240987588,train
1.2069123322791673,0.7757874452709248,1.982699777550092,1.5896196076342186,train
-0.6421992298287758,-0.2588011650571588,-0.9010003948859345,-1.361312670473845,train
1.259300454986049,-1.0475533085444404,0.21174714644160852,0.24112022331685398,train
-1.6795406144612994,1.0576890347082852,-0.6218515797530142,-0.8742551931182896,train
1.5792666242421105,0.8653624350546979,2.4446290592968083,1.8711724826802207,train
0.19036950461494495,-1.0995289206764698,-0.9091594160615248,-1.3765367857025703,train
1.2691910798499748,1.6265313613265948,2.8957224411765696,2.1733662075592424,train
-0.19072686192679944,1.4042384510359245,1.213511589109125,1.10378228179096,train
0.5743107807860999,0.16115579669735144,0.7354665774834513,0.7401776682806273,train
0.10561064374445284,0.09551743485124366,0.20112807859569648,0.22962474983514797,train
0.9263580870213275,0.6648693253390886,1.591227412360416,1.3513212540590969,train
-1.6734800718776417,-1.0340436843075098,-2.7075237561851515,-6.440634148994947,train
-1.7585916640377448,0.03603777499689861,-1.7225538890408463,-3.2127796344436743,train
-1.0115870639594142,-2.5828602535310163,-3.5944473174904306,-10.511374462526913,train
-1.3618212795472466,1.0517467746035225,-0.3100745049437241,-0.4024238897642029,train
1.4871342663688067,-1.8737918669302311,-0.3866576005614244,-0.5117306955256798,train
-1.1231440505678227,1.8041037941147988,0.6809597435469761,0.6938281023665048,train
1.9034610232765252,-0.3961441127597404,1.507316910516785,1.2984105347523247,train
-0.6524168329155726,-0.25400037831741223,-0.9064172112329849,-1.3714135654844357,train
-1.2715283372452029,-0.7532806873014067,-2.0248090245466095,-4.074797129741673,train
1.1587940285699165,-0.34564664870649164,0.8131473798634249,0.8042972619496407,train
0.6348311020035045,1.7022376141776439,2.3370687161811485,1.8041560382015946,train
-0.007217134187444074,-2.9853703878420954,-2.9925875220295395,-7.617796909086877,train
0.22145420375052494,1.5323584633058254,1.7538126670563503,1.451541551642464,train
0.8768071130890553,0.40562817732204975,1.2824352904111052,1.1509875026421184,train
-1.086181034674805,-1.4484259774286585,-2.5346070121034634,-5.782943489441137,train
1.9853356642269677,-1.2903748716590855,0.6949607925678822,0.7058440783042526,train
1.8991726485871325,2.0116716326498434,3.910844281236976,3.095362326349665,train
0.6013027453877475,-1.1346082559312773,-0.5333055105435298,-0.7328750410664787,train
-1.2018301962834195,-1.3840206127151513,-2.585850808998571,-5.97353894925562,train
0.7209129697251653,1.364777450837675,2.08569042056284,1.6514457129251219,train
-1.7112063640832966,0.40626345154309706,-1.3049429125401995,-2.1879020952271606,train
-1.8773899911767757,-1.1255106918436786,-3.0029006830204543,-7.662624282830777,train
-0.9692684459551453,0.2599499704855428,-0.7093184754696025,-1.0199660464297462,train
-0.14950817304273478,-1.2309032203683328,-1.3804113934110676,-2.3596755102899127,train
1.473090021633522,1.320985678107126,2.794075699740648,2.1014808883031613,train
0.9086762790652321,1.2736451578477601,2.182321436912992,1.7096958904615835,train
0.9708260847999242,0.6384074385863318,1.6092335233862558,1.3625566424773419,train
-0.2980266622076986,0.43399327349641986,0.13596661128872128,0.1577395379199637,train
-0.6162600298121483,2.1134257498408484,1.4971657200287,1.2919425428941658,train
-0.5158449480615892,-0.0003764071341296545,-0.5162213551957189,-0.7062892216682398,train
1.9505982549442313,-1.4182489505049614,0.53234930443927,0.5613437081157902,train
-1.83956323435007,0.5393686953987682,-1.3001945389513019,-2.177284521481576,train
1.4681259844897943,2.5032564594445366,3.971382443934331,3.1659034502376016,train
0.31470163428957365,-1.2177113918230225,-0.9030097575334488,-1.3650566055203088,train
-0.24553832324163816,-0.4337553200327829,-0.679293643274421,-0.9692569860389705,train
0.901030641660546,0.49973524572174316,1.4007658873822892,1.2297008375779668,train
-0.0533242343011886,-0.06468581880688698,-0.11801005310807558,-0.14587214811877236,train
1.4936929523266422,-1.1787642964527774,0.31492865587386487,0.3497221016838283,train
1.602807456045034,1.346229427476565,2.949036883521599,2.2121606303570793,train
-0.31311629250617834,2.784048866420711,2.4709325739145327,1.887781656539365,train
-0.8926888110597937,0.2353577508286888,-0.6573310602311049,-0.9326236248263254,train
0.3694013143734489,-1.0848819476832003,-0.7154806333097514,-1.0304636962598654,train
1.6494533824667639,-1.85875263006417,-0.20929924759740604,-0.26475937960418955,train
-1.1573512439773337,0.309571177465417,-0.8477800665119166,-1.2634216846613588,train
0.4918663342539311,1.3246528119795091,1.8165191462334402,1.4896026415407384,train
0.5262408803700822,0.5702012957944579,1.09644217616454,1.020981319006039,train
0.9324520896611239,-0.002884609102624613,0.9295674805584994,0.8964140295795405,train
-1.4737292594909608,-0.7071259821471674,-2.1808552416381284,-4.562486672225649,train
0.8632998587283542,-1.3105963592617076,-0.44729650053335335,-0.6012526720239404,train
1.636130082662564,1.0017015915898586,2.6378316742524226,1.9956734334648973,train
-1.2812675645190321,1.0965259456627028,-0.18474161885632934,-0.23224403898644622,train
-1.0498267003044894,-1.8548757440288797,-2.904702444333369,-7.242223578108195,train
1.8855803761665584,1.9078067738168205,3.7933871499833787,2.9644302374650655,train
-1.276092189162041,0.6888854650728016,-0.5872067240892394,-0.8182153784719229,train
1.4175403734783165,1.679513574174952,3.0970539476532686,2.324249090884588,train
-0.03088857420786084,-1.610553298182138,-1.6414418723899988,-2.9991590935784704,train
-1.0110757023872918,-1.6389889864985265,-2.650064688885818,-6.217479876565339,train
1.4829996050900456,-0.1787631717207563,1.3042364333692893,1.16570135720225,train
-0.21877897998933804,0.603341312274233,0.384562332284895,0.4199519538315894,train
0.059269415718760765,2.155632987512356,2.214902403231117,1.7294376842842127,train
-0.5630665224009372,0.8472946965781578,0.28422817417722057,0.31798619047479254,train
0.3718034057397097,-0.29121753217443996,0.08058587356526975,0.09478098994049207,train
-1.345904509659909,-1.2316430491990704,-2.5775475588589796,-5.942411758564512,train
-0.43567385339295717,1.47600068726298,1.040326833870023,0.9800044664558166,train
1.87764928934115,-1.1576465109008578,0.7200027784402923,0.7271447498921795,train
-0.9674662691954898,1.9541622657267859,0.986695996531296,0.9399953301841197,train
0.6269466581651688,-0.34126157952781117,0.28568507863735765,0.3195031282749182,train
-0.6992397431012205,1.9086984871414203,1.2094587440401998,1.1009725920239901,train
1.0938925027464026,0.814717548071134,1.9086100508175365,1.545127865486556,train
-1.4765053571266007,-0.16439458733094992,-1.6408999444575505,-2.997756194529102,train
1.8792841803141789,-0.6232756461913519,1.2560085341228269,1.1330142898572002,train
-0.184841834465443,-0.40908945281529574,-0.5939312872807387,-0.829019449912685,train
-1.0557981466141442,0.513980030850285,-0.5418181157638592,-0.7462047925207443,train
-1.7060130106799494,0.09258779546126009,-1.6134252152186892,-2.9270511961599515,train
-1.320968379649837,-0.7125736896824462,-2.033542069332283,-4.101303137105398,train
0.07909579422407065,-0.19875769238115867,-0.11966189815708803,-0.14797564050539105,train
-0.6519872942748548,0.09429243566297976,-0.5576948586118751,-0.7712137088164025,train
1.3155334635304379,-2.5544809132977746,-1.2389474497673367,-2.0423228205246655,train
-0.27644990535277625,0.5498017377464384,0.2733518323936621,0.3066270907691884,train
-1.0051429096494804,-1.175665469660168,-2.1808083793096484,-4.562335686339834,train
0.4685799464161202,-1.383998883846894,-0.9154189374307737,-1.388255953794794,train
0.8271088675417833,-2.0248132165328525,-1.1977043489910693,-1.9534990184465246,train
-1.3318323683962006,-2.152670997441468,-3.4845033658376687,-9.939333976096592,train
-1.3295231348467293,-1.626537003734747,-2.9560601385814764,-7.460305394635917,train
-1.8533142922658281,-0.8508251491565885,-2.7041394414224165,-6.427361787710667,train
0.9456080602625621,2.3439109650318817,3.2895190252944437,2.4809258514336205,train
0.6552181104872203,-0.6310556110742447,0.024162499412975658,0.028820556717431816,train
-0.10147649700074446,0.2133001275216376,0.11182363052089314,0.13050691438770765,train
1.3766817958767885,0.4805776638075944,1.857259459684383,1.5142102598711662,train
1.2226806118002127,0.15727822345901846,1.3799588352592311,1.2160565274389905,train
0.3414174575870086,-0.09293215287119237,0.2484853047158162,0.28042601725533584,train
1.4730851220530345,-1.4343525163190936,0.038732605733940995,0.04603196781796239,train
-1.176635159852927,1.7411130579350542,0.5644778980821272,0.5907760176187992,train
-1.5523215224090885,2.168635972365462,0.6163144499563735,0.6373294415064903,train
-0.9210015539320415,-2.019190432947223,-2.9401919868792645,-7.392507195091426,train
-1.7716525756427406,-1.2288343090636553,-3.0004868847063957,-7.65211812627113,train
0.12467811200412804,-0.3357724108524073,-0.21109429884827924,-0.2671517260931451,train
1.746422769179846,-1.1574453538922296,0.5889774152876164,0.6129202278578887,train
-1.8426258373259614,0.6071586641470382,-1.235467173178923,-2.0347639144333516,train
-1.5115603439598928,-0.8739266428879356,-2.3854869868478286,-5.24848526325627,train
-0.1912038868662589,2.5980672813679226,2.4068633945016638,1.8474856007054998,train
1.7355000701116197,1.4286583132123152,3.164158383323935,2.3773821705142586,train
-0.735375580092998,0.25508883675865784,-0.4802867433343401,-0.651086214518799,train
0.028939234753569743,1.2323835159836787,1.2613227507372484,1.1366409070903094,train
-1.8337085637984316,1.3270805092287707,-0.5066280545696609,-0.6914571226250092,train
-1.4066271961516446,-0.6767369856698918,-2.0833641818215365,-4.254291264881998,train
1.9465204918353876,-0.9794606934503577,0.9670597983850299,0.9251303031567837,train
1.8604747857441821,0.09377167556357693,1.954246461307759,1.5725430877930948,train
-1.9802400762623615,1.0339633493975329,-0.9462767268648287,-1.4465306501418866,train
1.8072471416929559,0.16687247838410119,1.974119620077057,1.5844709053199906,train
0.5564797512620014,-1.8923957786291965,-1.335916027367195,-2.2577092943442096,train
1.4716731780800885,-0.9633893327410107,0.5082838453390778,0.5390006934570655,train
-0.1810405774645636,-0.08876743631325364,-0.2698080137778172,-0.3465905779460842,train
0.06238411431700097,-0.09079872519099631,-0.02841461087399534,-0.034340897165922125,train
-0.04461367897231927,2.3670506121477697,2.3224369331754504,1.7951382769773274,train
0.6674570301844174,-1.6631855308787975,-0.9957285006943801,-1.541678783025058,train
-1.4413949809747484,0.6067070902030495,-0.8346878907716989,-1.2397131458221597,train
-1.8801056405092882,1.7869357299939475,-0.09316991051534074,-0.11444852097242289,train
-0.7682802336352363,2.725739694507355,1.9574594608721188,1.574471827247971,train
0.8187230509465868,-0.4852769078207535,0.3334461431258333,0.36863320529278626,train
-1.1925861915082066,0.5897153432642397,-0.6028708482439669,-0.8434367645389654,train
0.6937297332996692,0.6837124286383763,1.3774421619380455,1.2144008029276312,train
1.8796481844290818,0.23457807786394896,2.114226262293031,1.6686102765275397,train
-1.6243971368423265,-0.11861424148716726,-1.7430113783294936,-3.2678114090634462,train
0.6904084729005051,0.523170467400055,1.2135789403005601,1.1038289411242517,train
-0.2249991227817154,-3.0386953022636223,-3.2636944250453377,-8.85013860759067,train
1.4725690175100214,0.8184833880751575,2.291052405585179,1.7758642176845965,train
-1.2914008422104564,0.15141348439436061,-1.1399873578160957,-1.8319309177334713,train
0.7705038089046581,-0.2669698761339184,0.5035339327707397,0.53456025422609,train
1.3524611585924409,2.456234634863469,3.80869579345591,2.981064081112965,train
1.778456877896093,-0.8099208225486627,0.9685360553474303,0.9262519871051053,train
0.7329921131585833,-0.4836911868780369,0.24930092628054634,0.2812905404765546,train
-0.011300943966290777,2.3898639626456806,2.37856301867939,1.8298504037440404,train
0.4713889608048554,-0.9984735658198279,-0.5270846050149726,-0.7231686645769053,train
1.475619937914873,-0.6601383395238466,0.8154815983910263,0.8061900274384931,train
0.28243898655531874,-0.17643050811701996,0.10600847843829878,0.12389839996642044,train
-1.8784517612126526,1.0088813785554591,-0.8695703826571934,-1.3032066517845486,train
1.7237947820279111,0.24936300882397608,1.9731577908518871,1.5838937075149215,train
0.7581070041262445,-1.551150416582715,-0.7930434124564705,-1.1652654092161034,train
0.706053543108986,-0.6386022757526274,0.06745126735635865,0.07959196284931032,train
-1.1372993904091313,-0.7288253198546536,-1.8661247102637848,-3.6090077170946406,train
0.6355418809306288,-0.09266525426765468,0.5428766266629741,0.5710371375763755,train
-0.4245423773833661,0.5110123903557949,0.08647001297242884,0.1015532237112295,train
0.6049319081659683,0.5018469070655664,1.1067788152315348,1.0284347271993197,train
-1.5736278787680371,-2.1312141048580826,-3.7048419836261197,-11.10617264836218,train
0.6313812184121441,1.2767291850730274,1.9081104034851715,1.5448274476912278,train
1.9976549030826662,0.3030826151959482,2.3007375182786145,1.781802491960983,train
-1.8071518445577759,1.6614384571126875,-0.14571338744508844,-0.18138047450117656,train
1.9086967368852692,0.5330379927488063,2.4417347296340752,1.8693506132029694,train
-0.37236815710851756,1.3215875492829146,0.949219392174397,0.9115211962892948,train
1.4830138013490366,0.5598543737401523,2.042868175089189,1.6257248439538465,train
1.1295419362330938,1.6154709074432978,2.745012843676392,2.067683456758493,train
0.2680650439466712,0.6267007632213343,0.8947658071680055,0.8693549506639867,train
0.953796837005306,-0.11749829573148486,0.8362985412738212,0.8229848358607278,train
1.5140622452053916,2.726921664536258,4.240983909741649,3.5073024009949054,train
-0.3834387133958681,1.0668445467358705,0.6834058333400024,0.6959329538403304,train
-0.6918673537470452,0.6884933052052957,-0.003374048541749497,-0.004052275431710792,train
0.6703735422543389,-1.531565299846003,-0.8611917575916641,-1.287860679001908,train
1.2313837677650343,-1.5459691409562453,-0.31458537319121094,-0.40874826560488203,train
1.049140539106463,0.3512585785702241,1.400399117676687,1.2294610086271893,train
1.191254595434538,0.17462543732188895,1.3658800327564269,1.2067787798520737,train
-0.257666740748268,-0.7369470780099794,-0.9946138187582474,-1.5395099936924372,train
1.2713368647000864,0.169179239534472,1.4405161042345584,1.2555531177162613,train
-1.5191637785175662,1.9063523136523148,0.3871885351347486,0.42255402136130116,train
0.17795639184339818,0.8344829694603584,1.0124393613037566,0.9593064065632845,train
-1.9769653580075137,-1.3692102117032858,-3.3461755697107995,-9.247816113216023,train
-0.7016566803989188,-0.13381059257153244,-0.8354672729704513,-1.2411204370881608,train
-0.5341538605144085,-0.965959777023073,-1.5001136375374815,-2.644026998277267,train
-0.41530923356297844,-0.46523989969027335,-0.8805491332532518,-1.3234064198570425,train
0.7818688267594487,-0.4963387987555713,0.2855300280038774,0.3193417405329656,train
-0.44576759491861706,-0.5731746991248062,-1.0189422940434234,-1.5870992779460114,train
-0.2052255095098774,-1.5061624463680738,-1.7113879558779512,-3.1829399902389914,train
-1.0498234765026901,-0.15318561782182813,-1.2030090943245182,-1.9648317730708391,train
-0.5069928334826397,-0.672729164216772,-1.1797219976994118,-1.9152831449139804,train
-1.090921490947394,-3.5153384280027216,-4.606259918950116,-16.779497068774777,train
-1.7072163049262254,2.4635664294019954,0.75635012447577,0.7576345871474564,train
0.4137943735255116,1.3065235850600063,1.720317958585518,1.431096910099782,train
0.672851194220065,-0.4515608699099952,0.22129032431006979,0.2513993896869287,train
0.477961384038458,0.022582859688718107,0.5005442437271761,0.53176016185701,train
-0.1460238247977106,-1.405985216781074,-1.5520090415787846,-2.7719491666293097,train
-0.48085687928308074,2.0348674533730384,1.5540105740899577,1.327970833149846,train
1.453334598287301,2.276746433727734,3.730081032015035,2.8969708490206436,train
0.07632714054487222,0.18803247389582953,0.2643596144407018,0.2971894874813782,train
-0.08327248948107613,1.2282367730224135,1.1449642835413374,1.055723334767567,train
-1.8974317367742572,0.21034413472070862,-1.6870876020535486,-3.1184793795663763,train
-0.6350086894953746,-1.6040705266511168,-2.239079216146491,-4.752216246306222,train
-0.47921752485657176,-0.4941880427563887,-0.9734055676129605,-1.4984581851065575,train
-0.40470887641239806,0.15831356012634848,-0.24639531628604958,-0.31463551612326035,train
0.32068947690932914,-0.545457262492133,-0.22476778558280386,-0.28544527962116645,train
0.13441018690751383,-0.26238393292204315,-0.12797374601452932,-0.15858647220957098,train
0.4316203711737785,-0.10967946901093734,0.32194090216284116,0.35690369269344,train
1.059533046168513,-0.09705419743855356,0.9624788487299595,0.9216453198457122,train
1.251942954864374,0.06271018859697985,1.3146531434613538,1.172696504399027,train
0.8724923049059776,-1.272726079675921,-0.4002337747699434,-0.5315422659380674,train
1.8220947838197388,-0.8604193789535234,0.9616754048662154,0.9210334229512568,train
-1.9270696692945535,-1.5415011188399632,-3.4685707881345165,-9.858095802930348,train
-1.2168880572658156,1.1733786596234403,-0.04350939764237527,-0.05278331578754064,train
-1.9697485000874315,-2.5267763302083894,-4.4965248302958205,-16.007152782963168,train
0.589898856618412,1.3843084119803104,1.9742072685987224,1.5845235032091693,train
1.5921221957999476,1.6636192767154119,3.2557414725153597,2.4524529814382396,train
-1.026070813694803,-0.36261670437914567,-1.3886875180739486,-2.3788618606465466,train
1.7081381791852266,-3.1237645053927583,-1.4156263262075317,-2.441796569007893,train
-1.7589304388417566,-0.4335726743607486,-2.192503113202505,-4.60010049247418,train
1.7377441072220572,-0.07702099354658314,1.660723113675474,1.39448118034776,train
-0.5935092510414623,-1.212717863914696,-1.8062271149561584,-3.4408463149097495,train
-1.594316686203134,-0.6182620725698913,-2.2125787587730255,-4.6653304323495846,train
-0.05651296325469746,1.8362342386360215,1.779721275381324,1.4672983391232957,train
-0.9728937291179682,0.7979125947620892,-0.17498113435587903,-0.21943076253648558,train
-0.8605083921523087,-1.1094769372537199,-1.9699853294060286,-3.9104951645071058,train
-0.7708401402948537,-1.9171190035145185,-2.687959143809372,-6.364130234476027,train
1.2121035913306537,-0.3924207811317253,0.8196828101989284,0.8095918200480512,train
0.15664510670101794,-0.2561481352205259,-0.09950302851950793,-0.12242314827012765,train
-0.7547692033759854,0.5954390248359795,-0.15933017854000586,-0.19901428462451048,train
0.44133513324367346,-0.6423800550811908,-0.20104492183751732,-0.2537859267279368,train
0.8646026968927742,0.6137994904342337,1.478402187327008,1.279945905775811,train
-0.9095039970658649,2.322184848072275,1.4126808510064102,1.2374789061563571,train
-0.34580359389859394,0.978601226933115,0.6327976330345211,0.6518969541346579,train
-1.5124556266522098,-0.0577062087969271,-1.570161835449137,-2.8173711517871762,train
-1.2754026018612787,-0.21978056526395362,-1.4951831671252322,-2.6320211452662203,train
0.7244714158599312,-0.4280077610158455,0.29646365484408577,0.3306919961071818,train
-1.2742466092174922,1.4167690949425735,0.1425224857250813,0.16507793572109195,train
0.10065353466824067,-0.7527761351415635,-0.6521226004733228,-0.9239924959452676,train
0.8361850468897307,0.05426725079997907,0.8904522976897098,0.8659733859545382,train
-1.5724923076210247,0.0614374822573024,-1.5110548253637222,-2.6707603641851274,train
0.2692488785156142,-0.6021410313738383,-0.33289215285822416,-0.4345602476318943,train
-0.973748865194545,-1.646958657460921,-2.620707522655466,-6.105246507503785,train
1.8517075009503192,0.3875694043412018,2.239276905291521,1.7442511144409019,train
-0.0658174131203011,-0.07320476622646026,-0.13902217934676137,-0.1727591103605415,train
1.2239701991006324,0.6002885633238838,1.8242587624245163,1.494283869201614,train
0.20090616862504707,-0.6403203677270003,-0.43941419910195323,-0.5894647014146743,train
-1.8263498685807233,1.4649855585756573,-0.3613643100050661,-0.475171844195638,train
0.5326055023760894,-1.0521285374542138,-0.5195230350781244,-0.7114099693287803,train
1.805613368826628,2.054448340821471,3.860061709648099,3.0378118504561105,train
0.40644728058532476,-2.097163811793914,-1.6907165312085892,-3.1280641070082327,train
1.2767554377071608,0.5217240774682693,1.7984795151754303,1.4786785166643293,train
1.5368258533936312,0.5705168190319482,2.1073426724255793,1.6644674459805109,train
-1.08768091220427,-0.9546684815290587,-2.042349393733329,-4.1281280615105285,train
-1.1518206403670934,0.5092727254332151,-0.6425479149338783,-0.9081822127565594,train
0.4439239554039669,1.5354224037121906,1.9793463591161575,1.587607374955539,train
-0.35588612077318116,-2.6601826072248773,-3.0160687279980585,-7.72009282725667,train
1.3594452114668814,0.6032937689889776,1.962738980455859,1.5776408016441346,train
1.6000924935920446,-2.991924984396093,-1.3918324908040485,-2.386171027479952,train
-0.5863144827891276,-1.1587977642278495,-1.745112247016977,-3.273489426620858,train
-1.0525177641020718,1.954999637881134,0.9024818737790623,0.8753885687726366,train
1.1221020609754473,-0.6981384400704648,0.4239636209049825,0.45864306980166025,train
-0.9007758578074556,-1.408655957290767,-2.3094318150982227,-4.987225648828911,train
1.2904572740547136,-0.23752527478161822,1.0529319992730954,0.9892861452074042,train
-0.3050469854049487,2.4814876057962625,2.176440620391314,1.7061390134631145,train
0.6701995971658818,-2.1980186966472313,-1.5278190994813494,-2.7119664301544124,train
-1.6178587446613273,-1.2615718939672134,-2.8794306386285404,-7.136338370545399,train
0.49543729870629205,1.7969180198155517,2.2923553185218437,1.776662595426921,train
-0.19292928505108353,2.2292428122452788,2.0363135271941952,1.6217905105985608,train
0.3464338527018964,-0.12411746914834071,0.2223163835535557,0.25250168257729066,train
-1.3279431690205463,-1.4868632430319708,-2.8148064120525174,-6.8698128150686415,train
0.9474949797767285,2.5150122021709906,3.462507181947719,2.6339141329381266,train
1.4511883101729142,1.9133308700990361,3.3645191802719503,2.5457422804426058,train
-1.1330407996368974,0.8147363853146795,-0.3183044143222179,-0.41397310080053035,train
-1.617141777919353,-0.974882818724904,-2.592024596644257,-5.996744691241322,train
-1.9054456558146544,-0.05883520900564408,-1.9642808648202985,-3.8936058298069365,train
0.567886001773064,-0.19243209725379692,0.3754539045192671,0.41090129998976965,train
0.42837614435512306,0.39702156553869333,0.8253977098938163,0.8142092425447381,train
0.18678965085628008,1.7412017257576033,1.9279913766138834,1.5567761568619818,train
-1.0722116155360983,1.0553004493648837,-0.016911166171214687,-0.020379437486980418,train
-0.4363760163779413,-1.29285129238171,-1.7292273087596512,-3.2306800128895024,train
0.3779053407446922,1.6517957400234453,2.0297010807681373,1.6178219585075375,train
-0.01293256456332248,0.3757585680157864,0.3628260034524639,0.398286561404109,train
1.9511420808595492,0.8244789550306995,2.7756210358902487,2.0887028365843108,train
-1.4542409897730675,1.7598490311343233,0.30560804136125586,0.3401378997829219,train
0.7805782161903752,-1.3338962994162613,-0.5533180832258862,-0.7643001883897139,train
-0.3827249275828315,-0.042990694447755516,-0.425715622030587,-0.5690865864890108,train
-0.28720154029754097,-0.637745461631058,-0.924947001928599,-1.4061603438958163,train
0.8703910626327049,-1.881431310438547,-1.011040247805842,-1.5715833996867923,train
0.7697446052974786,0.41605197312590386,1.1857965784233824,1.0844900668526223,train
1.9650239748087532,3.0138678619013084,4.978891836710062,4.709039110893568,train
-1.486422842183499,-2.208093293406903,-3.694516135590402,-11.049659772125697,train
-1.5835614024633347,-0.038736733259364386,-1.622298135722699,-2.949795503320467,train
0.8973552685149646,0.7686515220897281,1.6660067906046927,1.3977412027904101,train
0.3135476680256364,0.14769384198741736,0.46124151001305375,0.4945730048243729,train
-0.9033573337607765,-0.13575366301888847,-1.039110996779665,-1.6269577865974987,train
-1.6823225240440536,-1.559059636134989,-3.2413821601790427,-8.744414617987534,train
-1.6573670016142779,0.27934409152819634,-1.3780229100860815,-2.354151267567808,train
1.5767634986564731,-0.9081167724191116,0.6686467262373615,0.6831967493703909,train
-1.2325307011250284,-2.627906045974264,-3.860436747099292,-11.980014674034885,train
-0.706513751537917,1.4335106646164768,0.7269969130785598,0.7330507266284592,train
-1.093374391092048,1.1500629838104508,0.056688592718402875,0.06707134101204887,train
-0.5800147766722508,0.06199317222129576,-0.518021604450955,-0.7090803013297003,train
-1.7223046290156265,0.27488962584684307,-1.4474150031687834,-2.5170185203630213,train
0.07623916363308147,1.2891816152586737,1.3654207788917552,1.2064755070095954,train
-1.7295497456311404,0.2692075881336991,-1.4603421574974413,-2.5479065811651624,train
1.2014260312894463,1.0848210657135773,2.2862470970030238,1.7729209753538795,train
-1.065151672358268,-0.35697864104862015,-1.4221303134068881,-2.457102466302038,train
0.16004765841804236,1.5743804862887358,1.7344281447067782,1.439720368785037,train
1.520316350245833,0.38494287111922065,1.9052592213650537,1.5431130140332872,train
0.6035094761887767,0.2328623323270488,0.8363718085158255,0.8230436780557153,train
0.1318311462053412,-1.5240733064544385,-1.3922421602490973,-2.3871238725560477,train
-0.7026649875384976,0.34434702516205046,-0.35831796237644714,-0.4707993372304027,train
-0.6679923477672083,-0.9983459009933413,-1.6663382487605496,-3.0639555139474473,train
0.6779478207927605,-0.765939271834193,-0.08799145104143247,-0.1079465535571264,train
1.9765574448846701,-0.9784507539793452,0.9981066909053249,0.9485794801467549,train
0.6473567593975145,-1.27948191827907,-0.6321251588815555,-0.891054154209458,train
0.2311336694800996,2.5497256836203537,2.7808593531004533,2.0923217228590176,train
0.9226020409569844,1.5976068743860836,2.5202089153430682,1.9191642262169701,train
-0.1391775508651274,2.3044410025731135,2.165263451707986,1.6993837548644368,train
-1.7594306295968591,-1.4674740234666765,-3.226904653063536,-8.676233649502457,train
0.24918726351163922,0.08550449989307099,0.3346917634047102,0.369899127883358,train
1.8305011380215208,-1.552209150244915,0.2782919877766059,0.31179409224768556,train
-1.2987882305693614,-0.8348338526364768,-2.133622083205838,-4.4116984564765875,train
0.760019563282663,-1.1017523800998898,-0.3417328168172269,-0.4471091760467466,train
-1.196265245363774,1.4875008077298737,0.2912355623660996,0.3252723321245944,train
0.14331073789232507,-0.4754756137221118,-0.3321648758297867,-0.4335303481612579,train
-1.6132942014131215,1.2820552004328196,-0.3312390009803019,-0.4322197490722148,train
-0.19851625496725944,0.7249450675062216,0.5264288125389621,0.5558707762781943,train
1.0246533155809843,2.7643665025257467,3.789019818106731,2.959708008659451,train
-0.6097139030440717,-1.7753330677676689,-2.3850469708117403,-5.246951989988701,train
0.6596468979488721,1.5110798877441587,2.170726785693031,1.7026848855205379,train
1.1817998431589167,1.3757290444808732,2.5575288876397897,1.9431824036412588,train
1.7087112779178106,-1.1680546056324415,0.5406566722853692,0.5689970733450544,train
-1.0614316725781858,1.2085600037677915,0.14712833118960567,0.1702192161554815,train
-0.40273633676276743,0.40337395563147455,0.0006376188687071127,0.0007650206880634628,train
-1.3903359466783303,-0.2729715119440893,-1.6633074586224197,-3.0560310915569993,train
1.9699340086335009,-0.9887225843663995,0.9812114242671014,0.9358552849853164,train
1.7080038716971813,-0.8629313417390231,0.8450725299581582,0.8300180868301307,train
0.15982852112223833,2.459774514943111,2.6196030360653495,1.9836553473505845,train
1.368133177505685,0.0008193827489791536,1.3689525602546642,1.2088067230913142,train
0.08383190908816873,0.938556001837751,1.0223879109259197,0.9667163114729146,train
0.49434275201103883,-0.9490792580010637,-0.4547365059900249,-0.6124210351625433,train
-1.6435022715359335,-0.9358235354659665,-2.5793258070019,-5.949070075151384,train
1.0210816819872317,1.2983817710999306,2.3194634530871623,1.7933082443023576,train
-1.4891460654590607,-1.6194914538618386,-3.108637519320899,-8.131488899599999,train
1.3042705210101135,-0.4982565214863258,0.8060139995237877,0.7985009242129357,train
1.1281123506815436,0.040832893286678454,1.168945243968222,1.0726686646001873,train
0.8349787909719057,0.1336471222080629,0.9686259131799686,0.9263202407584497,train
-1.8553584779009515,-0.21491194201938751,-2.0702704199203392,-4.213791368437949,train
-0.7874865762186856,0.4749837373151077,-0.3125028389035779,-0.4058267344732615,train
-0.9475497203566285,0.8314269069813739,-0.11612281337525465,-0.14347102133521647,train
-0.5594543701139236,0.881565054551196,0.3221106844372724,0.35707726783870486,train
-1.6494290129446458,-1.182964570401392,-2.832393583346038,-6.941745601506776,train
1.7478312921242511,-0.3409861175145566,1.4068451746096946,1.2336725431543683,train
0.21520896284950508,1.4337154342523253,1.6489243971018304,1.3871910632572413,train
-0.7779027573679058,1.0735766250886467,0.2956738677207409,0.32987416580888956,train
-0.4120739317028663,-1.6474313417772766,-2.059505273480143,-4.180650882028011,train
-0.21118983798065738,0.42177588042264197,0.2105860424419846,0.23986624404832665,train
0.4023773334424692,-2.373870299249772,-1.971492965807303,-3.914965329707497,train
0.06271771078599109,0.056321882472443546,0.11903959325843463,0.1386807265611866,train
1.6775678928576694,2.2773204200951724,3.954888312952842,3.146471904576673,train
-0.012146068376678976,-1.1374712607227835,-1.1496173290994625,-1.851994658846779,train
1.9686320592932507,-1.0011876545898986,0.9674444047033521,0.9254225982800398,train
1.405699830980383,0.9168357378874313,2.3225355688678144,1.795198997070826,train
-1.1659579425706568,-1.851361818251575,-3.0173197608222315,-7.7255661999369085,train
1.722380858575665,-0.7593060358620468,0.9630748227136182,0.9220990794113629,train
-1.5345344084580956,0.7157293650981031,-0.8188050433599925,-1.2111466139638212,train
1.2697988339647663,-0.7611430172272837,0.5086558167374826,0.5393480029056852,train
-0.47750682609367967,-0.28316398465316595,-0.7606708107468456,-1.1083979679496176,train
1.511897281780278,0.8930228523780415,2.4049201341583197,1.8462716221332611,train
1.4722267604298014,0.5058553002438735,1.9780820606736749,1.5868487099396154,train
1.2237016004704846,0.32018207555448225,1.5438836760249668,1.3215856356980518,train
1.1601217452282455,-0.4069467351240465,0.753175010104199,0.7549910105267877,train
-0.7812834436078369,0.4440733383227464,-0.33721010528509043,-0.440682541973046,train
-1.6763228677949913,-0.14847921611970794,-1.8248020839146992,-3.4925539586688394,train
-0.3880792849393542,0.5493667319109417,0.16128744697158748,0.18595062788426342,train
-1.3059019400539653,-0.5963184301415738,-1.9022203701955391,-3.712350881341398,train
0.7798043556098468,-0.21908276925544934,0.5607215863543975,0.5873580815827331,train
-0.6156010938488579,-1.1879493510624166,-1.8035504449112745,-3.433427718088039,train
1.9024408034396596,-0.04200913200748308,1.8604316714321765,1.5161230680641935,train
0.5638883093813281,-0.9732010363546137,-0.4093127269732857,-0.5448650943502041,train
1.2899222545374438,-1.336855740194392,-0.046933485656948104,-0.05698617755275904,train
-1.4699013090326063,0.3103933774264657,-1.1595079316061405,-1.8726926340049068,train
1.4480579290904902,0.2552877310291924,1.7033456601196826,1.4207020606510241,train
1.6910287620535773,0.9394484819382869,2.630477243991864,1.9908171306451021,train
-0.05175232472425639,-0.5173506834901188,-0.5691030082143752,-0.789303083906897,train
0.42501175100390975,0.4896634162041068,0.9146751672080166,0.88488326670778,train
1.0592392036119818,0.6609570867283958,1.7201962903403776,1.4310224809607517,train
-1.3006454909583498,0.5337285693979137,-0.7669169215604361,-1.1193023280694736,train
0.010264305853769695,-0.9907844193625706,-0.9805201135088009,-1.5121846114344224,train
-0.4053478889107476,0.17923617872542666,-0.22611171018532092,-0.2872500189467915,train
-1.4145040313510036,0.43696835526559363,-0.9775356760854099,-1.5064210921721812,train
-0.5298623108338743,0.00861416028953033,-0.5212481505443439,-0.7140888175849073,train
-1.7273107624580257,-2.5037731900453015,-4.231083952503328,-14.235180520576742,train
-1.896752372202052,0.19258754876817608,-1.704164823433876,-3.16371098948749,train
-1.459334843380709,2.6550372472766903,1.1957024038959814,1.0914066528230437,train
1.8524604463566954,-0.43204712250837923,1.420413323848316,1.2425132357711217,train
0.19811814358006785,-0.8736925174263853,-0.6755743738463175,-0.963026101019881,train
1.8632886446128798,0.4480182716536778,2.311306916266558,1.7882926184929309,train
-0.2700084866794721,0.37485385255988607,0.10484536588041399,0.12257429973276672,train
-0.7527354676589617,1.4312821984996973,0.6785467308407356,0.691749393749244,train
0.024567451360976378,-1.5094417870906653,-1.484874335729689,-2.6070011328171168,train
-0.2419532454683595,0.8776563030899909,0.6357030576216314,0.6544531203150327,train
-1.5773412629530243,0.7085064735017561,-0.8688347894512682,-1.301856949672908,train
0.5633052587608249,-0.17057584432865533,0.3927294144321696,0.4280330378451032,train
-1.1358472699616016,0.40642478150602795,-0.7294224884555736,-1.0543288592715647,train
0.47835181959131834,1.2353489779180287,1.713700797509347,1.4270471208287308,train
0.6008043695926135,1.0467784560341404,1.647582825626754,1.3863612223473714,train
-1.3919005874854076,-1.3716231744884744,-2.763523761973882,-6.662607923432446,train
-1.7546014915573274,0.9841898241065813,-0.7704116674507461,-1.1254175233661827,train
1.1230463442737593,-0.07762632603902218,1.045420018234737,0.9837602519926333,train
-0.1607983049227193,0.08744891761861846,-0.07334938730410083,-0.08965303602184393,train
-1.7673448179780968,0.08783638920203339,-1.6795084287760635,-3.0985082325247753,train
1.9794652686790686,-0.18029158655791197,1.7991736821211566,1.4790992308531732,train
-1.7688777560145335,1.430048996528478,-0.3388287594860555,-0.44298095043089836,train
0.7801409154342127,-0.10046155181905442,0.6796793636151583,0.6927253962859817,train
1.9347157010536544,-1.3434553540598024,0.591260346993852,0.614970676712818,train
-1.0432795831362975,-0.47223582716367457,-1.5155154102999722,-2.681695381533141,train
-1.4310025252512153,0.21443366017257073,-1.2165688650786446,-1.9939230963374637,train
-1.5144602423102844,1.4750577411564605,-0.03940250115382393,-0.047751827245382496,train
-0.7868994097296178,0.7237136219386002,-0.06318578779101758,-0.07703329176812118,train
-1.5958167559574132,-1.0206423344964526,-2.6164590904538656,-6.089103752457046,train
0.7686453667765276,2.98222790001467,3.7508732667911975,2.91889406722138,train
-1.7508328074797492,0.31773037317357555,-1.4331024343061736,-2.4830217385953133,train
0.03768851259915884,1.5304688855988178,1.5681573981979766,1.336867765055808,train
1.9867874154119072,-0.18205732029267496,1.8047300951192322,1.4824657717197696,train
1.2558810780240752,0.6400310936465392,1.8959121716706144,1.5374909171893176,train
0.46087775292404354,1.0073622054220857,1.4682399583461292,1.273425719109127,train
-0.7749855168535533,1.4618336541051071,0.6868481372515538,0.698891041958052,train
0.4955833451665539,1.26884196645387,1.7644253116204238,1.4580015209959973,train
0.10816585564660652,1.0466364000875734,1.15480225573418,1.0626926130814318,train
-0.2956664644385141,-0.37810407743293034,-0.6737705418714444,-0.9600081440981493,train
-1.477158493039202,-0.6860952503472736,-2.1632537433864756,-4.505969851178498,train
1.546416860961867,0.39912901238903703,1.945545873350904,1.567319450500392,train
-0.20086140471470992,1.1197536868092832,0.9188922820945733,0.8881557640837388,train
-1.2215099527169397,-0.2672648409319284,-1.4887747936488682,-2.6164546415576186,train
-0.5289625964908415,1.2782063588572639,0.7492437623664223,0.7517126569724795,train
-0.3434809898842919,1.7431400945834152,1.3996591046991234,1.2289770440123813,train
1.3101515822674972,-1.0995851028881036,0.21056647937939355,0.23984510996230124,train
0.9344575222456082,-1.0043048445555358,-0.06984732230992763,-0.08529741932855307,train
1.0772195745653592,-0.16845007068640372,0.9087695038789555,0.8802907118092702,train
-1.9558749422854111,0.3691352018270357,-1.5867397404583754,-2.859160733766443,train
-0.33538400728095397,-0.6294804165204612,-0.9648644238014151,-1.4820389865756716,train
-0.0746233934587055,1.6226432146405732,1.5480198211818677,1.3241952297144948,train
-1.9232308927077733,0.5088802338221414,-1.4143506588856318,-2.4387996157281417,train
-0.9607471650198631,0.047336457888887386,-0.9134107071309757,-1.3844923853917301,train
1.04115929248854,-1.723091428642233,-0.681932136153693,-0.9736839889857529,train
-1.4515611770840038,-1.5789789797130085,-3.030540156797012,-7.783550632191902,train
0.1412405258103666,0.33721110033816754,0.47845162614853415,0.5109434244403069,train
-1.13919251193105,-2.5591147513858035,-3.6983072633168534,-11.070387255402926,train
-1.951516901424427,1.215164891572886,-0.7363520098515408,-1.0662497253767993,train
-1.035194169601834,-0.18978461324678436,-1.2249787828486185,-2.012054950431676,train
1.9034950196402152,3.8917115635136796,5.795206583153895,6.610354500298479,train
1.2061484475319584,2.769499500739333,3.975647948271291,3.170954722586932,train
1.8383065772841336,-0.21773888309702008,1.6205676941871134,1.3696092944077372,train
-0.048583824294550215,-0.12760440303757795,-0.17618822733212816,-0.2210120245488341,train
-1.561055205289986,1.1946978168024356,-0.3663573884875504,-0.4823527699791905,train
0.19183795589477182,2.0438071319016453,2.235645087796417,1.7420413048561798,train
-0.1824906617601565,-1.9656348689232201,-2.1481255306833766,-4.457703798147808,train
1.3774283309584638,-2.143650558425624,-0.7662222274671602,-1.1180879429898618,train
-1.6076696768630216,-0.7464417666652576,-2.3541114435282795,-5.13979146795558,train
-0.04703545191288727,0.6992850998086372,0.6522496478957499,0.6689450119647943,train
-1.399805341224063,0.5962483086091165,-0.8035570326149465,-1.1839226062164392,train
-0.7012962924397601,1.2837257459806202,0.5824294535408601,0.607026828181366,train
0.9494283095511986,-1.4396370340383697,-0.4902087244871711,-0.6662318178685618,train
-0.09592748252493388,-2.779372635562652,-2.8753001180875857,-7.119121104557016,train
-0.4964468594169227,1.0296170343625743,0.5331701749456517,0.5621013051893886,train
-0.42209488571985876,-0.9938355275582814,-1.41593041327814,-2.442511213544932,train
-0.16221292637605345,-2.4221854372663656,-2.584398363642419,-5.9680871881353035,train
1.1400661753482275,0.17407649515125795,1.3141426704994854,1.1723542284302766,train
1.5683387557609376,0.9518108258624127,2.5201495816233503,1.9191262177500443,train
1.821338746015713,-0.1464685585455327,1.6748701874701803,1.4032036486932289,train
1.1476135450211804,-0.549418063418987,0.5981954816021934,0.6211860764383634,train
-0.7383724170079491,-0.19123467857508786,-0.9296070955830369,-1.4149462184247321,train
0.7525388243461686,-0.44469931488093944,0.30783950946522914,0.3424364853556,train
-0.2495875037784323,-1.6176565343282006,-1.8672440381066329,-3.612189616051961,train
-0.9813175118157953,-0.8576168123885182,-1.8389343242043135,-3.532159344253127,train
1.3634863177036904,0.6255358860165774,1.9890222037202678,1.593413256084345,train
-1.8462946041507,0.3860142496518001,-1.4602803544989,-2.5477584972809932,train
1.607047968541694,0.20167176716018428,1.8087197357018783,1.4848819119713446,train
-0.15409014150106337,-1.1941781782240553,-1.3482683197251186,-2.2858161811477804,train
0.5488059072331217,-0.21780379456280055,0.3310021126703212,0.3661470848968832,train
0.6374156888231308,-2.6124780557314256,-1.9750623669082947,-3.9255594566337377,train
1.5804709628261455,0.2141719966624677,1.7946429594886133,1.4763527648268224,train
0.5466787286688293,1.7146292493762807,2.26130797804511,1.7576769165577846,train
0.45573433904024707,-1.7689585584505267,-1.3132242194102797,-2.2064729752750307,train
-1.7333918377572402,-0.7031132079813064,-2.4365050457385466,-5.427995640753071,train
0.07363208778081631,0.39492813445215547,0.4685602222329718,0.5015512510800032,train
-1.3993239967318334,1.5034111613129804,0.10408716458114697,0.12171074088258665,train
0.9497350748859423,-0.5378695395601792,0.4118655353257631,0.44684198046568163,train
0.04888768325069792,-0.8307003951190756,-0.7818127118683776,-1.1454380020098243,train
0.7209111168334132,-2.3627077708993,-1.6417966540658866,-3.0000776973555587,train
-1.833308397590463,0.12412575516972765,-1.7091826424207353,-3.177062978489479,train
-1.6608319358167871,2.4504912481724928,0.7896593123557056,0.7851426962280896,train
0.865293552250729,0.33283015435761104,1.1981237066083401,1.0930936770119053,train
-1.7116626560053065,-0.02673477502045598,-1.7383974310257626,-3.2553586851175877,train
-1.7149730889389656,0.38649877292038254,-1.328474316018583,-2.2408498785603017,train
-1.9515660990604502,-0.01331040473832247,-1.9648765037987728,-3.8953675408649664,train
1.8260055931979204,-0.9756172467121558,0.8503883464857647,0.8342662701132594,train
0.9500334378360278,0.9879358988132463,1.937969336649274,1.562769667900331,train
-0.5869943659917434,0.2709138277341053,-0.3160805382576381,-0.4108476493504574,train
-0.8138576748493791,0.021135902320388776,-0.7927217725289903,-1.1646960972241074,train
-0.6011870810166018,-1.1704392327339,-1.7716263137505017,-3.345576129359971,train
1.0986141247247274,1.5642095183217108,2.6628236430464383,2.012254273113202,train
0.6454824442816576,0.7976432943997319,1.4431257386813896,1.2572408587830137,train
-1.2592177285301283,-0.6635050048407624,-1.9227227333708905,-3.771728191549202,train
-1.3035626586636626,1.2021898244183247,-0.10137283424533794,-0.12478242420212858,train
-1.6064174011464107,-0.5970850060622486,-2.203502407208659,-4.635776544066925,train
0.6412108788053525,-0.9384041910132443,-0.2971933122078918,-0.38444159719245863,train
1.0574906488869438,-0.9116437409763445,0.1458469079105993,0.16879001114504266,train
-0.9398142866999839,-2.125282263705709,-3.065096550405693,-7.9363619574505595,train
-1.9162201558763488,0.5658508565018469,-1.3503692993745018,-2.2906120674937402,train
-1.6713133300942906,-2.19737385400602,-3.8686871841003105,-12.027528642950012,train
1.8714401393801219,-1.474132597518915,0.39730754186120687,0.43254888037610256,train
-0.818220890090319,-2.49070561089424,-3.3089265009845588,-9.066881095577195,train
1.0768925913525345,-0.10328363134907168,0.9736089600034628,0.930101327902979,train
0.4986542754170551,-0.18038455232624648,0.3182697230908086,0.3531469491109377,train
-0.4722414413884164,-0.39203545582363686,-0.8642768972120533,-1.2935042857077548,train
-1.1772509512177796,-1.2510932336046914,-2.428344184822471,-5.399049401450403,train
-1.5144543273623743,-1.406680504123968,-2.9211348314863423,-7.311576777126296,train
0.4600518721554665,0.557243836255889,1.0172957084113556,0.9629271687723325,train
1.098535122551152,-0.6606623180501853,0.43787280450096666,0.47212531193353735,train
0.5756170141645227,0.37962998584337365,0.9552470000078963,0.9161303437198732,train
0.12120853299663326,-1.0622984233490669,-0.9410898903524336,-1.4366767445604287,train
-1.832195106273455,0.2172752913252988,-1.614919814948156,-2.9308763797604716,train
1.8739551103775351,1.5639336447792764,3.437888755156812,2.6113767338161678,train
1.1948567666182983,0.70339896047134,1.8982557270896383,1.5389007739417513,train
-0.828711853196141,-0.4948965818597764,-1.3236084350559174,-2.2298559899270076,train
1.9198813174354026,0.30863876442711285,2.2285200818625155,1.737708731365466,train
0.4075263585452884,-0.2887982094362556,0.11872814910903279,0.13832854872967465,train
0.3296906328289859,0.009456221633673783,0.3391468544626597,0.3744204922336735,train
0.9922927177181284,-0.39073326257820434,0.6015594551399241,0.6241936423856441,train
1.2470791523605502,-0.19720224706246942,1.0498769052980808,0.9870407270742794,train
0.6259144293260106,0.25451202368901027,0.8804264530150209,0.8580896826593513,train
-1.4876170145352,-1.1920304394983408,-2.6796474540335407,-6.331791919252205,train
-0.6469299760220064,-1.2190545923879739,-1.8659845684099803,-3.6086094400042654,train
1.712334561304199,-1.6662510645974533,0.04608349670674561,0.054667982797467096,train
-1.1015375526245923,-1.9203253254044519,-3.021862878029044,-7.74546253100999,train
-0.5113319046499467,-1.4607392306645752,-1.972071135314522,-3.9166803295774155,train
-0.271692468223216,0.19135500816495501,-0.080337460058261,-0.09836710964662591,train
-0.24238004122219126,-1.0713450185902609,-1.3137250598124521,-2.2075982971126678,train
0.45175832997810206,0.6163373570773155,1.0680956870554175,1.0003919999642072,train
1.7723033509788304,0.041656498503074235,1.8139598494819047,1.4880539584870645,train
-1.0372291526699802,-2.3622050561256644,-3.3994342087956446,-9.510386013837426,train
-1.5139944947963277,0.7859707010660277,-0.7280237937303,-1.0519274549538746,train
-1.2101180405602507,0.9729583747100519,-0.23715966585019888,-0.3021319599492492,train
1.547699600837078,-1.192635209801824,0.355064391035254,0.39049421391076555,train
0.583243250620824,0.5042298514739899,1.087473102094814,1.014490560245279,train
-0.8563728430433595,-1.0277978848910387,-1.8841707279343982,-3.660484335253879,train
1.263787755874469,0.11720445209800247,1.3809922079724715,1.2167360439876864,train
1.4454799854537441,-1.5173980883459588,-0.07191810289221467,-0.08787198631696075,train
1.3860573547611121,-2.151727743041492,-0.7656703882803799,-1.1171235660165524,train
1.6757061345582178,-0.4593806275355624,1.2163255070226553,1.1057307877817082,train
-0.9910359193065537,-0.14847473552980336,-1.139510654836357,-1.8309399935446795,train
1.0201677149851132,-0.47721563233752484,0.5429520826475883,0.5711064412411933,train
-0.15784201090343997,-1.4208366698670714,-1.5786786807705113,-2.8388035625210204,train
1.3679942115602461,-0.47987887455736444,0.8881153370028817,0.8641387464747616,train
0.9139627086464528,0.3231537030968808,1.2371164117433335,1.1200702638413182,train
1.1057897859988985,-0.05387163614704438,1.0519181498518542,0.9885412855000929,train
0.624647350724286,0.21900123671905608,0.8436485874433421,0.8288784694629863,train
-1.2902849221211725,-0.8041382405450794,-2.094423162666252,-4.28866102077592,train
0.1801076755877533,1.4060614976593915,1.5861691732471448,1.3481579543139324,train
1.9386789580980328,-1.4114080038657366,0.5272709542322962,0.5566502000573867,train
1.7495522659884757,0.5850723565040623,2.334624622492538,1.802648230312403,train
-1.8273050568119533,1.4182693115519538,-0.40903574525999953,-0.5444577600359367,train
-1.3407407370822515,0.5770897112986745,-0.763651025783577,-1.113596744620458,train
-1.4730849061817524,-0.24302907247779604,-1.7161139786595485,-3.195552763052219,train
0.903919639941182,-0.6339564559955749,0.26996318394560703,0.30307553200025084,train
1.2711413194277803,1.2433051812555072,2.5144465006832872,1.9154754475394782,train
-1.1459545347573123,-1.7075699103140076,-2.85352444507132,-7.028765519906544,train
0.02341077180731599,-1.1641491124555723,-1.1407383406482563,-1.8334924226916072,train
1.3628121120448,-0.4770693185900656,0.8857427934547344,0.8622743089733775,train
0.9312061790650024,1.4851845090143978,2.4163906880794004,1.853444128812622,train
0.16894882196739314,0.4557211632490752,0.6246699852164683,0.6447279097854294,train
0.36139076183509156,-1.1616549102122944,-0.8002641483772028,-1.178069156824067,train
0.03344218766511986,-0.37236924646188435,-0.3389270587967645,-0.44312058976062635,train
-0.8098061947247177,-0.7371877729155533,-1.546993967640271,-2.7594624125967466,train
0.26008797143606444,-0.8517467906802421,-0.5916588192441776,-0.825364439608693,train
0.7555412082003627,1.174667470268135,1.9302086784684978,1.5581082100029868,train
1.4932916634432307,-1.6460917551162066,-0.15280009167297592,-0.19054284823080714,train
0.5451654159169923,1.930537026881248,2.4757024427982404,1.8908038679013215,train
1.044486148172632,0.9938756282215473,2.0383617763941793,1.6230198885456706,train
-1.359713460181708,1.3090340047244375,-0.050679455457270484,-0.06159237698428644,train
-0.15377010232084043,-0.55552741443031,-0.7092975167511504,-1.0199303945498992,train
-1.9626735206916268,-0.17992886289493124,-2.142602383586558,-4.440153408751786,train
-1.013284541913508,-1.7197821774296542,-2.733066719343162,-6.541329266509443,train
0.9058468604520193,-0.6295948884801635,0.2762519719718558,0.30966193132254516,train
1.9672398053974538,0.5923858171717811,2.559625622569235,1.9445385745978847,train
-1.6032876016511364,1.5552756741376754,-0.04801192751346095,-0.058311390294393535,train
-0.394022736554847,-1.328588180162942,-1.722610916717789,-3.2129323912291547,train
1.200283874796638,-0.438607124382319,0.7616767504143189,0.7620610532623552,train
-1.1838574614844046,-0.18155906427902677,-1.3654165257634314,-2.325090071523267,train
0.22033979720914498,-1.674947042630982,-1.454607245421837,-2.534182247760568,train
0.9322851841186992,0.7096190901100804,1.6419042742287795,1.3828465881554866,train
0.46394180104071614,-0.8687883980911308,-0.4048465970504147,-0.5383038799950838,train
-1.2479010615383355,-0.23446842141242874,-1.482369482950764,-2.6009385291272804,train
-0.5784617252570423,-0.5423392462942532,-1.1208009715512954,-1.7922168298247494,train
1.1351671379415889,-0.9472062068636091,0.18796093107797973,0.21528635032530932,train
0.2169060565280665,-0.00845398257666564,0.20845207395140086,0.23755969436139426,train
-1.979081545828349,-0.25873149428162684,-2.237813040109976,-4.748044621881866,train
1.0439630401123754,-0.4462294587343987,0.5977335813779767,0.620772742472613,train
-1.8587545802390437,-0.8741539460164113,-2.732908526255455,-6.5407027940755835,train
0.9829351309249286,0.38342960493954653,1.366364735864475,1.2070988148351152,train
-1.1900777593390504,1.9843407221907419,0.7942629628516915,0.7889126437985109,train
1.8322939204775208,0.16786467940695285,2.0001585998844735,1.6000951599308837,train
-0.5282369947916621,1.1953418578933548,0.6671048631016927,0.6818612133261546,train
-0.6922735346476836,-1.668266310184155,-2.3605398448318384,-5.161956232651084,train
-1.4044477986702213,0.18931372715252337,-1.215134071517698,-1.9908364893352182,train
-0.7775831380391405,-1.3168419827652798,-2.09442512080442,-4.288667119683834,train
1.5066030473128023,-1.7723099130382816,-0.2657068657254793,-0.3409662274946193,train
1.9853373505089893,-0.8872456889508435,1.0980916615581457,1.02217264182971,train
-0.5267618779726067,1.4302792012962875,0.9035173233236808,0.8761967490452409,train
-0.20555747618182973,1.1400189944035748,0.9344615182217451,0.9001877694294695,train
0.8882837528109482,0.29160566646527963,1.1798894192762277,1.0803540968898135,train
1.544783121860298,-1.8392406718679168,-0.29445755000761875,-0.3806371853921712,train
0.3721773367471366,-0.23553678166552414,0.13664055508161246,0.15849503204953194,train
-0.43389720728868264,0.36204001068208264,-0.0718571966066,-0.0877962245153459,train
-0.349512636605505,0.21064347549431747,-0.13886916111118755,-0.17256228862183223,train
0.7824725859872275,-2.212552300176895,-1.4300797141896675,-2.475868856203643,train
-1.9871269455828853,-1.0683814176238462,-3.0555083632067315,-7.893780815297148,train
0.47835734983936273,-0.07689331697845996,0.40146403286090276,0.4366400940778959,train
-0.5780279582345704,0.6435490914206279,0.06552113318605746,0.07735151832820958,train
1.176789325108337,-2.635353385319936,-1.4585640602115988,-2.543647731601372,train
-1.6280374407074714,-0.19454877057583012,-1.8225862112833016,-3.4863648145685238,train
0.352809067793562,0.1716585238547428,0.5244675916483048,0.5540544003781867,train
-0.07610844045550502,1.0195343862194557,0.9434259457639507,0.9070803121683647,train
0.5693021036209096,0.8314291010849241,1.4007312047058336,1.2296781597777335,train
-1.7405856220681266,0.6990855825705662,-1.0415000394975604,-1.6317036646744312,train
0.3199351497125251,-0.9599286080423209,-0.6399934583297958,-0.9039764360911253,train
0.24593835183809487,-2.289602564547969,-2.0436642127098743,-4.1321407386422155,train
0.24264037766468372,-0.47166330847368115,-0.22902293080899744,-0.29116359766694555,train
0.41395066638581923,1.201958190250272,1.6159088566360913,1.366712142357747,train
0.7058717489054489,1.6721454330293177,2.3780171819347666,1.829511185031134,train
1.219955998723079,0.8526589227573423,2.0726149214804215,1.6435880975466088,train
-0.9207171194871426,0.5152089873620812,-0.4055081321250614,-0.5392748360138165,train
1.3001976407202482,0.45556757806315856,1.7557652187834067,1.4527306933617472,train
-0.006977270946185499,-0.6673424961129366,-0.6743197670591221,-0.9609267658592378,train
-1.6917668834626753,-0.15607235226434404,-1.8478392357270195,-3.557233297957399,train
-1.7657962830240832,2.0028834309915973,0.23708714796751407,0.2683078200137611,train
-0.6630467252157568,-1.1310696069502515,-1.7941163321660083,-3.4073454965891643,train
1.1395879084458702,1.9377345488518216,3.077322457297692,2.30891177196368,train
0.830723738963663,-0.3864337853904701,0.44428995357319295,0.4783148742776369,train
1.1544598586896258,1.5905185309140941,2.7449783896037196,2.0676599159178903,train
0.06907622576643746,-1.688178011397046,-1.6191017856306085,-2.9415923253712495,train
-0.23920400817803777,0.703085041397579,0.4638810332195412,0.49709258219337704,train
-1.4101898931748642,-0.8841241631371464,-2.2943140563120106,-4.936189312598629,train
-0.6872289855627538,-1.698320630309025,-2.3855496158717786,-5.248703520119833,train
-0.26392253530449894,0.2622408508931348,-0.001681684411364126,-0.0020188699501702064,train
-1.645598281281531,1.2113661463151624,-0.4342321349663687,-0.5817397133815824,train
-1.117552189155155,-1.0139297263121956,-2.1314819154673508,-4.404931892500892,train
0.39290117625495524,-1.7988191525500814,-1.4059179762951262,-2.419030428482073,train
0.9426524569567594,-0.11021371720194616,0.8324387397548132,0.8198823094279024,train
1.9933900455717986,-0.10492239453261729,1.8884676510391813,1.5330112204867001,train
1.7324533253742307,0.6579835530653985,2.3904368784396293,1.8372380556150187,train
0.5702607981407661,1.1395134856373859,1.709774283778152,1.4246422706399475,train
-0.315007786823712,-0.0712982175269929,-0.3863060043507049,-0.5112193711568148,train
0.5447094588329309,2.2266039777531157,2.7713134365860466,2.0857317217985596,train
1.142606472320928,0.2690816934423501,1.411688165763278,1.2368318450573792,train
-1.5266552363064507,-0.41571180720827955,-1.9423670435147302,-3.829084493588688,train
-0.360380441214847,-1.9338808309233935,-2.2942612721382405,-4.936011633892047,train
1.3592091425424688,-0.3151914243794013,1.0440177181630674,0.9827269190428848,train
-0.46466819226782397,-0.4036643344933635,-0.8683325267611874,-1.3009356412678228,train
0.28748908490874614,1.1523657555377644,1.4398548404465106,1.2551252741923686,train
0.3510774434487929,0.5549803488802248,0.9060577923290177,0.8781781208403178,train
-1.2620949874654426,-1.4152429459591407,-2.6773379334245835,-6.322823486859404,train
-0.5510582333908465,0.206705263693245,-0.3443529696976015,-0.4508389049432286,train
-0.6619548450322714,0.8058374060748641,0.14388256104259267,0.16659735005514972,train
-1.8952131658717408,1.8336376312653992,-0.061575534606341575,-0.07503977879124622,train
-1.903232944434579,1.0650047608968711,-0.8382281835377079,-1.2461098327718725,train
1.3267881747030938,0.9130159851737734,2.239804159876867,1.7445720052478015,train
-0.9077167601087504,0.07210319353819633,-0.835613566570554,-1.2413846496821737,train
0.07231506495526174,0.46597440650813954,0.5382894714634012,0.5668193174596816,train
-0.8050977056449078,1.4994058808473905,0.6943081752024827,0.7052857009258962,train
1.762716980461362,-1.5993328769755797,0.16338410348578236,0.18827068634828617,train
-0.962812964536905,-0.41932719266034707,-1.382140157197252,-2.3636775187894434,train
-0.2813727490442597,-0.9270824985074888,-1.2084552475517485,-1.9764947547756866,train
1.4909210019384074,0.45498374247134893,1.9459047444097564,1.567534931707519,train
1.3677342671672346,1.476266610780945,2.8440008779481794,2.1364611997781195,train
-1.2555943286148907,-0.7163691440652886,-1.9719634726801794,-3.916360944257812,train
1.2105732391828417,-2.8683652409633256,-1.657792001780484,-3.041636057903279,train
-0.1672524530484294,-0.49466489402936414,-0.6619173470777935,-0.9402416325583578,train
-0.06812451165857913,1.0961684784208878,1.0280439667623087,0.9709161082395812,train
-1.4660801103362249,0.6451558835398555,-0.8209242267963693,-1.2149457706181697,train
-1.6775939449715014,0.5138234973726913,-1.16377044759881,-1.8816413369851688,train
0.9117572278950608,-0.33599196224937566,0.5757652656456851,0.6010100981138498,train
-0.014155390578800997,-1.5348368834637436,-1.5489922740425446,-2.7644346751774638,train
-0.2525971895392818,0.6183531859493608,0.36575599641007905,0.4012204562252784,train
0.9180329146095869,-1.0011381720415498,-0.08310525743196284,-0.101826952317966,train
1.062051595964439,2.6209160800565474,3.6829676760209864,2.848120821629111,train
-1.3643673293225858,0.6846086500254192,-0.6797586792971666,-0.9700368417159366,train
0.44090059791056513,-0.6967779630647413,-0.25587736515417614,-0.32753246181231316,train
-1.4585836708892579,-0.7336622968663539,-2.192245967755612,-4.599268266784259,train
1.0055003441161827,-0.11153304793630593,0.8939672961798768,0.8687294260569707,train
0.6278206250685581,-0.2874023064260997,0.34041831864245836,0.3757090554441777,train
1.8264584843338318,1.340200530635945,3.1666590149697766,2.3793919949188114,train
-1.7241679345743153,0.22369940369285557,-1.5004685308814598,-2.644892159277324,train
-1.7717811153949827,-0.8779580866902337,-2.6497392020852164,-6.216228953254229,train
-0.8712517012271994,2.2685288221869393,1.3972771209597399,1.2274185688319648,train
-0.9531772650563761,0.059169997824267156,-0.894007267232109,-1.3483101392797885,train
-1.0120848037120007,0.9226076111626761,-0.08947719254932462,-0.10981029992686778,train
1.6250183220841468,-0.7298718089337111,0.8951465131504357,0.8696531075153386,train
-1.0018152006019756,0.43573875329342804,-0.5660764473085476,-0.7844942488787877,train
-0.912201095485476,0.37333198937183426,-0.5388691061136417,-0.7415807396151786,train
1.0375930496718548,-2.2675791505153833,-1.2299861008435284,-2.022883259323283,train
-0.20104063019784002,2.418330132552768,2.217289502354928,1.7308866646486964,train
1.1068422278207248,1.5487733531070564,2.6556155809277815,2.007459569490307,train
-1.738535369742459,-0.47663437937518516,-2.2151697491176443,-4.673786156591608,train
-0.049715225306462774,-1.3227236885470266,-1.3724389138534894,-2.3412587810149135,train
-1.8655455992668695,0.4170739365642624,-1.448471662702607,-2.5195368010249437,train
-1.749387186178582,0.10403723929727589,-1.645349946881306,-3.0092855017895284,train
1.6257498133776438,0.4268027382758753,2.0525525516535192,1.6315387878969414,train
-1.4430185155296193,0.22989287543290754,-1.2131256400967119,-1.9865191758778489,train
0.12968272910086842,0.6074891871671113,0.7371719162679797,0.7416093571370002,train
-0.3556175895971738,1.7367668392701678,1.381149249672994,1.2168392927837788,train
-0.6106266949646293,0.6817238461543753,0.07109715118974602,0.08381810906694238,train
1.5993333827490899,-1.2595865986919292,0.33974678405716063,0.37502859019021123,train
-1.912706412898042,1.6350754232549425,-0.2776309896430995,-0.3573508529810381,train
0.6551587447023564,1.9687374761859449,2.623896220888301,1.9864802033766966,train
1.8535777368542017,3.7824680814145015,5.636045818268704,6.185204525941912,train
0.24067273384736776,-1.3481928398875176,-1.1075201060401498,-1.7649286144224234,train
1.7472898481323673,0.29145841578033,2.0387482639126975,1.623251867233953,train
-1.790968482855905,-2.4985184438267845,-4.28948692668269,-14.613556961768783,train
-0.3248267237033544,0.663778987655051,0.33895226395169653,0.3742232137553486,train
-0.9593688361517954,-0.6578403578001272,-1.6172091939519224,-2.9367403686767957,train
0.9232838599229192,2.308134953789944,3.231418813712863,2.432216988264921,train
1.9251883619889867,-0.9295379640222983,0.9956503979666884,0.9467349565048249,train
-0.9738797502230088,-2.027019645560714,-3.0008993957837227,-7.653912978380151,train
0.6166984058962979,-0.5655164888430235,0.05118191705327435,0.06063912765236177,train
-1.2076094689610395,-2.370585325460565,-3.5781947944216044,-10.425544063501283,train
0.2613210182864396,0.901319345408772,1.1626403636952116,1.0682275968194197,train
-0.1442700532466552,-2.4780996555075845,-2.6223697087542397,-6.111569119203069,train
1.8880213185261483,0.03414909741979066,1.922170415945939,1.5532786771496165,train
0.43410909078586624,-2.493374183827436,-2.05926509304157,-4.179913097867836,train
-0.6019745116527249,-0.3843573654439703,-0.9863318770966951,-1.5234311005789356,train
-1.5436168604482665,1.9720537869654406,0.42843692651717413,0.46298900737189,train
-1.3950126850602618,0.43277746972295394,-0.9622352153373078,-1.476997757472962,train
-1.0987322801950596,-1.0361923259579207,-2.13492460615298,-4.415819420823417,train
-0.996133354638808,-0.037444186726900766,-1.033577541365709,-1.6159854515931138,train
1.4024642313645512,0.021620246453335903,1.4240844778178872,1.2448997414310448,train
0.24489115313009968,0.5671564150120867,0.8120475681421864,0.803404777133909,train
0.09356364549746576,-1.6402300359369917,-1.546666390439526,-2.758647727885836,train
-1.5409245125231301,0.7110807286167967,-0.8298437839063334,-1.2309779628419966,train
1.4405587733977399,-3.24526995792333,-1.80471118452559,-3.4366437929240714,train
0.8912572128339349,-0.7558614628365724,0.13539574999736248,0.1570994010678006,train
-1.7293265523999937,-0.5859286109418536,-2.3152551633418472,-5.006963575448347,train
0.8313403889190747,0.7599921912854861,1.5913325802045608,1.3513869900410571,train
0.17415286937058427,0.02715702321224297,0.20130989258282725,0.2298220801863111,train
-1.673098617012887,-1.686675664627544,-3.359774281640431,-9.314424690219038,train
-0.16679743388537416,-1.181991750980418,-1.3487891848657922,-2.287004741605999,train
-0.061214851479812094,0.23841601145688826,0.17720115997707617,0.20349952468922497,train
-1.336901839346897,-0.09488081023746754,-1.4317826495843646,-2.4798974791465747,train
1.7827925880011293,-0.6949489315628957,1.0878436564382334,1.0147591584459885,train
1.3999014859226477,-0.5770005474143752,0.8229009385082725,0.8121933648088071,train
0.6760893493164333,0.8354015965911468,1.51149094590758,1.3010656507425242,train
-0.1508177559975712,-0.6212310874430576,-0.7720488434406287,-1.128285786288794,train
-0.35293783366196596,-0.10570949283488794,-0.4586473264968539,-0.6183079950973641,train
0.6038938686038167,2.6039239056966514,3.207817774300468,2.4127903288864623,train
0.18172747762762187,-1.7084191642607076,-1.5266916866330857,-2.709185971208638,train
-1.7509075764724575,-2.22221127788959,-3.9731188543620477,-12.63936249135361,train
0.05001059508132677,0.940307597758328,0.9903181928396547,0.9427245386438909,train
1.225614468931358,-0.8143716735529238,0.4112427953784341,0.4462326455995966,train
-0.16304048961216777,-0.3818850332911443,-0.5449255229033121,-0.7510843886068956,train
-1.7921736897829263,-0.9373876537573369,-2.7295613435402633,-6.527455690075359,train
1.1451127975361324,-0.311760168921015,0.8333526286151174,0.8206173684091329,train
-1.1945448714561024,1.9182457345156094,0.723700863059507,0.7302698147692535,train
-0.9655166604478449,0.9625541503417432,-0.0029625101061017123,-0.003557646367179161,train
-1.3411745862708164,1.0346682142643724,-0.30650637200644404,-0.3974312480051087,train
-0.6791397405140098,-1.6994724669511745,-2.378612207465184,-5.224558594640785,train
1.0270060227545401,-1.381384483863443,-0.3543784611089029,-0.4651545963332789,train
0.07754343801574937,-3.406894391382512,-3.3293509533667627,-9.165816953670134,train
-1.1804749033971498,-0.9712569852993047,-2.1517318886964545,-4.4691838685892495,train
1.5113203126081634,1.1480438236627901,2.6593641362709537,2.0099517744416073,train
1.5183274198061167,0.6203358188980451,2.138663238704162,1.6833312505503983,train
1.4823137001840276,-0.2658159155425487,1.2164977846414788,1.1058500213984925,train
-1.0448151544738429,-0.026760340461663663,-1.0715754949355065,-1.6918959225353518,train
-0.1950426232760476,-0.8266626510904866,-1.0217052743665342,-1.5925377998239263,train
1.9399586245635003,0.245710658882141,2.1856692834456415,1.7117215996966082,train
1.0880499052399615,0.9190539353767377,2.007103840616699,1.6042623222946264,train
-1.8913303150977607,-1.9390641448925672,-3.8303944599903277,-11.8080122512431,train
-1.7391816349580318,0.35957722540481774,-1.379604409553214,-2.357808417545137,train
-0.14427449275066895,1.1189218451456007,0.9746473523949317,0.9308882860058538,train
1.6368808234462406,-0.4981203467560435,1.138760476690197,1.0513157750049809,train
0.1548071918108569,0.8408407345447003,0.9956479263555572,0.9467330995633845,train
-0.008749967862839103,3.3775853333670636,3.3688353655042245,2.5495412625855387,train
-1.5781052001734777,-0.1252113515842703,-1.703316551757748,-3.1614565766443437,train
0.6271204188971762,0.4719684600063883,1.0990888789035644,1.0228925140219807,train
1.288412642400902,-0.8856685003936698,0.4027441420072321,0.4378984294926437,train
-0.4783199699697507,0.21750139512246047,-0.2608185748472902,-0.33427731502126257,train
1.10244740370131,0.5523259499787646,1.6547733536800746,1.3908067818124057,train
1.8579066156032464,0.23381080832416565,2.091717423927412,1.6550690310986562,train
-1.1849341634892436,-1.223634383650628,-2.408568547139872,-5.3292726778333055,train
0.09331852477896518,0.24763412559054082,0.340952650369506,0.3762503327905249,train
-0.8514481676616978,1.7546351264611642,0.9031869587994663,0.8759389340636787,train
1.1714176761353574,0.5383629174174327,1.70978059355279,1.4246461362247596,train
0.31037346352463,1.1543846268862092,1.4647580904108393,1.2711879447137222,train
0.538329670201215,-0.28441436401515324,0.2539153061860618,0.2861750064659532,train
1.1916566384635763,0.8998802873084526,2.091536925772029,1.654960504898453,train
-0.41611810935018045,0.33512140585983113,-0.08099670349034932,-0.0991907527871823,train
1.6603602736281728,-1.1410928756246783,0.5192673980034945,0.5492300159218031,train
0.13211546898455984,0.3822252057586493,0.5143406747432091,0.544648257669077,train
-1.368180708658608,-1.1900359961283726,-2.5582167047869806,-5.870310828704419,train
0.7835964726752098,-0.7594563298617503,0.024140142813459553,0.028794050806815928,train
1.1730454017530176,0.22719396875084893,1.4002393705038665,1.2293565431533728,train
-0.7329532917298933,0.35669312805614883,-0.3762601636737445,-0.49664709939208435,train
1.4287170279950119,-1.427078958092555,0.0016380699024569623,0.001964879120816192,train
1.6245730190630656,1.2647829254194514,2.889355944482517,2.168785548596645,train
-0.8923820504887643,0.6864075339605674,-0.20597451652819687,-0.260333998879118,train
1.9340858908608882,-0.8456741227330605,1.0884117681278278,1.015170884135795,train
-1.4371538878049663,-1.8451017557390104,-3.2822556435439765,-8.938687576285488,train
-1.1919373263900401,-0.17388549489771757,-1.3658228212877577,-2.3260241893702704,train
-1.2631006430478955,-0.5351324566333922,-1.7982330996812876,-3.4187145329465736,train
1.5759588400314817,0.13576854846362738,1.711727388495109,1.4258386445622575,train
0.6171702092998474,-0.4357399933866798,0.18143021591316766,0.20813978834650027,train
-1.3915828671109085,-2.4089482328940117,-3.8005311000049202,-11.638598836033747,train
-0.23870632652660406,-0.4660163259613901,-0.7047226524879942,-1.012156850150831,train
0.4611921002792081,-0.36674293328197555,0.09444916699723255,0.11070493422789582,train
-1.6661436600424668,0.7603932297288705,-0.9057504303135964,-1.3701688198765871,train
1.529665473629355,-0.8378396095332596,0.6918258640960953,0.7031603184805943,train
1.2144141417661407,2.0144096080470795,3.22882374981322,2.430070922738075,train
0.02082709430655294,-2.2939686607821086,-2.2731415664755557,-4.865207392920702,train
1.8685064610366817,1.5734009973631493,3.441907458399831,2.615037757141457,train
-0.3289560828996012,-0.26918276505372574,-0.598138847953327,-0.8357974511902356,train
1.9364412761459913,1.0315018468122674,2.9679431229582587,2.226109841571694,train
0.6716799952145083,0.0957617808704797,0.767441776084988,0.7668399568077024,train
0.5386850930157658,1.367466643230563,1.906151736246329,1.5436497133345557,train
-1.33618041881686,-0.4648343574633735,-1.8010147762802335,-3.426407458212788,train
1.527711033218576,-1.3183445102133746,0.2093665230052013,0.23854839749735698,train
-0.2900412483175394,1.7046051447252757,1.4145638964077363,1.2387058530688635,train
-1.3510663768700826,-0.13617677505856943,-1.487243151928652,-2.6127405160410957,train
-1.9495699200969638,0.2658701683490527,-1.683699751747911,-3.1095445371574972,train
0.2390227345535303,1.481702296853754,1.7207250314072844,1.431345923154614,train
0.1095984884907053,-1.2383462905133218,-1.1287478020226165,-1.8086241185365972,train
0.8774144894766343,0.7145890771671087,1.592003566643743,1.351806363443135,train
1.5610322120712086,-0.7078737077554691,0.8531585043157395,0.8364762015727732,train
-1.682373661427882,-0.1586032267732462,-1.8409768882011281,-3.5379026030489538,train
0.9259859613614494,0.08673475846114667,1.012720719822596,0.9595163702812796,train
-1.2503522236096711,-1.800266233736323,-3.050618457345994,-7.872118445425143,train
1.4327082126286559,-0.9346044513845216,0.49810376124413425,0.5294714667881392,train
1.2762540554466244,1.621287470895767,2.8975415263423914,2.174677026465591,train
0.16317501994217753,1.0634294263017547,1.2266044462439323,1.1128327005253598,train
0.8409711944932461,-0.07516749279268184,0.7658037017005642,0.7654833315255096,train
-0.7425995472650064,0.2917481502154717,-0.45085139704953475,-0.6065839312713275,train
-0.11532840426874147,-0.35309100676374916,-0.46841941103249063,-0.6330672697431564,train
1.2865475908418866,1.6279000629935785,2.914447653835465,2.1869023122133053,train
-0.1629392113071444,-0.24042309335299664,-0.403362304660141,-0.5361264857563507,train
-0.5688069386982328,0.27821051056181767,-0.2905964281364152,-0.37527658840304384,train
-0.023150210998800436,1.375236172970478,1.3520859619716776,1.197652101231146,train
1.3129970097488735,-0.9328457818150878,0.38015122793378564,0.4155738635914755,train
-0.6591678105165091,1.8705470213962727,1.2113792108797636,1.1023044660721615,train
-1.3049536274570248,-1.8365536916920522,-3.1415073191490768,-8.280716758729813,train
0.848056081323123,1.9555705573353583,2.803626638658481,2.108125721192228,train
1.3039128508323272,-0.4472107007423695,0.8567021500899576,0.8392993456349719,train
-1.5974500859058667,-0.2912384973903381,-1.8886885832962048,-3.6734309300707637,train
-1.040503548976221,-2.2680122054195313,-3.3085157543957524,-9.064898266529237,train
-1.4321120409560244,-0.5457536608532314,-1.9778657018092558,-3.933890519511917,train
-0.6082343536713335,-1.2477678372322611,-1.8560021909035946,-3.5802985017400055,train
-0.1985960843783494,-0.7291756144481671,-0.9277716988265166,-1.4114835895918918,train
0.9953053478532259,-0.16477315894665553,0.8305321889065703,0.8183478906546161,train
0.6045903395266965,1.1493499373674867,1.7539402768941832,1.4516192770743621,train
0.4837142699137247,0.24912402168075093,0.7328382915944756,0.7379689735280514,train
-0.5905002135613824,0.3692119840813366,-0.22128822948004578,-0.2807782269455586,train
1.3657902123390397,-1.3146232666146747,0.05116694572436509,0.06062161586612926,train
-0.11485133040734175,-1.0569049075232761,-1.171756237930618,-1.8984530985490917,train
1.916419752060618,2.1584700220215742,4.074889774082193,3.291571273260755,train
0.5365685531829474,-0.8822412417158959,-0.3456726885329485,-0.4527193232143177,train
-1.494941033741989,1.9874499024687546,0.4925088687267656,0.5242144170765898,train
0.704710248301736,-0.29167343865703976,0.41303680964469625,0.44798754145877934,train
-0.6995839382732041,0.002745523372204859,-0.6968384149009992,-0.9987999022809788,train
0.7453087867443897,1.2844381922759156,2.029746979020305,1.617849503541629,train
-1.721435407350377,1.5262709063263877,-0.1951645010239893,-0.2459958387812303,train
-1.3004742512961625,-0.132975072334905,-1.4334493236310675,-2.483843209804028,train
1.4229490356231453,-0.4658916642258466,0.9570573713972987,0.9175124586860139,train
-1.0912817719059404,-0.06710453822665574,-1.1583863101325962,-1.8703407709320878,train
1.3481645009717602,0.4055490338785419,1.7537135348503021,1.4514811707221575,train
-0.8828956461823583,1.0695644242437066,0.1866687780613483,0.2138741897132387,train
0.5715276402348306,0.005075830792981892,0.5766034710278125,0.6017679092494428,train
0.776602294039324,0.7426635576277844,1.5192658516671083,1.3060045000079838,train
0.05061901258021173,1.966031678725129,2.016650691305341,1.6099906455996835,train
-0.7787572932130749,0.4575715347177416,-0.32118575849533326,-0.4180276784554292,train
-1.1494224945156155,0.37398342720573396,-0.7754390673098815,-1.1342324032903524,train
-1.8672425817502951,-1.8226929901080813,-3.6899355718583764,-11.024648906864474,train
-0.7842143950371048,-3.156876164194876,-3.9410905592319807,-12.449656423645287,train
0.612651162125132,0.46605087507620196,1.078702037201334,1.0081218003649224,train
1.7532192737939307,-0.11378907753704667,1.639430196256884,1.3813142232275935,train
1.484817929052208,-0.6177392098976903,0.8670787191545178,0.8475414062265165,train
1.0642591061412103,0.29223624502361356,1.356495351164824,1.2005735037960656,train
1.1537893730131947,-0.07248447503628995,1.0813048979769049,1.0100139737636824,train
0.659939613903981,1.3533363007606782,2.0132759146646593,1.607965665792734,train
-0.958852569735988,0.10333304191077348,-0.8555195278252145,-1.277505853684466,train
1.6287801228233194,-0.8963079420842011,0.7324721807391184,0.7376611019714641,train
0.6829292476233362,1.1881994867511467,1.871128734374483,1.5225702271944266,train
0.2417625239217598,-0.26055728993544297,-0.018794766013683184,-0.022660024141464775,train
-1.5560421231460757,0.6318440204067685,-0.9241981027393072,-1.404750190163606,train
-0.2117778247742983,-0.5728928474313605,-0.7846706722056588,-1.1504736288086863,train
-0.15856691519229482,-0.7797922625969237,-0.9383591777892185,-1.4314985021266948,train
1.45825443809068,0.10100187622283538,1.5592563143135152,1.3312729554326939,train
0.18659288075115388,0.015394372252422144,0.20198725300357603,0.23055709087716894,train
-0.4783978041183614,0.5757924424401996,0.09739463832183815,0.11407404420593018,train
1.9072013140426374,-0.32237490397169105,1.5848264100709464,1.3473176909376685,train
-1.5571176266947373,-2.2036317405244765,-3.760749367219214,-11.415328236410659,train
-0.30980628675222155,-0.5193286603060664,-0.8291349470582879,-1.2297014174872676,train
-1.8319012993143788,0.9525821605725787,-0.8793191387418001,-1.3211381831494236,train
0.9596164830677214,-0.3568512950917277,0.6027651879759937,0.6252704733921524,train
1.6723062087966025,-0.2956600830174576,1.376646125779145,1.2138768430856914,train
-0.8798506817980423,1.1836518070871245,0.3038011252890822,0.3382747813511714,train
1.4333667071964835,-0.8543678727107072,0.5789988344857763,0.6039318746230602,train
-0.8311270781524089,-1.8513638618914796,-2.6824909400438885,-6.342844155338886,train
1.6430806465756609,-0.19275734343059323,1.4503233031450677,1.2618898931456317,train
1.0158476143871358,-0.5810087414984844,0.4348388728886514,0.46919226590602103,train
1.2196271073657545,-1.1594955837039047,0.06013152366184982,0.07108395953142851,train
-1.927973777598182,-0.21045414707842885,-2.138427924676611,-4.42691377803212,train
1.8512414282961038,0.5898067766961403,2.441048204992244,1.8689186354423308,train
0.906683968281293,-0.011146273881378895,0.8955376943999142,0.8699594182225641,train
-0.7809956184554667,0.3683772872234853,-0.41261833123198144,-0.549730657401505,train
1.3175786594353878,2.1760892382185077,3.4936678976538955,2.6628226628481078,train
-0.8739152063402802,-0.4114546338690769,-1.285369840209357,-2.1442793321143485,train
1.4910153582645118,0.3340183615736035,1.8250337198381152,1.4947524180235303,train
-1.549678438352252,-0.6110560351189614,-2.1607344734712135,-4.497912396335653,train
0.814743909843183,-1.0156316638643674,-0.20088775402118442,-0.25357742194244953,train
0.16279390657964132,-0.7018891841013238,-0.5390952775216825,-0.7419351422019883,train
-1.6138621192182367,-0.5745102858260263,-2.1883724050442632,-4.586741924778182,train
-1.032424686964644,0.43137095705655065,-0.6010537299080934,-0.8405011531653833,train
-1.9503838548907408,2.8188909440409087,0.8685070891501678,0.8486730808654238,train
-0.12492813814197667,-0.8592521235310083,-0.984180261672985,-1.5192639311610066,train
-0.7949389569599985,-0.499950366738555,-1.2948893236985535,-2.1654482267174964,train
0.39342993719103525,-0.0757476157334979,0.31768232145753733,0.35254522621257517,train
-0.8110487691655313,0.47495861845169646,-0.3360901507138348,-0.4390933375365496,train
-0.8003235539720612,0.31626097434574196,-0.48406257962631927,-0.6568412642821996,train
0.9727727949264136,1.5409149527377406,2.513687747664154,1.9149901189416192,train
-1.8074286560865862,-2.91167048464225,-4.7190991407288365,-17.598580497943917,train
1.611579980767949,-2.8643158442348073,-1.2527358634668584,-2.072386051696902,train
1.4090554975647258,-0.5950538064121791,0.8140016911525467,0.8049902287062803,train
0.6712187329056261,1.3167602250524504,1.9879789579580764,1.5927872879195404,train
0.3728862804295372,-1.8787776379267154,-1.5058913574971782,-2.65812841587217,train
1.569209992558609,-3.6091588076325083,-2.0399488150738994,-4.120807177648514,train
-1.2586792818851422,0.6854152874630505,-0.5732639944220917,-0.7959259088914714,train
-1.6841233512366856,0.2923886684432573,-1.3917346827934283,-2.3859435622963585,train
-1.0419593203618476,-1.3082500881593158,-2.350209408521163,-5.126363803637797,train
1.178313114800761,-1.182647520865116,-0.004334406064354868,-0.005206927471545848,train
-1.8613189330940667,-1.1636924635616093,-3.025011396655676,-7.759269535243114,train
0.3312273403339585,0.13264238096872816,0.46386972130268667,0.49708179116960993,train
1.9817500647652397,-0.7515783314196084,1.2301717333456312,1.1152916597063602,train
1.4227843753501577,0.5928767027706235,2.015661078120781,1.6093968389316051,train
0.08578275617435782,-3.4255519954852693,-3.3397692393109115,-9.216539744313714,train
-1.7454363628534306,-1.0282222381533592,-2.77365860100679,-6.703257957705796,train
1.3254940575428393,-1.3512647530932602,-0.025770695550420886,-0.031124929038240844,train
0.3959140327088422,-0.30760881404699064,0.08830521866185154,0.10366134827445721,train
-1.5402680117617327,-0.6456573101881662,-2.185925321949899,-4.578838256476299,train
-1.6245708607065752,0.9574125358749199,-0.6671583248316553,-0.948967675120172,train
1.6385072777463696,-2.2312041259920687,-0.5926968482456991,-0.827033494642467,train
0.6768010517523138,0.0545897715969024,0.7313908233492161,0.7367514644898253,train
1.3171471972670221,0.6700037078540466,1.9871509051210687,1.5922904370038518,train
1.5159156011290693,2.2279769238743454,3.7438925250034147,2.9115084238630136,train
0.2870894081932889,-0.5781191653121702,-0.29102975711888135,-0.3758776909693005,train
0.06978540702016511,0.38935032522302043,0.45913573224318555,0.49256061215435093,train
-0.27829035871603924,-2.1646353510748377,-2.442925709790877,-5.450831768818714,train
-0.7322136488355229,-2.8703474451756286,-3.6025610940111514,-10.554389553205214,train
-0.2616161565651529,1.0137292509380398,0.7521130943728869,0.7541060263701755,train
1.0955186229206255,-0.006672352377684679,1.088846270542941,1.0154857200504583,train
0.4076937240605263,1.4142152277581073,1.8219089518186335,1.4928629505542186,train
1.5700931598193844,-1.648083466763699,-0.07799030694431464,-0.0954368334815747,train
-0.2264799424832491,0.623882567434503,0.3974026249512539,0.4326425629501783,train
0.4283583148750161,2.2425814086526237,2.6709397235276398,2.0176653491913807,train
0.5252302123679549,0.5036467300287191,1.028876942396674,0.9715338291192412,train
0.3667886492253021,0.3318978067092585,0.6986864559345606,0.7090285535742158,train
0.8105350923420653,0.010267296989219798,0.8208023893312851,0.8104973067026642,train
-1.0502661265007749,-1.8850577485510946,-2.9353238750518695,-7.371782580314148,train
0.04945511018316262,1.6266875228524176,1.6761426330355802,1.4039872135895974,train
-1.5831007887666093,-0.733029167766079,-2.3161299565326883,-5.009932431390044,train
-0.4619546894207498,0.6053799076596204,0.14342521823887056,0.16608654244397988,train
-0.04933172551494236,-1.875641167885504,-1.9249728934004464,-3.7782750036066988,train
0.6088970381818899,-1.4153515974093365,-0.8064545592274466,-1.1890808083938476,train
1.802124210344814,1.7221048790666826,3.524229089411497,2.691597568480225,train
0.4026042661934235,-0.4167627467494115,-0.014158480555988007,-0.017050457350953046,train
0.9743756647062392,1.7439305712510536,2.718306235957293,2.0495147440738144,train
0.025064237980811033,-0.09387679087022137,-0.06881255288941034,-0.08401190564581837,train
0.5364161255053252,-2.210277327549429,-1.6738612020441037,-3.083669003075661,train
-1.7162711354649063,1.0704811196780646,-0.6457900157868417,-0.9135276088976007,train
-0.982433676632612,-0.7078707813067293,-1.6903044579393414,-3.126975005533677,train
-0.5525876271794452,0.8384265762204521,0.28583894904100693,0.3196632753264179,train
-0.11002657997394572,0.030253041048098537,-0.07977353892584718,-0.09766277517704625,train
-1.817405017990465,-1.8517418735314444,-3.669146891521909,-10.91158792899827,train
-1.4399036097867293,0.19715371844468285,-1.2427498913420465,-2.0505948998323515,train
-0.8927427688347769,2.6354677705833587,1.7427250017485818,1.4447835439788765,train
1.8861307636042026,0.591583750217351,2.4777145138215535,1.8920796973818885,train
-0.674611971587797,-0.06902130360655576,-0.7436332751943527,-1.078818169525097,train
-0.07183576755166987,1.2904120823482772,1.2185763147966073,1.1072880260771123,train
-1.2156091490464283,0.252802158243733,-0.9628069908026953,-1.4780935535436237,train
0.44312028430307304,0.2514410763153532,0.6945613606184262,0.7055023453787329,train
-0.8772671379361028,-1.309950206590923,-2.187217344527026,-4.583010335559801,train
-1.172029686246293,0.280617630947518,-0.8914120552987749,-1.3434955917348965,train
0.06629051378391626,1.2425320997003337,1.30882261348425,1.1687838914751834,train
-1.9779768033583167,-1.0032745825200295,-2.9812513858783465,-7.568706831952653,train
-1.9693438694030987,1.709394985496337,-0.25994888390676163,-0.33308896914613445,train
-1.123724763592569,-0.11004722897415117,-1.23377199256672,-2.031086364841893,train
-1.8531145499967154,-1.0653234138462488,-2.9184379638429645,-7.300167287998698,train
-1.5678969834772345,1.1971584923042933,-0.3707384911729412,-0.48866814326305136,train
-0.6445574026449936,-0.3441530828859231,-0.9887104855309168,-1.5280427287527125,train
1.2103427183192514,0.9114178649833293,2.1217605833025805,1.673146608908106,train
0.28819457347720334,-0.3501103587102446,-0.061915785233041254,-0.07546087952564903,train
0.050670903825665636,-0.07179137223588443,-0.021120468410218793,-0.02547885541281023,train
-0.8260447071675134,0.5922722452011498,-0.2337724619663636,-0.2975606017075581,train
1.7270148777312655,0.34907646910800705,2.0760913468392728,1.6456768361416276,train
-0.4119398350512333,-2.394638136542086,-2.8065779715933195,-6.836311421205253,train
-1.651628932816914,-1.3454924881132702,-2.997121420930184,-7.637484394516769,train
0.4682660644712051,1.1152919817489786,1.5835580462201837,1.3465237783266322,train
-1.5446464260935944,-0.1585639066818567,-1.703210332775451,-3.161174339635256,train
-0.6191074287932317,-0.6284775633257061,-1.247584992118938,-2.061133809683801,train
0.0296477548712355,-1.6302888183089692,-1.6006410634377337,-2.894431087318426,train
1.4968900987407032,-1.295683585531018,0.2012065132096852,0.22970988040151885,train
-0.025813678639525328,-2.426158367954337,-2.451972046593862,-5.483099792127007,train
0.809035064126657,-0.12153686244183945,0.6874982016848176,0.6994491399221706,train
1.9712673559962814,-0.7181250966972562,1.2531422592990253,1.1310556244573025,train
-1.4740435204080735,-1.1599054691823782,-2.6339489895904515,-6.15572069146943,train
-0.9010738979219219,-0.08174811020154371,-0.9828220081234657,-1.5166354499259511,train
-0.4216956976094144,0.4367647570232857,0.015069059413871322,0.018014919422662343,train
-0.31268728584467453,2.5118375186519337,2.199150232807259,1.7198850627136464,train
-0.35591569893781694,-1.8142601034758563,-2.1701758024136732,-4.528149702369152,train
1.6304440102262197,1.3912572519606263,3.0217012621868458,2.2663470993620174,train
0.8561305778674257,1.1677218732180863,2.023852451085512,1.6143121491812944,train
0.431620856362815,-0.9349112872520406,-0.5032904308892256,-0.6863130993742373,train
-0.7625091285488717,0.24388314550323723,-0.5186259830456345,-0.7100178697423676,train
1.2951615368851788,-0.5491598992051383,0.7460016376800405,0.7490046156992297,train
1.8202420459399558,0.2228262965024867,2.0430683424424423,1.6258449998003837,train
1.2847931302009061,1.8109572160854606,3.0957503462863665,2.3232318716123053,train
-1.9937395792341084,0.7267274791575755,-1.2670121000765329,-2.1037083904097322,train
0.5456054807336281,0.6103300478801303,1.1559355286137585,1.063493848648613,train
-1.795458474231597,-0.5163711839455708,-2.311829658177168,-4.995347696457394,train
-0.9695711186651126,-1.7808679979092021,-2.7504391165743147,-6.610343492491667,train
-1.7619011986089133,-0.25016185264848945,-2.0120630512574027,-4.036276551864667,train
0.415181811797551,1.4479297858366982,1.8631115976342492,1.5177387048610882,train
0.7463596539704271,-1.832601427907577,-1.08624177393715,-1.7215504705635416,train
-1.5420494477363795,-1.266107241812034,-2.8081566895484134,-6.842731462682998,train
-0.46464446782008206,0.1515212834808818,-0.3131231843392003,-0.40669668557776634,train
-0.17505396417783192,-1.1815857418167148,-1.3566397059945468,-2.3049518563731874,train
-0.5237879129563336,-0.9510281365382551,-1.4748160494945888,-2.5826962934861033,train
-1.5158999980592278,-0.5083182980738125,-2.02421829613304,-4.073007514152531,train
-0.32420883925009836,-1.6387408850281793,-1.9629497242782776,-3.8896702636053115,train
1.0047121912336725,-1.168946215459642,-0.16423402422596944,-0.20539416618045486,train
-1.7159693418669781,0.8441135001447705,-0.8718558417222076,-1.3074030954610902,train
-1.6792799436723862,-1.5688437386771568,-3.2481236823495427,-8.776275830740571,train
-0.5809148326560631,-1.9174465613938052,-2.4983613940498683,-5.650291383031297,train
1.7669028464757002,-0.7560299754406732,1.010872871035027,0.958136984646762,train
0.6742905868916562,0.8783466030118149,1.552637189903471,1.3271057000554385,train
0.7146798266902592,-0.23630616959626743,0.47837365709399177,0.5108695655858011,train
-0.5523200366485401,-0.557497293738742,-1.109817330387282,-1.7696369439841482,train
0.3746431648341537,0.053230557018728454,0.4278737218528822,0.46244235847101556,train
-1.9594752638890265,-2.0948489194315822,-4.054324183320609,-13.128609120978515,train
0.5443841856381688,0.5936467845300389,1.1380309701682076,1.0507968374065577,train
1.653147790304947,0.460122037684373,2.11326982798932,1.6680345596936945,train
0.45029387337927673,-0.4911701689148655,-0.04087629553558875,-0.04955623105565717,train
1.4947943738653802,1.2071094141557,2.70190378802108,2.03843258214013,train
0.8958922218643752,-1.3529953187436463,-0.4571030968792711,-0.6159821187388026,train
-1.517766334385239,1.353490791904283,-0.1642755424809561,-0.20544824785172425,train
1.6098132291433669,0.18539239871430135,1.7952056278576682,1.476693915391447,train
-1.7342246225769005,-0.403863107853808,-2.1380877304307084,-4.42583577843953,train
0.1358698901910551,-0.023848362441973883,0.11202152774908122,0.13073147340952504,train
-1.4314515048261693,-0.12871771897313009,-1.5601692237992995,-2.792324050783237,train
-1.9531735570763837,1.4643394757012604,-0.4888340813751233,-0.6641290846592042,train
-0.311862959489444,-1.292014952965216,-1.60387791245466,-2.9026735328312,train
-0.819837169383375,-0.9150230869759178,-1.7348602563592928,-3.2458282652216326,train
-0.05599802480958793,1.2435634704869756,1.1875654456773876,1.0857268998841336,train
0.3087995469382032,-0.714641922220631,-0.40584237528242784,-0.5397655353900848,train
-1.8250437107642106,1.0806396927979098,-0.7444040179663007,-1.080151127342045,train
-1.5079868195050175,2.0393231796104514,0.531336360105434,0.5604084334836006,train
0.2345695858017014,-0.48215403232996035,-0.24758444652825895,-0.3162495755728955,train
-0.6273305873093671,0.8176347918903665,0.1903042045809994,0.21784493831945304,train
0.916693950197792,-1.3844307376078302,-0.4677367874100382,-0.6320339745625044,train
0.6091665943677587,0.905679957681371,1.5148465520491297,1.3031983090471693,train
1.3824174519596273,0.23930878318412052,1.6217262351437478,1.3703293617430585,train
0.7699713066769012,0.5676459385922582,1.3376172452691595,1.188039295216485,train
-0.2802756904394075,-0.774686486442474,-1.0549621768818813,-1.6585439249186462,train
0.6918664895777296,-1.9933000986806069,-1.3014336091028773,-2.180052983419951,train
-0.8984753029783259,0.6039024776994057,-0.29457282527892015,-0.3807973857412951,train
-0.7747460048871493,-2.4760837829753455,-3.2508297878624948,-8.789085319171534,train
1.1559406396831733,-0.38082059069104174,0.7751200489921315,0.7731857677750269,train
-0.2143219343936713,1.1294182397039636,0.9150963053102923,0.8852103313795968,train
1.19352136207341,0.23027728304764328,1.4237986451210531,1.244714014061793,train
1.2896894946731137,2.3380111737477756,3.6277006684208892,2.7922426789871695,train
1.430249350645135,1.2301309830981282,2.660380333743263,2.010627865576215,train
1.6665409433648293,-0.7846780659906917,0.8818628773741376,0.8592212627420039,train
-0.27605911794681504,0.0327760558217264,-0.24328306212508863,-0.31041562449716775,train
-0.7245327267154447,-0.05684484305332314,-0.7813775697687678,-1.144671894862374,train
0.32879498637645543,-1.8986121160153526,-1.5698171296388972,-2.8165053460212097,train
-0.5153103062494897,-1.128478699781224,-1.6437890060307137,-3.0052388671693846,train
0.4042966672009318,-0.6729130883758323,-0.2686164211749005,-0.3449552378892028,train
0.8223434505752985,-2.443464603427124,-1.6211211528518255,-2.9467735796384367,train
0.7536200739685475,0.05699216190197154,0.810612235870519,0.8022393727085741,train
-0.5017884519195146,-0.29888621358364886,-0.8006746655031635,-1.17879839712186,train
-1.3325591932049887,-2.007472681573889,-3.3400318747788775,-9.217820664947828,train
-0.27788264615116987,0.48505543833279846,0.2071727921816286,0.23617577954500532,train
-1.429623423672365,0.8590472936291514,-0.5705761300432136,-0.7916462481912592,train
1.5603881407352334,0.27244137463786666,1.8328295153731,1.49946412214867,train
-0.6164901570485704,-0.38888181025076424,-1.0053719672993346,-1.5604883300996222,train
-1.3821610111067049,0.7097305821022258,-0.672430429004479,-0.9577677166675683,train
-1.8982089603769965,0.8162644325720293,-1.0819445278049673,-1.7128410492450012,train
0.583289545145937,0.3688842836636261,0.9521738288095631,0.9137818004675025,train
0.547609269818973,-0.9895347005217131,-0.44192543070274015,-0.5932153022790461,train
-0.6375833336748333,0.3319209186134168,-0.3056624150614165,-0.39625164618156195,train
-1.713152444609396,1.4345767809905747,-0.27857566361882125,-0.35865305131729613,train
-0.3614844204190719,-0.7159548703340762,-1.0774392907531483,-1.703728416223544,train
-0.7551300197464257,2.5175272069589174,1.7623971872124917,1.4567676178395486,train
0.7084825589400374,-0.6307571207824613,0.07772543815757615,0.09148163058387815,train
0.4231169978107614,0.03888841600816346,0.46200541381892485,0.49530252559741716,train
-0.54162508720984,-0.8069827152076033,-1.3486078024174435,-2.286590814662601,train
-1.1284297829800396,0.26792500310431305,-0.8605047798757266,-1.286605111862959,train
1.9521438646223674,-2.09066603116233,-0.13852216653996274,-0.17211601790690798,train
-0.18399351521554053,-0.6552501585800654,-0.8392436737956059,-1.2479466142451008,train
0.7530969431209482,-1.3105454404182806,-0.5574484972973324,-0.7708241682347936,train
-1.437788129686557,0.1624060174707491,-1.2753821122158078,-2.1221651916597626,train
-0.0576412013624088,1.1933368506106887,1.13569564924828,1.0491346708499771,train
-1.889853120522138,0.7752074245374617,-1.1146456959846764,-1.7795490862562353,train
0.021820471641799788,-2.8459912330306705,-2.8241707613888707,-6.908057956760671,train
1.8560696284708094,2.4504835835134564,4.306553211984266,3.597496730853946,train
-0.4631731480567991,0.35433592874504205,-0.10883721931175705,-0.13422278704977889,train
-1.8440159497003537,-0.9317989685916003,-2.775814918291954,-6.711925742365072,train
-1.8761768363226259,0.188553502789129,-1.687623333533497,-3.1198934366765028,train
-0.44805296021252206,0.21142778700323087,-0.2366251732092912,-0.301410099225115,train
-1.3599002541472238,-0.8002184603418764,-2.1601187144891,-4.495944201307042,train
-1.9065916146872564,0.23750000081049058,-1.6690916138767657,-3.071163328263821,train
1.0248544558007073,-0.7289667451443687,0.2958877106563387,0.33009563320066576,train
-0.16590796447243727,-0.4852343912280273,-0.6511423557004645,-0.9223705111589701,train
-0.8430209121093819,-0.8235349629061014,-1.6665558750154834,-3.064524916745285,train
1.6003327320659229,-1.7192055476875832,-0.1188728156216603,-0.1469705907140778,train
-1.5354441591978976,0.17500376425846068,-1.3604403949394368,-2.313662917123815,train
1.8236753158212768,0.7023593238196056,2.5260346396408826,1.9228988002727962,train
-0.7441331304905887,0.6178603152916466,-0.12627281519894207,-0.15641149528603204,train
1.553614689234725,0.9839103031622811,2.537524992397006,1.930280434026269,train
0.41177150591784617,0.3892082520178418,0.800979757935688,0.7943993097359358,train
1.3068294389659498,-0.6392705978602842,0.6675588411056657,0.6822545401690754,train
1.9360526528418571,1.0075966373174265,2.943649290159284,2.2082043311851516,train
-0.8463782487250171,-1.629021047810322,-2.475399296535339,-5.567172703099033,train
1.8445419416303719,-1.0808056590149762,0.7637362826153957,0.7637697118752942,train
-0.4420724203903186,-1.1570400857078935,-1.599112506098212,-2.8905426408074297,train
-0.45795238105231073,1.2960672709671723,0.8381148899148616,0.8244430246610167,train
-0.6384515829819772,1.1313462169680906,0.49289463398611333,0.5245773420249324,train
0.16563042939034078,0.5847662844539938,0.7503967138443346,0.752674728607887,train
-1.3834198272860516,1.2863158382541566,-0.09710398903189499,-0.1193993228163619,train
0.21484594143204472,-1.0551393388943857,-0.840293397462341,-1.249846239135468,train
0.16681924964001604,0.4183141438331765,0.5851333934731926,0.6094626761193256,train
1.04760725041948,-0.15020931405979707,0.8973979363596829,0.871415369212892,train
1.3345998477503422,1.0162585246618967,2.350858372412239,1.8126745847542087,train
-0.23823459875030384,-0.1382690790626371,-0.3765036778129409,-0.4969994835052831,train
-0.790667002594025,-0.4619314660920974,-1.2525984686861225,-2.0720855725327594,train
-0.9626604107316221,0.6490902222731879,-0.3135701884584342,-0.4073237143194534,train
-1.2215046531805123,1.0514030006294794,-0.17010165255103282,-0.21304844564877595,train
-1.7694096712039005,-0.802014233816162,-2.5714239050200627,-5.919516100104437,train
-0.6302080846611466,-0.07329080562285131,-0.7034988902839979,-1.010080330942116,train
-0.919009231476867,-1.2701287603699833,-2.1891379918468505,-4.589216186887446,train
1.8656695434656294,-2.997673220991527,-1.1320036775258977,-1.8153634160835124,train
0.23083530500017568,0.2405515576964748,0.4713868626966505,0.5042398023667743,train
-0.6108918438779698,0.7306864275055583,0.11979458362758855,0.1395342347328822,train
0.32187040397478395,0.3144801709040706,0.6363505748788545,0.6550223290575367,train
-1.443213194617218,-2.3394740613052405,-3.7826872559224585,-11.538112753543322,train
-0.22382500319118837,-0.42101931609176946,-0.6448443192829578,-0.911967535507145,train
0.5049372856842553,-2.6620173120612973,-2.157080026377042,-4.486238350629463,train
-0.04440867283019445,1.6436413291850216,1.5992326563548271,1.3563211422138446,train
-0.392884797382703,-1.3032654985417031,-1.6961502959244061,-3.142443032605654,train
1.9753935555987927,1.5064843313518756,3.4818778869506684,2.651834113912014,train
1.521259048595708,1.1350435724209746,2.6563026210166827,2.0079161367304916,train
0.49362383263776044,-1.080708423043274,-0.5870845904055135,-0.81801947623889,train
0.2775094447291311,-1.359341941521294,-1.0818324967921629,-1.71261421943491,train
0.4826419192983362,0.4204442596636059,0.9030861789619421,0.8758602787858769,train
-1.194751568710267,-1.0131888446196853,-2.2079404133299523,-4.650214328304469,train
-0.41944902694272557,0.12298157058984903,-0.2964674563528765,-0.3834317034319203,train
-1.8421618684364027,-0.579393108968302,-2.4215549774047047,-5.375035788820193,train
-0.09781585005269333,-2.13739009735876,-2.2352059474114534,-4.739461546115404,train
0.1720983358306527,-2.6765616229493507,-2.504463287118698,-5.672498657968941,train
-1.0890010555871616,0.2720210981935166,-0.816979957393645,-1.2078777430735883,train
1.856115388662055,-0.6738692955967505,1.1822460930653045,1.0820051768254297,train
1.637818443748968,-0.6637077802969588,0.9741106634520093,0.9304815913005534,train
0.8885729418236235,0.8350366069125424,1.723609548736166,1.4331100326748816,train
0.13354651506145032,1.4081307319589338,1.5416772470203841,1.320192590160703,train
1.4798766385907398,-0.327053665634171,1.1528229729565689,1.061292458522968,train
-1.4773906247061483,-0.4087184482918338,-1.8861090729979821,-3.6660360401695034,train
1.16203917709954,0.6001716397366604,1.7622108168362005,1.4566542161418778,train
-1.5007167441326068,-1.6283226836394904,-3.1290394277720974,-8.223917324146154,train
1.1768426501976217,0.2677836656972364,1.444626315894858,1.2582108185523189,train
-0.8969297269945722,0.6622631661865849,-0.2346665608079873,-0.2987665269384137,train
1.5083623240727557,0.816276250101155,2.324638574173911,1.7964938307796992,train
1.7761683753015913,-2.324103243002958,-0.5479348677013665,-0.755817023039739,train
-1.4048161223795375,-0.9136263237707287,-2.318442446150266,-5.017785285587588,train
-0.14929757973842595,-1.05391590338816,-1.203213483126586,-1.9652689583250114,train
1.9239495126507404,0.11986434529105558,2.043813857941796,1.626292520137784,train
-0.06637025610741354,0.5768934957215808,0.5105232396141672,0.5410906792260133,train
1.4541900900581806,1.7960524889351777,3.2502425789933582,2.4478586628816537,train
0.3549260885252794,-0.5939585764416877,-0.2390324879164083,-0.3046628189327234,train
-0.49868036832159257,-0.5970869979710566,-1.095767366292649,-1.7409174050574885,train
-0.8568657778965192,1.3796064226544964,0.5227406447579772,0.5524535866540558,train
-1.187107635655651,0.3558923262363661,-0.8312153094192849,-1.2334491564592667,train
1.0471927655107889,1.5211818134255686,2.5683745789363575,1.9502054081420162,train
-0.4538379727078885,0.34647360361180357,-0.10736436909608493,-0.1323572552732836,train
0.04510184880300461,-1.388539942455925,-1.3434380936529204,-2.2748070799213984,train
-0.030698079995272298,-1.5997540257333678,-1.63045210572864,-2.9707723275337385,train
0.30911611693252494,-1.8618146988707147,-1.5526985819381898,-2.773668109825353,train
1.462308582498209,0.7944622017101678,2.256770784208377,1.7549089312787634,train
1.9229573743337176,1.4263161877044097,3.3492735620381273,2.5323844040875843,train
-0.36966316570473223,2.2192345696636573,1.849571403958925,1.5095726417266522,train
4.241172963994654,-0.012039183308860016,4.229133780685793,3.4913127260621946,extrapolation
3.2153483373759486,-1.0147733140742756,2.200575023301673,1.7207484740498744,extrapolation
3.0671286339105075,1.093752731498779,4.160881365409287,3.4010306857326547,extrapolation
3.878286922707228,-1.6493962549237349,2.228890667783493,1.7379339905070195,extrapolation
4.298672424463907,-0.6564787740208914,3.642193650443016,2.8067495809055014,extrapolation
3.5577661503111524,-9.063193273855048e-05,3.5576755183784137,2.723578845980186,extrapolation
4.951910495961538,-0.14540016394585062,4.806510332015688,4.389180164914336,extrapolation
4.212074346462158,-2.410302562044751,1.801771784417407,1.4806736074584492,extrapolation
3.7023297537109023,-1.1047758511360395,2.597553902574863,1.9692007900574975,extrapolation
3.4802937954853763,0.2018812109081186,3.682175006393495,2.8473086071818154,extrapolation
3.3579450403771736,-1.5838698712318924,1.7740751691452812,1.4638685183965312,extrapolation
4.322624268460104,1.5197151583990156,5.8423394268591196,6.741736447060507,extrapolation
3.596430611699061,0.5942170665431834,4.190647678242245,3.4400276442030897,extrapolation
2.649194741523921,-0.6170884688532848,2.032106272670636,1.6192654183801343,extrapolation
3.4951106383260786,-0.26435095836007655,3.230759679966002,2.431671662452075,extrapolation
4.3449885143300895,2.2338769485981818,6.578865462928271,9.147345986458022,extrapolation
2.95622932613375,1.1231861410515807,4.07941546718533,3.2972156484895305,extrapolation
2.9386293903687313,0.4562629738394062,3.3948923642081374,2.572639245407799,extrapolation
3.828878434604596,-1.6986225245211315,2.1302559100834646,1.6782640460600329,extrapolation
3.829568967742165,1.95553358237515,5.7851025501173154,6.582519990699366,extrapolation
4.086002396378303,1.2628812826487736,5.348883679027077,5.487220396730586,extrapolation
4.623579485194474,-0.17808646507184514,4.445493020122629,3.7985515504678533,extrapolation
4.311138312151588,-0.6596376830505416,3.6515006291010463,2.816120004380936,extrapolation
4.027558776693957,-0.22548472653212742,3.8020740501618295,2.9738535803765425,extrapolation
4.306108456425553,-1.4423240170403686,2.863784439385185,2.150495159582145,extrapolation
3.3073972846329456,-0.5649426692488088,2.742454615384137,2.0659362608677765,extrapolation
3.404471639055785,0.9157926169854189,4.320264256041204,3.6167303276843485,extrapolation
3.070658077197389,-2.1691455326910862,0.9015125445063026,0.8746316762191989,extrapolation
3.2342851159720736,-0.37688924909072963,2.857395866881344,2.145952291532325,extrapolation
4.07744030963622,0.13650716745580477,4.213947477092025,3.4709586858843235,extrapolation
2.730262349862688,0.12428164478799425,2.8545439946506823,2.143927739507513,extrapolation
3.5842529316988205,-1.4147243448401106,2.1695285868587098,1.7019607642008938,extrapolation
3.5771569083241097,-1.4185834695924726,2.1585734387316373,1.695343433940403,extrapolation
3.7342127441257658,1.3069984589500605,5.041211203075826,4.83112960904405,extrapolation
3.56457572573957,-1.4694349113795493,2.0951408143600205,1.6571275482761503,extrapolation
3.280653057431163,1.210381147570124,4.491034205001287,3.8674951987084762,extrapolation
3.5658782674070206,-0.5788383781301899,2.9870398892768306,2.24030500278621,extrapolation
4.733472907792837,1.2957556203611227,6.0292285281539595,7.288199417083309,extrapolation
4.860400045509699,-0.5052942064860169,4.3551058390236825,3.6661959990020385,extrapolation
3.7545916897108413,-1.399765584739566,2.3548261049712753,1.8151293210746053,extrapolation
4.059882379480278,1.0278658276721544,5.0877482071524325,4.924607672437059,extrapolation
2.7890459876982394,-0.020869466676236615,2.768176521022003,2.083570775253363,extrapolation
3.2932137045508023,1.7382919023893417,5.031505606940144,4.811884168632602,extrapolation
3.5370655298840794,1.0706401021654055,4.607705632049485,4.051260069943104,extrapolation
4.6657728947084145,-0.2753119547325555,4.390460939975859,3.7172675304447678,extrapolation
3.1261384134912666,-0.5396011219955685,2.586537291495698,1.962011578642904,extrapolation
3.7075856606567608,0.028046811944698262,3.735632472601459,2.9028021891546545,extrapolation
4.963899464026762,0.22825202143102746,5.1921514854577895,5.141665116371384,extrapolation
3.7987127981495235,-1.0580982320781704,2.7406145660713532,2.0646804620352706,extrapolation
4.032236314407419,1.0103274876294919,5.042563802036911,4.833818524325283,extrapolation
2.8015716649758096,-0.4768361901724769,2.3247354748033326,1.7965535034712012,extrapolation
4.565852001267083,-0.5076332941839748,4.058218707083108,3.2708891402323204,extrapolation
4.007650321027318,-0.6488260048470035,3.358824316180315,2.540741489883421,extrapolation
3.8626700161661622,0.27722072081204563,4.139890736978208,3.373876588878898,extrapolation
3.356909584435771,-0.8304631220650263,2.5264464623707443,1.92316300076736,extrapolation
3.2603019725679605,0.16196413198835302,3.4222661045563134,2.597210563103699,extrapolation
3.542555527561754,3.319923685322245,6.862479212883999,10.265838511783526,extrapolation
4.203251914481991,-0.06433135208561054,4.138920562396381,3.3726284025320696,extrapolation
4.688642104487937,-0.520805685958378,4.167836418529559,3.410090810986512,extrapolation
3.776055843695028,-2.001227073777481,1.774828769917547,1.464326429432297,extrapolation
4.17328445740568,0.06026630971688317,4.233550767122563,3.497261671343825,extrapolation
3.9648413814055323,-1.3310771318995274,2.633764249506005,1.9929863459896093,extrapolation
4.062258755239,-0.4506697427658873,3.6115890124731127,2.776235899347205,extrapolation
4.186722627469562,0.18192911237657175,4.3686517398461335,3.685658383646235,extrapolation
4.605856094050643,-2.0771873397865823,2.5286687542640607,1.9245891512924993,extrapolation
2.707987470831097,0.18895530287815018,2.896942773709247,2.1742454715978834,extrapolation
4.409207103608345,0.3654182105112535,4.774625314119599,4.332804168337598,extrapolation
3.109165936342185,-1.5565200235999819,1.5526459127422032,1.3271111956133876,extrapolation
2.9855574014469273,-0.4707710305549049,2.5147863708920224,1.9156928708431904,extrapolation
3.931142393728683,-2.1967996346133654,1.7343427591153175,1.4396682338231943,extrapolation
2.739281291530968,1.8906011230108866,4.6298824145418545,4.087379805151206,extrapolation
4.713317065687849,0.39667593185861355,5.109992997546462,4.969997189286123,extrapolation
4.068122430128172,-0.2155062011749228,3.852616228953249,3.02949599419765,extrapolation
4.308540895474887,-0.19612299678739514,4.112417898687492,3.3387638492643434,extrapolation
2.540323016737542,1.3577323296789217,3.898055346416464,3.0807312553447956,extrapolation
3.986079698612606,-0.11299866230473304,3.873081036307873,3.0524275473529716,extrapolation
3.8919629809857215,0.39698012553090384,4.2889431065166255,3.5729843292812093,extrapolation
2.897399110361807,1.8223554724385937,4.719754582800401,4.237762820061753,extrapolation
2.8826762878119325,-0.4154005776026377,2.467275710209295,1.8854668290061292,extrapolation
4.238823821927277,-1.3111623894080786,2.9276614325191987,2.1965120777311795,extrapolation
3.296916065954691,-0.9894006897043452,2.307515376250346,1.785963246192949,extrapolation
4.229925738829549,1.7143966013271583,5.944322340156708,7.034818391511197,extrapolation
3.8859581242944303,0.10971397021686848,3.9956720945112987,3.194812128590085,extrapolation
3.4723764353078614,-0.602797545923609,2.869578889384252,2.1546246959751656,extrapolation
4.812831224034966,1.1683732557589905,5.9812044797939565,7.143825070333604,extrapolation
4.6041749922817905,1.1975488628125925,5.801723855094383,6.62836987730274,extrapolation
3.3934939167079405,-0.5707773214877265,2.8227165952202142,2.1214732616548675,extrapolation
2.6089786594976014,-1.1663242045025406,1.4426544549950608,1.256936147620155,extrapolation
3.2619201835277436,-1.884634321273452,1.3772858622542916,1.2142979340819022,extrapolation
3.4954642047949527,-2.1526667051114843,1.3427974996834684,1.1914857147596174,extrapolation
4.262397076128406,-0.31798374221519626,3.9444133339132095,3.134214376130551,extrapolation
4.988396205085044,-1.0718351364441514,3.9165610686408927,3.1019328536264026,extrapolation
3.389787164293649,2.2301692917674223,5.619956456061072,6.143784682087216,extrapolation
4.406369534463584,0.07024530563402905,4.476614840097613,3.8454997518618574,extrapolation
3.982942291405553,-2.330579451901392,1.652362839504161,1.389317078429921,extrapolation
4.229254496750443,1.702475130612075,5.931729627362517,6.997969478478505,extrapolation
2.8778186308702005,0.19405237130111483,3.0718710021713154,2.3046966300423506,extrapolation
3.497190731815391,0.8459753764477265,4.343166108263118,3.649148836414369,extrapolation
3.1021397443090613,0.8184417322000922,3.9205814765091533,3.106564916542924,extrapolation
3.3586400351208123,0.35586788074384706,3.7145079158646594,2.8806977560309566,extrapolation
3.782820385497505,0.6280111565214522,4.410831542018958,3.74709967708373,extrapolation
4.166561375410179,0.2865128060756465,4.4530741814858255,3.8099221495919267,extrapolation
2.7647712126420347,-1.3276630871585244,1.4371081254835103,1.2533473378168116,extrapolation
2.827237376660202,0.44007863777096884,3.2673160144311706,2.4621607799631766,extrapolation
3.30495151617077,1.2286866059910484,4.533638122161818,3.9333948371631484,extrapolation
4.153910841665609,-0.25206769517498145,3.9018431464906276,3.0850549202309883,extrapolation
4.616265563176805,0.6615626616837065,5.277828224860512,5.327572131125807,extrapolation
3.8831433619917837,0.5035069742376742,4.386650336229458,3.7117201301535996,extrapolation
4.636131218811261,2.1787824767029287,6.81491369551419,10.070250256045506,extrapolation
3.462094528189403,-0.3033003608397124,3.1587941673496904,2.373078168061644,extrapolation
3.291969742795949,-0.3504049953242896,2.9415647474716593,2.206675785533734,extrapolation
3.385661688979196,-0.14031808817609956,3.2453436008030967,2.443775127257097,extrapolation
2.927704573012748,-0.12286929012442797,2.8048352828883196,2.10896816813798,extrapolation
4.572781586254726,-2.727141253145162,1.8456403331095634,1.5072003041961937,extrapolation
3.3466771147858165,-0.7711318097598855,2.575545305025931,1.9548597211418866,extrapolation
3.8809251882351825,0.35986207985492785,4.24078726809011,3.507036298583595,extrapolation
3.9463786702720824,-0.009907817601424309,3.936470852670658,3.1249629889416672,extrapolation
3.803832648493331,-0.9592069850365592,2.844625663456772,2.136902879235104,extrapolation
2.5067201614358017,-0.7977351026104568,1.7089850588253448,1.4241587369504207,extrapolation
4.97086354820705,-0.4267357539563508,4.5441277942506995,3.94983100341433,extrapolation
4.763353939154024,-0.9618861369629046,3.8014678021911195,2.9731946150373543,extrapolation
3.0190896529908113,-0.6156607325320805,2.403428920458731,1.8453403538317543,extrapolation
3.231223531981062,-0.6472681433742412,2.5839553886068205,1.9603297862909304,extrapolation
3.8000253826812087,1.0744450159286123,4.874470398609821,4.51220933089084,extrapolation
4.754778431651676,1.2196695222492921,5.9744479539009685,7.12373477178325,extrapolation
4.959077212279308,1.1203021132736073,6.079379325552915,7.441943631817304,extrapolation
3.1438551603852076,0.5120421590102618,3.6558973193954696,2.8205615773484394,extrapolation
3.910897607311954,-0.8499869812962578,3.060910626015696,2.2962507844049784,extrapolation
4.517421710342948,1.1517965399924768,5.669218250335424,6.271495040397249,extrapolation
3.485925134881937,-0.3771007038233159,3.108824431058621,2.3334591758767713,extrapolation
4.327682589611393,0.02766264991136429,4.355345239522757,3.6665388356233244,extrapolation
2.902672536073037,1.6058646383167061,4.508537174389743,3.894403267990082,extrapolation
4.0017464195839745,0.10079142735796842,4.102537846941943,3.3262535235446697,extrapolation
4.664661145758162,0.29674083628514253,4.961401982043304,4.675401402950178,extrapolation
4.958804023008889,-1.6953353831959073,3.2634686398129817,2.4589282818058393,extrapolation
2.6984144759450395,0.5844111525202241,3.2828256284652637,2.4752489376206315,extrapolation
3.570868186752373,-1.1760079767629772,2.394860209989396,1.8399943492908593,extrapolation
3.011357148866069,1.2143275876414823,4.225684736507551,3.4866765107048767,extrapolation
3.6265912262968367,-0.22151901260742068,3.405072213689416,2.5817399683069286,extrapolation
3.869408931572135,-2.6834026104205324,1.1860063211516025,1.084636763741548,extrapolation
2.733316775924552,-0.42962412307601044,2.3036926528485417,1.7836160586460006,extrapolation
3.2421519387016984,-0.27364144594310064,2.9685104927585977,2.2265300466963405,extrapolation
4.818960600380368,0.5825702712937106,5.401530871674079,5.608774249886408,extrapolation
3.9225093285754884,0.8046148687766007,4.727124197352089,4.250383793452519,extrapolation
3.6435299938090298,-0.39331709366542605,3.2502129001436035,2.4478338970565154,extrapolation
4.3838149769952865,1.2154418338246493,5.599256810819936,6.09090962496368,extrapolation
4.354655379605093,-3.8004663943834873,0.554188985221606,0.5813994294201708,extrapolation
2.621447582110672,-0.856786797630275,1.764660784480397,1.4581447629036084,extrapolation
4.271743488606865,-1.3348371250046238,2.936906363602241,2.203264335565439,extrapolation
4.598108369512709,-1.5050202127019054,3.0930881568108037,2.321156260677555,extrapolation
2.914844710517385,1.1516476456170128,4.066492356134398,3.281131896299939,extrapolation
4.452494844999894,0.9950044788298189,5.447499323829713,5.717219434923245,extrapolation
3.2163415418227546,-0.9309240244922663,2.2854175173304885,1.7724130610309183,extrapolation
3.266174383323893,1.413668404751952,4.679842788075845,4.170177908942373,extrapolation
4.1631536633742074,0.12176027094290165,4.284913934317109,3.567405914134815,extrapolation
2.7784804290192895,-0.5060209209301834,2.2724595080891064,1.7644869953101103,extrapolation
4.162181122008236,-0.8315073556469242,3.3306737663613117,2.5162149741948,extrapolation
4.719641981690557,-0.9339260717557111,3.7857159099348454,2.95614242197819,extrapolation
4.240778170588516,0.5673298289394415,4.808107999527958,4.392027444468174,extrapolation
3.6008196916635224,0.7801858811604027,4.381005572823925,3.7035216997408567,extrapolation
3.595535960943062,0.286201454625491,3.881737415568553,3.062198009090011,extrapolation
4.412740238098266,-2.4602612128597166,1.9524790252385493,1.5714820494475987,extrapolation
3.914105003064707,0.3556303872634853,4.269735390328192,3.5464908819605334,extrapolation
2.712260407979544,0.678475876846567,3.390736284826111,2.568936220333553,extrapolation
3.956677719653512,-0.803046726557339,3.153630993096173,2.368944920765852,extrapolation
4.537109257233524,0.0519006514780239,4.589009908711549,4.021109031311667,extrapolation
3.342665958619025,-2.236661159160897,1.1060047994581277,1.0278776058567451,extrapolation
4.818941448938474,-1.4759628740157276,3.3429785749227463,2.526896378898245,extrapolation
4.37679250085792,-0.38908241788863246,3.9877100829692873,3.1852973193666116,extrapolation
3.935159562874911,-0.3717013728193274,3.563458190055584,2.7291608922234394,extrapolation
4.379109971982296,0.42201524609952196,4.801125218081818,4.379598919153149,extrapolation
2.697872401845513,-1.424310463835292,1.2735619380102212,1.1449696493100054,extrapolation
4.648472689201529,-0.40944727754480764,4.239025411656721,3.504653251917402,extrapolation
4.553760283001395,-0.5877357364960908,3.9660245465053046,3.1595737942917084,extrapolation
4.774679149025522,0.6336125687750497,5.408291717800571,5.624587961668267,extrapolation
2.82157799377345,1.7052513220419976,4.526829315815448,3.922770968239848,extrapolation
2.704450217734963,2.06510438377209,4.769554601507053,4.323916868612149,extrapolation
2.8460389319539745,-1.882128056197629,0.9639108757563455,0.9227354429152766,extrapolation
3.4984467752570003,-0.057617030100548756,3.4408297451564516,2.614055279766934,extrapolation
3.56076715270248,-1.3350351722937184,2.2257319804087614,1.7360142960741873,extrapolation
3.905545946827264,-0.07769394178348775,3.8278520050437765,3.002057805995101,extrapolation
2.805608874081263,0.5075031355391387,3.3131120096204016,2.5010747382602676,extrapolation
3.003498753453427,0.09778907844409405,3.101287831897521,2.3275567143890212,extrapolation
4.5291108707100545,-0.058814038553353015,4.470296832156701,3.8359109234355575,extrapolation
3.6699689351418736,1.7796470097183619,5.449615944860236,5.722265210798549,extrapolation
4.519845523709026,0.8651872700446904,5.385032793753716,5.570380621779582,extrapolation
2.5185659463615324,-0.32718535384534037,2.191380592516192,1.715178835871781,extrapolation
3.878981814956014,0.029053633074352166,3.908035448030366,3.092140891869613,extrapolation
4.829830370191695,1.045077368147279,5.874907738338974,6.8340141867254935,extrapolation
3.9554386478646753,0.7317486072471346,4.68718725511181,4.182517998765506,extrapolation
3.0152393186131854,-0.5100913244409859,2.5051479941721997,1.909533840744644,extrapolation
4.294393905698894,-2.130291409324283,2.164102496374611,1.6986824587946296,extrapolation
3.447464624247294,-1.4215889913272275,2.0258756329200667,1.615526246001444,extrapolation
4.17095986814865,0.17517507001621818,4.346134938164868,3.6533782553070955,extrapolation
2.573299307234428,-2.1438322232148064,0.42946708401962175,0.46398849583233187,extrapolation
4.089750898378391,-0.18287339761971338,3.9068775007586773,3.0908141638860807,extrapolation
2.58049483734481,-0.5442830114250345,2.036211825919776,1.6217294697735987,extrapolation
4.361951637854415,1.1991033636566442,5.561055001511059,5.994539995394987,extrapolation
3.6822825055961377,-1.5816525881705468,2.100629917425591,1.6604289012959301,extrapolation
2.804385888682634,-2.318122774681186,0.48626311400144795,0.5183290818091281,extrapolation
3.856589814471265,-0.5035688899321297,3.3530209245391354,2.5356589993597902,extrapolation
2.6669361080625116,0.761715757912227,3.4286518659747385,2.602988339418413,extrapolation
4.133412178382602,1.2839023187128222,5.417314497095424,5.645765189580872,extrapolation
4.990215818419564,-1.0911924198719314,3.899023398547633,3.081835481214415,extrapolation
4.423493342684906,0.5643164971154232,4.987809839800329,4.726295967040311,extrapolation
3.934435284147061,-1.3337165373148252,2.6007187468322357,1.9712701069405782,extrapolation
2.7565881480269896,-0.8985929586833424,1.8579951893436473,1.514653934655384,extrapolation
4.249585186932286,0.6811136712333179,4.930698858165604,4.617007323689315,extrapolation
4.152919668319828,0.8617806510622126,5.01470031938204,4.778763026356953,extrapolation
2.622742826556941,-1.1992568991282224,1.4234859274287184,1.2445108012762462,extrapolation
4.480748254611477,0.5698779875243816,5.050626242135858,4.8498810173361075,extrapolation
3.7967914772262628,-2.24219977590066,1.5545917013256028,1.3283368254124626,extrapolation
3.5646692354997978,-0.24319068859866474,3.321478546901133,2.5082723941683582,extrapolation
4.470467934003664,-1.3610976315340098,3.109370302469654,2.3338874199406474,extrapolation
3.5289230580220927,-0.9692392082365817,2.559683849785511,1.9445762465595176,extrapolation
3.702565688762884,-1.5312928225732194,2.1712728661896645,1.7030149290066476,extrapolation
2.9540721066845617,0.6643516744067818,3.6184237810913435,2.7830107778486717,extrapolation
3.3032972487660714,0.6646493645182411,3.9679466132843126,3.1618425152072707,extrapolation
4.613832491406422,-0.8294405343993331,3.7843919570070885,2.9547152501667844,extrapolation
2.9672593723167884,0.45069876773231815,3.4179581400491066,2.5933225906809803,extrapolation
3.54322765225836,0.31352706376245026,3.85675471602081,3.0341144586265814,extrapolation
4.972586268488248,-0.15414210520013116,4.818444163288117,4.410500026330019,extrapolation
3.0914995292637983,2.5898042395002934,5.681303768764092,6.3032332233826605,extrapolation
4.7920808323470725,-1.009054340567832,3.7830264917792404,2.9532443125638412,extrapolation
4.795993669514083,0.017166108855764268,4.8131597783698465,4.401044615837248,extrapolation
2.7282408555080044,-0.4588644351546707,2.2693764203533338,1.7626031991049287,extrapolation
3.65913181221379,-0.44613601755650584,3.2129957946572842,2.4170350785059522,extrapolation
3.7555408383069677,0.19129440490977517,3.946835243216743,3.1370427257829427,extrapolation
3.2841723751303187,-0.35327484022757344,2.930897534902745,2.1988729250452677,extrapolation
2.6183488430943425,-1.0325121121106857,1.5858367309836567,1.3479499421861423,extrapolation
3.1042140931134945,0.14907299755167713,3.2532870906651716,2.4504009439805428,extrapolation
2.7388241038884025,1.4187979761047822,4.1576220799931844,3.3967957158451965,extrapolation
3.0956247642810295,1.1313196559741998,4.226944420255229,3.4883688599316454,extrapolation
4.51947771572539,0.24365338609045284,4.763131101815843,4.312689243575808,extrapolation
4.737445719715029,-0.8824761765587147,3.8549695431563142,3.0321210744878155,extrapolation
2.608057230199117,0.22371552047936347,2.8317727506784807,2.1278365791363045,extrapolation
3.2548670906567976,1.3015716280151268,4.556438718671925,3.96922801711435,extrapolation
4.951455496485719,1.4294271147923845,6.380882611278103,8.432453533776538,extrapolation
3.8487620563843383,0.43162447147967503,4.280386527864013,3.561150966784634,extrapolation
4.0657734042746405,-0.43722864019946184,3.628544764075179,2.793084763622206,extrapolation
2.5138635210172615,-0.24330329931944558,2.270560221697816,1.7633264217626046,extrapolation
3.712273608606398,0.9264551128062055,4.638728721412603,4.101896027253527,extrapolation
4.970821336555969,0.8236154578455004,5.794436794401469,6.608229805781834,extrapolation
3.4379638187069954,-2.1092395345655803,1.328724284141415,1.1821103564948823,extrapolation
2.742595396597153,0.7903410777507326,3.5329364743478857,2.699873813746246,extrapolation
3.6547719039211213,0.8535460080354333,4.508317911956555,3.89406476378029,extrapolation
4.9075111649806455,-1.0646297100063278,3.842881454974318,3.0186696838429974,extrapolation
3.354576533912541,-0.9179773394684174,2.4365991944441237,1.8661207186281106,extrapolation
4.497306833037533,-0.9085969177411626,3.588709915296371,2.753721076539553,extrapolation
4.497115828032655,-0.8163153630274166,3.6808004650052384,2.8459009253609504,extrapolation
3.020620741847342,-1.700099504633081,1.320521237214261,1.1766272676366185,extrapolation
3.6084192545030294,0.37571031546233624,3.984129569965366,3.1810308452585887,extrapolation
4.289003187885762,-0.9428632785210125,3.3461399093647497,2.529650457776304,extrapolation
3.5262994635348197,-0.08446060330954784,3.441838860225272,2.614975205914425,extrapolation
2.977517388426053,-0.5970825396587947,2.3804348487672584,1.831013938867092,extrapolation
4.918735767016046,0.306213025676028,5.224948792692074,5.211990169932673,extrapolation
4.126875916190733,-1.2127404432863407,2.9141354729043925,2.186675859487309,extrapolation
4.663649628807248,0.2943184498757595,4.957968078683008,4.668829047663383,extrapolation
2.563105894499109,0.46773721913243166,3.030843113631541,2.2732764969215182,extrapolation
3.1672645369778367,0.9931135022383543,4.160378039216191,3.4003762368014976,extrapolation
3.7551777508168573,2.361322907268789,6.116500658085647,7.557724475953587,extrapolation
2.6686215878251294,-2.5105221243050617,0.15809946352006765,0.18241831240009154,extrapolation
4.9825831527369795,0.3843772012477639,5.3669603539847435,5.528640388152926,extrapolation
3.0911559904950723,-0.8509954099280879,2.240160580566984,1.7447889366847964,extrapolation
3.43573045586362,-2.3100704074933924,1.1256600483702277,1.0419756805356524,extrapolation
3.0350297872708656,1.0099567479679865,4.044986535238852,3.2545955309537633,extrapolation
2.763614665263627,1.5986398606738865,4.362254525937513,3.676450836626789,extrapolation
3.0811994640105893,-0.469953252599109,2.6112462114114803,1.9781664763370146,extrapolation
3.251525338758012,0.25309955546641283,3.504624894224425,2.673090655952123,extrapolation
4.086105669748598,-0.07689208819578837,4.009213581552809,3.2110818039959668,extrapolation
3.2030869536322712,0.5210372017118353,3.7241241553441067,2.8907314201228664,extrapolation
3.4056919024414407,1.0566428987083165,4.4623348011497574,3.823869085250296,extrapolation
2.5148571093088243,0.4139248028320765,2.928781912140901,2.19732917554723,extrapolation
3.4142978148184113,0.4149239153521907,3.829221730170602,3.0035666021697685,extrapolation
3.8347149542457366,1.5116838514459605,5.346398805691697,5.481552387332881,extrapolation
2.905039592626327,-0.19759466661194203,2.707444926014385,2.0421699981301082,extrapolation
3.9935827709009377,1.1076774855587397,5.101260256459677,4.952123552197063,extrapolation
3.232881171567948,-0.9864005066298225,2.246480664938126,1.7486371174816688,extrapolation
4.08012623700432,1.9285019360600422,6.008628173064363,7.225929218531721,extrapolation
2.5654915131271094,0.8853904708474869,3.4508819839745963,2.6232387653073723,extrapolation
4.718983651169437,-0.48451144066975166,4.2344722104996855,3.498504349334283,extrapolation
2.540296576058435,-2.5374577765076,0.0028387995508349917,0.003404142969998506,extrapolation
2.8173950775899033,-0.0003728605573801175,2.817022217032523,2.117482480373728,extrapolation
4.442906153926506,-1.4181712905248998,3.0247348634016062,2.2686436762274567,extrapolation
2.6147380805054263,0.3595615238156961,2.9742996043211223,2.230822931022698,extrapolation
4.277496733988775,1.7414025873605705,6.018899321349346,7.256912612183604,extrapolation
4.927615351275323,0.19207175135578675,5.11968710263111,4.989921827174406,extrapolation
4.679207332855768,-0.21361513718942834,4.465592195666339,3.8287899254468307,extrapolation
4.275404128301746,0.4106464847950307,4.686050613096777,4.180605384647008,extrapolation
4.896274357554168,0.3427802353318499,5.239054592886018,5.242555714215584,extrapolation
3.574533344716455,-2.835436930142697,0.739096414573758,0.7432237145617705,extrapolation
4.682197285804518,0.2891242368846156,4.971321522689133,4.694445894683262,extrapolation
3.3898941699340366,0.7443328273412358,4.134226997275272,3.366598380400341,extrapolation
4.824409132259617,-0.3112099611512483,4.5131991711083685,3.901609172350085,extrapolation
2.871944140605259,1.1742708937686115,4.046215034373871,3.256103725440761,extrapolation
4.850072537320684,-0.15320948949959592,4.696863047821088,4.198841555331493,extrapolation
4.581790493208032,0.9203985149764918,5.502189008184524,5.849088223646573,extrapolation
4.615137095491161,2.7277261284745853,7.342863223965746,12.431636684589972,extrapolation
2.8098075248098606,-0.11566935483176624,2.6941381699780944,2.033205655319691,extrapolation
3.9912172458543425,-2.3305585991018964,1.660658646752446,1.3944413868758487,extrapolation
2.5409812021898284,-0.40391006889073033,2.137071133299098,1.6823714479985925,extrapolation
4.302960915126517,-2.071068005748084,2.231892909378433,1.7397592398192563,extrapolation
2.51934378531476,0.733485391728476,3.2528291770432363,2.450018346523235,extrapolation
2.712055693613084,1.5712211688397086,4.283276862452793,3.5651425578342004,extrapolation
3.063746026125059,0.8350555940610483,3.8988016201861075,3.081582458648932,extrapolation
4.687811334683062,0.38436985529552387,5.072181189978585,4.893116679990455,extrapolation
3.408940794969033,-0.7739105490297091,2.635030245939324,1.9938223707885645,extrapolation
3.849899838031396,1.8907796951597733,5.7406795331911695,6.461514934750478,extrapolation
3.9202580345474463,0.9039314543991824,4.824189488946629,4.42080699524837,extrapolation
3.0636584007648997,0.3413634680754601,3.4050218688403597,2.5816948531006454,extrapolation
3.930366919961153,0.2458323828558843,4.176199302817037,3.421026537564063,extrapolation
4.152379487574008,0.1339528303800069,4.286332317954015,3.5693684053177055,extrapolation
3.2456134832933237,0.5426597087512928,3.7882731920446164,2.958901735794782,extrapolation
3.546567147450065,-0.7359926148739245,2.8105745325761404,2.1129733522843006,extrapolation
3.632722311365325,1.8302999208041044,5.463022232169429,5.754332024365326,extrapolation
4.830876653855204,0.18280770344873193,5.013684357303935,4.7767688926061,extrapolation
3.9687343686987564,0.7200653405670009,4.688799709265758,4.1852330432272655,extrapolation
4.870630929045353,-0.5202807332033118,4.350350195842041,3.65939400421761,extrapolation
3.890086884412867,0.4499022402881125,4.339989124700979,3.644629742544004,extrapolation
3.7514035521227527,-2.738102911567776,1.0133006405549767,0.9599490620092035,extrapolation
2.508830527415621,-1.3419586541497897,1.1668718732658314,1.0712093091984403,extrapolation
3.7022226096874054,-0.03769578382375497,3.6645268258636503,2.829307120904838,extrapolation
4.818637496406629,-1.5869677320680005,3.231669764338629,2.4324246512129775,extrapolation
2.995914222566798,2.9272968766382004,5.923211099204998,6.973148579363026,extrapolation
2.630227835973747,-2.001697576691266,0.6285302592824813,0.6481362780495268,extrapolation
3.516947233684671,0.41508089884312505,3.932028132527796,3.1198041093683027,extrapolation
3.43099120148528,1.9869277841690014,5.417918985654282,5.647186956121401,extrapolation
4.642882644678109,0.5775444712945016,5.220427115972611,5.202233034087777,extrapolation
2.566527788899899,-0.3722730640576494,2.1942547248422497,1.7169193440179464,extrapolation
4.800373074397513,-0.6625729005993423,4.13780017379817,3.37118770853008,extrapolation
4.202257497487391,0.8079065865271726,5.010164084014564,4.7698665052020015,extrapolation
4.760564985160544,-0.9603248172510557,3.800240167909488,2.971860837924165,extrapolation
4.018822677051597,-0.14338333177050538,3.875439345281092,3.055085191199049,extrapolation
4.529883281090311,0.8294383268616964,5.359321607952007,5.511097180474589,extrapolation
3.3388596838482156,-0.36945483189156114,2.9694048519566545,2.227192616480629,extrapolation
3.3739155700688994,0.10501201222645573,3.478927582295355,2.649094051072207,extrapolation
3.4746855758207307,-0.3649035510588123,3.1097820247619183,2.3342104876739556,extrapolation
4.386992703931958,-1.1637571242082403,3.2232355797237178,2.4254580408796436,extrapolation
3.4232279360716196,1.4269805816665728,4.850208517738192,4.4678354320301885,extrapolation
3.105549516230668,1.671679488699591,4.777229004930259,4.337375900048268,extrapolation
4.844170891976489,-0.3800399446840269,4.464130947292462,3.8265814948791324,extrapolation
4.7700277091576,-0.31869139041429845,4.4513363187433015,3.807311885616107,extrapolation
3.3719932902174774,-0.2134792067758464,3.158514083441631,2.3728537166857513,extrapolation
4.086595175645118,0.6465639283509378,4.733159103996056,4.260752073684482,extrapolation
3.184605529132689,-1.0863603182898354,2.0982452108428538,1.6589945402410766,extrapolation
3.0152878217839225,-0.10623036666310853,2.909057455120814,2.1829960660838035,extrapolation
3.340848822491986,0.31555086620297484,3.6563996886949606,2.821069685806878,extrapolation
3.317749731538753,0.7704505792646958,4.088200310803449,3.3082084682229613,extrapolation
4.705690252991541,-3.337004729857704,1.3686855231338373,1.208630543104743,extrapolation
4.555759536809314,0.48408385148221456,5.039843388291528,4.82841214274439,extrapolation
4.274058071397745,0.41501611430290003,4.689074185700645,4.185695414505784,extrapolation
4.898363063147242,1.2092738840395603,6.107636947186802,7.529924621535908,extrapolation
3.5563583827701453,-0.6315168182648347,2.9248415645053107,2.1944572642303415,extrapolation
3.1125825963891907,-0.6220238463228801,2.4905587500663104,1.9002378463789666,extrapolation
2.793496092978723,1.4430199040036438,4.236515996982367,3.50126267450482,extrapolation
3.2526333955029996,-1.875788047379051,1.3768453481239487,1.2140079845574216,extrapolation
2.8631593349261344,1.9549083496576791,4.818067684583814,4.409825608037721,extrapolation
2.730465243420925,3.0670733510733914,5.797538594494316,6.616795204980382,extrapolation
4.007330491767308,0.5729420216458625,4.5802725134131705,4.007111230531428,extrapolation
3.4104686243911173,0.9769181682919359,4.387386792683053,3.712791437633916,extrapolation
3.911425856490359,-1.7874980485192127,2.123927807971146,1.674451849575911,extrapolation
2.9783393018013915,-0.8334717440370872,2.144867557764304,1.6870725486002809,extrapolation
4.192264649131902,1.2694350566065224,5.4616997057384244,5.751160352662088,extrapolation
3.0387636181891495,0.43417841637868065,3.47294203456783,2.6435468969412015,extrapolation
3.1950589843600903,-0.217712955632125,2.977346028727965,2.2330859206044957,extrapolation
4.354401055362192,0.2794429588074534,4.633844014169646,4.0938728898908625,extrapolation
3.89934473911178,0.6083717811843198,4.5077165202961,3.893136502186197,extrapolation
3.337091032167548,-0.3517148413044404,2.985376190863108,2.2390640651470664,extrapolation
3.857471956362984,-0.03473513397208649,3.8227368223908975,2.9964323568563733,extrapolation
4.234961757145607,-0.04356884975872146,4.191392907386885,3.4410114103877323,extrapolation
4.780330303694073,-1.262734777693127,3.517595526000946,2.685315738577291,extrapolation
3.9517830334861346,0.3883135535509214,4.340096587037056,3.644782486293793,extrapolation
3.081715947232202,2.1643030975357083,5.246019044767911,5.257718073662619,extrapolation
4.366744076941242,2.0783545562234305,6.4450986331646725,8.658572562115346,extrapolation
4.444422543886769,-1.7716791550221103,2.6727433888646583,2.0188696668216966,extrapolation
3.0010032874066352,0.6847574638520847,3.68576075125872,2.850985294903288,extrapolation
4.551435549194715,0.8106045370869275,5.362040086281643,5.5173337135301335,extrapolation
3.662337136807066,-0.49261255538837,3.169724581418696,2.3818588590884033,extrapolation
4.449416655222363,-1.1570400416548736,3.2923766135674892,2.4833547501518445,extrapolation
3.093695549970665,-1.5849771770059777,1.5087183729646871,1.29930229514714,extrapolation
3.331450674294191,-0.5336445346200377,2.797806139674153,2.104073650248031,extrapolation
4.884242798229132,0.4200109639286555,5.304253762157788,5.386359738401686,extrapolation
4.144537682874512,-0.1896698109207078,3.9548678719538044,3.14644792253731,extrapolation
4.432194576253854,-0.7331197059157892,3.699074870338065,2.8646940967003482,extrapolation
4.220935858051573,-1.4989879576210796,2.721947900430493,2.0519830191514554,extrapolation
3.0107602946210816,0.4208595100659562,3.431619804687038,2.60567964661347,extrapolation
3.6767218711163565,1.2798509363633466,4.956572807479703,4.666161544045184,extrapolation
4.522409681779463,-1.1123063664413901,3.4101033153380724,2.586253851644006,extrapolation
4.18758781727343,0.5381147569784688,4.7257025742518985,4.247945710521193,extrapolation
2.515069714133245,-2.255370292692481,0.25969942144076397,0.2922819245355194,extrapolation
2.718519356632057,-0.78895933072949,1.929560025902567,1.5577185401237594,extrapolation
3.3669868005338985,0.8755249434189135,4.242511743952812,3.5093708059088247,extrapolation
4.860913849046476,-1.3413206512675453,3.5195931977789305,2.6872053750175335,extrapolation
3.7279762024364587,-0.7253240697749171,3.0026521326615416,2.2519901555000343,extrapolation
3.1754406685758343,1.7015601941240388,4.877000862699873,4.516866595371967,extrapolation
3.4010592986342747,-0.8794127763030507,2.521646522331224,1.9200853080284697,extrapolation
3.026631568885158,-1.024733783075117,2.001897785810041,1.601138671827777,extrapolation
3.5530001429250317,0.6910180343168065,4.244018177241839,3.51141177547967,extrapolation
3.0450885988736864,2.3456802757863526,5.390768874660039,5.5836979730998975,extrapolation
4.614381268257319,-0.2876039367529423,4.326777331504377,3.6259125452442627,extrapolation
3.6406764976039074,0.9224830323823198,4.563159529986227,3.979866297256236,extrapolation
3.199505046089426,1.6149230161380075,4.814428062227433,4.403311819661121,extrapolation
4.832229120353704,0.3906625954566863,5.22289171581039,5.20754883948235,extrapolation
3.285878384072992,-0.32390148142207215,2.9619769026509197,2.221696791772066,extrapolation
4.774286655108345,-1.0515920863505837,3.7226945687577615,2.889236757325628,extrapolation
2.608545227425693,-1.7102531531052774,0.8982920743204155,0.8721147745256318,extrapolation
4.26778765066919,1.334042094124568,5.601829744793758,6.097456678963262,extrapolation
3.7097225975865658,0.21714857489026437,3.92687117247683,3.11383020058655,extrapolation
3.6105526533199503,1.5993611309075195,5.20991378422747,5.179623067724257,extrapolation
2.590808360879954,1.1867103796196448,3.7775187404995987,2.9473212439709915,extrapolation
2.601707976228453,-0.7403646240331381,1.8613433521953149,1.516672722997356,extrapolation
3.3318840426548526,-1.4242640398804256,1.907620002774427,1.5445325828247443,extrapolation
4.867798849768583,0.49520349952429954,5.363002349292882,5.5195430524224856,extrapolation
4.044149942786728,-0.7590082612094604,3.2851416815772674,2.477211311290066,extrapolation
3.422187104202317,0.45202696920086577,3.874214073403183,3.0537040080115205,extrapolation
4.029942597637264,-0.8773823251936897,3.1525602724435746,2.3680889390879027,extrapolation
3.0153288407130687,-1.033470303836729,1.9818585368763397,1.5891148235965227,extrapolation
2.9126661070700934,-0.169188971448857,2.7434771356212364,2.066634437437087,extrapolation
3.404543163828396,1.1209207444895806,4.525463908317977,3.920644738577386,extrapolation
4.658383378851079,0.3678478743762925,5.026231253227372,4.80146148164228,extrapolation
3.7735043183755597,1.4140501784061386,5.187554496781698,5.131890656205337,extrapolation
3.242253790142139,-1.4802740436662727,1.7619797464758664,1.4565136121847821,extrapolation
4.875629062672877,-1.268492569838758,3.607136492834119,2.771834550208878,extrapolation
4.5399152241676495,-0.10699643899237837,4.432918785175271,3.7797849978230476,extrapolation
3.3074348570060654,2.5988416599516824,5.906276516957748,6.924058841855913,extrapolation
4.930245613069981,0.8091433362748477,5.7393889493448285,6.458032709241656,extrapolation
4.968377744575977,-1.2799352904536747,3.6884424541223026,2.8537392612453742,extrapolation
3.521650334364445,-0.09136854354924957,3.4302817908151955,2.6044658766285353,extrapolation
4.139807757221186,0.2648577489615099,4.404665506182696,3.738038142230417,extrapolation
3.51413299612807,-0.68242289467321,2.83171010145486,2.1277924885504587,extrapolation
3.143370264351428,0.7359299892678065,3.8793002536192343,3.059442912693072,extrapolation
2.7066316899996705,-0.18773536579776734,2.5188963242019033,1.918323524375373,extrapolation
3.1590258652945797,-0.35919686185160493,2.7998290034429747,2.1054809899048395,extrapolation
3.178699633774363,1.512308144630975,4.691007778405338,4.188954384693796,extrapolation
3.4965976992078485,-2.051593082592342,1.4450046166155066,1.258455289522478,extrapolation
2.962215077563272,-1.1541664101416322,1.8080486674216396,1.4844755750961511,extrapolation
4.884546008286192,-0.9807707777289364,3.903775230557255,3.0872634902956473,extrapolation
2.757199713452894,-1.0172172839984375,1.7399824294544566,1.4431104794953014,extrapolation
4.063021332847004,-0.8745036543496504,3.188517678497354,2.397054081827526,extrapolation
3.6042434701155512,0.5861711494689846,4.190414619584536,3.4397200617749335,extrapolation
3.5587951224414827,1.3158393940924162,4.874634516533899,4.512511218882308,extrapolation
3.429979457310699,1.0992495127870663,4.5292289700977655,3.9265111648484163,extrapolation
4.6707867754311145,-1.2234745518348107,3.447312223596304,2.619972496954507,extrapolation
3.2011924516170245,-0.12890147828384854,3.072290973333176,2.3050210173001835,extrapolation
2.551440393484058,0.5427182561697884,3.0941586496538465,2.321990604765424,extrapolation
4.7952425398977665,0.28800354274253126,5.083246082640298,4.915477165166484,extrapolation
4.661200693934013,1.5668968794110814,6.228097573345095,7.916103200578403,extrapolation
3.192254475115007,-0.8104010826528122,2.3818533924621947,1.8318959760750002,extrapolation
3.8087188708125463,0.1875833053209876,3.996302176133534,3.1955667110024617,extrapolation
2.7727204931607927,-0.471876857887306,2.3008436352734867,1.781867602297727,extrapolation
2.7335676719026893,0.3012900229074278,3.034857694810117,2.2763276476483028,extrapolation
4.593665271084273,-1.2946762952276356,3.2989889758566373,2.488987290165083,extrapolation
3.5256642939230827,-1.11472526514909,2.410939028773993,1.8500331991454975,extrapolation
4.154291350505767,-0.8761330317461843,3.278158318759583,2.4713006305854153,extrapolation
4.858001396192882,-0.676403173386056,4.181598222806826,3.428110678259666,extrapolation
3.1128264789036555,1.8575079187593158,4.970334397662971,4.692546791668059,extrapolation
2.5328995782271537,1.4104822971545177,3.9433818753816716,3.1330108592815105,extrapolation
2.560371014459431,-0.2551796048567319,2.305191409602699,1.7845361495698855,extrapolation
4.27346423100793,0.20751995305140564,4.480984184059335,3.85214843965504,extrapolation
4.811379711983696,-1.9133232217324776,2.898056490251218,2.175048267275269,extrapolation
3.6683256825321777,-0.2151508158617572,3.4531748666704205,2.62533963753033,extrapolation
3.437772870243797,0.19153765597407282,3.6293105262178695,2.79384900250954,extrapolation
3.8571510616935107,1.3748210560814689,5.23197211777498,5.227184741519586,extrapolation
4.647292093953602,0.39216566360995836,5.039457757563561,4.827646310451324,extrapolation
4.130384684482354,0.5194680705306628,4.649852755013017,4.120237807437719,extrapolation
3.0824497417052656,0.3573154677005547,3.43976520940582,2.6130853082837815,extrapolation
4.436450511301434,0.3228014276065539,4.759251938907988,4.30592543047018,extrapolation
2.836533743341175,-1.6761110111219706,1.1604227322192044,1.0666631587968616,extrapolation
2.9138999268217822,-0.5001092020083604,2.413790724813422,1.8518169544678509,extrapolation
4.031705707022474,1.721864158249851,5.7535698652723255,6.496398024462074,extrapolation
3.0969585153565777,0.988675731131094,4.085634246487672,3.304992461792973,extrapolation
4.261946368888827,0.5930813988781691,4.855027767766996,4.4766094301048485,extrapolation
3.373796318479892,0.08005837106887197,3.4538546895487636,2.6259629710618246,extrapolation
3.1935599000184633,0.7913296748947948,3.9848895749132582,3.18193581487545,extrapolation
4.997296014931994,-1.133867290743375,3.863428724188619,3.0415826186247714,extrapolation
2.601540311396149,-1.8960714744165088,0.70546883697964,0.7148118284455778,extrapolation
4.11455630420778,-0.4585038626819619,3.6560524415258184,2.820718458241249,extrapolation
2.596748962530611,0.6455076692685338,3.242256631799145,2.44120659639622,extrapolation
4.4005256447975105,0.12939585872233336,4.5299215035198435,3.9275913872322707,extrapolation
3.075224893745727,1.2167504146139398,4.2919753083596675,3.5771897828696173,extrapolation
2.72457966768091,0.42174061987256256,3.1463202875534724,2.363108292783223,extrapolation
4.121124279772619,0.05381063545721051,4.17493491522983,3.419370235523756,extrapolation
4.3315030432323205,1.5929819448187643,5.924484988051085,6.976854943088962,extrapolation
4.1952382872971095,1.3588509341489607,5.55408922144607,5.977136352600008,extrapolation
2.629752367835518,-0.11770956146333082,2.512042806372187,1.9139382535790879,extrapolation
3.2357673638853903,-1.3236598332192933,1.912107530666097,1.5472305695547126,extrapolation
3.6277208655496875,-1.0888337907066166,2.538887074843071,1.9311568658173495,extrapolation
3.2177582243137413,-0.1937413659409841,3.0240168583727574,2.268099857860069,extrapolation
4.526283640675928,-0.44017366038294137,4.086109980292987,3.30558837993164,extrapolation
2.827787762881742,1.9893147958567803,4.817102558738522,4.408097243398883,extrapolation
4.03044840422648,-2.0161609787335575,2.014287425492922,1.6085726011207382,extrapolation
4.970537359068634,-0.0771093442670554,4.893428014801579,4.547235023441022,extrapolation
4.756391346497172,-1.2794717848778814,3.4769195616192907,2.6472313332560167,extrapolation
3.0553926562127467,0.14016224269566155,3.195554898908408,2.402776349724009,extrapolation
2.500204719034169,0.45871779947041336,2.9589225185045827,2.2194415271774353,extrapolation
4.951493355154972,-0.48587636929668643,4.4656169858582855,3.8288274052645344,extrapolation
4.706782461743444,0.6365776964178197,5.343360158161263,5.474629640473345,extrapolation
4.798681165819032,-0.23835232860755293,4.560328837211479,3.975381403984459,extrapolation
3.538758877094083,-0.21527473530740424,3.323484141786679,2.5100019060544265,extrapolation
4.361538655391827,-0.5014664705026928,3.860072184889135,3.0378235720136413,extrapolation
3.0320787464228727,0.7809891464778991,3.8130678929007717,2.9858379511230413,extrapolation
3.4807601777098185,0.16620175644749702,3.6469619341573156,2.8115450233402455,extrapolation
4.628870128467938,1.8878875557393502,6.516757684207288,8.917395865085135,extrapolation
2.819030560545052,1.5240298521892612,4.343060412734313,3.648998375979261,extrapolation
4.7346634196840975,0.6645295290846934,5.399192948768791,5.603316674579237,extrapolation
3.741269930937783,-2.5913299753200567,1.149939955617726,1.0592512156010165,extrapolation
3.565239138431436,-1.7811939744487648,1.7840451639826713,1.4699235295991346,extrapolation
3.2641159702327958,1.1835006873477916,4.447616657580587,3.801732429458567,extrapolation
4.79212196318194,-0.5707662714300691,4.221355691751871,3.4808686358809338,extrapolation
3.7940586519032227,0.2818125092139493,4.075871161117172,3.292794160630506,extrapolation
4.510065920833695,-0.7565704799996696,3.753495440834025,2.921674942021918,extrapolation
4.644129468202581,0.6214639566194936,5.265593424822074,5.30058686493922,extrapolation
4.805955886478842,1.1495879329134064,5.955543819392249,7.067812876320224,extrapolation
3.2584518350826905,-1.4515532875027406,1.80689854757995,1.483779108549768,extrapolation
3.3495271351108613,-0.9762857105850454,2.373241424525816,1.8265446522002118,extrapolation
3.9876846908690373,-1.9964740959980547,1.9912105948709826,1.594726322971911,extrapolation
3.6033103386486776,0.28008877419452394,3.8833991128432013,3.064078401553545,extrapolation
4.832106331549355,-1.9983365049957882,2.8337698265535662,2.129242572981049,extrapolation
3.493910129083716,-0.4392980338783688,3.054612095205347,2.2914145875220777,extrapolation
3.694445120938026,0.6235333758393625,4.317978496777388,3.6135148389049814,extrapolation
4.04296522138317,2.469711521609953,6.512676742993124,8.902470226868715,extrapolation
3.511848714934369,0.44210201074494226,3.953950725679311,3.1453721490583844,extrapolation
4.981196089812766,1.5034616903699072,6.484657780182673,8.800601378852566,extrapolation
2.7471282113974658,0.3109906110717188,3.0581188224691847,2.2941056021614044,extrapolation
3.0515082945180056,0.3710920912620176,3.422600385780023,2.5975125853375527,extrapolation
3.3066378278091255,-0.2531074773278328,3.0535303504812927,2.2905852571811107,extrapolation
2.8693071090990503,-0.45992415948436155,2.4093829496146886,1.849060284247798,extrapolation
3.210548086328888,1.4092537818512352,4.619801868180123,4.070913527925725,extrapolation
4.4481132321487005,0.44960922338995996,4.89772245553866,4.555212606830328,extrapolation
3.8072300022130445,0.40355561386146765,4.210785616074512,3.466740178388732,extrapolation
2.58488409032055,-0.7298103125172798,1.8550737778032702,1.5128920679903402,extrapolation
4.956556462967972,-0.4140500777141249,4.542506385253848,3.9472849546345614,extrapolation
4.0400161939166175,2.480988579574871,6.521004773491489,8.932953137284995,extrapolation
2.6473486965075526,-0.08100219651393044,2.5663464999936223,1.9488906354943316,extrapolation
4.152921929492451,1.5914016715103985,5.74432360100285,6.4713573719188755,extrapolation
3.4459234267380845,-0.6243020536008954,2.821621373137189,2.120705079138702,extrapolation
2.8391832428126804,0.9618530058579384,3.801036248670619,2.972725656040982,extrapolation
3.909161482247982,0.3477547186147348,4.256916200862717,3.5289491210082775,extrapolation
4.317699876258326,-0.48445572641176243,3.8332441498465633,3.0080033806057744,extrapolation
4.177816511175305,0.7782754782533785,4.956091989428684,4.665242707870402,extrapolation
3.118782883750891,-1.8521326906709696,1.2666501930799214,1.1402702684302515,extrapolation
3.812165553632269,0.6895457147054017,4.5017112683376705,3.8838821734844826,extrapolation
3.844158610177173,0.9442838662939739,4.788442476471147,4.357129863089217,extrapolation
4.292008410330093,0.32768782573523103,4.619696236065324,4.0707414043279195,extrapolation
3.3996683723526675,1.5731084358046286,4.972776808157296,4.697247263126743,extrapolation
4.494331487977348,-0.08172054563228273,4.412610942345065,3.7497197727848413,extrapolation
4.069804622238999,-0.17896702158138716,3.8908376006576124,3.072515008316781,extrapolation
2.5958290175463468,0.42604743492960007,3.0218764524759467,2.2664796497136264,extrapolation
3.8661975541727123,1.041247503264208,4.90744505743692,4.573333106615291,extrapolation
4.654780238579425,0.6838086173429824,5.338588855922407,5.463778187237276,extrapolation
3.9189354063882034,-0.27193568959512004,3.646999716793083,2.811583065991425,extrapolation
2.9395706636392376,-1.1942734142143758,1.7452972494248618,1.446352176823144,extrapolation
3.77594092586896,0.7961751071355802,4.57211603300454,3.9940974243483467,extrapolation
4.392364591323252,-0.9474855291277685,3.4448790621954837,2.617749368563486,extrapolation
2.775262991113501,-0.9819304415523193,1.7933325495611818,1.4755581765671753,extrapolation
4.542747696850595,-0.7855718112512331,3.757175885599362,2.925584239282549,extrapolation
2.9187041029076526,0.06925056810838094,2.9879546710160336,2.2409876793717656,extrapolation
3.835191230540161,-0.9555557571486059,2.8796354733915552,2.161812558161788,extrapolation
3.4643587060917937,-1.3628256441420368,2.101533061949757,1.6609721721971191,extrapolation
3.1215594187783893,-0.7906103333493417,2.3309490854290473,1.8003818491984327,extrapolation
4.118581282521831,-0.21999817255308432,3.8985831099687465,3.081333192046646,extrapolation
2.5934802719310985,0.5451413617740896,3.138621633705188,2.356981806248477,extrapolation
4.400114516859112,0.0807202929164888,4.480834809775601,3.851920907250567,extrapolation
3.8173515968359273,-1.2965545142986505,2.5207970825372765,1.9195410287719632,extrapolation
4.689428026359632,0.2743945578852674,4.9638225842449,4.680040634252504,extrapolation
3.801795799803375,0.3873066256751999,4.189102425478575,3.4379889413294045,extrapolation
2.5875829213351205,-0.5459558284974625,2.041627092837658,1.6249798623048433,extrapolation
2.859002422205355,-0.9554952705935559,1.903507151611799,1.5420593693497286,extrapolation
4.489011471602068,-0.955956184874857,3.533055286727211,2.6999869838986252,extrapolation
3.7299401221448703,-0.6381747802146638,3.0917653419302065,2.3201257753819475,extrapolation
3.6046981786646466,2.6570904437230487,6.261788622387695,8.027382898534823,extrapolation
3.2960869534437336,-1.066886890548656,2.2292000628950777,1.7381220622870537,extrapolation
3.2113729956678263,0.31919900061465584,3.530571996282482,2.697622970781248,extrapolation
4.914715781224385,-0.8569231156475031,4.057792665576882,3.2703628477031996,extrapolation
3.582423326958569,-0.6071797389423842,2.975243588016185,2.2315238643668787,extrapolation
4.710007581687542,-0.8473637272756832,3.8626438544118584,3.0407030655801828,extrapolation
4.120407808014436,0.9614428630878866,5.081850671102322,4.912651016272472,extrapolation
4.646069115684149,0.4549293942519669,5.100998509936116,4.951588921699631,extrapolation
4.631123861934968,-0.15521256136896497,4.475911300566003,3.8444305252683995,extrapolation
4.890780069474253,0.6035219359797236,5.494302005453977,5.829878174293659,extrapolation
4.2448555905077345,0.8921588343286079,5.137014424836343,5.025754565372064,extrapolation
4.513492338485916,-1.0208580556818072,3.492634282804109,2.6618568272506558,extrapolation
4.332819738506454,0.6567028958196366,4.98952263432609,4.729618478264296,extrapolation
4.013067089864451,-0.8611580213059361,3.151909068558515,2.367568531641915,extrapolation
4.293385334729329,1.0055222726322264,5.2989076073615555,5.374410731671086,extrapolation
4.289376028562082,0.888238175263863,5.177614203825946,5.110823917927146,extrapolation
2.602269482590744,0.4844436608361322,3.086713143426876,2.316195333496654,extrapolation
3.7902770888287565,-0.25191160946884267,3.5383654793599137,2.7050516401780342,extrapolation
4.481628401816186,-0.6313311157453202,3.850297286070866,3.0269122654056395,extrapolation
3.10740546627501,-0.3163544384077138,2.7910510278672964,2.099381089654386,extrapolation
3.662869966185034,0.9229857168642369,4.585855683049271,4.016048955018499,extrapolation
3.5874642774009877,-0.8187972548012163,2.7686670225997716,2.0839085203200707,extrapolation
3.5069679232106097,0.05960548796441078,3.5665734111750202,2.732174529999977,extrapolation
2.8045988194185285,-2.0971550031861232,0.7074438162324053,0.7164925127495799,extrapolation
3.8142788531753697,0.31244959022916124,4.126728443404531,3.3569939251591108,extrapolation
3.615620913175829,-1.2426341009051407,2.372986812270688,1.8263865680028046,extrapolation
4.158481893194102,-1.5817640782020639,2.576717814992038,1.955621605400058,extrapolation
3.873532646956129,0.6224578583287697,4.495990505284899,3.875091427170644,extrapolation
2.568857324130383,0.2524050361605717,2.821262360290955,2.1204533339411817,extrapolation
2.5797949690143787,-0.5320529875776089,2.04774198143677,1.6286506297693173,extrapolation
4.253399502545582,-0.362514810923169,3.890884691622413,3.0725685179393047,extrapolation
4.2689527963983895,2.7252405209480326,6.994193317346422,10.824766208840156,extrapolation
4.899847834311167,-0.23297315162756027,4.6668746826836065,4.148494858818429,extrapolation
4.6917617037595285,-0.24145923393310786,4.45030246982642,3.805760101789038,extrapolation
3.6701491684681398,0.7827663349856934,4.452915503453833,3.8096837235425998,extrapolation
4.064766279212922,0.10465480472202505,4.169421083934947,3.4121595007617684,extrapolation
3.642954319240665,1.184914139709088,4.827868458949753,4.427421658719873,extrapolation
3.0573655916693823,0.3329385622585711,3.3903041539279535,2.568551610017063,extrapolation
3.441692493140857,0.9133069710460586,4.354999464186916,3.6660436765173365,extrapolation
2.7597105811616656,0.5319964955817996,3.291707076743465,2.4827853721366093,extrapolation
4.166317797487482,0.7743645177883698,4.940682315275851,4.63590344353852,extrapolation
2.980075359284919,-0.051183563815413564,2.9288917954695055,2.1974093256212504,extrapolation
3.688669468727791,0.2670333327229243,3.955702801450715,3.1474276881899232,extrapolation
4.918591507553444,-0.3252425918407078,4.5933489157127365,4.028082387648839,extrapolation
2.5791723266202182,0.7250034088636083,3.3041757354838266,2.493417394045544,extrapolation
2.8793248751405303,-1.615246421478415,1.2640784536621152,1.1385190334230266,extrapolation
3.246447960929295,0.8713635478656675,4.117811508794962,3.345619434581114,extrapolation
4.854517411040636,1.1976304202666501,6.052147831307286,7.35808222223889,extrapolation
4.772104490320826,0.890114133497664,5.66221862381849,6.253186646758691,extrapolation
2.9050021020299015,-0.12491726341993818,2.7800848386099632,2.0917862463796713,extrapolation
4.952794433193695,0.6062750533283567,5.559069486522052,5.9895740108975755,extrapolation
4.3768688128235524,-0.9318944015325101,3.4449744112910423,2.6178364386869446,extrapolation
3.8499427073314942,1.00452265668125,4.854465364012745,4.475584484864417,extrapolation
4.829257207403715,-1.3190583487100427,3.510198858693672,2.678334886829605,extrapolation
4.701517855441482,0.7124773454994361,5.413995200940918,5.6379648275362415,extrapolation
3.478291231293143,0.6391888735360661,4.117480104829209,3.3451976688283254,extrapolation
4.140857989948579,0.4880734035164345,4.628931393465013,4.085822919824128,extrapolation
4.118462863933359,-0.5365003730967124,3.5819624908366463,2.7471288819733495,extrapolation
3.3174204645574115,0.9121994795610524,4.229619944118464,3.491966867800346,extrapolation
2.948475436636665,-2.2047178350763694,0.7437576015602954,0.747127930225899,extrapolation
3.6670246936549464,0.9326661748415507,4.599690868496497,4.038301099021161,extrapolation
3.1582025907666478,0.22972549143949733,3.387928082206145,2.5664382210813774,extrapolation
3.3876628159160065,1.2611504070502246,4.648813222966231,4.118519622293008,extrapolation
4.885359922246149,0.24005878189985597,5.125418704146005,5.001743547070693,extrapolation
3.6528446763304236,2.205828176111654,5.858672852442078,6.78786143598992,extrapolation
4.212228663691475,-1.1301832001377752,3.0820454635536993,2.312571430658704,extrapolation
3.3405747369191348,0.7312887822018818,4.071863519121017,3.2878040890328712,extrapolation
4.98965269612693,-1.0632053869868654,3.9264473091400642,3.1133398744711522,extrapolation
4.146919015104168,-0.15166341654507,3.995255598559098,3.194313465734758,extrapolation
2.9900236643639597,0.8908471051712098,3.8808707695351696,3.0612179227544427,extrapolation
2.7454599965536675,0.7505163914526012,3.4959763880062686,2.664981503125905,extrapolation
4.857951427942707,2.4954464164292127,7.353397844371919,12.483154943805372,extrapolation
4.861944580526568,-0.42168808003619923,4.440256500490369,3.7907221895730396,extrapolation
4.0533209385698274,1.5432016129754182,5.596522551545245,6.083959899058315,extrapolation
2.542478748365608,-0.30516022455623043,2.237318523809378,1.7430594042186307,extrapolation
3.06383721069122,-0.8410801059416386,2.222757104749581,1.7342069313318322,extrapolation
4.503191960296315,-1.9475442737004287,2.555647686595886,1.9419662661938737,extrapolation
4.688649573282593,0.19520475108258073,4.883854324365173,4.5295080113968815,extrapolation
3.6349745360316343,-0.6255667267393538,3.0094078092922807,2.257069174633353,extrapolation
3.4138015456936115,1.0170208437946846,4.430822389488296,3.7766674493944725,extrapolation
3.185562528645113,-0.6340809059213187,2.551481622723794,1.9392751335324783,extrapolation
2.7924262844159378,-0.5719218690983335,2.2205044153176043,1.7328387196485342,extrapolation
2.7893613398727424,0.4255863317171264,3.2149476715898686,2.4186376849268756,extrapolation
4.88150674601991,2.065458957767271,6.94696570378718,10.621402830595263,extrapolation
4.52156528681375,-1.306379857123378,3.215185429690372,2.4188329932227575,extrapolation
2.9119484014737327,1.2211353656783945,4.133083767152128,3.3651317615599647,extrapolation
3.0176251247098325,1.0489263597544434,4.066551484464275,3.281205249541723,extrapolation
4.1388788766510665,-0.2651351644421207,3.8737437122089458,3.0531740193467645,extrapolation
4.411660537959077,0.8104995420220084,5.2221600799810854,5.205970188135666,extrapolation
4.525787113151119,-0.3411317115929724,4.184655401558146,3.4321305825281176,extrapolation
2.9083442283409573,2.8456661448303,5.754010373171257,6.49759340477563,extrapolation
4.960320720059244,-0.13451435010609414,4.825806369953149,4.423712679215232,extrapolation
3.069505164537566,0.09649691226319722,3.1660020768007633,2.378863784410253,extrapolation
3.9735385828267433,-0.39094993098098973,3.5825886518457537,2.7477397267100123,extrapolation
3.969039388297025,-2.0321448570138467,1.9368945312831785,1.5621241535239294,extrapolation
4.9184047141067,-0.3157840558538272,4.602620658252873,4.043032421781426,extrapolation
4.144168607687895,0.2784443658466886,4.422612973534584,3.7644900561739023,extrapolation
3.962260665803739,1.8011071459880772,5.763367811791817,6.523037802359334,extrapolation
3.7969314466599418,0.5903485533558793,4.387280000015821,3.7126360645432355,extrapolation
4.411643845243825,-0.22725862527923638,4.184385219964589,3.431775072359535,extrapolation
2.7651381514690625,0.07193183129714152,2.837069982766204,2.131568157088112,extrapolation
2.5052297529580687,0.39280843968995804,2.898038192648027,2.175035075190924,extrapolation
4.881222169473659,-0.45475927029472063,4.426462899178938,3.770194713588441,extrapolation
3.746644198750464,0.8186844201634345,4.565328618913899,3.983307127815487,extrapolation
3.3208384470884766,1.9501057897040173,5.270944236792494,5.31237062387888,extrapolation
3.4201331502077643,-0.4357784861946441,2.98435466401312,2.2383025230100024,extrapolation
4.509608290297315,1.449036319020434,5.95864460931775,7.076956452515572,extrapolation
3.455925531046879,1.051591565077585,4.507517096124464,3.8928287465549944,extrapolation
4.4254229349842324,0.6446938332646374,5.0701167682488695,4.888957296588553,extrapolation
3.601155005219635,0.13431074226823764,3.7354657474878725,2.9026268244111457,extrapolation
4.6101936568761035,0.40534064517925267,5.015534302055356,4.780400667983749,extrapolation
2.690510160123381,-0.2608718086461705,2.4296383514772106,1.8617483389981144,extrapolation
3.702820818950341,2.204242204471916,5.907063023422257,6.9263313030940585,extrapolation
3.667124275533472,-0.862083786906556,2.805040488626916,2.10911123527047,extrapolation
3.1608199482801447,1.361933633143121,4.522753581423266,3.9164283674940448,extrapolation
4.859036862361643,1.8596660655187383,6.718702927880381,9.684590844029088,extrapolation
4.762571144647627,-0.38776119938723985,4.374809945260386,3.6945493946465797,extrapolation
3.608990754864769,1.39901635115053,5.008007106015299,4.765642733584144,extrapolation
2.742899014288673,0.17277761547721276,2.9156766297658856,2.1877940581652524,extrapolation
3.0169578722417736,0.07483174636260377,3.0917896186043774,2.3201446819759206,extrapolation
3.1787295911586457,-0.08947643140334514,3.089253159755301,2.3181703388935953,extrapolation
3.710549433803598,-1.9364773206509052,1.7740721131526926,1.4638666614030522,extrapolation
3.3459427780468203,0.6575087499020461,4.003451527948866,3.2041454095081052,extrapolation
4.435340174501208,1.7322621172220953,6.167602291723304,7.71989659392948,extrapolation
3.690066519087709,-0.8456645071495269,2.844402011938182,2.136744761962839,extrapolation
4.675926261108634,1.0168063896948476,5.692732650803482,6.33339538168823,extrapolation
4.989454375338202,-0.10224647075246628,4.887207904585735,4.535708592124603,extrapolation
3.049589875003218,-1.311227129972897,1.738362745030321,1.4421221404898086,extrapolation
4.0291784429377575,1.1974679588637402,5.2266464018014975,5.215658474986109,extrapolation
4.618755776320358,2.023244197555493,6.641999973875851,9.386528764286396,extrapolation
4.86309158736271,-0.9531028306435321,3.9099887567191782,3.094380651575809,extrapolation
3.2252160626209516,0.2589620346394484,3.4841780972604,2.653973092981136,extrapolation
4.317606859865949,-1.727682849215221,2.5899240106507277,1.9642193891175754,extrapolation
2.5375403710427396,-0.05040878228548227,2.4871315887572574,1.8980587009854681,extrapolation
4.697856095973833,0.5832796834119159,5.281135779385749,5.334892577723701,extrapolation
2.65984637278652,2.103491527012152,4.763337899798672,4.313050172176708,extrapolation
4.333488496674548,1.8690884593513493,6.202576956025897,7.832768983758189,extrapolation
4.986525967169149,1.9709980098758648,6.957523977045014,10.66657862775173,extrapolation
3.7529744519816983,-0.6325103302464513,3.120464121735247,2.3426122383805605,extrapolation
3.0233349768334237,-0.2941980821988189,2.7291368946346046,2.056864075993352,extrapolation
3.986608957216312,-1.9971665099063238,1.989442447309988,1.593665409547739,extrapolation
4.060374949344727,-0.8581866101027745,3.2021883392419523,2.408186547334567,extrapolation
4.170181843321618,-1.742195042214129,2.4279868011074894,1.8607118556017892,extrapolation
2.931529355432253,0.43864427596468986,3.3701736313969426,2.550720718349151,extrapolation
4.74678173108102,-0.8363880057494925,3.9103937253315277,3.0948452820223866,extrapolation
4.052478418751196,-1.3217067237779674,2.730771694973229,2.0579756176532884,extrapolation
2.608921761381842,-0.42649732308081645,2.182424438301026,1.7097582051666178,extrapolation
4.2101026617675155,-1.4218523471153321,2.788250314652183,2.09743870450541,extrapolation
2.9902101165725,0.37082018374515935,3.361030300317659,2.5426770433152353,extrapolation
2.5683519532986363,0.3413369928281239,2.90968894612676,2.183453293324678,extrapolation
3.8773831880831384,-0.3788551080692875,3.498528080013851,2.6673705623269366,extrapolation
4.533284096452491,-0.8768105764961116,3.65647351995638,2.8211443710991344,extrapolation
4.649852870706617,-1.6073296498146807,3.0425232208919364,2.282167493892304,extrapolation
2.758802312872894,0.6664279262976479,3.425230239170542,2.599890315496191,extrapolation
4.157606964208691,0.27446488792252377,4.432071852131215,3.7785251383130722,extrapolation
4.2751880611449256,0.5571785569469321,4.832366618091857,4.435524800237319,extrapolation
3.2362924851787236,-0.3677224571431766,2.868570028035547,2.1539050816571286,extrapolation
4.928409996711884,-0.26150820669768243,4.666901790014202,4.148540042507887,extrapolation
3.196718675170117,1.7303989785315634,4.92711765370168,4.610250394144148,extrapolation
2.674955473462199,-0.7207018385987245,1.9542536348634745,1.5725473941787245,extrapolation
3.798200902857066,-0.3751728270697011,3.423028075787365,2.5978990717120762,extrapolation
4.235787215440895,0.8926704994381786,5.128457714879073,5.00802415355191,extrapolation
3.1116494676565876,0.36349355586675564,3.4751430235233434,2.6455848372229283,extrapolation
3.3464555055748924,-2.4559466484797983,0.8905088570950941,0.8660177655749063,extrapolation
3.9090699575789243,-2.025464076038001,1.8836058815409231,1.530084685930064,extrapolation
4.716695414473776,-0.7929975199321132,3.9236978945416627,3.1101618652532084,extrapolation
4.368314764843536,1.0923595973344398,5.460674362177976,5.748702632482293,extrapolation
3.0239798977869516,0.8060076932192201,3.8299875910061716,3.004410671174057,extrapolation
3.1294426768027575,0.6234280328999826,3.75287070970274,2.9210120725299387,extrapolation
3.8097017229187338,0.7532929156029882,4.562994638521722,3.979604877566395,extrapolation
4.422396737412161,-1.1627337055470268,3.259663031865134,2.455736394986012,extrapolation
4.046904445481842,0.7212565119006645,4.768160957382507,4.321478010856855,extrapolation
3.7533106657522897,-1.1055404360670513,2.6477702296852383,2.002252560321015,extrapolation
3.9928133496006053,1.1367590421265263,5.129572391727132,5.01032998555663,extrapolation
4.390150072824151,-0.6126781610568882,3.7774719117672633,2.9472709534974277,extrapolation
3.8426994845008604,0.33795129372801597,4.180650778228876,3.426866119207866,extrapolation
4.744381860510092,-2.24939808446282,2.494983776047272,1.9030540381068044,extrapolation
4.867668726225695,-1.6186666946464623,3.2490020315792325,2.4468237567881572,extrapolation
4.788386266563729,1.3088129254650946,6.097199192028824,7.497312101202478,extrapolation
4.386295850150055,0.8300926442242921,5.216388494374347,5.19353496378592,extrapolation
3.115802509978057,-1.4615241279849591,1.654278381993098,1.3905009373916701,extrapolation
3.463178615022219,1.5427100668967992,5.005888681919018,4.761498544410686,extrapolation
3.199999877665877,-1.3089413145817705,1.8910585630841064,1.5345704907125994,extrapolation
4.144150602647763,0.023953324685199028,4.168103927332962,3.41043991377398,extrapolation
3.310554061104215,-0.5761207462393827,2.734433314864832,2.060467372443036,extrapolation
4.38597901226084,-1.1080982359453448,3.277880776315495,2.4710661071936424,extrapolation
2.783772696023206,1.401528673846294,4.1853013698695,3.432980754075351,extrapolation
4.43841190710673,2.0219777947491218,6.460389701855851,8.71322349173123,extrapolation
3.9647549366333386,0.21392906051718838,4.178683997150527,3.424284438704449,extrapolation
4.58847171786625,1.8311987002352017,6.419670418101452,8.568380896306527,extrapolation
3.5771891303267798,-0.33745806382727506,3.2397310664995045,2.439107826528668,extrapolation
4.062411133022134,0.12997031805882517,4.1923814510809585,3.4423169359783694,extrapolation
3.8860303289137854,0.15778710767354207,4.043817436587328,3.253161120632773,extrapolation
4.939178165882703,-1.3880506663484662,3.5511274995342372,2.717276868003694,extrapolation
4.388685978545275,0.5993482709550373,4.988034249500312,4.726731131496548,extrapolation
3.8620331235190415,0.851631768194843,4.713664891713885,4.227367247051772,extrapolation
2.935080226346801,-0.20816836156959218,2.726911864777209,2.0553521615601964,extrapolation
4.760285542125333,-2.0301014017354113,2.7301841403899214,2.057576057209225,extrapolation
3.0145944567082754,0.4412465932452925,3.455841049953568,2.627785431700996,extrapolation
4.125108141975392,-1.8180162169803395,2.307091924995053,1.7857031771120313,extrapolation
4.841179632436736,-0.9735238003629259,3.8676558320738104,3.046325591859124,extrapolation
3.058949075529229,0.1577055509403779,3.2166546264696065,2.4200403339642795,extrapolation
3.0648088518410384,-0.9235949571885043,2.141213894652534,1.6848691366755797,extrapolation
4.629547276055062,0.30441198065420955,4.933959256709271,4.623168770043452,extrapolation
4.569137564922212,-0.2714523058757756,4.297685259046436,3.5851262563799473,extrapolation
3.3792583824442612,-1.9565958128892655,1.4226625695549957,1.2439756791694598,extrapolation
3.162740721704612,0.201565873294212,3.364306594998824,2.545555366248576,extrapolation
2.8184711806544067,0.7038956163438489,3.5223667969982557,2.6898319932235673,extrapolation
4.969840257750361,1.2148802913742573,6.184720549124618,7.774949804920249,extrapolation
4.588357752200666,-0.43988168972033437,4.1484760624803325,3.384948476102886,extrapolation
4.748479012347592,-0.0737804144822477,4.674698597865344,4.1615605308212205,extrapolation
3.7841983150260177,-1.794130403207761,1.9900679118182567,1.594040698102729,extrapolation
2.785962080715685,2.357867286407149,5.143829367122834,5.039925134062803,extrapolation
2.631450846125773,1.8060098272196208,4.437460673345393,3.786550242946733,extrapolation
3.3264552570373733,-0.0382008211362615,3.288254435901112,2.4798519818855302,extrapolation
4.8008260824671,-0.14981012717394565,4.651015955293154,4.122161415420902,extrapolation
4.868954587843618,-3.5162674132415717,1.3526871746020461,1.1980506513833584,extrapolation
4.60290966442284,1.2423150754952987,5.845224739918138,6.749862063417196,extrapolation
2.896697858676352,0.6754334173887451,3.5721312760650967,2.7375624931995555,extrapolation
3.5498079277776977,0.9753742445962416,4.525182172373939,3.920206191655396,extrapolation
3.1156072967503157,-0.4862977863593121,2.6293095103910034,1.9900469929745928,extrapolation
3.013374436820913,-0.5633145900760399,2.450059846744873,1.8745939761335704,extrapolation
4.212064625276625,-1.4825023749844002,2.7295622502922248,2.0571532296311656,extrapolation
3.7152791692994165,0.933611676222,4.648890845521416,4.11864789065965,extrapolation
3.3122741124395643,1.5025846544381563,4.8148587668777205,4.404082062843266,extrapolation
2.7505361558370542,1.3486594521156556,4.09919560795271,3.3220354632259887,extrapolation
3.861908427479073,0.22470909121002355,4.0866175186890965,3.30622429359623,extrapolation
3.3675628826672424,-0.39198204260103264,2.97558084006621,2.231774346303836,extrapolation
3.4777395153761486,-1.2623645080393244,2.2153750073368244,1.729724527897187,extrapolation
3.2762718544867653,-0.8421006235570253,2.43417123092974,1.8645949035227796,extrapolation
3.467988012298793,0.5610605683620267,4.02904858066082,3.2351126683932296,extrapolation
3.8896489614443146,-0.34146405048104805,3.5481849109632666,2.7144513495498113,extrapolation
2.5353595139926073,1.9696850216826227,4.50504453567523,3.889015522771734,extrapolation
4.619117488058694,1.3828272369891927,6.001944725047887,7.20583644468471,extrapolation
4.804799654072266,-0.7221709585393876,4.082628695532878,3.3012308924135074,extrapolation
3.8763242261467576,-1.458794477202004,2.4175297489447534,1.8541572702050768,extrapolation
3.1700527919615404,-0.658102011325401,2.5119507806361394,1.913879419583591,extrapolation
4.975597500535198,1.2784595357237938,6.254057036258992,8.001718000667243,extrapolation
3.4579850750160457,-0.628706889746063,2.829278185269983,2.126081737284615,extrapolation
4.234138485726242,0.6551855821998008,4.889324067926043,4.539626270958237,extrapolation
4.224881368112674,-0.6790561430726071,3.5458252250400664,2.7121884490432357,extrapolation
3.585772661647925,0.41179698842813256,3.9975696500760574,3.1970853513537394,extrapolation
2.9978953933335566,0.6337703680235758,3.6316657613571324,2.7962013496768887,extrapolation
4.916448439718479,1.1829998947014555,6.099448334419935,7.504328163049403,extrapolation
2.659227148299677,1.7198881566956996,4.379115304995377,3.7007813724236103,extrapolation
3.712873469557617,1.5722747217695219,5.2851481913271385,5.343787506760697,extrapolation
3.0518267744756984,-0.6362058110073245,2.415620963468374,1.8529623126613257,extrapolation
3.2349353305695283,-0.1764224833728513,3.058512847196677,2.2944082150682137,extrapolation
4.571318305486327,-1.4082301142500169,3.1630881912363096,2.376522696158484,extrapolation
3.418163907457294,-0.2828223450413602,3.1353415624159338,2.354377727450239,extrapolation
2.70837067427212,0.02918057383751007,2.73755124810963,2.062591473250146,extrapolation
2.990772512804963,-0.48475192191531713,2.506020590889646,1.9100908561673218,extrapolation
4.650933525662953,-0.6043014821394072,4.046632043523546,3.256615886652854,extrapolation
4.942572125150425,1.2384962133029525,6.181068338453378,7.763173284276516,extrapolation
3.169955401540934,1.0889795341088995,4.258934935649833,3.531704157476997,extrapolation
4.188522469257974,0.4789464574224537,4.667468926680427,4.149485505645352,extrapolation
2.7029974937494767,-1.533012724275543,1.1699847694739338,1.0733999378090688,extrapolation
4.3086639795783706,0.24111707940028057,4.549781058978651,3.9587238541231695,extrapolation
3.5410915310011477,-0.4610778851280045,3.080013645873143,2.310996175036017,extrapolation
4.79539979571973,1.578872952956509,6.374272748676239,8.409487708293188,extrapolation
3.2788404248833514,-2.1627488960080323,1.116091528875319,1.0351252898826873,extrapolation
4.853667493513813,-0.6705884295595762,4.183079063954237,3.4300570815301246,extrapolation
3.758118567706261,-0.70398036990428,3.054138197801981,2.2910512238232226,extrapolation
3.372232310084373,-0.5598888383518832,2.8123434717324898,2.1142094337145085,extrapolation
4.117548987841771,1.1490944981965663,5.266643486038338,5.302897135575368,extrapolation
3.1243655082778155,-2.8228300934122217,0.30153541486559376,0.3359362502823817,extrapolation
3.0744089933737877,-0.24966261147585664,2.8247463818979313,2.1228977255247,extrapolation
2.990866111561904,1.0208648089409575,4.0117309205028615,3.2141184696694225,extrapolation
4.899748909564526,1.1761410072100318,6.075889916774558,7.4311471715664785,extrapolation
3.7322843190464337,-0.6588934326480792,3.0733908863983546,2.305870863110819,extrapolation
4.379037407162484,-0.8157337792105044,3.563303627951979,2.72901148878765,extrapolation
3.684979703326654,0.4154562881672493,4.100435991493903,3.3236000631516056,extrapolation
3.9688504001677924,0.18124402830086384,4.150094428468656,3.387040884296338,extrapolation
3.9603474528399967,0.08328373803270829,4.043631190872705,3.252932686285391,extrapolation
4.949715769793469,-4.561653836233189,0.3880619335602802,0.42341865337091145,extrapolation
4.171082810447805,-1.3526066458837607,2.8184761645640446,2.1185006901345886,extrapolation
3.099423678928601,-1.0358676754182083,2.063556003510393,1.6381464384028919,extrapolation
2.5379941479094374,0.7716118343508428,3.30960598226028,2.498066743783261,extrapolation
3.046705349186782,-1.728911645602886,1.317793703583896,1.1748010963840572,extrapolation
3.6387991057448916,-1.2559530730325401,2.3828460327123517,1.8325133275430154,extrapolation
3.483550841816202,-0.18526080711888196,3.29829003469732,2.488391114540528,extrapolation
4.530815598290873,-1.5451142121358228,2.9857013861550508,2.2393065610021354,extrapolation
4.463891887503131,0.771424686217159,5.23531657372029,5.23443708889678,extrapolation
2.72273991978354,-0.469684415770328,2.253055504013212,1.7526435492883052,extrapolation
4.880026812422985,2.1994871187531806,7.079513931176166,11.200652585757979,extrapolation
3.818641693457819,-0.7556624604706659,3.0629792329871535,2.2978418722989464,extrapolation
3.9910099071495337,-0.6915398437998771,3.2994700633496565,2.489397753823897,extrapolation
3.512641928268336,0.9653259471231707,4.477967875391506,3.847557104121824,extrapolation
4.12375238923876,-0.7864043119997759,3.337348077238984,2.522001190105991,extrapolation
4.678315758748663,1.8138819845306073,6.49219774327927,8.827910358196851,extrapolation
4.184839917048748,0.5794979307267094,4.764337847775458,4.314795901334927,extrapolation
4.925246359548757,-0.3646559273325752,4.560590432216181,3.9757956116921127,extrapolation
4.25280562415505,-0.19295759649249328,4.059848027662556,3.27290288726222,extrapolation
4.554301841114941,3.4208492845411067,7.975151125656048,15.851461706669388,extrapolation
2.612598959547086,0.5863852307975413,3.1989841903446274,2.4055712850052733,extrapolation
4.181746284993876,0.1805724191297157,4.362318704123592,3.6765430645121207,extrapolation
4.136881611134791,-0.15909210622006467,3.977789504914726,3.173494849896625,extrapolation
2.7543651274540593,1.2445944392163173,3.9989595666703766,3.198751804698592,extrapolation
4.6059687401590255,-1.8219915765591215,2.783977163599904,2.09447870794172,extrapolation
4.035431009752827,-0.21742562756018705,3.81800538219264,2.991241669245593,extrapolation
2.7458202259623326,-3.400388947216203,-0.6545687212538707,-0.9280433613738366,extrapolation
3.9861677968067086,-0.6400891510940004,3.346078645712708,2.529597048030838,extrapolation
3.696039620822436,1.017512175492833,4.713551796315269,4.227174470229345,extrapolation
3.0832339247195133,1.6586770066262608,4.741910931345775,4.275841236213787,extrapolation
2.549390226449177,0.7271642858160469,3.276554512265224,2.4699458215543606,extrapolation
3.413918202964404,0.76796230979729,4.181880512761694,3.42848160669616,extrapolation
4.04962769367519,-2.059081787945557,1.990545905729633,1.5943275011874807,extrapolation
3.3231978337182317,-0.8140485736739196,2.509149260044312,1.912088969743953,extrapolation
3.2681366312889306,1.7692860190945474,5.037422650383478,4.823606993327004,extrapolation
4.377803105309123,-0.6286320125809565,3.749171092728167,2.917090806690833,extrapolation
4.396561618889532,-0.16317888251173884,4.233382736377793,3.497035122873919,extrapolation
4.296914588697938,-0.9666743836292182,3.330240205068719,2.5158397193646787,extrapolation
2.752954885262972,-1.1205017825882928,1.6324531026746794,1.376989252823279,extrapolation
3.7904148924298586,-0.5643230717756452,3.2260918206542133,2.4278143547562814,extrapolation
3.8944966509130463,-0.7932671591125787,3.1012294918004675,2.3275110973572577,extrapolation
4.362011317350985,1.14900215498021,5.511013472331196,5.870659086302829,extrapolation
4.757944305652169,0.2584435174671528,5.016387823119321,4.782077327474943,extrapolation
3.422597165095255,1.2226605917322209,4.645257756827476,4.1126494776881914,extrapolation
3.571658680847699,-1.6646850039925127,1.9069736768551862,1.5441439541031126,extrapolation
4.331918730996575,1.4705437778448684,5.802462508841444,6.630414756653444,extrapolation
4.156591046675517,0.025747468853886412,4.182338515529404,3.4290835323875064,extrapolation
3.8946747522959786,2.2072180609511327,6.101892813247112,7.511960620276255,extrapolation
3.375349080007381,-0.06333136603277864,3.3120177139746025,2.5001353686230994,extrapolation
2.988380866392771,-1.7920821775955045,1.1962986887972666,1.0918222409029996,extrapolation
2.95951843001941,1.541064753448605,4.500583183468015,3.8821467721305982,extrapolation
2.7039582261246817,-0.16378588574823877,2.540172340376443,1.9319841447999853,extrapolation
2.703002124715222,-2.5825380956002673,0.12046402911495457,0.14029076642846136,extrapolation
4.614495559084364,0.17423361764364484,4.788729176728009,4.357636299493525,extrapolation
3.4591818729346437,0.27747375102974364,3.7366556239643876,2.903878676821631,extrapolation
2.651849057371121,1.2913352919943424,3.9431843493654632,3.132780454588071,extrapolation
4.7410641788381,-4.304992597457349,0.43607158138075075,0.4703845046657726,extrapolation
3.0581761858839114,1.3786433701335543,4.436819556017466,3.7855943704797284,extrapolation
3.170311075778211,-0.5695161056903602,2.600794970087851,1.9713199673405444,extrapolation
2.986244598861064,2.311497489505031,5.297742088366094,5.371809477381761,extrapolation
4.918752649706983,-2.061937201008791,2.856815448698192,2.1455400817190498,extrapolation
2.7813502154207614,0.6544066823048623,3.4357568977256236,2.6094374491303824,extrapolation
4.305408105411692,0.4940625969063204,4.799470702318012,4.376660084974911,extrapolation
4.830221857609777,-0.5065376763127032,4.323684181297073,3.6215480953613106,extrapolation
4.17000323830576,-0.9285670861304134,3.241436152175347,2.440524509222187,extrapolation
4.646816523631661,-0.44849403325332354,4.198322490378337,3.4501765506383615,extrapolation
3.106117754783129,-0.4160643486749311,2.690053406108198,2.0304613079573475,extrapolation
4.184819946484646,-1.5041256077252272,2.680694338759419,2.024186411783586,extrapolation
4.2521783499170445,1.191590604061494,5.443768953978538,5.708337948921363,extrapolation
3.6458312816824394,-1.3106404157185167,2.3351908659639227,1.80299750314922,extrapolation
4.676364051533836,1.227829173336009,5.904193224869845,6.918043067282824,extrapolation
4.2359652504214385,-2.146721478301107,2.0892437721203314,1.6535818021540893,extrapolation
4.737194477847082,-0.21262773623024983,4.524566741616832,3.919248428365388,extrapolation
4.383010883183699,-0.19476783964295688,4.1882430435407425,3.4368558090674677,extrapolation
3.8007260532837437,-0.018953246332269517,3.781772806951474,2.951894667820703,extrapolation
3.746720539989108,1.1475550556151697,4.894275595604277,4.548808266268742,extrapolation
3.634319066750127,-0.24281666394931262,3.391502402800814,2.5696182813469237,extrapolation
2.5541171571326644,-0.5495152923404393,2.004601864792225,1.6027611237480561,extrapolation
3.837853500038042,-0.2391931018328673,3.598660398205175,2.7634822624016064,extrapolation
3.55743308428566,1.1772082266836983,4.734641310969359,4.263303146913045,extrapolation
2.8938339902565913,-1.4467283377616322,1.447105652494959,1.259812618143684,extrapolation
2.7976742459673267,-1.2248021997677547,1.572872046199572,1.3398270030677286,extrapolation
3.6233796957841538,-2.348037902907937,1.2753417928762167,1.1461781050053779,extrapolation
2.599782633865624,2.4326984350636844,5.032481068929308,4.813814556748213,extrapolation
4.966449722751133,-1.3916936739389454,3.574756048812187,2.7401120893840485,extrapolation
3.445302328267309,-2.2625179870460794,1.1827843412212298,1.0823820809032065,extrapolation
3.4552729823778288,-0.9706789663744987,2.48459401600333,1.8964463032016834,extrapolation
2.627815751341717,-0.7349462976622253,1.8928694536794914,1.5356601955903306,extrapolation
3.5666808348815966,1.7585472014884824,5.3252280363700795,5.433512666697029,extrapolation
2.5393635932831042,-0.5578790706903625,1.9814845225927418,1.5888903961791585,extrapolation
2.5752340833320724,0.3501231368512511,2.9253572201833236,2.1948328530455448,extrapolation
3.3477480829060116,-2.1489357656702763,1.1988123172357352,1.0935732034414631,extrapolation
4.5524223693646935,0.24958019013800736,4.802002559502701,4.3811582303810495,extrapolation
3.647052699831491,-1.9785554936630936,1.6684972061683974,1.3992768136038343,extrapolation
2.5371014480149694,-0.3763140585994329,2.1607873894155363,1.6966802721286558,extrapolation
2.908050079223937,-0.9118451771795193,1.9962049020444177,1.5977229384936547,extrapolation
4.349806804879495,0.06992579659971476,4.419732601479209,3.760229087937211,extrapolation
4.345734342861795,0.7612904473663566,5.107024790228152,4.96391407325378,extrapolation
4.386307266012284,-1.60307514095775,2.7832321250545338,2.0939630627094252,extrapolation
3.379173440458838,-1.363702113866909,2.0154713265919293,1.6092829811175,extrapolation
3.380692367597446,0.23230680713349838,3.6129991747309447,2.7776318526148147,extrapolation
4.505189167597457,0.8247428529629932,5.329932020560451,5.444147992063464,extrapolation
3.4953447137229126,1.700850234113755,5.196194947836668,5.150279355467109,extrapolation
4.3179775126514075,-0.566270076423218,3.7517074362281893,2.919778330779475,extrapolation
3.95280752220295,-1.7897744098930743,2.1630331123098756,1.6980365367268786,extrapolation
3.410854198936773,0.22395086347270318,3.634805062409476,2.799341023708913,extrapolation
2.700016300012823,-0.9535724614655483,1.7464438385472745,1.4470512376304732,extrapolation
2.790313441183402,-1.109304237079777,1.681009204103625,1.4069825750009397,extrapolation
4.7238968082722606,1.6898124892383433,6.413709297510604,8.547361550899975,extrapolation
3.630851275055962,0.7424601721045486,4.373311447160511,3.692383428545358,extrapolation
4.985011347336089,-0.8736934371315997,4.111317910204489,3.33736796616519,extrapolation
3.4097423712337642,-0.022453842409988566,3.3872885288237757,2.5658697741864143,extrapolation
3.1248857616748316,-0.10281238574509055,3.022073375929741,2.266628654780926,extrapolation
3.3763482995274696,0.19811474140054933,3.574463040928019,2.7398273123011725,extrapolation
3.3577152424099816,-0.48712753602948744,2.870587706380494,2.1553445441568977,extrapolation
4.093391829073662,-2.2800750331644557,1.813316795909206,1.4876647762874475,extrapolation
2.531843909209765,-1.1716202100067121,1.360223699203053,1.203040758797459,extrapolation
4.408171593167879,-0.638395902305751,3.7697756908621276,2.939021667160529,extrapolation
3.5410365629926126,0.033734119519469016,3.5747706825120815,2.740126313076189,extrapolation
3.5805979841741298,-1.2987532346161799,2.28184474955795,1.770226287233704,extrapolation
3.7027875378268416,0.22354192547289742,3.926329463299739,3.1132035685710795,extrapolation
3.6230311219905458,-0.45752575342089363,3.165505368569652,2.3784645068574815,extrapolation
3.7436772476509876,-0.9113701222677922,2.8323071253831955,2.1282126953374396,extrapolation
3.364760775893812,-1.5243313487573114,1.8404294271365005,1.50405450086028,extrapolation
3.6333653422256935,0.5357896996697372,4.169155041895431,3.411812084016396,extrapolation
3.511628339202412,0.5090920629875751,4.020720402189987,3.2249937279478225,extrapolation
3.795606794942697,0.960265058146777,4.755871853089474,4.3000419777714525,extrapolation
4.058172712140319,0.6591458707563214,4.71731858289664,4.233600752848444,extrapolation
3.1026015180438122,0.7489613457534102,3.8515628637972226,3.0283219814768523,extrapolation
3.771092872020361,0.4584943435921581,4.229587215612519,3.4919228260376936,extrapolation
3.9865547980272598,-2.1100916143205506,1.8764631837067092,1.525783643325467,extrapolation
2.5423707864752636,-0.33494265533562334,2.20742813113964,1.7249031232777376,extrapolation
3.801234346643196,-1.718858954108278,2.082375392534918,1.6494531842778175,extrapolation
3.0982331150664515,1.643054490591639,4.741287605658091,4.274764469145938,extrapolation
3.511346369861619,-0.01681646964770077,3.4945299002139185,2.6636285057148608,extrapolation
4.5663254058934575,1.5237070145822296,6.090032420475687,7.474997252874158,extrapolation
3.3155889919011554,-1.236386750140783,2.079202241760372,1.6475461868199464,extrapolation
3.7080423093728054,-0.11024305907122095,3.5977992503015845,2.762635624155631,extrapolation
2.5618528841502886,0.3160490996506714,2.87790198380096,2.160571665277857,extrapolation
3.271877195413051,-0.3970825747242167,2.874794620688834,2.1583492851688124,extrapolation
4.099302732715205,0.22534727969990492,4.32465001241511,3.6229101711699814,extrapolation
3.2879044363985193,1.7785961480500583,5.066500584448578,4.88168089152307,extrapolation
3.0144937654544917,-1.2382961075991625,1.7761976578553291,1.46515810985296,extrapolation
3.2266391997241253,-3.165506984746054,0.06113221497807109,0.07224893666710268,extrapolation
4.885945767022358,1.9207489671999871,6.806694734222345,10.036786127024298,extrapolation
2.7170045556306954,-0.9499946839662732,1.7670098716644222,1.4595735365336662,extrapolation
3.6583944089367866,1.3469996354671037,5.00539404440389,4.76053148750653,extrapolation
2.6459672591465613,0.7822959603249893,3.4282632194715505,2.602636197064811,extrapolation
3.846645603222048,-0.26002415763926573,3.5866214455827823,2.7516783392973396,extrapolation
2.8650893424611192,0.456413747573226,3.321503090034345,2.50829354913915,extrapolation
4.085212013117934,-1.3686411172361908,2.716570895881743,2.0483395583222563,extrapolation
3.160993656225303,0.10307658527134754,3.2640702414966505,2.459433366717204,extrapolation
4.2272884723056565,0.7128482457424601,4.940136718048117,4.634868499490198,extrapolation
3.3678651491718226,-0.929199271603833,2.4386658775679897,1.867420100978895,extrapolation
2.51042122151894,-0.456349316534017,2.054071904984923,1.6324510476840923,extrapolation
3.237236772545612,0.3751122237015869,3.6123489962471993,2.7769881059169204,extrapolation
