X_obs,X_true,x_noise,x_bias,a,y,split,domain_id,env_range_start,env_range_end
-4.490252788385994,-3.6663823962379407,-0.8238703921480534,-3.6663823962379407,0,-1.0999147188713823,train,0,-4.0,-3.2
-3.2346447700208985,-3.4237404052462734,0.18909563522537506,-3.4237404052462734,1,-1.7118702026231367,train,0,-4.0,-3.2
-3.492212111595104,-3.999908500146124,0.5076963885510201,-3.999908500146124,1,-1.999954250073062,train,0,-4.0,-3.2
-4.27384350639372,-3.758133941894528,-0.5157095644991918,-3.758133941894528,0,-1.1274401825683584,train,0,-4.0,-3.2
-3.672267700147845,-3.8825952873463097,0.21032758719846442,-3.8825952873463097,0,-1.1647785862038929,train,0,-4.0,-3.2
-4.713499170927421,-3.926129124184962,-0.787370046742459,-3.926129124184962,1,-1.963064562092481,train,0,-4.0,-3.2
-3.874209136457494,-3.8509918308978635,-0.023217305559630672,-3.8509918308978635,1,-1.9254959154489317,train,0,-4.0,-3.2
-4.693014831187539,-3.723551418365562,-0.9694634128219769,-3.723551418365562,1,-1.861775709182781,train,0,-4.0,-3.2
-3.009735395674066,-3.682586020615464,0.6728506249413984,-3.682586020615464,1,-1.841293010307732,train,0,-4.0,-3.2
-3.323606290035218,-3.5689466127973146,0.24534032276209666,-3.5689466127973146,1,-1.7844733063986573,train,0,-4.0,-3.2
-3.679414562002831,-3.664644388477364,-0.014770173525467013,-3.664644388477364,1,-1.832322194238682,train,0,-4.0,-3.2
-3.9169213711840882,-3.4518243996825926,-0.46509697150149576,-3.4518243996825926,1,-1.7259121998412963,train,0,-4.0,-3.2
-3.07218464211952,-3.836438200214786,0.764253558095266,-3.836438200214786,0,-1.1509314600644358,train,0,-4.0,-3.2
-2.1172450013344033,-3.297506050887244,1.1802610495528407,-3.297506050887244,1,-1.648753025443622,train,0,-4.0,-3.2
-5.0928790441097105,-3.978089925441659,-1.1147891186680512,-3.978089925441659,1,-1.9890449627208295,train,0,-4.0,-3.2
-2.721927573585586,-3.4636259918572785,0.7416984182716921,-3.4636259918572785,1,-1.7318129959286392,train,0,-4.0,-3.2
-2.689565706216955,-3.6661561581062987,0.9765904518893438,-3.6661561581062987,1,-1.8330780790531493,train,0,-4.0,-3.2
-3.3502411192987136,-3.553048137243399,0.20280701794468545,-3.553048137243399,0,-1.0659144411730197,train,0,-4.0,-3.2
-4.607251268524925,-3.887690449123813,-0.7195608194011115,-3.887690449123813,1,-1.9438452245619064,train,0,-4.0,-3.2
-3.3235116182056843,-3.841518808732097,0.5180071905264129,-3.841518808732097,1,-1.9207594043660485,train,0,-4.0,-3.2
-3.467956526306461,-3.3594043450595708,-0.10855218124689027,-3.3594043450595708,0,-1.0078213035178711,train,0,-4.0,-3.2
-3.5877431161004365,-3.225390739424482,-0.3623523766759544,-3.225390739424482,0,-0.9676172218273446,train,0,-4.0,-3.2
-4.487295538872782,-3.7492606574726057,-0.738034881400177,-3.7492606574726057,1,-1.8746303287363029,train,0,-4.0,-3.2
-3.1158194098788194,-3.4461419074645487,0.33032249758572924,-3.4461419074645487,0,-1.0338425722393645,train,0,-4.0,-3.2
-2.823204558611561,-3.2988886781631694,0.4756841195516086,-3.2988886781631694,1,-1.6494443390815847,train,0,-4.0,-3.2
-3.6584331070047975,-3.2843146691969225,-0.37411843780787496,-3.2843146691969225,0,-0.9852944007590767,train,0,-4.0,-3.2
-3.619618828660155,-3.9319646309041776,0.3123458022440225,-3.9319646309041776,1,-1.9659823154520888,train,0,-4.0,-3.2
-4.6553610071875795,-3.968756173413694,-0.6866048337738856,-3.968756173413694,1,-1.984378086706847,train,0,-4.0,-3.2
-3.383019045225538,-3.864135664348345,0.4811166191228068,-3.864135664348345,0,-1.1592406993045035,train,0,-4.0,-3.2
-3.2695456182019824,-3.29748599725647,0.027940379054487322,-3.29748599725647,0,-0.9892457991769409,train,0,-4.0,-3.2
-4.0332643960779695,-3.92132253293356,-0.11194186314440926,-3.92132253293356,1,-1.96066126646678,train,0,-4.0,-3.2
-3.7241614235134453,-3.6631138999959583,-0.06104752351748713,-3.6631138999959583,1,-1.8315569499979791,train,0,-4.0,-3.2
-2.7123566816760776,-3.2336883758795985,0.5213316942035208,-3.2336883758795985,1,-1.6168441879397992,train,0,-4.0,-3.2
-3.1232207881025817,-3.5734677720215866,0.45024698391900486,-3.5734677720215866,1,-1.7867338860107933,train,0,-4.0,-3.2
-3.128819114227996,-3.4464983088396215,0.3176791946116255,-3.4464983088396215,1,-1.7232491544198107,train,0,-4.0,-3.2
-3.664966769196718,-3.7475874951951496,0.08262072599843165,-3.7475874951951496,1,-1.8737937475975748,train,0,-4.0,-3.2
-3.4041065811071096,-3.450799257854733,0.04669267674762355,-3.450799257854733,1,-1.7253996289273665,train,0,-4.0,-3.2
-2.9612713052829873,-3.332299462482102,0.3710281571991147,-3.332299462482102,0,-0.9996898387446305,train,0,-4.0,-3.2
-3.8458726426174037,-3.9853693781246466,0.13949673550724273,-3.9853693781246466,0,-1.195610813437394,train,0,-4.0,-3.2
-2.990353703925335,-3.3998845480440263,0.40953084411869106,-3.3998845480440263,0,-1.0199653644132078,train,0,-4.0,-3.2
-3.3949811929856404,-3.2089111288748042,-0.186070064110836,-3.2089111288748042,0,-0.9626733386624412,train,0,-4.0,-3.2
-4.862370134960412,-3.4014674764961286,-1.4609026584642832,-3.4014674764961286,1,-1.7007337382480643,train,0,-4.0,-3.2
-3.1523500452328275,-3.7756448063484758,0.6232947611156484,-3.7756448063484758,0,-1.1326934419045427,train,0,-4.0,-3.2
-2.056388749054255,-3.3685765372388095,1.3121877881845545,-3.3685765372388095,0,-1.0105729611716427,train,0,-4.0,-3.2
-3.652600528596737,-3.9174191947378865,0.26481866614114924,-3.9174191947378865,1,-1.9587095973689432,train,0,-4.0,-3.2
-3.701778319029376,-3.641685179059276,-0.060093139970099865,-3.641685179059276,1,-1.820842589529638,train,0,-4.0,-3.2
-3.3549904438631435,-3.2731235975255237,-0.08186684633761981,-3.2731235975255237,1,-1.6365617987627619,train,0,-4.0,-3.2
-3.8365411939659424,-3.7651086813010566,-0.07143251266488593,-3.7651086813010566,0,-1.1295326043903169,train,0,-4.0,-3.2
-3.7593340841509186,-3.769779729130921,0.010445644980002758,-3.769779729130921,0,-1.1309339187392764,train,0,-4.0,-3.2
-4.569188379553511,-3.895977142305378,-0.673211237248133,-3.895977142305378,1,-1.947988571152689,train,0,-4.0,-3.2
-4.294763108455899,-3.9845064337037623,-0.31025667475213664,-3.9845064337037623,1,-1.9922532168518812,train,0,-4.0,-3.2
-4.055147670238245,-3.4569315736480872,-0.5982160965901576,-3.4569315736480872,0,-1.037079472094426,train,0,-4.0,-3.2
-3.681418010367291,-3.830697507199953,0.14927949683266228,-3.830697507199953,0,-1.149209252159986,train,0,-4.0,-3.2
-3.965547363924737,-3.787562672502219,-0.17798469142251763,-3.787562672502219,0,-1.1362688017506657,train,0,-4.0,-3.2
-3.3096146781889533,-3.6067414725757296,0.29712679438677625,-3.6067414725757296,1,-1.8033707362878648,train,0,-4.0,-3.2
-4.062131859751836,-3.9573099639063356,-0.10482189584550057,-3.9573099639063356,0,-1.1871929891719006,train,0,-4.0,-3.2
-2.9489048029136447,-3.54070591560639,0.5918011126927452,-3.54070591560639,0,-1.0622117746819169,train,0,-4.0,-3.2
-3.754496799274087,-3.882617140075352,0.12812034080126505,-3.882617140075352,1,-1.941308570037676,train,0,-4.0,-3.2
-2.2141357330955325,-3.528555570477373,1.31441983738184,-3.528555570477373,0,-1.0585666711432118,train,0,-4.0,-3.2
-4.5780098657179105,-3.440193311983255,-1.1378165537346554,-3.440193311983255,1,-1.7200966559916275,train,0,-4.0,-3.2
-4.306282469890684,-3.918132456937739,-0.38815001295294493,-3.918132456937739,0,-1.1754397370813217,train,0,-4.0,-3.2
-3.1278630747551186,-3.6687552097443454,0.5408921349892267,-3.6687552097443454,0,-1.1006265629233036,train,0,-4.0,-3.2
-1.9274844497339654,-3.444479873817804,1.5169954240838388,-3.444479873817804,1,-1.722239936908902,train,0,-4.0,-3.2
-3.817837451007754,-3.668656584378478,-0.14918086662927602,-3.668656584378478,1,-1.834328292189239,train,0,-4.0,-3.2
-3.9338358369360966,-3.9600372328431304,0.02620139590703352,-3.9600372328431304,0,-1.188011169852939,train,0,-4.0,-3.2
-3.7070714207757542,-3.571282875267591,-0.1357885455081634,-3.571282875267591,1,-1.7856414376337955,train,0,-4.0,-3.2
-2.6700900162716144,-3.468964283824169,0.7988742675525551,-3.468964283824169,1,-1.7344821419120846,train,0,-4.0,-3.2
-3.760473428438965,-3.5880887103533534,-0.17238471808561132,-3.5880887103533534,1,-1.7940443551766767,train,0,-4.0,-3.2
-2.8362822912804866,-3.2443241952073496,0.4080419039268628,-3.2443241952073496,1,-1.6221620976036748,train,0,-4.0,-3.2
-3.7226369269376085,-3.530755967598406,-0.19188095933920277,-3.530755967598406,1,-1.765377983799203,train,0,-4.0,-3.2
-4.04081372091729,-3.2772784677696936,-0.7635352531475965,-3.2772784677696936,0,-0.983183540330908,train,0,-4.0,-3.2
-3.701891604404951,-3.89002023668301,0.1881286322780593,-3.89002023668301,1,-1.945010118341505,train,0,-4.0,-3.2
-3.5866680341381976,-3.888578922199393,0.30191088806119565,-3.888578922199393,0,-1.1665736766598178,train,0,-4.0,-3.2
-2.5781514395130243,-3.354086969032381,0.7759355295193571,-3.354086969032381,1,-1.6770434845161906,train,0,-4.0,-3.2
-3.7481267462619634,-3.6818585304115734,-0.0662682158503898,-3.6818585304115734,0,-1.104557559123472,train,0,-4.0,-3.2
-4.23813388053387,-3.867716642306454,-0.3704172382274166,-3.867716642306454,0,-1.160314992691936,train,0,-4.0,-3.2
-2.920336477711757,-3.257993135683173,0.33765665797141575,-3.257993135683173,0,-0.9773979407049519,train,0,-4.0,-3.2
-3.5773450568609557,-3.721787312203595,0.14444225534263933,-3.721787312203595,0,-1.1165361936610785,train,0,-4.0,-3.2
-3.230951271217492,-3.3993503174910757,0.16839904627358343,-3.3993503174910757,0,-1.0198050952473228,train,0,-4.0,-3.2
-3.463069233968006,-3.419201611719639,-0.04386762224836666,-3.419201611719639,1,-1.7096008058598196,train,0,-4.0,-3.2
-2.5971519850390905,-3.2933551270353525,0.6962031419962618,-3.2933551270353525,1,-1.6466775635176762,train,0,-4.0,-3.2
-3.279366604530079,-3.501062234355513,0.22169562982543423,-3.501062234355513,1,-1.7505311171777564,train,0,-4.0,-3.2
-2.256450827773542,-3.3992460527781305,1.1427952250045887,-3.3992460527781305,1,-1.6996230263890653,train,0,-4.0,-3.2
-3.054247307281423,-3.720881326417726,0.6666340191363028,-3.720881326417726,0,-1.1162643979253177,train,0,-4.0,-3.2
-3.388627808927853,-3.784057686587979,0.3954298776601261,-3.784057686587979,1,-1.8920288432939896,train,0,-4.0,-3.2
-4.2597540298129015,-3.283291025443147,-0.9764630043697544,-3.283291025443147,0,-0.9849873076329441,train,0,-4.0,-3.2
-3.296135479925587,-3.6575270481029643,0.3613915681773774,-3.6575270481029643,1,-1.8287635240514821,train,0,-4.0,-3.2
-2.975958640093056,-3.2281279622812917,0.25216932218823573,-3.2281279622812917,1,-1.6140639811406459,train,0,-4.0,-3.2
-2.9826757980631085,-3.469246801745242,0.4865710036821334,-3.469246801745242,0,-1.0407740405235726,train,0,-4.0,-3.2
-2.8759781670083475,-3.5026434238327027,0.6266652568243553,-3.5026434238327027,0,-1.0507930271498107,train,0,-4.0,-3.2
-4.148730136710656,-3.9082032216373,-0.24052691507335597,-3.9082032216373,0,-1.17246096649119,train,0,-4.0,-3.2
-2.746005221964099,-3.2404085930343434,0.49440337107024457,-3.2404085930343434,0,-0.972122577910303,train,0,-4.0,-3.2
-3.9774535518275016,-3.6400702932160476,-0.33738325861145385,-3.6400702932160476,0,-1.0920210879648142,train,0,-4.0,-3.2
-2.364361463484874,-3.537288308490295,1.1729268450054207,-3.537288308490295,0,-1.0611864925470884,train,0,-4.0,-3.2
-4.472661557701324,-3.6734905577909753,-0.7991709999103489,-3.6734905577909753,0,-1.1020471673372925,train,0,-4.0,-3.2
-4.866791552044848,-3.810378415805578,-1.05641313623927,-3.810378415805578,1,-1.905189207902789,train,0,-4.0,-3.2
-4.267729143044657,-3.277296383550197,-0.9904327594944597,-3.277296383550197,0,-0.9831889150650591,train,0,-4.0,-3.2
-4.07538976116,-3.5410564106621716,-0.5343333504978289,-3.5410564106621716,1,-1.7705282053310858,train,0,-4.0,-3.2
-4.669172977510909,-3.9977037383750726,-0.6714692391358368,-3.9977037383750726,0,-1.1993111215125218,train,0,-4.0,-3.2
-2.332636726881236,-3.506284069103421,1.1736473422221851,-3.506284069103421,0,-1.0518852207310263,train,0,-4.0,-3.2
-3.9345837774292334,-3.738684078582323,-0.19589969884691052,-3.738684078582323,0,-1.121605223574697,train,0,-4.0,-3.2
-4.383958991820374,-3.5783535181939126,-0.8056054736264615,-3.5783535181939126,0,-1.0735060554581737,train,0,-4.0,-3.2
-2.6226165344835053,-3.2912463205513807,0.6686297860678752,-3.2912463205513807,1,-1.6456231602756903,train,0,-4.0,-3.2
-4.066098555290956,-3.714184191998,-0.3519143632929555,-3.714184191998,0,-1.1142552575994,train,0,-4.0,-3.2
-4.0152839051889995,-3.2731718792641606,-0.7421120259248384,-3.2731718792641606,1,-1.6365859396320803,train,0,-4.0,-3.2
-2.975808550776978,-3.5013119073665577,0.5255033565895797,-3.5013119073665577,0,-1.0503935722099673,train,0,-4.0,-3.2
-3.613325699775935,-3.987343005722755,0.37401730594681964,-3.987343005722755,1,-1.9936715028613774,train,0,-4.0,-3.2
-3.5174242227781276,-3.256450213004991,-0.2609740097731366,-3.256450213004991,0,-0.9769350639014973,train,0,-4.0,-3.2
-2.602758465841724,-3.447282465986461,0.8445240001447372,-3.447282465986461,1,-1.7236412329932305,train,0,-4.0,-3.2
-3.1246807718123804,-3.2021417196388158,0.07746094782643527,-3.2021417196388158,0,-0.9606425158916447,train,0,-4.0,-3.2
-2.8919578340093572,-3.8621275933237373,0.9701697593143801,-3.8621275933237373,1,-1.9310637966618687,train,0,-4.0,-3.2
-3.5886468710969552,-3.890291400296898,0.30164452919994256,-3.890291400296898,0,-1.1670874200890693,train,0,-4.0,-3.2
-2.3186403051983535,-3.253923629570269,0.9352833243719155,-3.253923629570269,1,-1.6269618147851346,train,0,-4.0,-3.2
-3.376903852952823,-3.44254547080808,0.0656416178552569,-3.44254547080808,1,-1.72127273540404,train,0,-4.0,-3.2
-4.679046500009769,-3.94719986182235,-0.7318466381874195,-3.94719986182235,1,-1.973599930911175,train,0,-4.0,-3.2
-1.9260083684811888,-3.395629557918027,1.469621189436838,-3.395629557918027,1,-1.6978147789590134,train,0,-4.0,-3.2
-3.7243635500205436,-3.396899049231003,-0.32746450078954065,-3.396899049231003,0,-1.0190697147693009,train,0,-4.0,-3.2
-3.3808830892961512,-3.2615803715628133,-0.11930271773333803,-3.2615803715628133,0,-0.978474111468844,train,0,-4.0,-3.2
-3.8510192960499756,-3.4307801930972226,-0.4202391029527528,-3.4307801930972226,0,-1.0292340579291668,train,0,-4.0,-3.2
-4.022619899801003,-3.900583230422268,-0.12203666937873506,-3.900583230422268,1,-1.950291615211134,train,0,-4.0,-3.2
-3.8384942282790866,-3.9840958929281634,0.14560166464907676,-3.9840958929281634,1,-1.9920479464640817,train,0,-4.0,-3.2
-3.857933103173422,-3.9790312104978245,0.12109810732440242,-3.9790312104978245,1,-1.9895156052489122,train,0,-4.0,-3.2
-3.580742637024149,-3.9773548095833644,0.3966121725592157,-3.9773548095833644,1,-1.9886774047916822,train,0,-4.0,-3.2
-2.727736220532223,-3.803031145917563,1.07529492538534,-3.803031145917563,1,-1.9015155729587816,train,0,-4.0,-3.2
-3.3842563841267945,-3.31197764105369,-0.07227874307310446,-3.31197764105369,1,-1.655988820526845,train,0,-4.0,-3.2
-4.308807589794534,-3.568935148526678,-0.739872441267856,-3.568935148526678,0,-1.0706805445580032,train,0,-4.0,-3.2
-4.267133292957167,-3.5577424170513874,-0.7093908759057802,-3.5577424170513874,0,-1.0673227251154163,train,0,-4.0,-3.2
-3.7258279970317916,-3.3263752861123157,-0.39945271091947593,-3.3263752861123157,0,-0.9979125858336947,train,0,-4.0,-3.2
-4.90517883247543,-3.9006613479040713,-1.0045174845713591,-3.9006613479040713,0,-1.1701984043712212,train,0,-4.0,-3.2
-3.2816351621276967,-3.7766530567910883,0.4950178946633915,-3.7766530567910883,1,-1.8883265283955442,train,0,-4.0,-3.2
-3.8303207210120167,-3.53139258283337,-0.29892813817864683,-3.53139258283337,0,-1.0594177748500109,train,0,-4.0,-3.2
-3.410914388325971,-3.2243234013442605,-0.18659098698171053,-3.2243234013442605,0,-0.9672970204032781,train,0,-4.0,-3.2
-3.552310714298234,-3.551175824595432,-0.0011348897028022208,-3.551175824595432,1,-1.775587912297716,train,0,-4.0,-3.2
-4.823054423258905,-3.9850821685016458,-0.8379722547572591,-3.9850821685016458,0,-1.1955246505504937,train,0,-4.0,-3.2
-3.876283678321132,-3.359493861855507,-0.5167898164656252,-3.359493861855507,1,-1.6797469309277535,train,0,-4.0,-3.2
-3.4087936655144,-3.8136205809271835,0.4048269154127834,-3.8136205809271835,0,-1.144086174278155,train,0,-4.0,-3.2
-2.983192365033201,-3.3543158435049767,0.37112347847177596,-3.3543158435049767,1,-1.6771579217524883,train,0,-4.0,-3.2
-3.9556146431690453,-3.6897114847486625,-0.2659031584203827,-3.6897114847486625,0,-1.1069134454245988,train,0,-4.0,-3.2
-2.222845567877183,-3.309166516352457,1.0863209484752738,-3.309166516352457,1,-1.6545832581762285,train,0,-4.0,-3.2
-4.185738839344895,-3.4023026858102523,-0.7834361535346425,-3.4023026858102523,0,-1.0206908057430757,train,0,-4.0,-3.2
-3.7620001389006523,-3.555007812807665,-0.2069923260929875,-3.555007812807665,0,-1.0665023438422994,train,0,-4.0,-3.2
-4.029339665352734,-3.890835819471452,-0.13850384588128156,-3.890835819471452,1,-1.945417909735726,train,0,-4.0,-3.2
-5.627916848478154,-3.9520658483902307,-1.675851000087924,-3.9520658483902307,1,-1.9760329241951153,train,0,-4.0,-3.2
-2.7404079472377623,-3.90292523540741,1.1625172881696477,-3.90292523540741,0,-1.170877570622223,train,0,-4.0,-3.2
-3.7445592884401555,-3.9643584971641905,0.21979920872403494,-3.9643584971641905,1,-1.9821792485820953,train,0,-4.0,-3.2
-4.540758325859801,-3.914004696715126,-0.6267536291446749,-3.914004696715126,1,-1.957002348357563,train,0,-4.0,-3.2
-2.58872846339925,-3.8194325291137163,1.2307040657144666,-3.8194325291137163,0,-1.1458297587341149,train,0,-4.0,-3.2
-3.0782116155904293,-3.4296088156938587,0.35139720010342945,-3.4296088156938587,1,-1.7148044078469293,train,0,-4.0,-3.2
-3.2945107303435073,-3.552226414356686,0.2577156840131787,-3.552226414356686,0,-1.0656679243070057,train,0,-4.0,-3.2
-4.354154254792735,-3.9899552158727074,-0.36419903892002764,-3.9899552158727074,1,-1.9949776079363537,train,0,-4.0,-3.2
-2.1857181094694083,-2.851204078286397,0.6654859688169887,-2.851204078286397,0,-0.855361223485919,train,1,-3.2,-2.4
-4.238209651503141,-3.179259014537687,-1.0589506369654533,-3.179259014537687,1,-1.5896295072688436,train,1,-3.2,-2.4
-2.828922795915105,-2.7602700176970325,-0.06865277821807242,-2.7602700176970325,0,-0.8280810053091098,train,1,-3.2,-2.4
-3.150646602258434,-2.8517420859053786,-0.29890451635305526,-2.8517420859053786,1,-1.4258710429526893,train,1,-3.2,-2.4
-3.500185180128268,-2.863705758330009,-0.6364794217982592,-2.863705758330009,1,-1.4318528791650045,train,1,-3.2,-2.4
-2.5807322307602933,-2.935732143196901,0.3549999124366074,-2.935732143196901,0,-0.8807196429590702,train,1,-3.2,-2.4
-3.1462350370374748,-3.036281092769726,-0.10995394426774881,-3.036281092769726,1,-1.518140546384863,train,1,-3.2,-2.4
-2.0926703892979264,-2.704583226919469,0.6119128376215424,-2.704583226919469,1,-1.3522916134597345,train,1,-3.2,-2.4
-3.8497555477539844,-2.9602762610603817,-0.8894792866936025,-2.9602762610603817,1,-1.4801381305301908,train,1,-3.2,-2.4
-2.478751044812459,-2.986538179917707,0.5077871351052479,-2.986538179917707,1,-1.4932690899588534,train,1,-3.2,-2.4
-2.4043288447644717,-2.703092933784564,0.29876408902009244,-2.703092933784564,0,-0.8109278801353692,train,1,-3.2,-2.4
-2.700783819394465,-2.776686324578369,0.07590250518390373,-2.776686324578369,0,-0.8330058973735106,train,1,-3.2,-2.4
-3.9436223744131738,-3.0923360437240532,-0.8512863306891205,-3.0923360437240532,1,-1.5461680218620266,train,1,-3.2,-2.4
-2.9402019740092973,-2.789137502987403,-0.15106447102189444,-2.789137502987403,0,-0.8367412508962209,train,1,-3.2,-2.4
-3.9804528742411174,-3.052448107482468,-0.9280047667586497,-3.052448107482468,0,-0.9157344322447403,train,1,-3.2,-2.4
-3.8213230431936305,-2.5717318817466612,-1.2495911614469695,-2.5717318817466612,1,-1.2858659408733306,train,1,-3.2,-2.4
-0.5489725252215696,-2.516819765888409,1.9678472406668395,-2.516819765888409,1,-1.2584098829442045,train,1,-3.2,-2.4
-2.222093738070294,-2.804610530094458,0.582516792024164,-2.804610530094458,0,-0.8413831590283374,train,1,-3.2,-2.4
-1.4471951002750554,-2.5227508117140256,1.0755557114389702,-2.5227508117140256,0,-0.7568252435142077,train,1,-3.2,-2.4
-3.3936916094986582,-3.1362836183927514,-0.2574079911059069,-3.1362836183927514,1,-1.5681418091963757,train,1,-3.2,-2.4
-2.3780843401357785,-2.7958031279026367,0.41771878776685833,-2.7958031279026367,0,-0.838740938370791,train,1,-3.2,-2.4
-2.72932103312434,-3.1477707964904975,0.4184497633661577,-3.1477707964904975,1,-1.5738853982452488,train,1,-3.2,-2.4
-2.496592649721769,-2.8575021379220886,0.3609094882003198,-2.8575021379220886,0,-0.8572506413766265,train,1,-3.2,-2.4
-3.1205795730428285,-3.12277526747151,0.0021956944286816243,-3.12277526747151,1,-1.561387633735755,train,1,-3.2,-2.4
-3.235220557555399,-3.0982720226389784,-0.13694853491642056,-3.0982720226389784,1,-1.5491360113194892,train,1,-3.2,-2.4
-3.9643711104163932,-2.722603752817123,-1.2417673575992703,-2.722603752817123,0,-0.816781125845137,train,1,-3.2,-2.4
-2.653103947672617,-3.0191903995166114,0.3660864518439944,-3.0191903995166114,1,-1.5095951997583057,train,1,-3.2,-2.4
-2.86034531228629,-3.1144434525520137,0.25409814026572364,-3.1144434525520137,1,-1.5572217262760069,train,1,-3.2,-2.4
-2.353022994273047,-3.0237550343435524,0.670732040070505,-3.0237550343435524,0,-0.9071265103030657,train,1,-3.2,-2.4
-3.084684225315476,-2.9201389719973605,-0.16454525331811554,-2.9201389719973605,0,-0.8760416915992081,train,1,-3.2,-2.4
-1.7806826992508193,-2.82577001233416,1.0450873130833405,-2.82577001233416,0,-0.8477310037002479,train,1,-3.2,-2.4
-3.3071059447036153,-3.038605418988028,-0.26850052571558747,-3.038605418988028,0,-0.9115816256964083,train,1,-3.2,-2.4
-3.4409309508355834,-2.6876746198280683,-0.753256331007515,-2.6876746198280683,1,-1.3438373099140342,train,1,-3.2,-2.4
-2.2506459287941123,-2.813544131558599,0.5628982027644865,-2.813544131558599,1,-1.4067720657792995,train,1,-3.2,-2.4
-3.0768183797201,-2.795810623985161,-0.28100775573493914,-2.795810623985161,0,-0.8387431871955482,train,1,-3.2,-2.4
-3.6433180633728655,-2.8904858791051526,-0.7528321842677128,-2.8904858791051526,0,-0.8671457637315457,train,1,-3.2,-2.4
-2.4901958486152314,-2.565090036446738,0.07489418783150674,-2.565090036446738,0,-0.7695270109340214,train,1,-3.2,-2.4
-2.282095371066223,-2.7359966568977545,0.45390128583153155,-2.7359966568977545,1,-1.3679983284488773,train,1,-3.2,-2.4
-2.9252973438931336,-3.070161121198149,0.1448637773050154,-3.070161121198149,0,-0.9210483363594446,train,1,-3.2,-2.4
-2.340942733359433,-2.639398122714275,0.29845538935484234,-2.639398122714275,0,-0.7918194368142825,train,1,-3.2,-2.4
0.03685643835452446,-2.428359135928596,2.4652155742831203,-2.428359135928596,1,-1.214179567964298,train,1,-3.2,-2.4
-2.3073207846766794,-2.7999933110638264,0.492672526387147,-2.7999933110638264,0,-0.8399979933191479,train,1,-3.2,-2.4
-1.5693277590529102,-2.488383948843084,0.9190561897901737,-2.488383948843084,0,-0.7465151846529251,train,1,-3.2,-2.4
-4.118216542138699,-2.926709077863112,-1.191507464275587,-2.926709077863112,1,-1.463354538931556,train,1,-3.2,-2.4
-2.527252588033328,-2.7462846978978326,0.2190321098645044,-2.7462846978978326,0,-0.8238854093693497,train,1,-3.2,-2.4
-2.3935140093202927,-2.857963229363112,0.46444922004281936,-2.857963229363112,1,-1.428981614681556,train,1,-3.2,-2.4
-3.069289644546156,-2.8506021895785607,-0.2186874549675952,-2.8506021895785607,1,-1.4253010947892804,train,1,-3.2,-2.4
-3.104340338601557,-2.57875265200232,-0.525587686599237,-2.57875265200232,0,-0.7736257956006959,train,1,-3.2,-2.4
-2.53360456598985,-2.771516661201875,0.23791209521202508,-2.771516661201875,0,-0.8314549983605625,train,1,-3.2,-2.4
-2.625776679837665,-2.4370062184441066,-0.18877046139355852,-2.4370062184441066,0,-0.731101865533232,train,1,-3.2,-2.4
-3.1208868216110823,-2.764633471881518,-0.35625334972956424,-2.764633471881518,1,-1.382316735940759,train,1,-3.2,-2.4
-2.4446237215491906,-3.13432406217998,0.6897003406307896,-3.13432406217998,0,-0.940297218653994,train,1,-3.2,-2.4
-2.1055863776555506,-2.9069260786599838,0.8013397010044331,-2.9069260786599838,0,-0.8720778235979951,train,1,-3.2,-2.4
-2.337741995089539,-2.5193195967963984,0.1815776017068594,-2.5193195967963984,0,-0.7557958790389195,train,1,-3.2,-2.4
-3.1475166783913053,-2.8749799655616393,-0.27253671282966613,-2.8749799655616393,0,-0.8624939896684918,train,1,-3.2,-2.4
-2.8696156768048513,-3.1782381072841206,0.3086224304792691,-3.1782381072841206,1,-1.5891190536420603,train,1,-3.2,-2.4
-2.504583150434081,-3.0022582088021172,0.49767505836803627,-3.0022582088021172,1,-1.5011291044010586,train,1,-3.2,-2.4
-2.7679113230441645,-3.1462845034104365,0.37837318036627215,-3.1462845034104365,0,-0.9438853510231309,train,1,-3.2,-2.4
-3.2769370006570546,-2.4049183908629814,-0.8720186097940732,-2.4049183908629814,0,-0.7214755172588944,train,1,-3.2,-2.4
-2.6263464157119976,-2.423535749298261,-0.2028106664137367,-2.423535749298261,1,-1.2117678746491305,train,1,-3.2,-2.4
-2.3443133200176476,-2.5597933190939304,0.21547999907628274,-2.5597933190939304,1,-1.2798966595469652,train,1,-3.2,-2.4
-2.3452140541948667,-2.7185463028756263,0.37333224868075976,-2.7185463028756263,1,-1.3592731514378131,train,1,-3.2,-2.4
-2.011562944732718,-2.588032111638655,0.5764691669059369,-2.588032111638655,1,-1.2940160558193274,train,1,-3.2,-2.4
-2.609597434432596,-3.0646196427326577,0.4550222083000618,-3.0646196427326577,1,-1.5323098213663289,train,1,-3.2,-2.4
-3.6461725043628195,-2.9655814145444483,-0.680591089818371,-2.9655814145444483,0,-0.8896744243633344,train,1,-3.2,-2.4
-3.2051990322979806,-2.7807464997597084,-0.42445253253827203,-2.7807464997597084,0,-0.8342239499279125,train,1,-3.2,-2.4
-3.6475580741592544,-2.914700575101793,-0.7328574990574612,-2.914700575101793,1,-1.4573502875508966,train,1,-3.2,-2.4
-2.080770842855845,-3.1634568278036803,1.0826859849478356,-3.1634568278036803,0,-0.949037048341104,train,1,-3.2,-2.4
-2.3052313595673017,-2.4134772437142296,0.1082458841469278,-2.4134772437142296,0,-0.7240431731142688,train,1,-3.2,-2.4
-2.5150175000214356,-2.846916064516123,0.33189856449468724,-2.846916064516123,1,-1.4234580322580614,train,1,-3.2,-2.4
-2.176982208940105,-2.7967996484966777,0.6198174395565728,-2.7967996484966777,0,-0.8390398945490033,train,1,-3.2,-2.4
-3.1385684067926647,-2.941166945972241,-0.19740146082042376,-2.941166945972241,1,-1.4705834729861205,train,1,-3.2,-2.4
-3.6828059642869797,-2.9922041978022906,-0.6906017664846891,-2.9922041978022906,0,-0.8976612593406872,train,1,-3.2,-2.4
-3.146401574256552,-2.89048809174339,-0.2559134825131618,-2.89048809174339,1,-1.445244045871695,train,1,-3.2,-2.4
-2.6232747949987805,-2.534386480292399,-0.08888831470638106,-2.534386480292399,1,-1.2671932401461996,train,1,-3.2,-2.4
-1.709740205816363,-2.6106023549703097,0.9008621491539467,-2.6106023549703097,1,-1.3053011774851548,train,1,-3.2,-2.4
-2.374872627919723,-2.8966315464466903,0.521758918526967,-2.8966315464466903,0,-0.8689894639340071,train,1,-3.2,-2.4
-3.8418404755498243,-3.1895861306443596,-0.6522543449054649,-3.1895861306443596,1,-1.5947930653221798,train,1,-3.2,-2.4
-2.163543200736547,-2.562076048773925,0.398532848037378,-2.562076048773925,1,-1.2810380243869626,train,1,-3.2,-2.4
-2.5435581612783884,-2.9844889619229593,0.4409308006445711,-2.9844889619229593,0,-0.8953466885768878,train,1,-3.2,-2.4
-3.3706715355352754,-2.7338520891767724,-0.6368194463585028,-2.7338520891767724,1,-1.3669260445883862,train,1,-3.2,-2.4
-3.2446693408716363,-3.179559246520246,-0.06511009435139069,-3.179559246520246,1,-1.589779623260123,train,1,-3.2,-2.4
-3.780480768860225,-2.6702383845853395,-1.1102423842748859,-2.6702383845853395,0,-0.8010715153756018,train,1,-3.2,-2.4
-2.6916884209020226,-2.8899812593013747,0.1982928383993521,-2.8899812593013747,1,-1.4449906296506874,train,1,-3.2,-2.4
-2.9917568871940543,-2.80234096101239,-0.18941592618166417,-2.80234096101239,1,-1.401170480506195,train,1,-3.2,-2.4
-3.6780765916995772,-2.8680753301002504,-0.8100012615993266,-2.8680753301002504,1,-1.4340376650501252,train,1,-3.2,-2.4
-3.3382050775084235,-2.919302478958688,-0.41890259854973566,-2.919302478958688,0,-0.8757907436876063,train,1,-3.2,-2.4
-2.6152469567767325,-2.7592176757404645,0.14397071896373184,-2.7592176757404645,1,-1.3796088378702323,train,1,-3.2,-2.4
-2.7534411118380735,-2.42167144810014,-0.3317696637379333,-2.42167144810014,1,-1.21083572405007,train,1,-3.2,-2.4
-2.930062939901448,-3.109779027809543,0.17971608790809498,-3.109779027809543,1,-1.5548895139047716,train,1,-3.2,-2.4
-2.61779495989371,-2.9493931772562294,0.33159821736251943,-2.9493931772562294,1,-1.4746965886281147,train,1,-3.2,-2.4
-3.67082763964265,-3.166561832147752,-0.504265807494898,-3.166561832147752,1,-1.583280916073876,train,1,-3.2,-2.4
-2.796642594898466,-2.6092801931032796,-0.18736240179518623,-2.6092801931032796,1,-1.3046400965516398,train,1,-3.2,-2.4
-1.3871832364061425,-2.6739900898727647,1.2868068534666222,-2.6739900898727647,0,-0.8021970269618294,train,1,-3.2,-2.4
-2.95562805393304,-3.028291402880037,0.07266334894699719,-3.028291402880037,1,-1.5141457014400186,train,1,-3.2,-2.4
-3.3746944990088665,-2.8665972478437305,-0.508097251165136,-2.8665972478437305,1,-1.4332986239218652,train,1,-3.2,-2.4
-2.6486489832796964,-2.684926452681444,0.03627746940174725,-2.684926452681444,0,-0.8054779358044332,train,1,-3.2,-2.4
-3.4739682665487606,-2.6708149386276467,-0.8031533279211138,-2.6708149386276467,1,-1.3354074693138234,train,1,-3.2,-2.4
-2.3839706476529745,-3.0636182932129836,0.6796476455600091,-3.0636182932129836,1,-1.5318091466064918,train,1,-3.2,-2.4
-2.272495305752817,-2.494678211401161,0.22218290564834406,-2.494678211401161,0,-0.7484034634203482,train,1,-3.2,-2.4
-1.9261096297399671,-2.577593472153225,0.651483842413258,-2.577593472153225,1,-1.2887967360766126,train,1,-3.2,-2.4
-2.5515289961982934,-3.0928366334626474,0.5413076372643539,-3.0928366334626474,0,-0.9278509900387941,train,1,-3.2,-2.4
-2.2706888289678795,-2.504866698854337,0.23417786988645722,-2.504866698854337,0,-0.751460009656301,train,1,-3.2,-2.4
-2.0156720500413776,-2.6009776973785166,0.585305647337139,-2.6009776973785166,1,-1.3004888486892583,train,1,-3.2,-2.4
-2.4461872887560685,-2.5611314767207354,0.11494418796466684,-2.5611314767207354,0,-0.7683394430162206,train,1,-3.2,-2.4
-3.162649222609427,-2.7653238155328776,-0.3973254070765493,-2.7653238155328776,0,-0.8295971446598632,train,1,-3.2,-2.4
-3.6374386588296486,-3.0233296679508306,-0.6141089908788179,-3.0233296679508306,0,-0.9069989003852491,train,1,-3.2,-2.4
-2.7341379767349405,-2.4652330827283193,-0.2689048940066211,-2.4652330827283193,1,-1.2326165413641597,train,1,-3.2,-2.4
-4.2296072171115355,-2.726332337866899,-1.5032748792446369,-2.726332337866899,1,-1.3631661689334496,train,1,-3.2,-2.4
-1.8274129981550815,-2.923009672435883,1.0955966742808014,-2.923009672435883,1,-1.4615048362179415,train,1,-3.2,-2.4
-4.017417623233604,-2.9889771765759843,-1.0284404466576198,-2.9889771765759843,0,-0.8966931529727953,train,1,-3.2,-2.4
-2.5148513566663153,-2.468867618267894,-0.045983738398421355,-2.468867618267894,0,-0.7406602854803682,train,1,-3.2,-2.4
-3.6547519928069656,-2.8642116309545433,-0.7905403618524225,-2.8642116309545433,0,-0.859263489286363,train,1,-3.2,-2.4
-3.9832029425670474,-2.7678467874662953,-1.2153561551007521,-2.7678467874662953,1,-1.3839233937331477,train,1,-3.2,-2.4
-2.7625934987758387,-2.7132462737559604,-0.049347225019878184,-2.7132462737559604,0,-0.8139738821267881,train,1,-3.2,-2.4
-2.721800088162468,-2.539000137252674,-0.1827999509097942,-2.539000137252674,1,-1.269500068626337,train,1,-3.2,-2.4
-2.7969839304231274,-2.7011494523502955,-0.09583447807283187,-2.7011494523502955,1,-1.3505747261751477,train,1,-3.2,-2.4
-2.7292623348388876,-3.058630270732459,0.32936793589357133,-3.058630270732459,1,-1.5293151353662295,train,1,-3.2,-2.4
-3.098019408929771,-2.7269941178771635,-0.3710252910526073,-2.7269941178771635,0,-0.8180982353631491,train,1,-3.2,-2.4
-2.581310386979928,-2.8085870664041126,0.22727667942418472,-2.8085870664041126,1,-1.4042935332020563,train,1,-3.2,-2.4
-2.453722909342099,-2.7616737759276986,0.3079508665855998,-2.7616737759276986,1,-1.3808368879638493,train,1,-3.2,-2.4
-2.8412899794421924,-2.6403835041675614,-0.20090647527463115,-2.6403835041675614,0,-0.7921150512502684,train,1,-3.2,-2.4
-3.173462778694682,-3.0033510688766953,-0.17011170981798648,-3.0033510688766953,0,-0.9010053206630085,train,1,-3.2,-2.4
-2.7276437258564443,-3.050698283530816,0.3230545576743714,-3.050698283530816,0,-0.9152094850592447,train,1,-3.2,-2.4
-3.0771829138504048,-3.1115334817630713,0.03435056791266635,-3.1115334817630713,1,-1.5557667408815357,train,1,-3.2,-2.4
-2.885299505981026,-2.9807525979711573,0.09545309199013173,-2.9807525979711573,1,-1.4903762989855787,train,1,-3.2,-2.4
-4.61644157892008,-3.1917999684803275,-1.4246416104397521,-3.1917999684803275,0,-0.9575399905440982,train,1,-3.2,-2.4
-2.6614002605679317,-2.6965122217363344,0.035111961168402823,-2.6965122217363344,1,-1.3482561108681672,train,1,-3.2,-2.4
-2.7379346092037817,-2.963862155824206,0.22592754662042464,-2.963862155824206,1,-1.481931077912103,train,1,-3.2,-2.4
-3.131458622820391,-3.050170764238482,-0.08128785858190928,-3.050170764238482,1,-1.525085382119241,train,1,-3.2,-2.4
-2.9222245211257416,-3.1237695581913574,0.20154503706561586,-3.1237695581913574,1,-1.5618847790956787,train,1,-3.2,-2.4
-1.8303698085196445,-2.9729953540277965,1.142625545508152,-2.9729953540277965,0,-0.8918986062083389,train,1,-3.2,-2.4
-2.976841832641854,-3.028060492695444,0.05121866005359015,-3.028060492695444,1,-1.514030246347722,train,1,-3.2,-2.4
-2.5723164461179424,-2.9715170128712782,0.399200566753336,-2.9715170128712782,1,-1.4857585064356391,train,1,-3.2,-2.4
-3.3328694156532963,-2.822872114024257,-0.5099973016290396,-2.822872114024257,0,-0.8468616342072771,train,1,-3.2,-2.4
-3.271807621142324,-2.7604025431292736,-0.5114050780130507,-2.7604025431292736,1,-1.3802012715646368,train,1,-3.2,-2.4
-2.811900574459829,-2.5239095075402385,-0.2879910669195906,-2.5239095075402385,1,-1.2619547537701192,train,1,-3.2,-2.4
-3.020981699058226,-2.4091922393726684,-0.6117894596855576,-2.4091922393726684,0,-0.7227576718118005,train,1,-3.2,-2.4
-3.1654662140644967,-3.1609055310165193,-0.0045606830479773975,-3.1609055310165193,1,-1.5804527655082596,train,1,-3.2,-2.4
-3.574603795701205,-3.014305398851069,-0.5602983968501362,-3.014305398851069,1,-1.5071526994255344,train,1,-3.2,-2.4
-2.7903489644422677,-2.685350858201412,-0.10499810624085595,-2.685350858201412,1,-1.342675429100706,train,1,-3.2,-2.4
-3.9331128090251264,-3.070826749686659,-0.8622860593384677,-3.070826749686659,1,-1.5354133748433294,train,1,-3.2,-2.4
-3.495203460049747,-2.5038832853047985,-0.9913201747449484,-2.5038832853047985,1,-1.2519416426523993,train,1,-3.2,-2.4
-3.4314751323564776,-3.0260780589559793,-0.40539707340049824,-3.0260780589559793,1,-1.5130390294779896,train,1,-3.2,-2.4
-3.2468362431632345,-2.6065959688932407,-0.6402402742699939,-2.6065959688932407,1,-1.3032979844466204,train,1,-3.2,-2.4
-3.0693422764980864,-2.677583589415119,-0.39175868708296724,-2.677583589415119,0,-0.8032750768245357,train,1,-3.2,-2.4
-2.9281484408969822,-2.560891590796296,-0.36725685010068615,-2.560891590796296,1,-1.280445795398148,train,1,-3.2,-2.4
-3.385759426843455,-3.175001950187791,-0.21075747665566374,-3.175001950187791,0,-0.9525005850563373,train,1,-3.2,-2.4
-2.3890539844214205,-3.016340777004524,0.6272867925831033,-3.016340777004524,1,-1.508170388502262,train,1,-3.2,-2.4
-1.8148883860630516,-2.6362980007036327,0.821409614640581,-2.6362980007036327,0,-0.7908894002110898,train,1,-3.2,-2.4
-2.411362554098823,-1.9593616779403393,-0.4520008761584834,-1.9593616779403393,0,-0.5878085033821018,train,2,-2.4,-1.5999999999999996
-2.879947892290172,-1.8334817419055158,-1.0464661503846564,-1.8334817419055158,1,-0.9167408709527579,train,2,-2.4,-1.5999999999999996
-2.0318260491221523,-2.1672762088696444,0.13545015974749205,-2.1672762088696444,1,-1.0836381044348222,train,2,-2.4,-1.5999999999999996
-1.8191168170249747,-1.9913379158418694,0.17222109881689465,-1.9913379158418694,1,-0.9956689579209347,train,2,-2.4,-1.5999999999999996
-1.7321070128578395,-1.6856424365218758,-0.0464645763359636,-1.6856424365218758,1,-0.8428212182609379,train,2,-2.4,-1.5999999999999996
-1.5173244305075433,-1.6829655288532492,0.1656410983457059,-1.6829655288532492,1,-0.8414827644266246,train,2,-2.4,-1.5999999999999996
-2.68857828461282,-2.299531751628931,-0.38904653298388897,-2.299531751628931,0,-0.6898595254886793,train,2,-2.4,-1.5999999999999996
-2.6766845999647053,-2.2342056974894504,-0.44247890247525506,-2.2342056974894504,1,-1.1171028487447252,train,2,-2.4,-1.5999999999999996
-2.4596802965324844,-2.358826237359336,-0.10085405917314867,-2.358826237359336,0,-0.7076478712078007,train,2,-2.4,-1.5999999999999996
-0.9017860395195514,-2.047352125079491,1.1455660855599394,-2.047352125079491,1,-1.0236760625397454,train,2,-2.4,-1.5999999999999996
-1.887210306546351,-2.376099031297146,0.48888872475079515,-2.376099031297146,0,-0.7128297093891438,train,2,-2.4,-1.5999999999999996
-2.346528472942769,-2.034533420484231,-0.3119950524585381,-2.034533420484231,1,-1.0172667102421156,train,2,-2.4,-1.5999999999999996
-1.545456838999737,-1.8806847619081912,0.33522792290845416,-1.8806847619081912,1,-0.9403423809540956,train,2,-2.4,-1.5999999999999996
-2.4642289701475457,-2.1772101738816194,-0.28701879626592625,-2.1772101738816194,0,-0.6531630521644858,train,2,-2.4,-1.5999999999999996
-2.133352550698879,-1.8589960784158948,-0.27435647228298404,-1.8589960784158948,0,-0.5576988235247684,train,2,-2.4,-1.5999999999999996
-1.4117393411081136,-1.927309746066919,0.5155704049588054,-1.927309746066919,0,-0.5781929238200757,train,2,-2.4,-1.5999999999999996
-2.6959732811916477,-2.3808144940982676,-0.31515878709338013,-2.3808144940982676,0,-0.7142443482294802,train,2,-2.4,-1.5999999999999996
-2.9582975101180513,-1.9529167296072942,-1.005380780510757,-1.9529167296072942,1,-0.9764583648036471,train,2,-2.4,-1.5999999999999996
-2.7364948628186245,-2.1925980424740277,-0.543896820344597,-2.1925980424740277,1,-1.0962990212370138,train,2,-2.4,-1.5999999999999996
-2.0148699186707404,-2.067919042391944,0.053049123721203566,-2.067919042391944,1,-1.033959521195972,train,2,-2.4,-1.5999999999999996
-2.0963752419132846,-2.173179934582945,0.0768046926696605,-2.173179934582945,0,-0.6519539803748835,train,2,-2.4,-1.5999999999999996
-1.100519754454479,-1.8454896653496027,0.7449699108951238,-1.8454896653496027,0,-0.5536468996048808,train,2,-2.4,-1.5999999999999996
-2.4772525043738596,-2.0476370258634082,-0.42961547851045145,-2.0476370258634082,0,-0.6142911077590224,train,2,-2.4,-1.5999999999999996
-1.8356263677279658,-2.274505809220029,0.43887944149206326,-2.274505809220029,1,-1.1372529046100146,train,2,-2.4,-1.5999999999999996
-1.7087007356646535,-1.964280785574524,0.2555800499098705,-1.964280785574524,1,-0.982140392787262,train,2,-2.4,-1.5999999999999996
-1.865156451720207,-1.775748188390906,-0.08940826332930105,-1.775748188390906,1,-0.887874094195453,train,2,-2.4,-1.5999999999999996
-1.6534028327898724,-2.154909174099056,0.5015063413091837,-2.154909174099056,0,-0.6464727522297168,train,2,-2.4,-1.5999999999999996
-1.9271623511059763,-2.2224336928542545,0.29527134174827807,-2.2224336928542545,1,-1.1112168464271273,train,2,-2.4,-1.5999999999999996
-2.607008086117605,-2.089622993955481,-0.5173850921621241,-2.089622993955481,0,-0.6268868981866442,train,2,-2.4,-1.5999999999999996
-1.007882722241979,-1.6508930801116553,0.6430103578696763,-1.6508930801116553,1,-0.8254465400558276,train,2,-2.4,-1.5999999999999996
-2.3517448139593324,-1.6192036620216526,-0.73254115193768,-1.6192036620216526,0,-0.48576109860649574,train,2,-2.4,-1.5999999999999996
-1.8263237994155512,-1.8620930592697489,0.035769259854197724,-1.8620930592697489,0,-0.5586279177809247,train,2,-2.4,-1.5999999999999996
-1.67626621597574,-1.6777327131692812,0.0014664971935410848,-1.6777327131692812,0,-0.5033198139507843,train,2,-2.4,-1.5999999999999996
-1.468617870449542,-1.7233993029654562,0.2547814325159141,-1.7233993029654562,0,-0.5170197908896368,train,2,-2.4,-1.5999999999999996
-2.5328648551759962,-2.0976047669368887,-0.4352600882391074,-2.0976047669368887,0,-0.6292814300810666,train,2,-2.4,-1.5999999999999996
-2.347192424233875,-2.3262263929026203,-0.02096603133125436,-2.3262263929026203,1,-1.1631131964513102,train,2,-2.4,-1.5999999999999996
-1.9616432941907218,-1.8772712779811709,-0.08437201620955094,-1.8772712779811709,0,-0.5631813833943512,train,2,-2.4,-1.5999999999999996
-1.3554743698330483,-1.9537273900892391,0.5982530202561909,-1.9537273900892391,1,-0.9768636950446196,train,2,-2.4,-1.5999999999999996
-2.5882970054839713,-2.110748189549937,-0.47754881593403414,-2.110748189549937,1,-1.0553740947749686,train,2,-2.4,-1.5999999999999996
-2.1763090786372734,-2.219956396128134,0.04364731749086077,-2.219956396128134,1,-1.109978198064067,train,2,-2.4,-1.5999999999999996
-2.231528357702212,-2.0747840668990007,-0.15674429080321112,-2.0747840668990007,0,-0.6224352200697002,train,2,-2.4,-1.5999999999999996
-2.8036757836423543,-2.0248478010406648,-0.7788279826016894,-2.0248478010406648,0,-0.6074543403121994,train,2,-2.4,-1.5999999999999996
-0.5789440568069375,-2.184611537399151,1.6056674805922133,-2.184611537399151,1,-1.0923057686995754,train,2,-2.4,-1.5999999999999996
-2.2092971969159905,-2.1665657806196537,-0.042731416296336616,-2.1665657806196537,0,-0.6499697341858961,train,2,-2.4,-1.5999999999999996
-2.925845723094074,-2.0338508805416176,-0.8919948425524565,-2.0338508805416176,0,-0.6101552641624852,train,2,-2.4,-1.5999999999999996
-0.8663966943330826,-1.7115728696424586,0.8451761753093759,-1.7115728696424586,1,-0.8557864348212293,train,2,-2.4,-1.5999999999999996
-2.5733489759172445,-1.9309976764257426,-0.6423512994915019,-1.9309976764257426,0,-0.5792993029277228,train,2,-2.4,-1.5999999999999996
-1.9506877268360758,-2.173209710054232,0.222521983218156,-2.173209710054232,1,-1.086604855027116,train,2,-2.4,-1.5999999999999996
-1.659918737723459,-2.177617994701119,0.5176992569776598,-2.177617994701119,0,-0.6532853984103356,train,2,-2.4,-1.5999999999999996
-2.4253615532480772,-2.0363023395824422,-0.3890592136656349,-2.0363023395824422,0,-0.6108907018747326,train,2,-2.4,-1.5999999999999996
-2.494205757547371,-2.23567172431601,-0.2585340332313611,-2.23567172431601,1,-1.117835862158005,train,2,-2.4,-1.5999999999999996
-2.563059189439874,-2.2388970311655414,-0.32416215827433253,-2.2388970311655414,0,-0.6716691093496624,train,2,-2.4,-1.5999999999999996
-2.0663885579966785,-1.9887719521460463,-0.07761660585063244,-1.9887719521460463,1,-0.9943859760730231,train,2,-2.4,-1.5999999999999996
-3.303693207257127,-2.3302165049753563,-0.9734767022817709,-2.3302165049753563,0,-0.6990649514926068,train,2,-2.4,-1.5999999999999996
-2.754513548582404,-2.013131574118731,-0.7413819744636735,-2.013131574118731,1,-1.0065657870593654,train,2,-2.4,-1.5999999999999996
-2.1947308954005074,-2.110259030089733,-0.0844718653107742,-2.110259030089733,1,-1.0551295150448665,train,2,-2.4,-1.5999999999999996
-1.2104794321347896,-1.8338507025474629,0.6233712704126734,-1.8338507025474629,0,-0.5501552107642388,train,2,-2.4,-1.5999999999999996
-1.423556515060944,-1.8026030215183961,0.37904650645745214,-1.8026030215183961,0,-0.5407809064555188,train,2,-2.4,-1.5999999999999996
-0.80947520498921,-1.8471256625153882,1.0376504575261782,-1.8471256625153882,0,-0.5541376987546165,train,2,-2.4,-1.5999999999999996
-1.432224305754414,-1.8486556689960685,0.4164313632416545,-1.8486556689960685,0,-0.5545967006988205,train,2,-2.4,-1.5999999999999996
-2.4077972962126055,-2.101119900680857,-0.3066773955317484,-2.101119900680857,0,-0.6303359702042571,train,2,-2.4,-1.5999999999999996
-1.9391981995796093,-1.8654921562117857,-0.07370604336782358,-1.8654921562117857,1,-0.9327460781058928,train,2,-2.4,-1.5999999999999996
-3.346357201101524,-2.1281210688345453,-1.2182361322669788,-2.1281210688345453,0,-0.6384363206503636,train,2,-2.4,-1.5999999999999996
-2.51822997023326,-1.9417649041048997,-0.5764650661283602,-1.9417649041048997,0,-0.5825294712314699,train,2,-2.4,-1.5999999999999996
-2.7515698408304914,-2.1393542735481,-0.6122155672823912,-2.1393542735481,1,-1.06967713677405,train,2,-2.4,-1.5999999999999996
-1.8815279056067753,-2.043883960589174,0.16235605498239888,-2.043883960589174,1,-1.021941980294587,train,2,-2.4,-1.5999999999999996
-1.9620789768901337,-2.3507768553360484,0.38869787844591475,-2.3507768553360484,1,-1.1753884276680242,train,2,-2.4,-1.5999999999999996
-2.5420837135830268,-2.2058596622525295,-0.33622405133049715,-2.2058596622525295,1,-1.1029298311262647,train,2,-2.4,-1.5999999999999996
-1.975818886868803,-1.6227179150611455,-0.35310097180765737,-1.6227179150611455,0,-0.4868153745183436,train,2,-2.4,-1.5999999999999996
-3.143466130202587,-2.2155326365159405,-0.9279334936866467,-2.2155326365159405,0,-0.6646597909547821,train,2,-2.4,-1.5999999999999996
-1.9234752259736512,-1.8468179912421356,-0.07665723473151553,-1.8468179912421356,1,-0.9234089956210678,train,2,-2.4,-1.5999999999999996
-1.7307176971409144,-1.879618513429008,0.14890081628809368,-1.879618513429008,0,-0.5638855540287023,train,2,-2.4,-1.5999999999999996
-1.5533801132581284,-1.8208486884500141,0.2674685751918856,-1.8208486884500141,1,-0.9104243442250071,train,2,-2.4,-1.5999999999999996
-2.489554537560933,-2.0199291114924547,-0.46962542606847835,-2.0199291114924547,1,-1.0099645557462273,train,2,-2.4,-1.5999999999999996
-0.7295751724321788,-1.9226689803185095,1.1930938078863307,-1.9226689803185095,1,-0.9613344901592548,train,2,-2.4,-1.5999999999999996
-1.6293894592709735,-2.346424460853739,0.7170350015827655,-2.346424460853739,1,-1.1732122304268695,train,2,-2.4,-1.5999999999999996
-2.399092848962588,-2.341950289742213,-0.05714255922037453,-2.341950289742213,0,-0.7025850869226639,train,2,-2.4,-1.5999999999999996
-2.557131846562713,-2.240819178962337,-0.31631266760037596,-2.240819178962337,1,-1.1204095894811685,train,2,-2.4,-1.5999999999999996
-2.471462018248477,-2.278511202393167,-0.19295081585531007,-2.278511202393167,1,-1.1392556011965835,train,2,-2.4,-1.5999999999999996
-2.2292383013430492,-2.319916524334844,0.090678222991795,-2.319916524334844,1,-1.159958262167422,train,2,-2.4,-1.5999999999999996
-2.307741537647092,-2.2965649083129165,-0.011176629334175426,-2.2965649083129165,0,-0.688969472493875,train,2,-2.4,-1.5999999999999996
-1.6672605421088929,-1.957377814553877,0.29011727244498414,-1.957377814553877,0,-0.587213344366163,train,2,-2.4,-1.5999999999999996
-1.7883690454458856,-2.2497481400608974,0.46137909461501186,-2.2497481400608974,0,-0.6749244420182692,train,2,-2.4,-1.5999999999999996
-0.8185732994396819,-1.638319005575033,0.819745706135351,-1.638319005575033,0,-0.4914957016725099,train,2,-2.4,-1.5999999999999996
-1.1663517010864917,-1.8547105769540584,0.6883588758675666,-1.8547105769540584,0,-0.5564131730862175,train,2,-2.4,-1.5999999999999996
-2.033321754553337,-1.9671842613121828,-0.06613749324115416,-1.9671842613121828,1,-0.9835921306560914,train,2,-2.4,-1.5999999999999996
-1.6013052707827449,-1.8342555193536816,0.23295024857093674,-1.8342555193536816,1,-0.9171277596768408,train,2,-2.4,-1.5999999999999996
-2.421166971944767,-2.188890663237989,-0.23227630870677768,-2.188890663237989,0,-0.6566671989713967,train,2,-2.4,-1.5999999999999996
-2.010951639994005,-1.6586194525970175,-0.3523321873969872,-1.6586194525970175,0,-0.4975858357791052,train,2,-2.4,-1.5999999999999996
-0.5821494429462037,-1.7286455537600232,1.1464961108138194,-1.7286455537600232,1,-0.8643227768800116,train,2,-2.4,-1.5999999999999996
-2.094852091388429,-1.81894440125757,-0.27590769013085936,-1.81894440125757,0,-0.545683320377271,train,2,-2.4,-1.5999999999999996
-0.8213653477383245,-2.0158080351316716,1.1944426873933471,-2.0158080351316716,1,-1.0079040175658358,train,2,-2.4,-1.5999999999999996
-1.9357386870882003,-1.7263174512986823,-0.20942123578951793,-1.7263174512986823,0,-0.5178952353896047,train,2,-2.4,-1.5999999999999996
-1.6525030865275827,-1.8041981412605124,0.15169505473292974,-1.8041981412605124,0,-0.5412594423781537,train,2,-2.4,-1.5999999999999996
-1.2180935459685303,-1.8717392748803097,0.6536457289117794,-1.8717392748803097,1,-0.9358696374401548,train,2,-2.4,-1.5999999999999996
-1.6544665733099004,-1.6688197863952494,0.014353213085348896,-1.6688197863952494,1,-0.8344098931976247,train,2,-2.4,-1.5999999999999996
-1.6571923802151,-1.89306754896994,0.23587516875484002,-1.89306754896994,1,-0.94653377448497,train,2,-2.4,-1.5999999999999996
-2.2520784120035264,-2.1072475321179125,-0.14483087988561374,-2.1072475321179125,1,-1.0536237660589562,train,2,-2.4,-1.5999999999999996
-2.2430392561675916,-1.9577243414796432,-0.28531491468794856,-1.9577243414796432,0,-0.5873173024438929,train,2,-2.4,-1.5999999999999996
-2.342361752518753,-2.2428955386398903,-0.09946621387886276,-2.2428955386398903,1,-1.1214477693199452,train,2,-2.4,-1.5999999999999996
-2.636172615333332,-2.2463421628851172,-0.38983045244821474,-2.2463421628851172,0,-0.6739026488655352,train,2,-2.4,-1.5999999999999996
-0.8406345284785868,-1.819464300853743,0.9788297723751562,-1.819464300853743,1,-0.9097321504268715,train,2,-2.4,-1.5999999999999996
-1.8726697989149732,-1.7720506372550948,-0.1006191616598784,-1.7720506372550948,0,-0.5316151911765284,train,2,-2.4,-1.5999999999999996
-0.5887197903449677,-1.622321309052987,1.0336015187080194,-1.622321309052987,1,-0.8111606545264936,train,2,-2.4,-1.5999999999999996
-3.3302880730465736,-1.7192228663667983,-1.6110652066797753,-1.7192228663667983,1,-0.8596114331833992,train,2,-2.4,-1.5999999999999996
-1.9540720618945508,-1.9651245387233416,0.01105247682879081,-1.9651245387233416,0,-0.5895373616170024,train,2,-2.4,-1.5999999999999996
-1.9909963009282965,-2.328167304381548,0.33717100345325157,-2.328167304381548,1,-1.164083652190774,train,2,-2.4,-1.5999999999999996
-2.185194147009675,-2.0089014043071094,-0.17629274270256598,-2.0089014043071094,1,-1.0044507021535547,train,2,-2.4,-1.5999999999999996
-1.0008590744310473,-1.657650921950299,0.6567918475192518,-1.657650921950299,1,-0.8288254609751495,train,2,-2.4,-1.5999999999999996
-1.3860900272753498,-1.7699054403972185,0.3838154131218687,-1.7699054403972185,1,-0.8849527201986093,train,2,-2.4,-1.5999999999999996
-2.176684691349871,-2.0119246191567295,-0.1647600721931416,-2.0119246191567295,0,-0.6035773857470188,train,2,-2.4,-1.5999999999999996
-1.7747709559122442,-2.0357765108152908,0.26100555490304655,-2.0357765108152908,1,-1.0178882554076454,train,2,-2.4,-1.5999999999999996
-0.5384843602689926,-2.225611385272517,1.6871270250035242,-2.225611385272517,1,-1.1128056926362584,train,2,-2.4,-1.5999999999999996
-2.107032219348605,-2.258229295358541,0.15119707600993598,-2.258229295358541,1,-1.1291146476792704,train,2,-2.4,-1.5999999999999996
-2.161399665900336,-2.341101064624514,0.17970139872417798,-2.341101064624514,0,-0.7023303193873541,train,2,-2.4,-1.5999999999999996
-1.9500802366671048,-1.6860854499303257,-0.26399478673677906,-1.6860854499303257,0,-0.5058256349790977,train,2,-2.4,-1.5999999999999996
-1.8077604818670687,-1.8878587064807526,0.08009822461368384,-1.8878587064807526,1,-0.9439293532403763,train,2,-2.4,-1.5999999999999996
-3.0588908623099815,-2.285334146022943,-0.7735567162870388,-2.285334146022943,0,-0.6856002438068828,train,2,-2.4,-1.5999999999999996
-2.1876726182248127,-2.068698464227034,-0.11897415399777846,-2.068698464227034,1,-1.034349232113517,train,2,-2.4,-1.5999999999999996
-0.8861602847071903,-2.360712860481701,1.4745525757745106,-2.360712860481701,0,-0.7082138581445102,train,2,-2.4,-1.5999999999999996
-1.5921719899403262,-2.232501320382109,0.6403293304417828,-2.232501320382109,0,-0.6697503961146326,train,2,-2.4,-1.5999999999999996
-1.4305811073403403,-1.815433500696769,0.3848523933564288,-1.815433500696769,1,-0.9077167503483845,train,2,-2.4,-1.5999999999999996
-1.2167487848837228,-1.8791017836467203,0.6623529987629976,-1.8791017836467203,0,-0.563730535094016,train,2,-2.4,-1.5999999999999996
-0.8877643674339264,-2.0168173620984176,1.1290529946644912,-2.0168173620984176,0,-0.6050452086295253,train,2,-2.4,-1.5999999999999996
-1.824022726728816,-2.1801755956034885,0.3561528688746724,-2.1801755956034885,0,-0.6540526786810466,train,2,-2.4,-1.5999999999999996
-0.6356943844814005,-1.878221499947052,1.2425271154656514,-1.878221499947052,1,-0.939110749973526,train,2,-2.4,-1.5999999999999996
-0.9929613758718995,-1.6348403909460953,0.6418790150741959,-1.6348403909460953,0,-0.4904521172838286,train,2,-2.4,-1.5999999999999996
-1.9516718490488856,-2.0515835550598456,0.09991170601095996,-2.0515835550598456,1,-1.0257917775299228,train,2,-2.4,-1.5999999999999996
-1.312208062756682,-2.343893995929864,1.031685933173182,-2.343893995929864,1,-1.171946997964932,train,2,-2.4,-1.5999999999999996
-3.769343652549293,-2.353814809741626,-1.4155288428076669,-2.353814809741626,0,-0.7061444429224878,train,2,-2.4,-1.5999999999999996
-2.6765125621192194,-2.333703184961954,-0.3428093771572654,-2.333703184961954,0,-0.7001109554885862,train,2,-2.4,-1.5999999999999996
-1.4727620221486197,-1.6322342501974227,0.15947222804880304,-1.6322342501974227,1,-0.8161171250987114,train,2,-2.4,-1.5999999999999996
-2.5146458789311357,-1.9673913310508047,-0.5472545478803312,-1.9673913310508047,0,-0.5902173993152414,train,2,-2.4,-1.5999999999999996
-1.8236650955619214,-1.7300300538642217,-0.09363504169769965,-1.7300300538642217,1,-0.8650150269321109,train,2,-2.4,-1.5999999999999996
-2.647247702436874,-2.263973164610292,-0.38327453782658205,-2.263973164610292,0,-0.6791919493830876,train,2,-2.4,-1.5999999999999996
-2.584373068768268,-2.1917239418168677,-0.39264912695140003,-2.1917239418168677,1,-1.0958619709084338,train,2,-2.4,-1.5999999999999996
-0.21926218978372258,-1.8464179905017255,1.627155800718003,-1.8464179905017255,0,-0.5539253971505176,train,2,-2.4,-1.5999999999999996
-1.3070594040423855,-1.6835437374864128,0.37648433344402726,-1.6835437374864128,1,-0.8417718687432064,train,2,-2.4,-1.5999999999999996
-2.1598179219461646,-2.127449212431872,-0.03236870951429247,-2.127449212431872,1,-1.063724606215936,train,2,-2.4,-1.5999999999999996
-1.5591611070428453,-2.3482614416077734,0.7891003345649281,-2.3482614416077734,1,-1.1741307208038867,train,2,-2.4,-1.5999999999999996
-1.85110674979014,-1.7087042644714847,-0.1424024853186551,-1.7087042644714847,0,-0.5126112793414453,train,2,-2.4,-1.5999999999999996
-1.6360982382339444,-2.167302043336419,0.5312038051024748,-2.167302043336419,0,-0.6501906130009257,train,2,-2.4,-1.5999999999999996
-1.596644570302821,-1.8071340748803497,0.21048950457752877,-1.8071340748803497,1,-0.9035670374401749,train,2,-2.4,-1.5999999999999996
-1.2976289132635759,-2.273573076238805,0.9759441629752289,-2.273573076238805,0,-0.6820719228716414,train,2,-2.4,-1.5999999999999996
-2.6959520356842086,-1.844029251887299,-0.8519227837969098,-1.844029251887299,1,-0.9220146259436495,train,2,-2.4,-1.5999999999999996
-1.2674316615608063,-1.7268643047750811,0.4594326432142749,-1.7268643047750811,0,-0.5180592914325243,train,2,-2.4,-1.5999999999999996
-1.744928489783598,-1.8182783370026323,0.07334984721903438,-1.8182783370026323,0,-0.5454835011007897,train,2,-2.4,-1.5999999999999996
-2.807144005507751,-2.1127139801092065,-0.6944300253985441,-2.1127139801092065,0,-0.633814194032762,train,2,-2.4,-1.5999999999999996
-1.1793960898582418,-1.8186481988078413,0.6392521089495995,-1.8186481988078413,1,-0.9093240994039207,train,2,-2.4,-1.5999999999999996
-2.81185169745169,-2.2884263006540317,-0.5234253967976581,-2.2884263006540317,0,-0.6865278901962095,train,2,-2.4,-1.5999999999999996
-0.39541149541502946,-0.8263761287890585,0.43096463337402907,-0.8263761287890585,0,-0.24791283863671754,train,3,-1.5999999999999996,-0.7999999999999998
-0.8522784211909289,-1.1622142006594218,0.30993577946849293,-1.1622142006594218,0,-0.34866426019782654,train,3,-1.5999999999999996,-0.7999999999999998
-0.41757161712753166,-0.8218525120280924,0.40428089490056074,-0.8218525120280924,0,-0.2465557536084277,train,3,-1.5999999999999996,-0.7999999999999998
-0.4122742237370357,-1.028147205060508,0.6158729813234723,-1.028147205060508,1,-0.514073602530254,train,3,-1.5999999999999996,-0.7999999999999998
-1.4505059977625763,-1.041816940322183,-0.4086890574403932,-1.041816940322183,1,-0.5209084701610915,train,3,-1.5999999999999996,-0.7999999999999998
-2.606737236199681,-1.4271284035356986,-1.1796088326639826,-1.4271284035356986,1,-0.7135642017678493,train,3,-1.5999999999999996,-0.7999999999999998
-0.19443661610199814,-0.8189804361790064,0.6245438200770083,-0.8189804361790064,0,-0.2456941308537019,train,3,-1.5999999999999996,-0.7999999999999998
-1.8402059831937851,-1.5950157958363278,-0.24519018735745735,-1.5950157958363278,1,-0.7975078979181639,train,3,-1.5999999999999996,-0.7999999999999998
-2.1220543865923,-1.3976141100932444,-0.7244402764990553,-1.3976141100932444,0,-0.4192842330279733,train,3,-1.5999999999999996,-0.7999999999999998
-1.9531409433361726,-1.252166774076443,-0.7009741692597294,-1.252166774076443,0,-0.3756500322229329,train,3,-1.5999999999999996,-0.7999999999999998
-0.2994696636410473,-0.9764936625649978,0.6770239989239505,-0.9764936625649978,1,-0.4882468312824989,train,3,-1.5999999999999996,-0.7999999999999998
-1.333351952343764,-1.4418519403197971,0.10849998797603315,-1.4418519403197971,0,-0.43255558209593914,train,3,-1.5999999999999996,-0.7999999999999998
-0.7278641907242731,-0.909605411520622,0.18174122079634897,-0.909605411520622,0,-0.2728816234561866,train,3,-1.5999999999999996,-0.7999999999999998
-0.30304733569996845,-0.8132794582597496,0.5102321225597811,-0.8132794582597496,0,-0.24398383747792485,train,3,-1.5999999999999996,-0.7999999999999998
-1.87506677394984,-1.4689262068762408,-0.4061405670735992,-1.4689262068762408,0,-0.44067786206287224,train,3,-1.5999999999999996,-0.7999999999999998
-1.7972015992780195,-1.1221328448537125,-0.6750687544243071,-1.1221328448537125,1,-0.5610664224268562,train,3,-1.5999999999999996,-0.7999999999999998
-2.1045818899419464,-1.5928111218659557,-0.5117707680759906,-1.5928111218659557,1,-0.7964055609329779,train,3,-1.5999999999999996,-0.7999999999999998
-1.9534877425220798,-1.2907429738850962,-0.6627447686369837,-1.2907429738850962,0,-0.38722289216552885,train,3,-1.5999999999999996,-0.7999999999999998
-1.7393294327105364,-1.5646719536548,-0.1746574790557364,-1.5646719536548,1,-0.7823359768274,train,3,-1.5999999999999996,-0.7999999999999998
-1.3692630651444078,-0.834677625828611,-0.5345854393157967,-0.834677625828611,0,-0.2504032877485833,train,3,-1.5999999999999996,-0.7999999999999998
-1.2279015547085712,-1.2510826824961616,0.02318112778759049,-1.2510826824961616,1,-0.6255413412480808,train,3,-1.5999999999999996,-0.7999999999999998
-1.1293276401050973,-0.8408181545747496,-0.28850948553034783,-0.8408181545747496,1,-0.4204090772873748,train,3,-1.5999999999999996,-0.7999999999999998
-1.018942904726168,-0.9709552112519511,-0.04798769347421692,-0.9709552112519511,0,-0.2912865633755853,train,3,-1.5999999999999996,-0.7999999999999998
-0.5170943594720273,-0.9069685611346411,0.3898742016626138,-0.9069685611346411,1,-0.45348428056732054,train,3,-1.5999999999999996,-0.7999999999999998
-0.6207015265393391,-1.4614676628032413,0.8407661362639022,-1.4614676628032413,1,-0.7307338314016206,train,3,-1.5999999999999996,-0.7999999999999998
-0.6064783813228088,-1.540041130389514,0.9335627490667052,-1.540041130389514,1,-0.770020565194757,train,3,-1.5999999999999996,-0.7999999999999998
-1.0504525150090127,-1.1194058228977843,0.06895330788877171,-1.1194058228977843,1,-0.5597029114488922,train,3,-1.5999999999999996,-0.7999999999999998
-1.3382000806008911,-1.4656222530252767,0.12742217242438553,-1.4656222530252767,0,-0.439686675907583,train,3,-1.5999999999999996,-0.7999999999999998
-1.3183240030211374,-1.0132958659915439,-0.3050281370295936,-1.0132958659915439,1,-0.5066479329957719,train,3,-1.5999999999999996,-0.7999999999999998
-0.6696557164936446,-1.273244911878388,0.6035891953847433,-1.273244911878388,1,-0.636622455939194,train,3,-1.5999999999999996,-0.7999999999999998
-0.2585984236450296,-1.1776729412656635,0.9190745176206339,-1.1776729412656635,0,-0.353301882379699,train,3,-1.5999999999999996,-0.7999999999999998
-1.2061038150684757,-0.8499427328392463,-0.3561610822292295,-0.8499427328392463,1,-0.42497136641962313,train,3,-1.5999999999999996,-0.7999999999999998
-0.7241797029931586,-1.1826431020440333,0.45846339905087474,-1.1826431020440333,1,-0.5913215510220167,train,3,-1.5999999999999996,-0.7999999999999998
-1.71118521702992,-1.5134452936902152,-0.19773992333970483,-1.5134452936902152,0,-0.4540335881070645,train,3,-1.5999999999999996,-0.7999999999999998
-1.576090271201242,-1.4734212742521602,-0.10266899694908176,-1.4734212742521602,1,-0.7367106371260801,train,3,-1.5999999999999996,-0.7999999999999998
-1.0532670240617412,-1.1638378786374295,0.11057085457568834,-1.1638378786374295,1,-0.5819189393187147,train,3,-1.5999999999999996,-0.7999999999999998
-1.4211828264934807,-1.180476735945221,-0.24070609054825962,-1.180476735945221,1,-0.5902383679726105,train,3,-1.5999999999999996,-0.7999999999999998
-0.5528491783666619,-1.089911804699205,0.537062626332543,-1.089911804699205,1,-0.5449559023496025,train,3,-1.5999999999999996,-0.7999999999999998
-2.1763150638517885,-1.2788036451277813,-0.8975114187240074,-1.2788036451277813,0,-0.38364109353833437,train,3,-1.5999999999999996,-0.7999999999999998
-1.4973940580384149,-1.080155912784526,-0.417238145253889,-1.080155912784526,1,-0.540077956392263,train,3,-1.5999999999999996,-0.7999999999999998
-1.354126862563178,-1.2824799976786136,-0.07164686488456426,-1.2824799976786136,1,-0.6412399988393068,train,3,-1.5999999999999996,-0.7999999999999998
-1.7277613314906222,-1.1008671091614213,-0.626894222329201,-1.1008671091614213,0,-0.33026013274842636,train,3,-1.5999999999999996,-0.7999999999999998
-0.7696932360684392,-0.9860760263279007,0.21638279025946153,-0.9860760263279007,0,-0.2958228078983702,train,3,-1.5999999999999996,-0.7999999999999998
-2.3657634514862727,-1.456820871967095,-0.9089425795191778,-1.456820871967095,1,-0.7284104359835475,train,3,-1.5999999999999996,-0.7999999999999998
-1.2664328428875533,-1.299539385129966,0.03310654224241266,-1.299539385129966,0,-0.38986181553898974,train,3,-1.5999999999999996,-0.7999999999999998
-2.062132478753389,-1.1979735525384523,-0.8641589262149368,-1.1979735525384523,0,-0.35939206576153565,train,3,-1.5999999999999996,-0.7999999999999998
-1.137814378280076,-1.050666336066923,-0.08714804221315299,-1.050666336066923,0,-0.31519990082007693,train,3,-1.5999999999999996,-0.7999999999999998
-1.0922123010325888,-1.397056281070893,0.3048439800383043,-1.397056281070893,1,-0.6985281405354465,train,3,-1.5999999999999996,-0.7999999999999998
0.1659311015921774,-1.1562073096459529,1.3221384112381303,-1.1562073096459529,1,-0.5781036548229764,train,3,-1.5999999999999996,-0.7999999999999998
-0.45347472661095334,-1.1000553247487215,0.6465805981377681,-1.1000553247487215,1,-0.5500276623743607,train,3,-1.5999999999999996,-0.7999999999999998
0.0867456588365364,-0.883599067155083,0.9703447259916194,-0.883599067155083,1,-0.4417995335775415,train,3,-1.5999999999999996,-0.7999999999999998
-1.2689338132271177,-1.3097171292534986,0.04078331602638096,-1.3097171292534986,1,-0.6548585646267493,train,3,-1.5999999999999996,-0.7999999999999998
0.17948716287807187,-1.0899543415850104,1.2694415044630822,-1.0899543415850104,1,-0.5449771707925052,train,3,-1.5999999999999996,-0.7999999999999998
-1.5915980826401446,-1.446842878304829,-0.14475520433531558,-1.446842878304829,1,-0.7234214391524145,train,3,-1.5999999999999996,-0.7999999999999998
-1.353083212798496,-1.2017647083061551,-0.15131850449234074,-1.2017647083061551,1,-0.6008823541530776,train,3,-1.5999999999999996,-0.7999999999999998
-2.223293373295821,-1.4540436763430342,-0.7692496969527866,-1.4540436763430342,1,-0.7270218381715171,train,3,-1.5999999999999996,-0.7999999999999998
-0.7319425207770097,-0.8652935686881896,0.13335104791117988,-0.8652935686881896,1,-0.4326467843440948,train,3,-1.5999999999999996,-0.7999999999999998
-0.6223821005831764,-1.2545423429270177,0.6321602423438413,-1.2545423429270177,1,-0.6272711714635089,train,3,-1.5999999999999996,-0.7999999999999998
-1.3161644044233793,-0.9358495183213228,-0.3803148861020566,-0.9358495183213228,1,-0.4679247591606614,train,3,-1.5999999999999996,-0.7999999999999998
-1.4889402702376866,-1.2665789562573098,-0.22236131398037676,-1.2665789562573098,0,-0.3799736868771929,train,3,-1.5999999999999996,-0.7999999999999998
-1.1543929113462648,-0.8762659290053062,-0.2781269823409587,-0.8762659290053062,0,-0.26287977870159185,train,3,-1.5999999999999996,-0.7999999999999998
-1.4750113592084044,-1.2761398261512749,-0.19887153305712948,-1.2761398261512749,0,-0.38284194784538245,train,3,-1.5999999999999996,-0.7999999999999998
-1.6892904293396236,-1.3350603975271016,-0.3542300318125219,-1.3350603975271016,0,-0.40051811925813047,train,3,-1.5999999999999996,-0.7999999999999998
-1.9523128181956309,-1.1422889837818009,-0.8100238344138299,-1.1422889837818009,1,-0.5711444918909004,train,3,-1.5999999999999996,-0.7999999999999998
-0.09506420282296735,-0.9236450807247092,0.8285808779017418,-0.9236450807247092,0,-0.27709352421741273,train,3,-1.5999999999999996,-0.7999999999999998
-2.0942403964389196,-0.9111885505975422,-1.1830518458413775,-0.9111885505975422,0,-0.27335656517926266,train,3,-1.5999999999999996,-0.7999999999999998
-1.679698823100579,-1.1234495063453322,-0.5562493167552468,-1.1234495063453322,0,-0.33703485190359966,train,3,-1.5999999999999996,-0.7999999999999998
-1.3260258410370285,-1.5322707111836715,0.20624487014664317,-1.5322707111836715,1,-0.7661353555918358,train,3,-1.5999999999999996,-0.7999999999999998
-0.5152496690495404,-1.1221867141446598,0.6069370450951194,-1.1221867141446598,1,-0.5610933570723299,train,3,-1.5999999999999996,-0.7999999999999998
-1.5287975213562874,-1.403637033133518,-0.12516048822276948,-1.403637033133518,1,-0.701818516566759,train,3,-1.5999999999999996,-0.7999999999999998
-1.1838730156833925,-1.0139252411280255,-0.1699477745553671,-1.0139252411280255,1,-0.5069626205640128,train,3,-1.5999999999999996,-0.7999999999999998
-0.8545930403582075,-0.8842789661466087,0.029685925788401204,-0.8842789661466087,0,-0.2652836898439826,train,3,-1.5999999999999996,-0.7999999999999998
-1.3450000486760243,-1.1882128232694837,-0.15678722540654055,-1.1882128232694837,1,-0.5941064116347419,train,3,-1.5999999999999996,-0.7999999999999998
-0.5911037024233133,-1.1171491917118346,0.5260454892885212,-1.1171491917118346,0,-0.3351447575135504,train,3,-1.5999999999999996,-0.7999999999999998
-1.8376729617398264,-1.5479457500937537,-0.2897272116460727,-1.5479457500937537,0,-0.4643837250281261,train,3,-1.5999999999999996,-0.7999999999999998
-1.7591912929160627,-1.1679402162857546,-0.5912510766303081,-1.1679402162857546,0,-0.3503820648857264,train,3,-1.5999999999999996,-0.7999999999999998
-1.7802482623850777,-1.4966505730636495,-0.28359768932142826,-1.4966505730636495,1,-0.7483252865318247,train,3,-1.5999999999999996,-0.7999999999999998
-1.0505889565623647,-1.108349722919734,0.05776076635736946,-1.108349722919734,1,-0.554174861459867,train,3,-1.5999999999999996,-0.7999999999999998
-0.57155168529591,-1.3090797223641293,0.7375280370682192,-1.3090797223641293,0,-0.3927239167092388,train,3,-1.5999999999999996,-0.7999999999999998
-0.02586706404473882,-0.9857935725354032,0.9599265084906644,-0.9857935725354032,0,-0.29573807176062095,train,3,-1.5999999999999996,-0.7999999999999998
-1.8008212566273418,-1.5611726908643577,-0.23964856576298416,-1.5611726908643577,1,-0.7805863454321789,train,3,-1.5999999999999996,-0.7999999999999998
-2.390655642382178,-1.5121455055057245,-0.8785101368764533,-1.5121455055057245,0,-0.45364365165171733,train,3,-1.5999999999999996,-0.7999999999999998
-1.8831011957916954,-1.0527814279010976,-0.8303197678905978,-1.0527814279010976,1,-0.5263907139505488,train,3,-1.5999999999999996,-0.7999999999999998
0.08691624935629494,-1.1882770423330746,1.2751932916893696,-1.1882770423330746,0,-0.3564831126999224,train,3,-1.5999999999999996,-0.7999999999999998
-1.3844087713372377,-1.1426869027082005,-0.24172186862903722,-1.1426869027082005,1,-0.5713434513541003,train,3,-1.5999999999999996,-0.7999999999999998
-0.6502906748430535,-0.9250344048074755,0.27474372996442203,-0.9250344048074755,1,-0.4625172024037377,train,3,-1.5999999999999996,-0.7999999999999998
-0.05943897691672273,-1.2098098886802604,1.1503709117635377,-1.2098098886802604,0,-0.3629429666040781,train,3,-1.5999999999999996,-0.7999999999999998
-1.3599542066345005,-0.9518844622990839,-0.40806974433541665,-0.9518844622990839,0,-0.28556533868972517,train,3,-1.5999999999999996,-0.7999999999999998
-1.3085494925014105,-1.1918050965640477,-0.11674439593736274,-1.1918050965640477,1,-0.5959025482820238,train,3,-1.5999999999999996,-0.7999999999999998
-1.2069805483611311,-0.8586234454077989,-0.34835710295333217,-0.8586234454077989,0,-0.25758703362233965,train,3,-1.5999999999999996,-0.7999999999999998
-1.7240073847620532,-1.066457782768299,-0.657549601993754,-1.066457782768299,0,-0.3199373348304897,train,3,-1.5999999999999996,-0.7999999999999998
-1.0011652063963452,-1.4810185284527542,0.47985332205640885,-1.4810185284527542,0,-0.44430555853582626,train,3,-1.5999999999999996,-0.7999999999999998
-0.6689375980631201,-1.308357459739395,0.6394198616762748,-1.308357459739395,1,-0.6541787298696975,train,3,-1.5999999999999996,-0.7999999999999998
-2.031623129725343,-0.9073800672447204,-1.1242430624806228,-0.9073800672447204,1,-0.4536900336223602,train,3,-1.5999999999999996,-0.7999999999999998
-0.730745433750912,-1.319771831315587,0.589026397564675,-1.319771831315587,0,-0.3959315493946761,train,3,-1.5999999999999996,-0.7999999999999998
-1.590359662300664,-1.4487793924350758,-0.14158026986558805,-1.4487793924350758,1,-0.7243896962175379,train,3,-1.5999999999999996,-0.7999999999999998
-1.111727161418991,-1.2219029526673812,0.11017579124839026,-1.2219029526673812,1,-0.6109514763336906,train,3,-1.5999999999999996,-0.7999999999999998
-1.1670536592483587,-1.2857750601422957,0.1187214008939371,-1.2857750601422957,0,-0.3857325180426887,train,3,-1.5999999999999996,-0.7999999999999998
-1.8887792620789354,-1.104856058684725,-0.7839232033942104,-1.104856058684725,0,-0.33145681760541745,train,3,-1.5999999999999996,-0.7999999999999998
-1.437109515804604,-1.250586966448389,-0.186522549356215,-1.250586966448389,1,-0.6252934832241945,train,3,-1.5999999999999996,-0.7999999999999998
-1.9858102066532464,-1.3912622741644032,-0.5945479324888431,-1.3912622741644032,1,-0.6956311370822016,train,3,-1.5999999999999996,-0.7999999999999998
-0.12087128700918415,-1.2700222306697944,1.1491509436606102,-1.2700222306697944,0,-0.3810066692009383,train,3,-1.5999999999999996,-0.7999999999999998
0.0467361181228354,-1.2647727723581594,1.3115088904809948,-1.2647727723581594,0,-0.3794318317074478,train,3,-1.5999999999999996,-0.7999999999999998
-0.8276424796792325,-0.8780625152990871,0.05042003561985458,-0.8780625152990871,0,-0.26341875458972613,train,3,-1.5999999999999996,-0.7999999999999998
-1.523680602650039,-0.8163069903676116,-0.7073736122824273,-0.8163069903676116,1,-0.4081534951838058,train,3,-1.5999999999999996,-0.7999999999999998
-0.40751129075290715,-1.1011449284744685,0.6936336377215614,-1.1011449284744685,1,-0.5505724642372343,train,3,-1.5999999999999996,-0.7999999999999998
-1.6474538026305061,-1.5334527019433106,-0.11400110068719554,-1.5334527019433106,0,-0.46003581058299314,train,3,-1.5999999999999996,-0.7999999999999998
0.03366567792754971,-1.0136010259232038,1.0472667038507535,-1.0136010259232038,0,-0.3040803077769611,train,3,-1.5999999999999996,-0.7999999999999998
0.1241799551797671,-1.0570516780168127,1.1812316331965798,-1.0570516780168127,1,-0.5285258390084063,train,3,-1.5999999999999996,-0.7999999999999998
0.06456215073774685,-0.9391817063798241,1.003743857117571,-0.9391817063798241,0,-0.28175451191394724,train,3,-1.5999999999999996,-0.7999999999999998
-1.559194601323075,-1.322038930631155,-0.23715567069191992,-1.322038930631155,1,-0.6610194653155775,train,3,-1.5999999999999996,-0.7999999999999998
-2.1517407975938267,-1.5528959246735012,-0.5988448729203256,-1.5528959246735012,0,-0.46586877740205035,train,3,-1.5999999999999996,-0.7999999999999998
-1.5083725516971764,-1.1105425468357661,-0.3978300048614103,-1.1105425468357661,1,-0.5552712734178831,train,3,-1.5999999999999996,-0.7999999999999998
-1.558595447819553,-1.500788305349382,-0.05780714247017103,-1.500788305349382,1,-0.750394152674691,train,3,-1.5999999999999996,-0.7999999999999998
-1.546660777626717,-0.9923763766693346,-0.5542844009573824,-0.9923763766693346,1,-0.4961881883346673,train,3,-1.5999999999999996,-0.7999999999999998
-0.24844023929746395,-0.964461345938686,0.7160211066412221,-0.964461345938686,0,-0.2893384037816058,train,3,-1.5999999999999996,-0.7999999999999998
-0.8786200749322968,-1.2730985706000815,0.39447849566778465,-1.2730985706000815,1,-0.6365492853000407,train,3,-1.5999999999999996,-0.7999999999999998
-0.8653411663681385,-0.8449619952935634,-0.02037917107457507,-0.8449619952935634,1,-0.4224809976467817,train,3,-1.5999999999999996,-0.7999999999999998
-1.7012119565245123,-1.460976164995779,-0.24023579152873314,-1.460976164995779,0,-0.4382928494987337,train,3,-1.5999999999999996,-0.7999999999999998
-0.4563426323950521,-0.8459313202184157,0.3895886878233636,-0.8459313202184157,0,-0.2537793960655247,train,3,-1.5999999999999996,-0.7999999999999998
-0.40055652723762847,-1.2276082601459712,0.8270517329083428,-1.2276082601459712,1,-0.6138041300729856,train,3,-1.5999999999999996,-0.7999999999999998
-2.1474822938613807,-0.9896050869797068,-1.157877206881674,-0.9896050869797068,1,-0.4948025434898534,train,3,-1.5999999999999996,-0.7999999999999998
-0.8574196892741102,-0.9977438436156695,0.14032415434155932,-0.9977438436156695,1,-0.49887192180783474,train,3,-1.5999999999999996,-0.7999999999999998
-0.9953112487712874,-0.8150320646949912,-0.18027918407629615,-0.8150320646949912,0,-0.24450961940849736,train,3,-1.5999999999999996,-0.7999999999999998
-1.2679154251408773,-0.8213776046968553,-0.446537820444022,-0.8213776046968553,0,-0.24641328140905658,train,3,-1.5999999999999996,-0.7999999999999998
-1.7726806970212938,-1.567927100287065,-0.2047535967342289,-1.567927100287065,0,-0.47037813008611945,train,3,-1.5999999999999996,-0.7999999999999998
-1.5065127030792447,-1.587222977974751,0.08071027489550636,-1.587222977974751,1,-0.7936114889873755,train,3,-1.5999999999999996,-0.7999999999999998
-0.043628436044261365,-1.1653677479811724,1.121739311936911,-1.1653677479811724,0,-0.3496103243943517,train,3,-1.5999999999999996,-0.7999999999999998
-1.5386636076736122,-1.5728979056812724,0.0342342980076601,-1.5728979056812724,0,-0.4718693717043817,train,3,-1.5999999999999996,-0.7999999999999998
-1.3318723441792084,-1.0740122913317818,-0.2578600528474265,-1.0740122913317818,0,-0.32220368739953453,train,3,-1.5999999999999996,-0.7999999999999998
-1.9083920074051537,-1.1720779186684376,-0.7363140887367161,-1.1720779186684376,0,-0.35162337560053125,train,3,-1.5999999999999996,-0.7999999999999998
-0.6023537279019847,-1.0667532831197917,0.46439955521780696,-1.0667532831197917,0,-0.3200259849359375,train,3,-1.5999999999999996,-0.7999999999999998
-1.698049891265608,-1.2469274365018637,-0.45112245476374424,-1.2469274365018637,1,-0.6234637182509318,train,3,-1.5999999999999996,-0.7999999999999998
-1.450269881282701,-1.3820228330210107,-0.06824704826169031,-1.3820228330210107,1,-0.6910114165105053,train,3,-1.5999999999999996,-0.7999999999999998
-0.41241276815687145,-0.8402648480417246,0.4278520798848532,-0.8402648480417246,0,-0.2520794544125174,train,3,-1.5999999999999996,-0.7999999999999998
-0.985962086444802,-1.0173844478454022,0.0314223614006002,-1.0173844478454022,0,-0.30521533435362064,train,3,-1.5999999999999996,-0.7999999999999998
-1.8266780348465512,-1.5949408501876134,-0.23173718465893778,-1.5949408501876134,1,-0.7974704250938067,train,3,-1.5999999999999996,-0.7999999999999998
-1.6241697057263673,-1.52053778808466,-0.10363191764170729,-1.52053778808466,1,-0.76026889404233,train,3,-1.5999999999999996,-0.7999999999999998
-0.555636792863715,-1.0946462039000162,0.5390094110363012,-1.0946462039000162,0,-0.32839386117000485,train,3,-1.5999999999999996,-0.7999999999999998
-1.381352270889155,-1.369570538401833,-0.011781732487321998,-1.369570538401833,1,-0.6847852692009165,train,3,-1.5999999999999996,-0.7999999999999998
-1.1282987394809147,-1.2739026581666737,0.14560391868575906,-1.2739026581666737,1,-0.6369513290833368,train,3,-1.5999999999999996,-0.7999999999999998
-0.7210660208638103,-0.974775100881832,0.2537090800180216,-0.974775100881832,0,-0.2924325302645496,train,3,-1.5999999999999996,-0.7999999999999998
-1.517407182090199,-1.3166835694565073,-0.20072361263369168,-1.3166835694565073,0,-0.3950050708369522,train,3,-1.5999999999999996,-0.7999999999999998
-0.6625896542735886,-0.8593531221765925,0.1967634679030039,-0.8593531221765925,1,-0.42967656108829627,train,3,-1.5999999999999996,-0.7999999999999998
-1.1897237977711113,-1.0236383028603067,-0.1660854949108045,-1.0236383028603067,1,-0.5118191514301533,train,3,-1.5999999999999996,-0.7999999999999998
-0.4781528535551999,-1.1584588474149,0.6803059938597001,-1.1584588474149,1,-0.57922942370745,train,3,-1.5999999999999996,-0.7999999999999998
-1.1541419790777359,-1.4552281311799178,0.3010861521021818,-1.4552281311799178,1,-0.7276140655899589,train,3,-1.5999999999999996,-0.7999999999999998
-2.310529652486017,-1.2723268882658803,-1.038202764220137,-1.2723268882658803,0,-0.38169806647976406,train,3,-1.5999999999999996,-0.7999999999999998
-1.1141069308622695,-0.9896945681253411,-0.12441236273692854,-0.9896945681253411,1,-0.49484728406267053,train,3,-1.5999999999999996,-0.7999999999999998
-0.14185780015779748,-0.8073625451863541,0.6655047450285566,-0.8073625451863541,1,-0.40368127259317704,train,3,-1.5999999999999996,-0.7999999999999998
-1.1302866332551766,-0.6224054631282083,-0.5078811701269684,-0.6224054631282083,1,-0.31120273156410416,train,4,-0.7999999999999998,0.0
1.409070425434896,-0.10341415505809885,1.512484580492995,-0.10341415505809885,0,-0.031024246517429653,train,4,-0.7999999999999998,0.0
-1.3740563446104228,-0.6346246757284587,-0.7394316688819641,-0.6346246757284587,0,-0.1903874027185376,train,4,-0.7999999999999998,0.0
0.37106068276421716,-0.06511127364966275,0.4361719564138799,-0.06511127364966275,0,-0.019533382094898823,train,4,-0.7999999999999998,0.0
-0.38169791450276236,-0.4092710489641366,0.027573134461374223,-0.4092710489641366,0,-0.12278131468924097,train,4,-0.7999999999999998,0.0
-0.6028844969846001,-0.31060490967788335,-0.2922795873067168,-0.31060490967788335,1,-0.15530245483894167,train,4,-0.7999999999999998,0.0
0.3024057018782361,-0.1872737148157475,0.4896794166939836,-0.1872737148157475,0,-0.05618211444472425,train,4,-0.7999999999999998,0.0
-0.554123682428646,-0.3852656097016453,-0.1688580727270006,-0.3852656097016453,1,-0.19263280485082265,train,4,-0.7999999999999998,0.0
-1.9639326913053643,-0.5625595987390223,-1.4013730925663421,-0.5625595987390223,1,-0.28127979936951114,train,4,-0.7999999999999998,0.0
-1.3501900868971024,-0.6498230170709985,-0.7003670698261037,-0.6498230170709985,0,-0.19494690512129956,train,4,-0.7999999999999998,0.0
-0.4608121420363083,-0.7354069849881,0.27459484295179165,-0.7354069849881,1,-0.36770349249405,train,4,-0.7999999999999998,0.0
1.1335316040009373,-0.20924776304082396,1.3427793670417614,-0.20924776304082396,1,-0.10462388152041198,train,4,-0.7999999999999998,0.0
-1.335708142568843,-0.4469526216832374,-0.8887555208856057,-0.4469526216832374,1,-0.2234763108416187,train,4,-0.7999999999999998,0.0
-0.6835192964664945,-0.6733521058298789,-0.010167190636615517,-0.6733521058298789,0,-0.20200563174896366,train,4,-0.7999999999999998,0.0
0.7743897510721686,-0.09605037503897688,0.8704401261111454,-0.09605037503897688,1,-0.04802518751948844,train,4,-0.7999999999999998,0.0
-0.21660863892110838,-0.5807308304062202,0.3641221914851118,-0.5807308304062202,1,-0.2903654152031101,train,4,-0.7999999999999998,0.0
-0.6939844911823009,-0.46861198473515886,-0.225372506447142,-0.46861198473515886,0,-0.14058359542054766,train,4,-0.7999999999999998,0.0
-1.4162907832721492,-0.5631360538130815,-0.8531547294590677,-0.5631360538130815,0,-0.16894081614392445,train,4,-0.7999999999999998,0.0
-1.3656604517006254,-0.2969696728964133,-1.0686907788042121,-0.2969696728964133,0,-0.08909090186892399,train,4,-0.7999999999999998,0.0
-0.7848732242362123,-0.33612975184836386,-0.44874347238784845,-0.33612975184836386,1,-0.16806487592418193,train,4,-0.7999999999999998,0.0
-0.5411023612910664,-0.3200566427000099,-0.22104571859105648,-0.3200566427000099,0,-0.09601699281000296,train,4,-0.7999999999999998,0.0
-1.9368155830376814,-0.587344705971594,-1.3494708770660873,-0.587344705971594,1,-0.293672352985797,train,4,-0.7999999999999998,0.0
-1.5884563199922224,-0.5722512954869088,-1.0162050245053136,-0.5722512954869088,0,-0.17167538864607262,train,4,-0.7999999999999998,0.0
-0.414940356196026,-0.5971294353809699,0.18218907918494384,-0.5971294353809699,1,-0.2985647176904849,train,4,-0.7999999999999998,0.0
-0.7833442446716785,-0.5379488418490126,-0.24539540282266598,-0.5379488418490126,0,-0.16138465255470377,train,4,-0.7999999999999998,0.0
-1.1375669137240147,-0.6846685594772635,-0.4528983542467514,-0.6846685594772635,1,-0.34233427973863173,train,4,-0.7999999999999998,0.0
-0.9120212101602951,-0.6675097110389857,-0.24451149912130948,-0.6675097110389857,1,-0.33375485551949285,train,4,-0.7999999999999998,0.0
-0.5164304334094291,-0.02885557674564651,-0.48757485666378253,-0.02885557674564651,0,-0.008656673023693953,train,4,-0.7999999999999998,0.0
0.5246910969787381,-0.031818627771444945,0.556509724750183,-0.031818627771444945,1,-0.015909313885722472,train,4,-0.7999999999999998,0.0
0.3347041642080041,-0.6492682755232517,0.9839724397312558,-0.6492682755232517,0,-0.1947804826569755,train,4,-0.7999999999999998,0.0
0.4636145664976453,-0.7805547506964102,1.2441693171940555,-0.7805547506964102,0,-0.23416642520892306,train,4,-0.7999999999999998,0.0
-0.21047684701975283,-0.6363555628960393,0.4258787158762865,-0.6363555628960393,0,-0.1909066688688118,train,4,-0.7999999999999998,0.0
0.20816644662706454,-0.24012510869875395,0.4482915553258185,-0.24012510869875395,1,-0.12006255434937697,train,4,-0.7999999999999998,0.0
0.7014689562484384,-0.17638833155557615,0.8778572878040146,-0.17638833155557615,0,-0.052916499466672845,train,4,-0.7999999999999998,0.0
0.2614157624938732,-0.7816535260487346,1.0430692885426078,-0.7816535260487346,0,-0.23449605781462038,train,4,-0.7999999999999998,0.0
0.5412532171636892,-0.3378697134961951,0.8791229306598843,-0.3378697134961951,0,-0.10136091404885852,train,4,-0.7999999999999998,0.0
-0.07131621850055603,-0.7986862618271636,0.7273700433266076,-0.7986862618271636,0,-0.23960587854814908,train,4,-0.7999999999999998,0.0
-0.7684134102456535,-0.3876219104756851,-0.3807914997699683,-0.3876219104756851,0,-0.11628657314270553,train,4,-0.7999999999999998,0.0
-1.2479829614282583,-0.2881638590953142,-0.959819102332944,-0.2881638590953142,0,-0.08644915772859427,train,4,-0.7999999999999998,0.0
0.5147912095553968,-0.011500477756648928,0.5262916873120458,-0.011500477756648928,1,-0.005750238878324464,train,4,-0.7999999999999998,0.0
-0.649021392070741,-0.5927219228711152,-0.05629946919962583,-0.5927219228711152,1,-0.2963609614355576,train,4,-0.7999999999999998,0.0
-0.19140511260245213,-0.1580024917897038,-0.03340262081274833,-0.1580024917897038,1,-0.0790012458948519,train,4,-0.7999999999999998,0.0
-0.6372659708657956,-0.10361353039881346,-0.5336524404669821,-0.10361353039881346,0,-0.03108405911964404,train,4,-0.7999999999999998,0.0
-0.84237117986079,-0.06180030884346407,-0.7805708710173259,-0.06180030884346407,1,-0.030900154421732034,train,4,-0.7999999999999998,0.0
0.04307134225146292,-0.798228629974045,0.8412999722255079,-0.798228629974045,1,-0.3991143149870225,train,4,-0.7999999999999998,0.0
-0.14534870636572095,-0.42440930259393805,0.2790605962282171,-0.42440930259393805,1,-0.21220465129696903,train,4,-0.7999999999999998,0.0
-0.6538445815443955,-0.014825009915191598,-0.6390195716292039,-0.014825009915191598,0,-0.004447502974557479,train,4,-0.7999999999999998,0.0
-0.24659179205078735,-0.48084415687771953,0.23425236482693218,-0.48084415687771953,1,-0.24042207843885977,train,4,-0.7999999999999998,0.0
0.034346085394531295,-0.14901401793046545,0.18336010332499675,-0.14901401793046545,1,-0.07450700896523273,train,4,-0.7999999999999998,0.0
-0.049725107432219195,-0.3628348016220177,0.3131096941897985,-0.3628348016220177,1,-0.18141740081100885,train,4,-0.7999999999999998,0.0
1.1566457579591194,-0.18331673028782033,1.3399624882469396,-0.18331673028782033,1,-0.09165836514391017,train,4,-0.7999999999999998,0.0
-0.43287640074762856,-0.4120551400092335,-0.020821260738395103,-0.4120551400092335,1,-0.20602757000461674,train,4,-0.7999999999999998,0.0
-1.5444846584205805,-0.7767107490618257,-0.7677739093587548,-0.7767107490618257,1,-0.38835537453091284,train,4,-0.7999999999999998,0.0
-0.7088538643858839,-0.7307794492782358,0.02192558489235187,-0.7307794492782358,0,-0.21923383478347072,train,4,-0.7999999999999998,0.0
-1.0986509014118644,-0.7108369500975812,-0.38781395131428326,-0.7108369500975812,0,-0.21325108502927434,train,4,-0.7999999999999998,0.0
-0.26986320853361745,-0.5990039106475618,0.3291407021139443,-0.5990039106475618,1,-0.2995019553237809,train,4,-0.7999999999999998,0.0
0.0982577076380654,-0.028067765978908005,0.1263254736169734,-0.028067765978908005,0,-0.008420329793672401,train,4,-0.7999999999999998,0.0
-0.08668610752421188,-0.2945871578098036,0.20790105028559172,-0.2945871578098036,1,-0.1472935789049018,train,4,-0.7999999999999998,0.0
-0.48690253886802626,-0.14667183790771046,-0.3402307009603158,-0.14667183790771046,1,-0.07333591895385523,train,4,-0.7999999999999998,0.0
-0.09892711811992516,-0.34713440312579485,0.2482072850058697,-0.34713440312579485,0,-0.10414032093773845,train,4,-0.7999999999999998,0.0
-0.597868669180257,-0.29171503553448547,-0.30615363364577164,-0.29171503553448547,1,-0.14585751776724273,train,4,-0.7999999999999998,0.0
0.15987752577405712,-0.15047808705567145,0.31035561282972857,-0.15047808705567145,1,-0.07523904352783573,train,4,-0.7999999999999998,0.0
-0.2392569848353889,-0.05865390780490055,-0.18060307703048836,-0.05865390780490055,1,-0.029326953902450274,train,4,-0.7999999999999998,0.0
-0.7409424478057964,-0.06989858903697346,-0.671043858768823,-0.06989858903697346,1,-0.03494929451848673,train,4,-0.7999999999999998,0.0
0.15896275052195866,-0.14015142364917962,0.2991141741711383,-0.14015142364917962,0,-0.04204542709475389,train,4,-0.7999999999999998,0.0
-1.1482941362205463,-0.7246378142581417,-0.4236563219624046,-0.7246378142581417,1,-0.36231890712907083,train,4,-0.7999999999999998,0.0
0.3551673967967319,-0.5111612652289527,0.8663286620256846,-0.5111612652289527,0,-0.1533483795686858,train,4,-0.7999999999999998,0.0
-0.5058190180733741,-0.7715927745917356,0.2657737565183615,-0.7715927745917356,1,-0.3857963872958678,train,4,-0.7999999999999998,0.0
-0.08229019239009466,-0.3629133211673544,0.28062312877725976,-0.3629133211673544,1,-0.1814566605836772,train,4,-0.7999999999999998,0.0
-0.10227894922996697,-0.16308582331519658,0.06080687408522961,-0.16308582331519658,1,-0.08154291165759829,train,4,-0.7999999999999998,0.0
-0.7946969460456104,-0.7590857575189222,-0.03561118852668817,-0.7590857575189222,1,-0.3795428787594611,train,4,-0.7999999999999998,0.0
-2.0810844579931396,-0.6490658113655136,-1.432018646627626,-0.6490658113655136,0,-0.19471974340965406,train,4,-0.7999999999999998,0.0
0.22568454845658126,-0.507617785670268,0.7333023341268493,-0.507617785670268,0,-0.1522853357010804,train,4,-0.7999999999999998,0.0
-1.0929145110816063,-0.6045673064336732,-0.4883472046479331,-0.6045673064336732,0,-0.18137019193010195,train,4,-0.7999999999999998,0.0
0.40982709276528717,-0.16393002166317436,0.5737571144284616,-0.16393002166317436,0,-0.04917900649895231,train,4,-0.7999999999999998,0.0
-0.9014303846392062,-0.5183240513869051,-0.3831063332523011,-0.5183240513869051,0,-0.1554972154160715,train,4,-0.7999999999999998,0.0
-0.37477370494599427,-0.2888978543517077,-0.08587585059428662,-0.2888978543517077,1,-0.14444892717585384,train,4,-0.7999999999999998,0.0
-0.5397818580261058,-0.4052679584825921,-0.13451389954351362,-0.4052679584825921,0,-0.12158038754477762,train,4,-0.7999999999999998,0.0
-0.9562973490895705,-0.3332002050239547,-0.6230971440656159,-0.3332002050239547,0,-0.0999600615071864,train,4,-0.7999999999999998,0.0
-0.15158594749169557,-0.04856051842811872,-0.10302542906357685,-0.04856051842811872,1,-0.02428025921405936,train,4,-0.7999999999999998,0.0
0.24063977142079113,-0.04516793438729633,0.28580770580808745,-0.04516793438729633,0,-0.013550380316188897,train,4,-0.7999999999999998,0.0
-0.9591530176058846,-0.7106460582531428,-0.24850695935274178,-0.7106460582531428,0,-0.21319381747594282,train,4,-0.7999999999999998,0.0
-0.8836060329979182,-0.12515602711182097,-0.7584500058860972,-0.12515602711182097,1,-0.06257801355591049,train,4,-0.7999999999999998,0.0
-0.867106812203535,-0.523177478595238,-0.34392933360829697,-0.523177478595238,1,-0.261588739297619,train,4,-0.7999999999999998,0.0
-0.5694477921571517,-0.7193381817098837,0.1498903895527321,-0.7193381817098837,0,-0.21580145451296512,train,4,-0.7999999999999998,0.0
0.19504850182264216,-0.4932727471463077,0.6883212489689499,-0.4932727471463077,0,-0.1479818241438923,train,4,-0.7999999999999998,0.0
0.10985021193472105,-0.39171616212860155,0.5015663740633226,-0.39171616212860155,0,-0.11751484863858046,train,4,-0.7999999999999998,0.0
0.14132465259516136,-0.031117534427896124,0.1724421870230575,-0.031117534427896124,1,-0.015558767213948062,train,4,-0.7999999999999998,0.0
-1.100147687085495,-0.502789907737594,-0.5973577793479008,-0.502789907737594,1,-0.251394953868797,train,4,-0.7999999999999998,0.0
-0.24597079018015233,-0.7901044707197137,0.5441336805395613,-0.7901044707197137,0,-0.2370313412159141,train,4,-0.7999999999999998,0.0
-0.09770804377777143,-0.11223449040944675,0.014526446631675329,-0.11223449040944675,1,-0.05611724520472337,train,4,-0.7999999999999998,0.0
-0.8551004411823321,-0.7111114003677076,-0.14398904081462446,-0.7111114003677076,0,-0.21333342011031228,train,4,-0.7999999999999998,0.0
0.12873757353351373,-0.41732876481057196,0.5460663383440857,-0.41732876481057196,1,-0.20866438240528598,train,4,-0.7999999999999998,0.0
0.2506908764125215,-0.12001597409104511,0.37070685050356667,-0.12001597409104511,0,-0.03600479222731353,train,4,-0.7999999999999998,0.0
-0.088438800080262,-0.38820962639945666,0.29977082631919466,-0.38820962639945666,0,-0.116462887919837,train,4,-0.7999999999999998,0.0
-1.1336402848274094,-0.44271373766214933,-0.6909265471652601,-0.44271373766214933,0,-0.13281412129864478,train,4,-0.7999999999999998,0.0
-0.5259287037818303,-0.15961886339954423,-0.36630984038228603,-0.15961886339954423,1,-0.07980943169977212,train,4,-0.7999999999999998,0.0
-1.8060181417534933,-0.7836868972414793,-1.0223312445120138,-0.7836868972414793,0,-0.23510606917244378,train,4,-0.7999999999999998,0.0
-0.22524265427394213,-0.34190508095376054,0.11666242667981841,-0.34190508095376054,0,-0.10257152428612816,train,4,-0.7999999999999998,0.0
-0.4539483582893281,-0.47089310737649864,0.01694474908717055,-0.47089310737649864,0,-0.1412679322129496,train,4,-0.7999999999999998,0.0
0.5476457419468288,-0.01189056184335637,0.5595363037901852,-0.01189056184335637,1,-0.005945280921678185,train,4,-0.7999999999999998,0.0
-0.03165278440933822,-0.1588787756711439,0.12722599126180567,-0.1588787756711439,0,-0.04766363270134317,train,4,-0.7999999999999998,0.0
-0.9775970594146228,-0.7568303182838824,-0.22076674113074052,-0.7568303182838824,0,-0.2270490954851647,train,4,-0.7999999999999998,0.0
0.6192752613883498,-0.6476177812355978,1.2668930426239475,-0.6476177812355978,1,-0.3238088906177989,train,4,-0.7999999999999998,0.0
-1.0558090198875216,-0.43806492334641955,-0.6177440965411021,-0.43806492334641955,0,-0.13141947700392587,train,4,-0.7999999999999998,0.0
-1.0394145238385417,-0.2376463383056174,-0.8017681855329244,-0.2376463383056174,1,-0.1188231691528087,train,4,-0.7999999999999998,0.0
-0.9007018950460792,-0.5343614803714579,-0.36634041467462125,-0.5343614803714579,0,-0.16030844411143738,train,4,-0.7999999999999998,0.0
-0.19719688637898314,-0.5120134438629538,0.31481655748397064,-0.5120134438629538,0,-0.15360403315888613,train,4,-0.7999999999999998,0.0
-0.27240842256185127,-0.0628235472326584,-0.20958487532919287,-0.0628235472326584,1,-0.0314117736163292,train,4,-0.7999999999999998,0.0
-0.30153867300720283,-0.037095595418122324,-0.2644430775890805,-0.037095595418122324,0,-0.011128678625436697,train,4,-0.7999999999999998,0.0
-1.146623977596994,-0.47385141705828504,-0.672772560538709,-0.47385141705828504,0,-0.1421554251174855,train,4,-0.7999999999999998,0.0
0.8025637617399276,-0.08114307609222136,0.883706837832149,-0.08114307609222136,1,-0.04057153804611068,train,4,-0.7999999999999998,0.0
-0.909820740948196,-0.5357973984323948,-0.3740233425158011,-0.5357973984323948,1,-0.2678986992161974,train,4,-0.7999999999999998,0.0
-1.3822303160837612,-0.7338091447360097,-0.6484211713477517,-0.7338091447360097,0,-0.2201427434208029,train,4,-0.7999999999999998,0.0
-0.45214400324960125,-0.3786259476331268,-0.07351805561647445,-0.3786259476331268,0,-0.11358778428993803,train,4,-0.7999999999999998,0.0
-0.7559703445638639,-0.27132448723329167,-0.48464585733057225,-0.27132448723329167,0,-0.08139734616998749,train,4,-0.7999999999999998,0.0
-0.22514629880498468,-0.0856125645157613,-0.1395337342892234,-0.0856125645157613,1,-0.04280628225788065,train,4,-0.7999999999999998,0.0
0.7732162395870137,-0.02787396238852748,0.8010902019755411,-0.02787396238852748,0,-0.008362188716558243,train,4,-0.7999999999999998,0.0
-0.45192789450245474,-0.1840538584869482,-0.2678740360155065,-0.1840538584869482,1,-0.0920269292434741,train,4,-0.7999999999999998,0.0
-0.22259391595546893,-0.1927207053685392,-0.029873210586929728,-0.1927207053685392,1,-0.0963603526842696,train,4,-0.7999999999999998,0.0
-0.45308762956495735,-0.23196076211644923,-0.22112686744850812,-0.23196076211644923,1,-0.11598038105822461,train,4,-0.7999999999999998,0.0
-0.3538014750059333,-0.23875773393490207,-0.11504374107103121,-0.23875773393490207,0,-0.07162732018047062,train,4,-0.7999999999999998,0.0
0.3056730569399603,-0.18613489510577322,0.49180795204573347,-0.18613489510577322,0,-0.05584046853173196,train,4,-0.7999999999999998,0.0
0.29845981768461516,-0.020520416891484844,0.31898023457610003,-0.020520416891484844,1,-0.010260208445742422,train,4,-0.7999999999999998,0.0
-0.7059974076224498,-0.5010283860832244,-0.20496902153922536,-0.5010283860832244,0,-0.15030851582496732,train,4,-0.7999999999999998,0.0
-1.2920967338853417,-0.7335564455692439,-0.5585402883160979,-0.7335564455692439,0,-0.22006693367077318,train,4,-0.7999999999999998,0.0
-0.6888178448788024,-0.60828764831022,-0.08053019656858239,-0.60828764831022,0,-0.182486294493066,train,4,-0.7999999999999998,0.0
-0.12325762415100605,-0.6228137919656037,0.49955616781459766,-0.6228137919656037,0,-0.1868441375896811,train,4,-0.7999999999999998,0.0
-0.5195321239279598,-0.5091201625567151,-0.010411961371244666,-0.5091201625567151,0,-0.15273604876701452,train,4,-0.7999999999999998,0.0
-0.2283435474822692,-0.15174861431011855,-0.07659493317215064,-0.15174861431011855,1,-0.07587430715505927,train,4,-0.7999999999999998,0.0
-1.836673038636523,-0.75192306410692,-1.084749974529603,-0.75192306410692,1,-0.37596153205346,train,4,-0.7999999999999998,0.0
0.1561762324402607,-0.44020515368275503,0.5963813861230157,-0.44020515368275503,0,-0.1320615461048265,train,4,-0.7999999999999998,0.0
-1.0441408933042757,-0.149463578013324,-0.8946773152909517,-0.149463578013324,1,-0.074731789006662,train,4,-0.7999999999999998,0.0
-1.3578737884046266,-0.5886093003674808,-0.7692644880371456,-0.5886093003674808,0,-0.17658279011024425,train,4,-0.7999999999999998,0.0
-0.9747036602898744,-0.749279214421305,-0.2254244458685694,-0.749279214421305,0,-0.2247837643263915,train,4,-0.7999999999999998,0.0
-0.5855275367345768,-0.606313862195252,0.020786325460675187,-0.606313862195252,0,-0.18189415865857558,train,4,-0.7999999999999998,0.0
-0.704896735749509,-0.7319436305998274,0.02704689485031845,-0.7319436305998274,1,-0.3659718152999137,train,4,-0.7999999999999998,0.0
-0.6120261874299251,-0.15377805172211834,-0.4582481357078067,-0.15377805172211834,0,-0.0461334155166355,train,4,-0.7999999999999998,0.0
-0.8516830438075129,-0.6637999394895341,-0.18788310431797886,-0.6637999394895341,0,-0.19913998184686021,train,4,-0.7999999999999998,0.0
-1.0079180208957814,-0.643724299550049,-0.3641937213457325,-0.643724299550049,0,-0.19311728986501467,train,4,-0.7999999999999998,0.0
-1.2340171280479209,-0.14828639075371172,-1.085730737294209,-0.14828639075371172,0,-0.04448591722611352,train,4,-0.7999999999999998,0.0
-0.3050822220166316,-0.15177157665400345,-0.15331064536262817,-0.15177157665400345,1,-0.07588578832700173,train,4,-0.7999999999999998,0.0
-0.7447805055030944,-0.32850089741300587,-0.4162796080900885,-0.32850089741300587,0,-0.09855026922390175,train,4,-0.7999999999999998,0.0
0.18330612667806984,-0.06821252790603037,0.2515186545841002,-0.06821252790603037,1,-0.034106263953015185,train,4,-0.7999999999999998,0.0
-0.839262802533528,-0.7521426905962921,-0.08712011193723594,-0.7521426905962921,1,-0.37607134529814606,train,4,-0.7999999999999998,0.0
0.5502780921455167,-0.028002687783734177,0.5782807799292509,-0.028002687783734177,1,-0.014001343891867088,train,4,-0.7999999999999998,0.0
0.07451336642066758,-0.3432198265153553,0.4177331929360229,-0.3432198265153553,1,-0.17160991325767766,train,4,-0.7999999999999998,0.0
-0.018342232574146355,-0.5579855099996844,0.5396432774255381,-0.5579855099996844,0,-0.16739565299990533,train,4,-0.7999999999999998,0.0
0.5855915050898559,-0.13943533880131942,0.7250268438911753,-0.13943533880131942,0,-0.04183060164039582,train,4,-0.7999999999999998,0.0
0.1434860468700611,-0.27246617571734294,0.41595222258740405,-0.27246617571734294,0,-0.08173985271520288,train,4,-0.7999999999999998,0.0
0.7452186877530325,0.7142881211488019,0.030930566604230558,0.7142881211488019,1,0.35714406057440096,train,5,0.0,0.8000000000000007
0.13383149171925982,0.265583844240942,-0.1317523525216822,0.265583844240942,1,0.132791922120471,train,5,0.0,0.8000000000000007
0.3250293997582727,0.656983298446266,-0.3319538986879933,0.656983298446266,1,0.328491649223133,train,5,0.0,0.8000000000000007
-0.1909892213467829,0.03335730058019995,-0.22434652192698284,0.03335730058019995,1,0.016678650290099975,train,5,0.0,0.8000000000000007
-0.6245247712080692,0.08612534394877444,-0.7106501151568436,0.08612534394877444,1,0.04306267197438722,train,5,0.0,0.8000000000000007
0.15913774463797736,0.4760416513649926,-0.31690390672701524,0.4760416513649926,0,0.14281249540949778,train,5,0.0,0.8000000000000007
0.02573355725312565,0.42385388975425764,-0.398120332501132,0.42385388975425764,1,0.21192694487712882,train,5,0.0,0.8000000000000007
0.07480405250607547,0.33504594284532374,-0.26024189033924827,0.33504594284532374,1,0.16752297142266187,train,5,0.0,0.8000000000000007
0.0011798348299603134,0.2683262794186636,-0.2671464445887033,0.2683262794186636,1,0.1341631397093318,train,5,0.0,0.8000000000000007
0.4128400101947288,0.49801554575687257,-0.08517553556214377,0.49801554575687257,0,0.14940466372706177,train,5,0.0,0.8000000000000007
0.6219537064293059,0.35051314088709956,0.27144056554220636,0.35051314088709956,1,0.17525657044354978,train,5,0.0,0.8000000000000007
0.4030281454947532,0.5887056850789527,-0.1856775395841995,0.5887056850789527,0,0.1766117055236858,train,5,0.0,0.8000000000000007
0.4689073079632881,0.41442912959941536,0.05447817836387276,0.41442912959941536,1,0.20721456479970768,train,5,0.0,0.8000000000000007
0.6252468335939794,0.4630868801809261,0.1621599534130533,0.4630868801809261,0,0.13892606405427782,train,5,0.0,0.8000000000000007
0.32758898067137787,0.5162840767164755,-0.1886950960450976,0.5162840767164755,1,0.25814203835823774,train,5,0.0,0.8000000000000007
0.7051940709343663,0.7921794170987339,-0.0869853461643676,0.7921794170987339,0,0.23765382512962013,train,5,0.0,0.8000000000000007
0.8691088961601078,0.6558865575374737,0.2132223386226341,0.6558865575374737,0,0.1967659672612421,train,5,0.0,0.8000000000000007
-0.688791004769419,0.3305607478529449,-1.0193517526223639,0.3305607478529449,1,0.16528037392647246,train,5,0.0,0.8000000000000007
1.0953686659235866,0.7010141241653025,0.39435454175828405,0.7010141241653025,0,0.21030423724959074,train,5,0.0,0.8000000000000007
0.37558216833170377,0.6590075460564176,-0.2834253777247139,0.6590075460564176,0,0.1977022638169253,train,5,0.0,0.8000000000000007
-2.1705617884784063,0.04357960625788375,-2.21414139473629,0.04357960625788375,1,0.021789803128941874,train,5,0.0,0.8000000000000007
0.8952147390746044,0.5749097892513559,0.3203049498232485,0.5749097892513559,0,0.1724729367754068,train,5,0.0,0.8000000000000007
-0.07907438677818113,0.6417364499395809,-0.720810836717762,0.6417364499395809,0,0.19252093498187425,train,5,0.0,0.8000000000000007
1.1241169548784797,0.5891253150491517,0.534991639829328,0.5891253150491517,0,0.1767375945147455,train,5,0.0,0.8000000000000007
-0.023531357638856942,0.5673054006249344,-0.5908367582637913,0.5673054006249344,1,0.2836527003124672,train,5,0.0,0.8000000000000007
0.3063732995950106,0.4327494834420229,-0.12637618384701232,0.4327494834420229,1,0.21637474172101145,train,5,0.0,0.8000000000000007
0.4995540940484072,0.09985933950448792,0.3996947545439193,0.09985933950448792,0,0.029957801851346375,train,5,0.0,0.8000000000000007
0.2883688873681343,0.7661178363757354,-0.47774894900760106,0.7661178363757354,1,0.3830589181878677,train,5,0.0,0.8000000000000007
-0.27464685563493335,0.3226050389879362,-0.5972518946228695,0.3226050389879362,1,0.1613025194939681,train,5,0.0,0.8000000000000007
0.10508463240921714,0.17356092825884822,-0.06847629584963108,0.17356092825884822,0,0.05206827847765447,train,5,0.0,0.8000000000000007
1.3959295911335776,0.5738206771626561,0.8221089139709216,0.5738206771626561,0,0.1721462031487968,train,5,0.0,0.8000000000000007
1.4551579546748343,0.7953659507375508,0.6597920039372835,0.7953659507375508,1,0.3976829753687754,train,5,0.0,0.8000000000000007
1.0448401186038947,0.20449124448066822,0.8403488741232265,0.20449124448066822,1,0.10224562224033411,train,5,0.0,0.8000000000000007
0.7678723722396933,0.5370475455514248,0.2308248266882685,0.5370475455514248,0,0.16111426366542742,train,5,0.0,0.8000000000000007
0.7721751992429478,0.47920473051129364,0.29297046873165417,0.47920473051129364,1,0.23960236525564682,train,5,0.0,0.8000000000000007
1.2160515550203708,0.573865716444411,0.6421858385759599,0.573865716444411,1,0.2869328582222055,train,5,0.0,0.8000000000000007
1.091011669205505,0.7498796277159243,0.3411320414895807,0.7498796277159243,0,0.2249638883147773,train,5,0.0,0.8000000000000007
-0.20153152871676727,0.2814478148317619,-0.48297934354852917,0.2814478148317619,0,0.08443434444952856,train,5,0.0,0.8000000000000007
0.6724855101406447,0.20290727797711697,0.4695782321635278,0.20290727797711697,0,0.06087218339313509,train,5,0.0,0.8000000000000007
0.02592688226052231,0.3219780072294187,-0.2960511249688964,0.3219780072294187,0,0.09659340216882562,train,5,0.0,0.8000000000000007
0.10527699679208524,0.5972085737479885,-0.4919315769559033,0.5972085737479885,1,0.29860428687399426,train,5,0.0,0.8000000000000007
0.6624846671827193,0.5792564539293511,0.08322821325336814,0.5792564539293511,0,0.17377693617880532,train,5,0.0,0.8000000000000007
0.27705084748252806,0.32488623684671175,-0.04783538936418371,0.32488623684671175,1,0.16244311842335588,train,5,0.0,0.8000000000000007
1.3151031709003698,0.7915038786240026,0.5235992922763671,0.7915038786240026,0,0.23745116358720078,train,5,0.0,0.8000000000000007
0.5275095056775367,0.3603994245961331,0.1671100810814036,0.3603994245961331,0,0.10811982737883993,train,5,0.0,0.8000000000000007
0.04252266773478314,0.2990467472802826,-0.25652407954549944,0.2990467472802826,1,0.1495233736401413,train,5,0.0,0.8000000000000007
0.531647320998767,0.5677028849353621,-0.03605556393659515,0.5677028849353621,1,0.28385144246768107,train,5,0.0,0.8000000000000007
-0.27512613225383664,0.06596684264936685,-0.3410929749032035,0.06596684264936685,0,0.019790052794810054,train,5,0.0,0.8000000000000007
0.12450295292364791,0.31869833504902684,-0.19419538212537893,0.31869833504902684,1,0.15934916752451342,train,5,0.0,0.8000000000000007
1.3763667958297838,0.6167047730463043,0.7596620227834794,0.6167047730463043,1,0.30835238652315217,train,5,0.0,0.8000000000000007
0.8599387926688065,0.6118007868003742,0.24813800586843227,0.6118007868003742,0,0.18354023604011224,train,5,0.0,0.8000000000000007
0.0030614332603689787,0.22708750684615808,-0.2240260735857891,0.22708750684615808,0,0.06812625205384742,train,5,0.0,0.8000000000000007
-0.040466023994105954,0.15163375229630457,-0.19209977629041053,0.15163375229630457,0,0.045490125688891374,train,5,0.0,0.8000000000000007
0.021083270488838568,0.37700077178825236,-0.3559175012994138,0.37700077178825236,1,0.18850038589412618,train,5,0.0,0.8000000000000007
0.1552503627494501,0.26784483560209904,-0.11259447285264897,0.26784483560209904,0,0.08035345068062971,train,5,0.0,0.8000000000000007
-0.3040472227054488,0.5877880349709212,-0.8918352576763701,0.5877880349709212,1,0.2938940174854606,train,5,0.0,0.8000000000000007
0.5184223419204882,0.15128569242789164,0.36713664949259656,0.15128569242789164,0,0.04538570772836749,train,5,0.0,0.8000000000000007
0.10297682109471903,0.26488325929687034,-0.1619064382021513,0.26488325929687034,1,0.13244162964843517,train,5,0.0,0.8000000000000007
1.0908785999746111,0.6753827366580557,0.41549586331655547,0.6753827366580557,0,0.2026148209974167,train,5,0.0,0.8000000000000007
1.0688192228836266,0.4920192274579013,0.5767999954257255,0.4920192274579013,0,0.14760576823737037,train,5,0.0,0.8000000000000007
0.8972626469309277,0.708211263789898,0.18905138314102973,0.708211263789898,0,0.2124633791369694,train,5,0.0,0.8000000000000007
0.1724431144869668,0.7812424163261431,-0.6087993018391763,0.7812424163261431,0,0.23437272489784292,train,5,0.0,0.8000000000000007
-0.06401855526619649,0.6695268743257466,-0.7335454295919431,0.6695268743257466,0,0.200858062297724,train,5,0.0,0.8000000000000007
0.6383472579118068,0.14465970086875157,0.49368755704305517,0.14465970086875157,1,0.07232985043437579,train,5,0.0,0.8000000000000007
0.996613316916753,0.49472840676367114,0.5018849101530819,0.49472840676367114,1,0.24736420338183557,train,5,0.0,0.8000000000000007
-0.4459695276382294,0.38088709861867565,-0.826856626256905,0.38088709861867565,0,0.11426612958560269,train,5,0.0,0.8000000000000007
-0.24393196042259924,0.3233253237381828,-0.567257284160782,0.3233253237381828,1,0.1616626618690914,train,5,0.0,0.8000000000000007
1.2482788333676345,0.5935069500392078,0.6547718833284267,0.5935069500392078,1,0.2967534750196039,train,5,0.0,0.8000000000000007
0.7052052709038935,0.6607466313353475,0.04445863956854598,0.6607466313353475,1,0.33037331566767375,train,5,0.0,0.8000000000000007
1.7650400738632308,0.5465838643901137,1.218456209473117,0.5465838643901137,1,0.2732919321950569,train,5,0.0,0.8000000000000007
0.4215541079583267,0.11141728439277801,0.3101368235655487,0.11141728439277801,1,0.055708642196389005,train,5,0.0,0.8000000000000007
1.1195744637318494,0.5622600459187295,0.5573144178131199,0.5622600459187295,1,0.28113002295936473,train,5,0.0,0.8000000000000007
-0.003432775434484614,0.0470698321313105,-0.05050260756579512,0.0470698321313105,1,0.02353491606565525,train,5,0.0,0.8000000000000007
-0.11500703881197955,0.15413237980097283,-0.2691394186129524,0.15413237980097283,0,0.046239713940291846,train,5,0.0,0.8000000000000007
-0.13012174458896186,0.7398350119641577,-0.8699567565531195,0.7398350119641577,1,0.36991750598207884,train,5,0.0,0.8000000000000007
-1.300076508003985,0.3240819658911936,-1.6241584738951786,0.3240819658911936,1,0.1620409829455968,train,5,0.0,0.8000000000000007
0.7880494927826533,0.11863322608075466,0.6694162667018987,0.11863322608075466,0,0.035589967824226396,train,5,0.0,0.8000000000000007
1.0222916590670188,0.5458297045396675,0.47646195452735135,0.5458297045396675,0,0.16374891136190026,train,5,0.0,0.8000000000000007
-0.17176918889602674,0.13079100061169488,-0.3025601895077216,0.13079100061169488,0,0.03923730018350846,train,5,0.0,0.8000000000000007
1.1500861530184796,0.5185801928532089,0.6315059601652706,0.5185801928532089,0,0.15557405785596265,train,5,0.0,0.8000000000000007
-0.6789407176839892,0.2012913145363826,-0.8802320322203718,0.2012913145363826,0,0.06038739436091478,train,5,0.0,0.8000000000000007
0.9775628956892588,0.033100401040721414,0.9444624946485374,0.033100401040721414,0,0.009930120312216423,train,5,0.0,0.8000000000000007
1.0503805105654362,0.7669780802527797,0.28340243031265666,0.7669780802527797,1,0.38348904012638985,train,5,0.0,0.8000000000000007
1.0591344092817292,0.052976384650745306,1.0061580246309838,0.052976384650745306,0,0.01589291539522359,train,5,0.0,0.8000000000000007
-0.6043743931219387,0.41035214886851107,-1.0147265419904499,0.41035214886851107,0,0.12310564466055332,train,5,0.0,0.8000000000000007
1.1297217375006643,0.273037272975937,0.8566844645247272,0.273037272975937,0,0.0819111818927811,train,5,0.0,0.8000000000000007
1.0851441297960216,0.5280078549163186,0.5571362748797029,0.5280078549163186,1,0.2640039274581593,train,5,0.0,0.8000000000000007
0.8792239336066602,0.675541869695032,0.20368206391162816,0.675541869695032,1,0.337770934847516,train,5,0.0,0.8000000000000007
-0.038175986991474675,0.48309324536568493,-0.5212692323571596,0.48309324536568493,0,0.14492797360970547,train,5,0.0,0.8000000000000007
0.6826735507315763,0.46977095278058867,0.21290259795098762,0.46977095278058867,1,0.23488547639029433,train,5,0.0,0.8000000000000007
0.25131170723490515,0.09362642842771356,0.15768527880719158,0.09362642842771356,1,0.04681321421385678,train,5,0.0,0.8000000000000007
0.20293939409625839,0.568360268354222,-0.36542087425796366,0.568360268354222,0,0.17050808050626662,train,5,0.0,0.8000000000000007
-0.6590126480097462,0.1636186062761064,-0.8226312542858526,0.1636186062761064,1,0.0818093031380532,train,5,0.0,0.8000000000000007
-0.24888063025255475,0.39229423460572804,-0.6411748648582828,0.39229423460572804,1,0.19614711730286402,train,5,0.0,0.8000000000000007
-0.2891336085827641,0.02928682434880863,-0.31842043293157274,0.02928682434880863,1,0.014643412174404315,train,5,0.0,0.8000000000000007
0.9344882221384245,0.252322860471017,0.6821653616674075,0.252322860471017,0,0.0756968581413051,train,5,0.0,0.8000000000000007
1.402659238378259,0.6904243256794741,0.7122349126987849,0.6904243256794741,0,0.20712729770384222,train,5,0.0,0.8000000000000007
1.4613107917759767,0.4467732945793355,1.0145374971966412,0.4467732945793355,0,0.13403198837380065,train,5,0.0,0.8000000000000007
0.7315350803100915,0.43736626102118886,0.29416881928890265,0.43736626102118886,0,0.13120987830635666,train,5,0.0,0.8000000000000007
-0.5730583830482676,0.29425972714729004,-0.8673181101955577,0.29425972714729004,1,0.14712986357364502,train,5,0.0,0.8000000000000007
0.21666486231036552,0.6625253480791583,-0.4458604857687928,0.6625253480791583,0,0.19875760442374749,train,5,0.0,0.8000000000000007
-0.4713462828545112,0.2210803675461114,-0.6924266504006226,0.2210803675461114,1,0.1105401837730557,train,5,0.0,0.8000000000000007
-0.054077767583813385,0.10052667333329932,-0.1546044409171127,0.10052667333329932,0,0.030158001999989793,train,5,0.0,0.8000000000000007
1.2763132897070184,0.4502248635941414,0.8260884261128769,0.4502248635941414,0,0.1350674590782424,train,5,0.0,0.8000000000000007
0.10648276532551534,0.21387120429915527,-0.10738843897363992,0.21387120429915527,1,0.10693560214957763,train,5,0.0,0.8000000000000007
0.36164999431796097,0.6200279426450872,-0.25837794832712624,0.6200279426450872,1,0.3100139713225436,train,5,0.0,0.8000000000000007
0.46096856032785827,0.14352507643163137,0.3174434838962269,0.14352507643163137,0,0.04305752292948941,train,5,0.0,0.8000000000000007
1.066623815669798,0.626605337069997,0.440018478599801,0.626605337069997,1,0.3133026685349985,train,5,0.0,0.8000000000000007
1.0664265669171233,0.48639705666743455,0.5800295102496889,0.48639705666743455,1,0.24319852833371727,train,5,0.0,0.8000000000000007
-0.5277653603358755,0.033399100922842644,-0.5611644612587181,0.033399100922842644,1,0.016699550461421322,train,5,0.0,0.8000000000000007
-0.07790485286621518,0.44902010575328144,-0.5269249586194966,0.44902010575328144,0,0.13470603172598442,train,5,0.0,0.8000000000000007
0.2610732316209475,0.5345101878615541,-0.27343695624060665,0.5345101878615541,1,0.26725509393077707,train,5,0.0,0.8000000000000007
1.196559629092406,0.7507140853332682,0.4458455437591379,0.7507140853332682,0,0.22521422559998044,train,5,0.0,0.8000000000000007
0.74478339197113,0.6288046870495712,0.11597870492155882,0.6288046870495712,1,0.3144023435247856,train,5,0.0,0.8000000000000007
0.017550371922713803,0.6003443772166704,-0.5827940052939566,0.6003443772166704,0,0.18010331316500114,train,5,0.0,0.8000000000000007
1.5357640912686195,0.39764078066764297,1.1381233106009765,0.39764078066764297,1,0.19882039033382148,train,5,0.0,0.8000000000000007
-0.29179636809004744,0.03418600132230217,-0.3259823694123496,0.03418600132230217,1,0.017093000661151086,train,5,0.0,0.8000000000000007
0.5792171887498075,0.6534939971565953,-0.07427680840678776,0.6534939971565953,1,0.32674699857829764,train,5,0.0,0.8000000000000007
-0.0470483125153993,0.010898995353471285,-0.05794730786887059,0.010898995353471285,0,0.0032696986060413856,train,5,0.0,0.8000000000000007
-0.0519758155031933,0.44003294857208436,-0.49200876407527766,0.44003294857208436,1,0.22001647428604218,train,5,0.0,0.8000000000000007
0.43209138161689,0.45343741706004137,-0.021346035443151397,0.45343741706004137,0,0.1360312251180124,train,5,0.0,0.8000000000000007
0.1241449116869319,0.0903346678297172,0.0338102438572147,0.0903346678297172,0,0.02710040034891516,train,5,0.0,0.8000000000000007
0.2074138657624784,0.05022099186501143,0.15719287389746697,0.05022099186501143,1,0.025110495932505715,train,5,0.0,0.8000000000000007
0.6491227178212255,0.45977937997361956,0.18934333784760596,0.45977937997361956,1,0.22988968998680978,train,5,0.0,0.8000000000000007
0.06871400600342514,0.38838821263255213,-0.319674206629127,0.38838821263255213,1,0.19419410631627607,train,5,0.0,0.8000000000000007
-0.314043781415273,0.24113767770811204,-0.555181459123385,0.24113767770811204,1,0.12056883885405602,train,5,0.0,0.8000000000000007
0.6881883110283357,0.031836446437302816,0.6563518645910329,0.031836446437302816,1,0.015918223218651408,train,5,0.0,0.8000000000000007
0.3763052899326659,0.5071153091792909,-0.13081001924662503,0.5071153091792909,0,0.15213459275378727,train,5,0.0,0.8000000000000007
0.7581111026181145,0.09946854656043502,0.6586425560576795,0.09946854656043502,1,0.04973427328021751,train,5,0.0,0.8000000000000007
0.28133642893369365,0.009284675532309902,0.27205175340138377,0.009284675532309902,1,0.004642337766154951,train,5,0.0,0.8000000000000007
1.831010433022238,0.22133327094282526,1.6096771620794128,0.22133327094282526,0,0.06639998128284758,train,5,0.0,0.8000000000000007
0.18369167921724472,0.24123643207532922,-0.057544752858084504,0.24123643207532922,1,0.12061821603766461,train,5,0.0,0.8000000000000007
-0.8482510284517828,0.1442541052026755,-0.9925051336544582,0.1442541052026755,1,0.07212705260133775,train,5,0.0,0.8000000000000007
-0.13564801513528593,0.053582370465173716,-0.18923038560045966,0.053582370465173716,0,0.016074711139552115,train,5,0.0,0.8000000000000007
1.3503747321205424,0.6233871628208222,0.7269875692997202,0.6233871628208222,1,0.3116935814104111,train,5,0.0,0.8000000000000007
1.4613052978286336,0.32059877938265324,1.1407065184459804,0.32059877938265324,0,0.09617963381479597,train,5,0.0,0.8000000000000007
1.247136791684924,0.19665188104540246,1.0504849106395215,0.19665188104540246,1,0.09832594052270123,train,5,0.0,0.8000000000000007
0.8203717905141779,0.41901775028480126,0.40135404022937654,0.41901775028480126,0,0.12570532508544038,train,5,0.0,0.8000000000000007
1.166223005087744,0.2039885551145722,0.9622344499731719,0.2039885551145722,0,0.06119656653437166,train,5,0.0,0.8000000000000007
0.09361255974343963,0.6815267694435424,-0.5879142097001028,0.6815267694435424,1,0.3407633847217712,train,5,0.0,0.8000000000000007
0.056068180480430274,0.38680286247226253,-0.33073468199183226,0.38680286247226253,1,0.19340143123613127,train,5,0.0,0.8000000000000007
-0.04809189559239535,0.4985199609088605,-0.5466118565012559,0.4985199609088605,1,0.24925998045443026,train,5,0.0,0.8000000000000007
1.1512963617302918,0.7784580039034136,0.3728383578268782,0.7784580039034136,0,0.23353740117102406,train,5,0.0,0.8000000000000007
1.0833162185337293,0.28379802363348733,0.799518194900242,0.28379802363348733,1,0.14189901181674366,train,5,0.0,0.8000000000000007
0.2219321136490402,0.17971650737656455,0.04221560627247564,0.17971650737656455,0,0.053914952212969366,train,5,0.0,0.8000000000000007
1.0540641161371807,0.7829710445011774,0.2710930716360034,0.7829710445011774,0,0.2348913133503532,train,5,0.0,0.8000000000000007
0.2165782886940577,0.46965953680065065,-0.25308124810659294,0.46965953680065065,0,0.1408978610401952,train,5,0.0,0.8000000000000007
0.5873380173768883,0.7853451109900013,-0.19800709361311297,0.7853451109900013,0,0.23560353329700037,train,5,0.0,0.8000000000000007
0.8733873029114632,0.774932864252356,0.09845443865910725,0.774932864252356,0,0.23247985927570677,train,5,0.0,0.8000000000000007
1.5146650562194006,0.564083148577111,0.9505819076422897,0.564083148577111,1,0.2820415742885555,train,5,0.0,0.8000000000000007
0.8743934746235027,0.8610466314991664,0.01334684312433628,0.8610466314991664,1,0.4305233157495832,train,6,0.8000000000000007,1.6000000000000005
1.1664938776584972,1.4239350337920922,-0.25744115613359503,1.4239350337920922,0,0.42718051013762764,train,6,0.8000000000000007,1.6000000000000005
0.7618642094172994,1.1507273851527153,-0.3888631757354159,1.1507273851527153,1,0.5753636925763577,train,6,0.8000000000000007,1.6000000000000005
2.42731848587394,1.3787721422647536,1.0485463436091864,1.3787721422647536,0,0.4136316426794261,train,6,0.8000000000000007,1.6000000000000005
1.3481597207803446,1.5823916095972828,-0.23423188881693813,1.5823916095972828,1,0.7911958047986414,train,6,0.8000000000000007,1.6000000000000005
0.723243114051663,1.2307966963283477,-0.5075535822766847,1.2307966963283477,0,0.3692390088985043,train,6,0.8000000000000007,1.6000000000000005
1.5831640706154153,1.200896370927951,0.3822676996874642,1.200896370927951,0,0.3602689112783853,train,6,0.8000000000000007,1.6000000000000005
0.9360146930451618,0.8576409066878099,0.07837378635735189,0.8576409066878099,1,0.42882045334390495,train,6,0.8000000000000007,1.6000000000000005
0.9692628642979468,1.0147511840814976,-0.045488319783550696,1.0147511840814976,1,0.5073755920407488,train,6,0.8000000000000007,1.6000000000000005
1.668687087290744,1.1999060006604485,0.46878108663029544,1.1999060006604485,1,0.5999530003302243,train,6,0.8000000000000007,1.6000000000000005
1.6365592464323642,1.343383996896753,0.2931752495356113,1.343383996896753,1,0.6716919984483765,train,6,0.8000000000000007,1.6000000000000005
1.6603052294541565,1.442991228883501,0.2173140005706556,1.442991228883501,0,0.4328973686650503,train,6,0.8000000000000007,1.6000000000000005
1.6832731971536767,1.1047529065188313,0.5785202906348454,1.1047529065188313,0,0.3314258719556494,train,6,0.8000000000000007,1.6000000000000005
1.0229309318255988,0.8527490775247247,0.17018185430087412,0.8527490775247247,0,0.2558247232574174,train,6,0.8000000000000007,1.6000000000000005
0.6603633099921118,1.0305164794463955,-0.3701531694542836,1.0305164794463955,1,0.5152582397231977,train,6,0.8000000000000007,1.6000000000000005
1.3103054851238574,1.5276748221756915,-0.21736933705183412,1.5276748221756915,0,0.4583024466527074,train,6,0.8000000000000007,1.6000000000000005
0.6581248816813459,0.9707082828639331,-0.31258340118258715,0.9707082828639331,0,0.2912124848591799,train,6,0.8000000000000007,1.6000000000000005
1.2875324036401075,1.1616991694541472,0.12583323418596035,1.1616991694541472,0,0.34850975083624414,train,6,0.8000000000000007,1.6000000000000005
0.8981738792007946,1.544964815751218,-0.6467909365504233,1.544964815751218,0,0.46348944472536535,train,6,0.8000000000000007,1.6000000000000005
-0.2795361979968666,0.8199193820402791,-1.0994555800371457,0.8199193820402791,0,0.24597581461208373,train,6,0.8000000000000007,1.6000000000000005
1.333332088730336,1.2804391339712986,0.052892954759037415,1.2804391339712986,0,0.38413174019138957,train,6,0.8000000000000007,1.6000000000000005
0.7581912703575004,1.560103600330917,-0.8019123299734165,1.560103600330917,0,0.4680310800992751,train,6,0.8000000000000007,1.6000000000000005
-0.18694455591030257,0.9842423032167725,-1.171186859127075,0.9842423032167725,0,0.2952726909650317,train,6,0.8000000000000007,1.6000000000000005
1.462790405678838,1.238791935388825,0.22399847029001294,1.238791935388825,1,0.6193959676944125,train,6,0.8000000000000007,1.6000000000000005
1.100670782235261,1.5273026999093855,-0.42663191767412434,1.5273026999093855,0,0.45819080997281564,train,6,0.8000000000000007,1.6000000000000005
1.2042108099508464,0.9065355566074008,0.2976752533434455,0.9065355566074008,1,0.4532677783037004,train,6,0.8000000000000007,1.6000000000000005
0.90021781338423,1.2187300645390133,-0.3185122511547834,1.2187300645390133,1,0.6093650322695067,train,6,0.8000000000000007,1.6000000000000005
0.7271504543582806,1.4003278872816285,-0.6731774329233479,1.4003278872816285,0,0.42009836618448854,train,6,0.8000000000000007,1.6000000000000005
0.5891000843935222,1.3352105927071316,-0.7461105083136094,1.3352105927071316,0,0.40056317781213946,train,6,0.8000000000000007,1.6000000000000005
0.8652459541737587,1.1742022877959852,-0.3089563336222266,1.1742022877959852,1,0.5871011438979926,train,6,0.8000000000000007,1.6000000000000005
0.7998495884907689,0.9638792722382368,-0.16402968374746785,0.9638792722382368,0,0.289163781671471,train,6,0.8000000000000007,1.6000000000000005
0.6985366608631409,1.192612711272857,-0.4940760504097161,1.192612711272857,1,0.5963063556364285,train,6,0.8000000000000007,1.6000000000000005
0.9292430038199965,1.0979077515080478,-0.16866474768805126,1.0979077515080478,1,0.5489538757540239,train,6,0.8000000000000007,1.6000000000000005
0.26025954615378666,1.1819209238812713,-0.9216613777274847,1.1819209238812713,0,0.3545762771643814,train,6,0.8000000000000007,1.6000000000000005
1.101405675610241,1.092712308624475,0.008693366985765952,1.092712308624475,1,0.5463561543122375,train,6,0.8000000000000007,1.6000000000000005
0.3941451503671818,1.470334395447409,-1.0761892450802273,1.470334395447409,1,0.7351671977237045,train,6,0.8000000000000007,1.6000000000000005
1.2986042150430694,1.414918005215608,-0.11631379017253861,1.414918005215608,1,0.707459002607804,train,6,0.8000000000000007,1.6000000000000005
1.4695722076378759,1.0511957417701303,0.4183764658677455,1.0511957417701303,1,0.5255978708850652,train,6,0.8000000000000007,1.6000000000000005
1.9132635474620576,1.258100266115164,0.6551632813468938,1.258100266115164,0,0.3774300798345492,train,6,0.8000000000000007,1.6000000000000005
2.049467386786012,1.0208392386645568,1.028628148121455,1.0208392386645568,1,0.5104196193322784,train,6,0.8000000000000007,1.6000000000000005
0.22850175792790572,1.162274346037121,-0.9337725881092153,1.162274346037121,0,0.3486823038111363,train,6,0.8000000000000007,1.6000000000000005
1.5376178130882079,1.0823826927555165,0.4552351203326913,1.0823826927555165,1,0.5411913463777582,train,6,0.8000000000000007,1.6000000000000005
2.0496888866933154,1.3259195702238071,0.7237693164695082,1.3259195702238071,1,0.6629597851119036,train,6,0.8000000000000007,1.6000000000000005
1.6846150572932088,1.0962808663904289,0.5883341909027798,1.0962808663904289,0,0.32888425991712866,train,6,0.8000000000000007,1.6000000000000005
0.6096800932494026,1.1672743823131457,-0.5575942890637431,1.1672743823131457,0,0.35018231469394373,train,6,0.8000000000000007,1.6000000000000005
1.622537396676821,1.3754592980072338,0.24707809866958735,1.3754592980072338,1,0.6877296490036169,train,6,0.8000000000000007,1.6000000000000005
2.2464268666273557,1.1303934632910684,1.1160334033362873,1.1303934632910684,1,0.5651967316455342,train,6,0.8000000000000007,1.6000000000000005
0.6267744299175141,1.5251386153314714,-0.8983641854139574,1.5251386153314714,0,0.4575415845994414,train,6,0.8000000000000007,1.6000000000000005
1.2301639155164974,0.944361295362146,0.28580262015435137,0.944361295362146,0,0.28330838860864377,train,6,0.8000000000000007,1.6000000000000005
2.0602693897260616,1.392895098330612,0.6673742913954493,1.392895098330612,0,0.4178685294991836,train,6,0.8000000000000007,1.6000000000000005
0.7199446255193509,1.137899234914513,-0.4179546093951621,1.137899234914513,1,0.5689496174572565,train,6,0.8000000000000007,1.6000000000000005
1.4909450401195277,1.1411628581479545,0.3497821819715732,1.1411628581479545,0,0.3423488574443863,train,6,0.8000000000000007,1.6000000000000005
0.6649683901101493,1.3075038949070716,-0.6425355047969223,1.3075038949070716,1,0.6537519474535358,train,6,0.8000000000000007,1.6000000000000005
0.7309998119636336,1.218324960822677,-0.4873251488590433,1.218324960822677,1,0.6091624804113385,train,6,0.8000000000000007,1.6000000000000005
0.6416606346542468,1.1319087827515553,-0.49024814809730843,1.1319087827515553,0,0.33957263482546657,train,6,0.8000000000000007,1.6000000000000005
0.9165261237415587,0.8011415044502073,0.11538461929135144,0.8011415044502073,0,0.24034245133506216,train,6,0.8000000000000007,1.6000000000000005
0.8192211170577417,0.8738098766774024,-0.054588759619660726,0.8738098766774024,1,0.4369049383387012,train,6,0.8000000000000007,1.6000000000000005
1.9399846396134097,1.3675155149801708,0.5724691246332391,1.3675155149801708,1,0.6837577574900854,train,6,0.8000000000000007,1.6000000000000005
0.6553090088687936,1.2194764774121585,-0.5641674685433649,1.2194764774121585,1,0.6097382387060792,train,6,0.8000000000000007,1.6000000000000005
1.2781629807580766,1.3569283708135758,-0.07876539005549917,1.3569283708135758,1,0.6784641854067879,train,6,0.8000000000000007,1.6000000000000005
2.141020536570445,1.5643746584023412,0.5766458781681036,1.5643746584023412,0,0.46931239752070236,train,6,0.8000000000000007,1.6000000000000005
1.682797386841302,1.3463310835003346,0.3364663033409673,1.3463310835003346,0,0.40389932505010034,train,6,0.8000000000000007,1.6000000000000005
0.04771815118962819,0.8425029525383667,-0.7947848013487385,0.8425029525383667,0,0.25275088576151,train,6,0.8000000000000007,1.6000000000000005
1.4462043588656652,1.0470821478910384,0.3991222109746269,1.0470821478910384,1,0.5235410739455192,train,6,0.8000000000000007,1.6000000000000005
0.9870250219759595,1.274075749858699,-0.28705072788273944,1.274075749858699,1,0.6370378749293495,train,6,0.8000000000000007,1.6000000000000005
1.2193282485427617,0.9880963258059721,0.23123192273678952,0.9880963258059721,0,0.2964288977417916,train,6,0.8000000000000007,1.6000000000000005
1.7523850486426469,1.571976799628902,0.18040824901374494,1.571976799628902,1,0.785988399814451,train,6,0.8000000000000007,1.6000000000000005
2.287629909415413,1.5560385790342357,0.7315913303811773,1.5560385790342357,1,0.7780192895171179,train,6,0.8000000000000007,1.6000000000000005
1.5486566685113727,1.4787207046701516,0.0699359638412212,1.4787207046701516,1,0.7393603523350758,train,6,0.8000000000000007,1.6000000000000005
0.06557567412609866,1.1778591970307224,-1.1122835229046237,1.1778591970307224,1,0.5889295985153612,train,6,0.8000000000000007,1.6000000000000005
0.6512655405312018,1.4731813719187183,-0.8219158313875166,1.4731813719187183,1,0.7365906859593592,train,6,0.8000000000000007,1.6000000000000005
1.3435811451347663,0.9048885138783318,0.43869263125643443,0.9048885138783318,1,0.4524442569391659,train,6,0.8000000000000007,1.6000000000000005
0.8919971258957022,1.046986925838269,-0.15498979994256662,1.046986925838269,0,0.3140960777514807,train,6,0.8000000000000007,1.6000000000000005
1.853184551379972,1.1703971153235342,0.6827874360564379,1.1703971153235342,1,0.5851985576617671,train,6,0.8000000000000007,1.6000000000000005
1.5575410513053887,1.393477760546774,0.16406329075861464,1.393477760546774,0,0.4180433281640322,train,6,0.8000000000000007,1.6000000000000005
0.7392207413998022,1.188660182967118,-0.44943944156731575,1.188660182967118,0,0.35659805489013535,train,6,0.8000000000000007,1.6000000000000005
1.5589449508718902,0.9095008950379614,0.6494440558339288,0.9095008950379614,0,0.2728502685113884,train,6,0.8000000000000007,1.6000000000000005
0.590390614845991,1.0748292237634873,-0.48443860891749635,1.0748292237634873,1,0.5374146118817437,train,6,0.8000000000000007,1.6000000000000005
-0.1720403692272514,1.059540935737955,-1.2315813049652065,1.059540935737955,1,0.5297704678689775,train,6,0.8000000000000007,1.6000000000000005
2.2786124540921415,1.0403351234544325,1.2382773306377088,1.0403351234544325,0,0.31210053703632973,train,6,0.8000000000000007,1.6000000000000005
-0.21404820620068665,0.9324011203726307,-1.1464493265733173,0.9324011203726307,0,0.2797203361117892,train,6,0.8000000000000007,1.6000000000000005
1.5137691334461936,1.1319214180586021,0.38184771538759144,1.1319214180586021,1,0.5659607090293011,train,6,0.8000000000000007,1.6000000000000005
1.7218075873773828,1.1584965260021793,0.5633110613752036,1.1584965260021793,1,0.5792482630010897,train,6,0.8000000000000007,1.6000000000000005
1.5081598185121694,1.4199203006512142,0.08823951786095525,1.4199203006512142,0,0.42597609019536425,train,6,0.8000000000000007,1.6000000000000005
0.42707445444318615,1.4371125606260393,-1.0100381061828532,1.4371125606260393,0,0.4311337681878118,train,6,0.8000000000000007,1.6000000000000005
1.8269210636778244,1.2179121024012902,0.609008961276534,1.2179121024012902,0,0.36537363072038703,train,6,0.8000000000000007,1.6000000000000005
0.3035780069475432,1.1685042369306222,-0.864926229983079,1.1685042369306222,0,0.35055127107918665,train,6,0.8000000000000007,1.6000000000000005
0.616393742300838,1.4225708812351179,-0.8061771389342799,1.4225708812351179,1,0.7112854406175589,train,6,0.8000000000000007,1.6000000000000005
1.2928301738832086,1.5098311614821884,-0.21700098759897987,1.5098311614821884,0,0.4529493484446565,train,6,0.8000000000000007,1.6000000000000005
1.813037760363629,1.3399350158934307,0.47310274447019834,1.3399350158934307,1,0.6699675079467153,train,6,0.8000000000000007,1.6000000000000005
1.6204515826372476,1.4403832391987714,0.18006834343847616,1.4403832391987714,1,0.7201916195993857,train,6,0.8000000000000007,1.6000000000000005
2.0377500544582596,1.5512890829857489,0.48646097147251094,1.5512890829857489,1,0.7756445414928744,train,6,0.8000000000000007,1.6000000000000005
0.5663383492211231,0.8325246475493493,-0.2661862983282261,0.8325246475493493,0,0.24975739426480478,train,6,0.8000000000000007,1.6000000000000005
1.3972274079624913,1.500537379896067,-0.10330997193357577,1.500537379896067,0,0.4501612139688201,train,6,0.8000000000000007,1.6000000000000005
0.3389683850617887,1.021250457960908,-0.6822820728991194,1.021250457960908,0,0.30637513738827243,train,6,0.8000000000000007,1.6000000000000005
0.9904923276057904,1.180611599539396,-0.19011927193360553,1.180611599539396,1,0.590305799769698,train,6,0.8000000000000007,1.6000000000000005
1.7932856566314597,1.4374087655455223,0.3558768910859374,1.4374087655455223,0,0.4312226296636567,train,6,0.8000000000000007,1.6000000000000005
1.1938969534351127,1.3737937858201845,-0.17989683238507173,1.3737937858201845,0,0.41213813574605535,train,6,0.8000000000000007,1.6000000000000005
1.2029937904421244,0.9177180575533551,0.28527573288876934,0.9177180575533551,0,0.2753154172660065,train,6,0.8000000000000007,1.6000000000000005
0.9830340562336052,1.3269986071633169,-0.3439645509297117,1.3269986071633169,0,0.39809958214899505,train,6,0.8000000000000007,1.6000000000000005
0.4999667003340182,0.8554016560078691,-0.3554349556738509,0.8554016560078691,1,0.42770082800393455,train,6,0.8000000000000007,1.6000000000000005
1.1091576925188538,1.0856565026823037,0.023501189836549984,1.0856565026823037,1,0.5428282513411519,train,6,0.8000000000000007,1.6000000000000005
1.3333347384459913,1.4502636401309656,-0.1169289016849744,1.4502636401309656,0,0.4350790920392897,train,6,0.8000000000000007,1.6000000000000005
1.497595011982916,1.142163866422041,0.35543114556087496,1.142163866422041,1,0.5710819332110205,train,6,0.8000000000000007,1.6000000000000005
1.3868576949983338,1.2798835500347576,0.10697414496357617,1.2798835500347576,1,0.6399417750173788,train,6,0.8000000000000007,1.6000000000000005
2.426736803753402,1.3825290265177077,1.0442077772356944,1.3825290265177077,1,0.6912645132588539,train,6,0.8000000000000007,1.6000000000000005
1.3252853839386476,1.456982086645248,-0.1316967027066005,1.456982086645248,0,0.4370946259935744,train,6,0.8000000000000007,1.6000000000000005
1.2720605061304466,1.408412095984227,-0.13635158985378046,1.408412095984227,0,0.4225236287952681,train,6,0.8000000000000007,1.6000000000000005
0.1816359819520822,0.8057146202231995,-0.6240786382711173,0.8057146202231995,1,0.40285731011159975,train,6,0.8000000000000007,1.6000000000000005
1.1498722473895402,1.1362054669380286,0.013666780451511653,1.1362054669380286,1,0.5681027334690143,train,6,0.8000000000000007,1.6000000000000005
1.5802063376338378,1.1705089744305184,0.4096973632033195,1.1705089744305184,1,0.5852544872152592,train,6,0.8000000000000007,1.6000000000000005
0.40022221764636184,0.8443996024901789,-0.444177384843817,0.8443996024901789,0,0.25331988074705364,train,6,0.8000000000000007,1.6000000000000005
1.2033503480203998,1.2331537056761763,-0.029803357655776658,1.2331537056761763,1,0.6165768528380882,train,6,0.8000000000000007,1.6000000000000005
1.7173506572629964,1.2862166011550944,0.43113405610790206,1.2862166011550944,0,0.38586498034652833,train,6,0.8000000000000007,1.6000000000000005
1.3866170665904858,1.4627625559969009,-0.07614548940641497,1.4627625559969009,0,0.43882876679907024,train,6,0.8000000000000007,1.6000000000000005
1.2419650338642236,1.5534474145531594,-0.3114823806889358,1.5534474145531594,0,0.46603422436594777,train,6,0.8000000000000007,1.6000000000000005
1.4863741736703089,0.902518283202187,0.5838558904681219,0.902518283202187,0,0.2707554849606561,train,6,0.8000000000000007,1.6000000000000005
1.042556278861935,0.9843445395281762,0.05821173933375868,0.9843445395281762,0,0.29530336185845285,train,6,0.8000000000000007,1.6000000000000005
1.5652654211021788,1.3273267176564494,0.23793870344572945,1.3273267176564494,1,0.6636633588282247,train,6,0.8000000000000007,1.6000000000000005
1.6088152611797106,0.9059791910533995,0.7028360701263111,0.9059791910533995,1,0.45298959552669976,train,6,0.8000000000000007,1.6000000000000005
1.666452460638836,0.9792629095570562,0.6871895510817797,0.9792629095570562,1,0.4896314547785281,train,6,0.8000000000000007,1.6000000000000005
1.0515675605869064,1.2598900700713198,-0.20832250948441353,1.2598900700713198,0,0.37796702102139595,train,6,0.8000000000000007,1.6000000000000005
0.6203611471692168,0.935618978852968,-0.3152578316837512,0.935618978852968,0,0.28068569365589036,train,6,0.8000000000000007,1.6000000000000005
1.596369481058302,1.4257841210590232,0.17058535999927882,1.4257841210590232,0,0.42773523631770693,train,6,0.8000000000000007,1.6000000000000005
1.405907979746129,1.4855805008894087,-0.07967252114327975,1.4855805008894087,0,0.4456741502668226,train,6,0.8000000000000007,1.6000000000000005
-0.31297742796712935,0.8269393636022793,-1.1399167915694086,0.8269393636022793,0,0.24808180908068378,train,6,0.8000000000000007,1.6000000000000005
1.9913328847544722,1.2261158439549396,0.7652170407995326,1.2261158439549396,1,0.6130579219774698,train,6,0.8000000000000007,1.6000000000000005
1.449177882454406,1.437561085954852,0.011616796499553942,1.437561085954852,1,0.718780542977426,train,6,0.8000000000000007,1.6000000000000005
2.021938524914773,1.5801117449256932,0.4418267799890797,1.5801117449256932,0,0.47403352347770794,train,6,0.8000000000000007,1.6000000000000005
0.3156569359874357,1.0194068745555376,-0.7037499385681019,1.0194068745555376,0,0.30582206236666126,train,6,0.8000000000000007,1.6000000000000005
1.7082029859473433,0.9352808506923074,0.7729221352550361,0.9352808506923074,1,0.4676404253461537,train,6,0.8000000000000007,1.6000000000000005
1.1484030605079247,1.5013607441453087,-0.35295768363738395,1.5013607441453087,1,0.7506803720726544,train,6,0.8000000000000007,1.6000000000000005
1.4627457269246829,1.5273459710086794,-0.06460024408399657,1.5273459710086794,0,0.4582037913026038,train,6,0.8000000000000007,1.6000000000000005
0.11717150973730006,0.9580263115737262,-0.8408548018364261,0.9580263115737262,0,0.28740789347211787,train,6,0.8000000000000007,1.6000000000000005
1.0530539521231599,1.1532237941621124,-0.1001698420389525,1.1532237941621124,0,0.34596713824863373,train,6,0.8000000000000007,1.6000000000000005
1.237503353739407,1.3753857133538698,-0.137882359614463,1.3753857133538698,1,0.6876928566769349,train,6,0.8000000000000007,1.6000000000000005
1.3650598035201476,1.4762761270111793,-0.11121632349103173,1.4762761270111793,1,0.7381380635055896,train,6,0.8000000000000007,1.6000000000000005
1.1977230899472877,0.9346202442937962,0.2631028456534914,0.9346202442937962,1,0.4673101221468981,train,6,0.8000000000000007,1.6000000000000005
1.368182679044911,1.3319751703238094,0.036207508721101546,1.3319751703238094,1,0.6659875851619047,train,6,0.8000000000000007,1.6000000000000005
2.0317379424939053,1.4462683674368562,0.585469575057049,1.4462683674368562,0,0.43388051023105684,train,6,0.8000000000000007,1.6000000000000005
0.9588763852497508,1.2397712966405825,-0.28089491139083167,1.2397712966405825,1,0.6198856483202912,train,6,0.8000000000000007,1.6000000000000005
0.3341637817945926,0.931773327023211,-0.5976095452286184,0.931773327023211,1,0.4658866635116055,train,6,0.8000000000000007,1.6000000000000005
0.8169592088922545,0.8284230438642914,-0.011463834972036978,0.8284230438642914,0,0.24852691315928743,train,6,0.8000000000000007,1.6000000000000005
1.4022478760610657,1.0252270542787956,0.3770208217822702,1.0252270542787956,0,0.30756811628363867,train,6,0.8000000000000007,1.6000000000000005
2.193081740943537,1.4462966771628418,0.7467850637806951,1.4462966771628418,1,0.7231483385814209,train,6,0.8000000000000007,1.6000000000000005
1.324165870014475,0.835813008676112,0.48835286133836286,0.835813008676112,0,0.2507439026028336,train,6,0.8000000000000007,1.6000000000000005
-0.25269119656354566,0.8065732040314504,-1.059264400594996,0.8065732040314504,1,0.4032866020157252,train,6,0.8000000000000007,1.6000000000000005
1.3155283330057759,1.0892933181696465,0.2262350148361295,1.0892933181696465,0,0.32678799545089393,train,6,0.8000000000000007,1.6000000000000005
1.7271208923115826,0.8508978285588422,0.8762230637527405,0.8508978285588422,0,0.25526934856765265,train,6,0.8000000000000007,1.6000000000000005
0.9571348624673932,0.919589042659385,0.03754581980800814,0.919589042659385,1,0.4597945213296925,train,6,0.8000000000000007,1.6000000000000005
1.9558137355324625,2.2987435222334534,-0.3429297867009907,2.2987435222334534,0,0.689623056670036,train,7,1.6000000000000005,2.4000000000000004
1.5408306297410244,2.374832530256746,-0.8340019005157219,2.374832530256746,0,0.7124497590770238,train,7,1.6000000000000005,2.4000000000000004
0.858227747960908,2.295355632171136,-1.4371278842102282,2.295355632171136,0,0.6886066896513409,train,7,1.6000000000000005,2.4000000000000004
2.7170944387876927,2.0246845532444797,0.6924098855432131,2.0246845532444797,1,1.0123422766222399,train,7,1.6000000000000005,2.4000000000000004
2.7990396846560213,1.786182662381833,1.0128570222741882,1.786182662381833,0,0.5358547987145499,train,7,1.6000000000000005,2.4000000000000004
1.7433904147111223,1.6091190434219445,0.13427137128917785,1.6091190434219445,1,0.8045595217109722,train,7,1.6000000000000005,2.4000000000000004
1.8234057478514278,1.9443750546339928,-0.12096930678256511,1.9443750546339928,0,0.5833125163901979,train,7,1.6000000000000005,2.4000000000000004
2.2216681521030157,1.9218810880298922,0.29978706407312367,1.9218810880298922,1,0.9609405440149461,train,7,1.6000000000000005,2.4000000000000004
1.9093368768766639,2.018139737082056,-0.108802860205392,2.018139737082056,1,1.009069868541028,train,7,1.6000000000000005,2.4000000000000004
0.9328242798613533,1.9827134366419223,-1.049889156780569,1.9827134366419223,0,0.5948140309925767,train,7,1.6000000000000005,2.4000000000000004
1.3180348388747856,2.044285179057865,-0.7262503401830794,2.044285179057865,0,0.6132855537173595,train,7,1.6000000000000005,2.4000000000000004
2.2892537236974073,2.034708814034033,0.25454490966337456,2.034708814034033,1,1.0173544070170164,train,7,1.6000000000000005,2.4000000000000004
1.975435491783128,2.2087164604823437,-0.23328096869921558,2.2087164604823437,1,1.1043582302411719,train,7,1.6000000000000005,2.4000000000000004
1.2359781870638784,2.1698996592656736,-0.9339214722017951,2.1698996592656736,1,1.0849498296328368,train,7,1.6000000000000005,2.4000000000000004
1.232220231004186,2.095745676882752,-0.863525445878566,2.095745676882752,0,0.6287237030648256,train,7,1.6000000000000005,2.4000000000000004
2.510229803053701,1.9408734163809542,0.5693563866727468,1.9408734163809542,0,0.5822620249142862,train,7,1.6000000000000005,2.4000000000000004
0.9153407026004393,1.8312600224144706,-0.9159193198140313,1.8312600224144706,1,0.9156300112072353,train,7,1.6000000000000005,2.4000000000000004
3.0612062357346606,2.3790841929603572,0.6821220427743034,2.3790841929603572,1,1.1895420964801786,train,7,1.6000000000000005,2.4000000000000004
2.1577346350665785,1.8670192364085367,0.29071539865804175,1.8670192364085367,1,0.9335096182042684,train,7,1.6000000000000005,2.4000000000000004
1.1739388815236267,1.7750408486558629,-0.6011019671322361,1.7750408486558629,1,0.8875204243279314,train,7,1.6000000000000005,2.4000000000000004
1.4615738013625352,1.6526467102297697,-0.19107290886723446,1.6526467102297697,0,0.4957940130689309,train,7,1.6000000000000005,2.4000000000000004
2.481172096338392,2.3862964372427475,0.09487565909564427,2.3862964372427475,1,1.1931482186213738,train,7,1.6000000000000005,2.4000000000000004
1.9188006355842224,1.702284570340026,0.21651606524419648,1.702284570340026,0,0.5106853711020077,train,7,1.6000000000000005,2.4000000000000004
2.010979630261938,1.857704634563344,0.1532749956985943,1.857704634563344,0,0.5573113903690031,train,7,1.6000000000000005,2.4000000000000004
2.512389076311054,1.6567542758001594,0.8556348005108947,1.6567542758001594,1,0.8283771379000797,train,7,1.6000000000000005,2.4000000000000004
2.336166379416402,1.779815951174437,0.556350428241965,1.779815951174437,0,0.533944785352331,train,7,1.6000000000000005,2.4000000000000004
1.6085698535383985,1.9149079319548843,-0.3063380784164857,1.9149079319548843,0,0.5744723795864652,train,7,1.6000000000000005,2.4000000000000004
2.2139757179029744,2.3169160039045087,-0.10294028600153447,2.3169160039045087,1,1.1584580019522543,train,7,1.6000000000000005,2.4000000000000004
1.330131691328849,1.8763692895982942,-0.5462375982694452,1.8763692895982942,0,0.5629107868794883,train,7,1.6000000000000005,2.4000000000000004
2.074071028387687,2.3877995498282174,-0.3137285214405306,2.3877995498282174,0,0.7163398649484652,train,7,1.6000000000000005,2.4000000000000004
1.6673797189759068,1.6229856391706368,0.04439407980526992,1.6229856391706368,0,0.486895691751191,train,7,1.6000000000000005,2.4000000000000004
0.4732779513587273,1.8813477890160966,-1.4080698376573693,1.8813477890160966,0,0.5644043367048289,train,7,1.6000000000000005,2.4000000000000004
1.964614590918776,1.9047671113630829,0.0598474795556931,1.9047671113630829,1,0.9523835556815414,train,7,1.6000000000000005,2.4000000000000004
2.183500005283799,2.2113281050927682,-0.027828099808968925,2.2113281050927682,0,0.6633984315278304,train,7,1.6000000000000005,2.4000000000000004
2.202461447538163,2.351043130648618,-0.14858168311045486,2.351043130648618,0,0.7053129391945854,train,7,1.6000000000000005,2.4000000000000004
1.0725303673303284,1.8557518371736226,-0.7832214698432942,1.8557518371736226,0,0.5567255511520868,train,7,1.6000000000000005,2.4000000000000004
1.6002013452421386,1.945980746232333,-0.34577940099019433,1.945980746232333,1,0.9729903731161665,train,7,1.6000000000000005,2.4000000000000004
1.3574343976470948,1.8161165932731727,-0.4586821956260777,1.8161165932731727,1,0.9080582966365863,train,7,1.6000000000000005,2.4000000000000004
2.2043950995197994,2.240844709061116,-0.03644960954131655,2.240844709061116,1,1.120422354530558,train,7,1.6000000000000005,2.4000000000000004
0.6499015889401922,2.1105910448984977,-1.4606894559583055,2.1105910448984977,0,0.6331773134695493,train,7,1.6000000000000005,2.4000000000000004
1.4563600685426856,1.6549521067665263,-0.19859203822384067,1.6549521067665263,1,0.8274760533832631,train,7,1.6000000000000005,2.4000000000000004
2.3665004087107486,2.0829155810952895,0.28358482761545917,2.0829155810952895,0,0.6248746743285868,train,7,1.6000000000000005,2.4000000000000004
1.705358600998605,2.2364596467431817,-0.5311010457445766,2.2364596467431817,1,1.1182298233715908,train,7,1.6000000000000005,2.4000000000000004
1.0591906479214226,1.625606525140638,-0.5664158772192154,1.625606525140638,1,0.812803262570319,train,7,1.6000000000000005,2.4000000000000004
2.405102381123769,1.964358257684747,0.44074412343902175,1.964358257684747,1,0.9821791288423735,train,7,1.6000000000000005,2.4000000000000004
3.817903787795941,2.232138033070629,1.5857657547253123,2.232138033070629,0,0.6696414099211886,train,7,1.6000000000000005,2.4000000000000004
2.757932009636561,2.390877214490984,0.36705479514557754,2.390877214490984,0,0.7172631643472951,train,7,1.6000000000000005,2.4000000000000004
2.4617679443146927,2.067171634800774,0.3945963095139187,2.067171634800774,1,1.033585817400387,train,7,1.6000000000000005,2.4000000000000004
1.6587574264528144,1.631129838113858,0.02762758833895656,1.631129838113858,1,0.815564919056929,train,7,1.6000000000000005,2.4000000000000004
2.419295901715912,1.9571383260143225,0.4621575757015896,1.9571383260143225,1,0.9785691630071612,train,7,1.6000000000000005,2.4000000000000004
2.1063696478811176,1.7505380122346519,0.35583163564646586,1.7505380122346519,0,0.5251614036703955,train,7,1.6000000000000005,2.4000000000000004
1.541578370224086,2.1016445174841993,-0.5600661472601133,2.1016445174841993,0,0.6304933552452597,train,7,1.6000000000000005,2.4000000000000004
1.9975141879190685,1.7722542395781975,0.22525994834087115,1.7722542395781975,0,0.5316762718734592,train,7,1.6000000000000005,2.4000000000000004
2.2726505479280483,1.7207760861259975,0.551874461802051,1.7207760861259975,0,0.5162328258377993,train,7,1.6000000000000005,2.4000000000000004
1.6004329347276192,2.02891544534366,-0.4284825106160411,2.02891544534366,0,0.608674633603098,train,7,1.6000000000000005,2.4000000000000004
1.9050130803865857,1.68030943537964,0.22470364500694576,1.68030943537964,0,0.504092830613892,train,7,1.6000000000000005,2.4000000000000004
2.9392460910733287,2.1849267455845305,0.7543193454887983,2.1849267455845305,0,0.6554780236753591,train,7,1.6000000000000005,2.4000000000000004
2.9373829475920212,2.35172083155294,0.5856621160390812,2.35172083155294,0,0.705516249465882,train,7,1.6000000000000005,2.4000000000000004
2.341323622949559,2.354654547570562,-0.013330924621002606,2.354654547570562,0,0.7063963642711685,train,7,1.6000000000000005,2.4000000000000004
3.1393525715104094,1.8997908040142215,1.2395617674961878,1.8997908040142215,0,0.5699372412042665,train,7,1.6000000000000005,2.4000000000000004
2.6957441296152247,2.076600196699221,0.6191439329160036,2.076600196699221,0,0.6229800590097663,train,7,1.6000000000000005,2.4000000000000004
1.9799853472793114,2.1295861698195746,-0.1496008225402631,2.1295861698195746,1,1.0647930849097873,train,7,1.6000000000000005,2.4000000000000004
0.8270308098335233,2.0084643642026165,-1.1814335543690933,2.0084643642026165,1,1.0042321821013083,train,7,1.6000000000000005,2.4000000000000004
1.7805330741953238,1.97671406531508,-0.19618099111975634,1.97671406531508,1,0.98835703265754,train,7,1.6000000000000005,2.4000000000000004
1.687461316035047,1.6070978284681212,0.08036348756692559,1.6070978284681212,0,0.4821293485404363,train,7,1.6000000000000005,2.4000000000000004
1.4256034881196635,1.654317122852296,-0.2287136347326323,1.654317122852296,0,0.49629513685568877,train,7,1.6000000000000005,2.4000000000000004
1.9627480085973001,1.9478529827068716,0.014895025890428501,1.9478529827068716,1,0.9739264913534358,train,7,1.6000000000000005,2.4000000000000004
2.928061085265819,1.9451949047042891,0.9828661805615295,1.9451949047042891,1,0.9725974523521446,train,7,1.6000000000000005,2.4000000000000004
2.240516685573467,1.7487069484158173,0.49180973715764975,1.7487069484158173,1,0.8743534742079087,train,7,1.6000000000000005,2.4000000000000004
2.8316611204290143,2.023764253361524,0.8078968670674903,2.023764253361524,0,0.6071292760084572,train,7,1.6000000000000005,2.4000000000000004
1.2544098587185206,2.079269002352112,-0.8248591436335911,2.079269002352112,1,1.039634501176056,train,7,1.6000000000000005,2.4000000000000004
2.182518303227814,2.1767395733500674,0.005778729877746564,2.1767395733500674,0,0.6530218720050202,train,7,1.6000000000000005,2.4000000000000004
2.6439767097137206,1.8451166853113874,0.7988600244023331,1.8451166853113874,0,0.5535350055934162,train,7,1.6000000000000005,2.4000000000000004
1.4269695436131373,1.9235163718198127,-0.49654682820667545,1.9235163718198127,0,0.5770549115459438,train,7,1.6000000000000005,2.4000000000000004
3.4191915829664183,2.2582259363980217,1.1609656465683966,2.2582259363980217,0,0.6774677809194065,train,7,1.6000000000000005,2.4000000000000004
1.3047689208996913,2.069704280988238,-0.764935360088547,2.069704280988238,0,0.6209112842964715,train,7,1.6000000000000005,2.4000000000000004
1.7710798987303216,2.1652124347243653,-0.3941325359940437,2.1652124347243653,0,0.6495637304173095,train,7,1.6000000000000005,2.4000000000000004
2.9164026252246122,2.0084657973457465,0.9079368278788655,2.0084657973457465,1,1.0042328986728732,train,7,1.6000000000000005,2.4000000000000004
0.9535111366128461,2.2640493287944943,-1.3105381921816481,2.2640493287944943,0,0.6792147986383482,train,7,1.6000000000000005,2.4000000000000004
2.655888767649358,2.176542409183858,0.4793463584655,2.176542409183858,0,0.6529627227551573,train,7,1.6000000000000005,2.4000000000000004
1.5282562918002727,2.2930093463053183,-0.7647530545050455,2.2930093463053183,1,1.1465046731526591,train,7,1.6000000000000005,2.4000000000000004
1.058961588800348,1.7627278177215928,-0.7037662289212446,1.7627278177215928,1,0.8813639088607964,train,7,1.6000000000000005,2.4000000000000004
1.8565612879479318,1.8388278810269008,0.017733406921031127,1.8388278810269008,1,0.9194139405134504,train,7,1.6000000000000005,2.4000000000000004
1.9362173796902742,1.9806432176510196,-0.044425837960745326,1.9806432176510196,1,0.9903216088255098,train,7,1.6000000000000005,2.4000000000000004
2.3205822833701357,1.9948835983371749,0.32569868503296084,1.9948835983371749,1,0.9974417991685874,train,7,1.6000000000000005,2.4000000000000004
1.9848109133862144,2.0861409045742305,-0.1013299911880161,2.0861409045742305,0,0.6258422713722691,train,7,1.6000000000000005,2.4000000000000004
2.062993055217977,2.2551484616260695,-0.1921554064080924,2.2551484616260695,1,1.1275742308130348,train,7,1.6000000000000005,2.4000000000000004
1.305447427420976,2.02217907073593,-0.7167316433149539,2.02217907073593,0,0.606653721220779,train,7,1.6000000000000005,2.4000000000000004
2.508238000269739,2.3513633088190975,0.15687469145064145,2.3513633088190975,1,1.1756816544095487,train,7,1.6000000000000005,2.4000000000000004
0.673803846270955,2.1787067319898195,-1.5049028857188644,2.1787067319898195,0,0.6536120195969458,train,7,1.6000000000000005,2.4000000000000004
2.116298071726264,1.7430056125342945,0.3732924591919695,1.7430056125342945,1,0.8715028062671473,train,7,1.6000000000000005,2.4000000000000004
2.211114581211953,2.0957803332767275,0.11533424793522562,2.0957803332767275,0,0.6287340999830182,train,7,1.6000000000000005,2.4000000000000004
2.8619782688375834,2.049826707169307,0.8121515616682765,2.049826707169307,0,0.6149480121507921,train,7,1.6000000000000005,2.4000000000000004
3.045628710171442,2.2107236917097173,0.8349050184617245,2.2107236917097173,0,0.6632171075129152,train,7,1.6000000000000005,2.4000000000000004
1.3783679458324374,2.245317068170581,-0.8669491223381438,2.245317068170581,0,0.6735951204511743,train,7,1.6000000000000005,2.4000000000000004
2.183921599935085,1.8389001620422405,0.3450214378928444,1.8389001620422405,0,0.5516700486126721,train,7,1.6000000000000005,2.4000000000000004
1.2216535813333929,1.7107077653728726,-0.48905418403947964,1.7107077653728726,0,0.5132123296118618,train,7,1.6000000000000005,2.4000000000000004
1.7951874197444322,2.1083183313430913,-0.3131309115986592,2.1083183313430913,1,1.0541591656715457,train,7,1.6000000000000005,2.4000000000000004
2.062293081259461,1.6066466995460569,0.4556463817134042,1.6066466995460569,0,0.481994009863817,train,7,1.6000000000000005,2.4000000000000004
2.496369287597352,2.230866611598312,0.2655026759990405,2.230866611598312,0,0.6692599834794936,train,7,1.6000000000000005,2.4000000000000004
2.2644207251164756,2.001661914108391,0.26275881100808446,2.001661914108391,1,1.0008309570541956,train,7,1.6000000000000005,2.4000000000000004
2.3432251543893283,2.397694929229218,-0.054469774839889774,2.397694929229218,1,1.198847464614609,train,7,1.6000000000000005,2.4000000000000004
2.493456725064776,2.3872325178987848,0.10622420716599103,2.3872325178987848,0,0.7161697553696355,train,7,1.6000000000000005,2.4000000000000004
1.1011784680031906,1.7816629012666207,-0.6804844332634301,1.7816629012666207,0,0.5344988703799862,train,7,1.6000000000000005,2.4000000000000004
1.888333536023374,2.279965832151777,-0.3916322961284032,2.279965832151777,1,1.1399829160758885,train,7,1.6000000000000005,2.4000000000000004
2.6053067592408947,2.2502540285105375,0.3550527307303574,2.2502540285105375,1,1.1251270142552687,train,7,1.6000000000000005,2.4000000000000004
1.0750180837737138,1.7889074962018001,-0.7138894124280862,1.7889074962018001,1,0.8944537481009001,train,7,1.6000000000000005,2.4000000000000004
1.736112971256715,2.12548263536446,-0.38936966410774504,2.12548263536446,1,1.06274131768223,train,7,1.6000000000000005,2.4000000000000004
2.823108122603008,2.3817368012386075,0.4413713213644005,2.3817368012386075,1,1.1908684006193038,train,7,1.6000000000000005,2.4000000000000004
2.1517094722101895,2.185254811841928,-0.033545339631738315,2.185254811841928,1,1.092627405920964,train,7,1.6000000000000005,2.4000000000000004
1.17295525818282,1.6765026890407098,-0.5035474308578899,1.6765026890407098,0,0.5029508067122129,train,7,1.6000000000000005,2.4000000000000004
2.170140692709694,2.000484884755453,0.16965580795424082,2.000484884755453,0,0.6001454654266359,train,7,1.6000000000000005,2.4000000000000004
2.744105185828527,1.9698880628304172,0.7742171229981101,1.9698880628304172,1,0.9849440314152086,train,7,1.6000000000000005,2.4000000000000004
1.0031651705035216,1.6005951115547254,-0.5974299410512038,1.6005951115547254,1,0.8002975557773627,train,7,1.6000000000000005,2.4000000000000004
1.4706093736997778,2.391151152368338,-0.9205417786685604,2.391151152368338,0,0.7173453457105015,train,7,1.6000000000000005,2.4000000000000004
2.365278402700088,2.302095952940076,0.06318244976001176,2.302095952940076,1,1.151047976470038,train,7,1.6000000000000005,2.4000000000000004
1.2430285674517285,1.773768922332972,-0.5307403548812435,1.773768922332972,1,0.886884461166486,train,7,1.6000000000000005,2.4000000000000004
1.863768032234341,2.084302001050094,-0.2205339688157529,2.084302001050094,0,0.6252906003150281,train,7,1.6000000000000005,2.4000000000000004
1.6303841713687295,1.9775624964287437,-0.3471783250600143,1.9775624964287437,1,0.9887812482143719,train,7,1.6000000000000005,2.4000000000000004
1.3424613151847171,1.8872871318346247,-0.5448258166499077,1.8872871318346247,0,0.5661861395503874,train,7,1.6000000000000005,2.4000000000000004
1.9857729429985533,2.0234339618466644,-0.03766101884811111,2.0234339618466644,0,0.6070301885539993,train,7,1.6000000000000005,2.4000000000000004
2.152652724809254,2.051858488546991,0.10079423626226304,2.051858488546991,0,0.6155575465640973,train,7,1.6000000000000005,2.4000000000000004
1.5937752028347139,2.2668392009993528,-0.6730639981646389,2.2668392009993528,0,0.6800517602998059,train,7,1.6000000000000005,2.4000000000000004
2.2262165579860835,1.6502506579879916,0.575965899998092,1.6502506579879916,0,0.4950751973963975,train,7,1.6000000000000005,2.4000000000000004
2.8597731679838403,2.085093298525938,0.7746798694579026,2.085093298525938,0,0.6255279895577813,train,7,1.6000000000000005,2.4000000000000004
1.8579891314894308,2.0028901959525514,-0.1449010644631206,2.0028901959525514,1,1.0014450979762757,train,7,1.6000000000000005,2.4000000000000004
1.8053387452482494,1.7282389542604444,0.07709979098780516,1.7282389542604444,1,0.8641194771302222,train,7,1.6000000000000005,2.4000000000000004
2.5856703382511528,1.7163563828450188,0.8693139554061341,1.7163563828450188,1,0.8581781914225094,train,7,1.6000000000000005,2.4000000000000004
1.2941962541877436,2.110272689617264,-0.8160764354295204,2.110272689617264,0,0.6330818068851791,train,7,1.6000000000000005,2.4000000000000004
1.623900931097753,2.3063249122890395,-0.6824239811912866,2.3063249122890395,1,1.1531624561445197,train,7,1.6000000000000005,2.4000000000000004
1.3573671448783817,1.6262926486804576,-0.26892550380207597,1.6262926486804576,0,0.4878877946041373,train,7,1.6000000000000005,2.4000000000000004
1.8737939481287706,1.9424175211744965,-0.06862357304572578,1.9424175211744965,1,0.9712087605872483,train,7,1.6000000000000005,2.4000000000000004
2.624758686399284,2.302314458609197,0.322444227790087,2.302314458609197,0,0.690694337582759,train,7,1.6000000000000005,2.4000000000000004
2.079048046068582,1.9812056635882667,0.09784238248031546,1.9812056635882667,1,0.9906028317941333,train,7,1.6000000000000005,2.4000000000000004
0.7283160005116149,1.8940564300392746,-1.1657404295276597,1.8940564300392746,0,0.5682169290117823,train,7,1.6000000000000005,2.4000000000000004
2.3797652787073815,1.7925202014872632,0.5872450772201183,1.7925202014872632,1,0.8962601007436316,train,7,1.6000000000000005,2.4000000000000004
2.318630947842302,1.6385854217309044,0.6800455261113977,1.6385854217309044,0,0.4915756265192713,train,7,1.6000000000000005,2.4000000000000004
1.113598805766613,1.7401334233673205,-0.6265346176007075,1.7401334233673205,1,0.8700667116836602,train,7,1.6000000000000005,2.4000000000000004
2.31872515227275,2.04542034613308,0.27330480613967,2.04542034613308,1,1.02271017306654,train,7,1.6000000000000005,2.4000000000000004
1.5883634677554417,2.0240683863783206,-0.4357049186228789,2.0240683863783206,0,0.6072205159134961,train,7,1.6000000000000005,2.4000000000000004
1.7298747785159534,2.0353772404936,-0.3055024619776468,2.0353772404936,0,0.61061317214808,train,7,1.6000000000000005,2.4000000000000004
1.3725542078808524,1.8392421988933736,-0.4666879910125212,1.8392421988933736,0,0.551772659668012,train,7,1.6000000000000005,2.4000000000000004
3.1770008813127277,2.2923392249715704,0.8846616563411573,2.2923392249715704,1,1.1461696124857852,train,7,1.6000000000000005,2.4000000000000004
1.699399416247262,2.277557234837283,-0.5781578185900207,2.277557234837283,0,0.6832671704511848,train,7,1.6000000000000005,2.4000000000000004
1.8864932650440585,1.9725602933044089,-0.0860670282603503,1.9725602933044089,0,0.5917680879913226,train,7,1.6000000000000005,2.4000000000000004
2.4738479992644233,2.201086557428642,0.27276144183578155,2.201086557428642,1,1.100543278714321,train,7,1.6000000000000005,2.4000000000000004
1.6488172317935654,2.226856538213343,-0.5780393064197775,2.226856538213343,1,1.1134282691066715,train,7,1.6000000000000005,2.4000000000000004
1.6843114495635771,1.8944774788235927,-0.2101660292600157,1.8944774788235927,1,0.9472387394117964,train,7,1.6000000000000005,2.4000000000000004
1.6223793755386302,1.74185048050721,-0.11947110496857977,1.74185048050721,0,0.522555144152163,train,7,1.6000000000000005,2.4000000000000004
2.769730663653855,1.802296402920826,0.9674342607330291,1.802296402920826,0,0.5406889208762478,train,7,1.6000000000000005,2.4000000000000004
2.1672404667713843,2.4082993231085603,-0.24105885633717591,2.4082993231085603,0,0.7224897969325681,train,8,2.4000000000000004,3.2
3.965692012623772,2.8014996737189914,1.1641923389047806,2.8014996737189914,1,1.4007498368594957,train,8,2.4000000000000004,3.2
2.049975822101958,2.796618634507317,-0.7466428124053591,2.796618634507317,1,1.3983093172536585,train,8,2.4000000000000004,3.2
3.0706495581827946,2.5070636231674217,0.563585935015373,2.5070636231674217,0,0.7521190869502264,train,8,2.4000000000000004,3.2
2.369204122438929,2.5136888683636314,-0.14448474592470228,2.5136888683636314,0,0.7541066605090894,train,8,2.4000000000000004,3.2
2.737331287754542,2.574846940500863,0.16248434725367938,2.574846940500863,0,0.7724540821502589,train,8,2.4000000000000004,3.2
2.0774827667722824,2.7348065444083622,-0.6573237776360797,2.7348065444083622,1,1.3674032722041811,train,8,2.4000000000000004,3.2
4.039286718668583,2.5984809347308477,1.440805783937735,2.5984809347308477,1,1.2992404673654239,train,8,2.4000000000000004,3.2
2.29930187522207,2.4672477209322805,-0.16794584571021012,2.4672477209322805,1,1.2336238604661403,train,8,2.4000000000000004,3.2
3.894879389301318,2.6763989120403204,1.2184804772609974,2.6763989120403204,1,1.3381994560201602,train,8,2.4000000000000004,3.2
2.4842573967479,2.5334210772258574,-0.04916368047795772,2.5334210772258574,1,1.2667105386129287,train,8,2.4000000000000004,3.2
2.3716714195743926,3.1028472684261272,-0.7311758488517345,3.1028472684261272,1,1.5514236342130636,train,8,2.4000000000000004,3.2
2.676648927510808,3.1607712253013736,-0.48412229779056576,3.1607712253013736,1,1.5803856126506868,train,8,2.4000000000000004,3.2
3.221823835807098,2.430998700665856,0.7908251351412419,2.430998700665856,0,0.7292996101997569,train,8,2.4000000000000004,3.2
2.6121027179036567,2.9592859131190092,-0.3471831952153524,2.9592859131190092,1,1.4796429565595046,train,8,2.4000000000000004,3.2
2.9074393518714454,2.8582078524555277,0.049231499415917576,2.8582078524555277,0,0.8574623557366583,train,8,2.4000000000000004,3.2
3.95595198908813,3.1184056945801197,0.8375462945080102,3.1184056945801197,1,1.5592028472900599,train,8,2.4000000000000004,3.2
3.5826469550533644,2.9335191783357097,0.6491277767176546,2.9335191783357097,0,0.8800557535007129,train,8,2.4000000000000004,3.2
2.2283336709786603,2.8382702264371855,-0.6099365554585251,2.8382702264371855,1,1.4191351132185928,train,8,2.4000000000000004,3.2
2.78674295662636,2.9619419392544444,-0.17519898262808428,2.9619419392544444,1,1.4809709696272222,train,8,2.4000000000000004,3.2
3.6447966640861478,2.7091817356917325,0.9356149283944153,2.7091817356917325,0,0.8127545207075197,train,8,2.4000000000000004,3.2
2.6277708312871986,2.9555509422115667,-0.3277801109243681,2.9555509422115667,1,1.4777754711057833,train,8,2.4000000000000004,3.2
3.6362507959550903,3.0598963716004386,0.5763544243546517,3.0598963716004386,1,1.5299481858002193,train,8,2.4000000000000004,3.2
2.8992610929076363,2.772534780293813,0.1267263126138235,2.772534780293813,1,1.3862673901469065,train,8,2.4000000000000004,3.2
2.4051966601780146,3.152419527621325,-0.7472228674433105,3.152419527621325,0,0.9457258582863974,train,8,2.4000000000000004,3.2
3.2257188740131597,3.0429918160098546,0.18272705800330527,3.0429918160098546,0,0.9128975448029564,train,8,2.4000000000000004,3.2
2.8276591233167157,3.1866873985794664,-0.3590282752627509,3.1866873985794664,1,1.5933436992897332,train,8,2.4000000000000004,3.2
2.609548523480859,2.535709006067014,0.07383951741384476,2.535709006067014,1,1.267854503033507,train,8,2.4000000000000004,3.2
2.3423655591487087,2.816867769167838,-0.47450221001912923,2.816867769167838,1,1.408433884583919,train,8,2.4000000000000004,3.2
3.5427504536563124,3.1564139335809926,0.38633652007531954,3.1564139335809926,0,0.9469241800742978,train,8,2.4000000000000004,3.2
2.8838421353638064,2.9196323705283813,-0.03579023516457511,2.9196323705283813,1,1.4598161852641907,train,8,2.4000000000000004,3.2
3.6366134823899587,3.0886655385805577,0.5479479438094009,3.0886655385805577,0,0.9265996615741673,train,8,2.4000000000000004,3.2
2.5223303180904457,3.1766768096721805,-0.6543464915817345,3.1766768096721805,0,0.953003042901654,train,8,2.4000000000000004,3.2
2.4435229214670997,2.548433349547569,-0.10491042808046915,2.548433349547569,1,1.2742166747737844,train,8,2.4000000000000004,3.2
3.233659996079998,2.594492540250727,0.6391674558292707,2.594492540250727,1,1.2972462701253635,train,8,2.4000000000000004,3.2
3.8410587511878505,3.0987206744809,0.7423380767069502,3.0987206744809,0,0.92961620234427,train,8,2.4000000000000004,3.2
3.7368994033727194,3.125021821538806,0.6118775818339132,3.125021821538806,1,1.562510910769403,train,8,2.4000000000000004,3.2
3.523034785141486,3.0066223894373194,0.5164123957041664,3.0066223894373194,1,1.5033111947186597,train,8,2.4000000000000004,3.2
2.238061249369444,2.677521563020416,-0.43946031365097227,2.677521563020416,1,1.338760781510208,train,8,2.4000000000000004,3.2
3.034962665307135,2.770827771187246,0.26413489411988855,2.770827771187246,1,1.385413885593623,train,8,2.4000000000000004,3.2
3.2760686393399494,2.888430192678504,0.3876384466614454,2.888430192678504,1,1.444215096339252,train,8,2.4000000000000004,3.2
2.9541731130710183,2.79702537413695,0.1571477389340685,2.79702537413695,1,1.398512687068475,train,8,2.4000000000000004,3.2
3.206708415829876,2.782379210830678,0.4243292049991983,2.782379210830678,0,0.8347137632492033,train,8,2.4000000000000004,3.2
2.486453127580523,2.748444371813077,-0.2619912442325538,2.748444371813077,1,1.3742221859065384,train,8,2.4000000000000004,3.2
3.5726181403844155,3.096326637141225,0.47629150324319053,3.096326637141225,1,1.5481633185706125,train,8,2.4000000000000004,3.2
2.393555070310665,2.5498869176491374,-0.15633184733847266,2.5498869176491374,1,1.2749434588245687,train,8,2.4000000000000004,3.2
2.4463429733537447,2.9501392745541404,-0.5037963012003958,2.9501392745541404,0,0.8850417823662421,train,8,2.4000000000000004,3.2
2.0749989490497316,2.962823339041111,-0.8878243899913795,2.962823339041111,0,0.8888470017123332,train,8,2.4000000000000004,3.2
3.8045970220643457,3.140160061816886,0.6644369602474596,3.140160061816886,1,1.570080030908443,train,8,2.4000000000000004,3.2
1.7135114955068538,2.431563854139414,-0.7180523586325601,2.431563854139414,0,0.7294691562418242,train,8,2.4000000000000004,3.2
2.301354908301068,2.9176933708360893,-0.6163384625350213,2.9176933708360893,1,1.4588466854180446,train,8,2.4000000000000004,3.2
1.9677658352247467,2.9104431877739083,-0.9426773525491615,2.9104431877739083,0,0.8731329563321725,train,8,2.4000000000000004,3.2
3.9951437023159437,2.769358129976558,1.2257855723393856,2.769358129976558,1,1.384679064988279,train,8,2.4000000000000004,3.2
3.5764383878583192,2.442447539588315,1.133990848270004,2.442447539588315,1,1.2212237697941575,train,8,2.4000000000000004,3.2
1.9516597739747685,2.430856738529887,-0.47919696455511845,2.430856738529887,1,1.2154283692649435,train,8,2.4000000000000004,3.2
1.4407529267448802,2.535625131366302,-1.0948722046214217,2.535625131366302,0,0.7606875394098905,train,8,2.4000000000000004,3.2
2.570006295061485,3.035638309582832,-0.4656320145213471,3.035638309582832,0,0.9106914928748495,train,8,2.4000000000000004,3.2
2.1415271992516693,2.530084837248065,-0.3885576379963959,2.530084837248065,0,0.7590254511744196,train,8,2.4000000000000004,3.2
2.218590195035783,2.510990959823642,-0.29240076478785926,2.510990959823642,1,1.255495479911821,train,8,2.4000000000000004,3.2
2.907491893022991,2.682333562586146,0.2251583304368452,2.682333562586146,0,0.8047000687758438,train,8,2.4000000000000004,3.2
2.1659949390418194,2.787598764122242,-0.6216038250804226,2.787598764122242,0,0.8362796292366725,train,8,2.4000000000000004,3.2
2.877834721406105,2.958189108099022,-0.08035438669291725,2.958189108099022,1,1.479094554049511,train,8,2.4000000000000004,3.2
3.271852487546403,3.040925145356549,0.23092734218985356,3.040925145356549,0,0.9122775436069647,train,8,2.4000000000000004,3.2
2.8260576505205974,2.613419501657553,0.21263814886304402,2.613419501657553,1,1.3067097508287766,train,8,2.4000000000000004,3.2
3.3331635420426693,3.1275809674066,0.20558257463606897,3.1275809674066,1,1.5637904837033,train,8,2.4000000000000004,3.2
2.0599130594939745,2.418293559975742,-0.35838050048176767,2.418293559975742,0,0.7254880679927226,train,8,2.4000000000000004,3.2
2.5869692728421225,2.7000982099966193,-0.11312893715449662,2.7000982099966193,0,0.8100294629989858,train,8,2.4000000000000004,3.2
2.979901646193733,2.5597066629185803,0.42019498327515287,2.5597066629185803,0,0.767911998875574,train,8,2.4000000000000004,3.2
1.8788701247275996,2.6742441833291286,-0.795374058601529,2.6742441833291286,0,0.8022732549987386,train,8,2.4000000000000004,3.2
3.3175069046251267,2.7552898360352374,0.5622170685898891,2.7552898360352374,1,1.3776449180176187,train,8,2.4000000000000004,3.2
2.5280978727937033,2.7985116882894343,-0.2704138154957308,2.7985116882894343,1,1.3992558441447172,train,8,2.4000000000000004,3.2
3.290154538782811,2.7314770598396976,0.5586774789431134,2.7314770598396976,0,0.8194431179519093,train,8,2.4000000000000004,3.2
1.4881460019978328,2.57140477030795,-1.0832587683101174,2.57140477030795,1,1.285702385153975,train,8,2.4000000000000004,3.2
2.8315510349694963,2.57331177018149,0.25823926478800635,2.57331177018149,0,0.771993531054447,train,8,2.4000000000000004,3.2
2.2454693541113,2.5858457017971994,-0.340376347685899,2.5858457017971994,0,0.7757537105391598,train,8,2.4000000000000004,3.2
3.6252419345022786,2.9832684965011302,0.6419734380011484,2.9832684965011302,1,1.4916342482505651,train,8,2.4000000000000004,3.2
2.6601291846196875,2.732734933611834,-0.07260574899214618,2.732734933611834,0,0.8198204800835501,train,8,2.4000000000000004,3.2
2.247435714741206,2.8671185424110397,-0.6196828276698337,2.8671185424110397,1,1.4335592712055198,train,8,2.4000000000000004,3.2
3.2966378007742825,2.7954692841061655,0.5011685166681171,2.7954692841061655,1,1.3977346420530827,train,8,2.4000000000000004,3.2
2.232885278626278,2.7440374513689494,-0.5111521727426716,2.7440374513689494,0,0.8232112354106847,train,8,2.4000000000000004,3.2
2.276847761937577,2.9878126536289358,-0.7109648916913588,2.9878126536289358,1,1.4939063268144679,train,8,2.4000000000000004,3.2
2.226522040520977,2.8449731894429195,-0.6184511489219425,2.8449731894429195,0,0.8534919568328758,train,8,2.4000000000000004,3.2
2.0931733671055297,2.6421045133280057,-0.5489311462224759,2.6421045133280057,0,0.7926313539984017,train,8,2.4000000000000004,3.2
2.6821139095855853,3.176638555850765,-0.4945246462651797,3.176638555850765,1,1.5883192779253825,train,8,2.4000000000000004,3.2
2.137475852860269,2.579874089698644,-0.44239823683837504,2.579874089698644,0,0.7739622269095932,train,8,2.4000000000000004,3.2
3.0255537420792855,2.5110153255637386,0.514538416515547,2.5110153255637386,1,1.2555076627818693,train,8,2.4000000000000004,3.2
3.4602583110347793,2.8919459802897753,0.5683123307450041,2.8919459802897753,0,0.8675837940869325,train,8,2.4000000000000004,3.2
3.5117262905712967,2.793543151427797,0.7181831391434997,2.793543151427797,1,1.3967715757138985,train,8,2.4000000000000004,3.2
3.685372619800403,2.546522186922577,1.1388504328778264,2.546522186922577,1,1.2732610934612885,train,8,2.4000000000000004,3.2
2.8023221947982653,2.48744841213176,0.3148737826665054,2.48744841213176,1,1.24372420606588,train,8,2.4000000000000004,3.2
2.747312730004967,2.831660419938739,-0.08434768993377222,2.831660419938739,0,0.8494981259816218,train,8,2.4000000000000004,3.2
1.8565500807692974,2.6314394252385953,-0.774889344469298,2.6314394252385953,1,1.3157197126192977,train,8,2.4000000000000004,3.2
2.197732820553856,2.482443241476899,-0.2847104209230426,2.482443241476899,0,0.7447329724430697,train,8,2.4000000000000004,3.2
2.7888417928714477,2.7924812385394526,-0.0036394456680050426,2.7924812385394526,1,1.3962406192697263,train,8,2.4000000000000004,3.2
3.6905922715952317,2.905673347785964,0.7849189238092674,2.905673347785964,0,0.8717020043357893,train,8,2.4000000000000004,3.2
2.0394392356585302,2.4303753735415587,-0.39093613788302856,2.4303753735415587,1,1.2151876867707794,train,8,2.4000000000000004,3.2
3.7616643891886747,2.8000863363534076,0.9615780528352673,2.8000863363534076,0,0.8400259009060222,train,8,2.4000000000000004,3.2
3.405551405939672,2.4668347439435565,0.9387166619961157,2.4668347439435565,0,0.7400504231830669,train,8,2.4000000000000004,3.2
2.878216210977782,3.033054587795501,-0.15483837681771886,3.033054587795501,0,0.9099163763386503,train,8,2.4000000000000004,3.2
2.7908961114708157,3.0064288199382174,-0.2155327084674017,3.0064288199382174,1,1.5032144099691087,train,8,2.4000000000000004,3.2
2.6156943987876704,2.6098185766423616,0.005875822145308713,2.6098185766423616,0,0.7829455729927085,train,8,2.4000000000000004,3.2
2.0067284234401184,2.4806868728361775,-0.473958449396059,2.4806868728361775,1,1.2403434364180888,train,8,2.4000000000000004,3.2
2.4714736304365688,3.133754164928347,-0.6622805344917785,3.133754164928347,0,0.9401262494785041,train,8,2.4000000000000004,3.2
2.4757065640969973,2.8139681934150644,-0.33826162931806725,2.8139681934150644,1,1.4069840967075322,train,8,2.4000000000000004,3.2
2.795640805333619,2.5068317407387473,0.2888090645948716,2.5068317407387473,1,1.2534158703693736,train,8,2.4000000000000004,3.2
1.1196033965210066,2.4900344912346855,-1.3704310947136789,2.4900344912346855,0,0.7470103473704056,train,8,2.4000000000000004,3.2
3.4892738892812,3.073312918731262,0.41596097054993836,3.073312918731262,1,1.536656459365631,train,8,2.4000000000000004,3.2
3.8115677530263685,2.8368597892243375,0.9747079638020313,2.8368597892243375,0,0.8510579367673012,train,8,2.4000000000000004,3.2
3.3469527799018803,2.608813266518023,0.7381395133838574,2.608813266518023,1,1.3044066332590114,train,8,2.4000000000000004,3.2
3.850123279077513,2.8606604142558916,0.9894628648216216,2.8606604142558916,0,0.8581981242767674,train,8,2.4000000000000004,3.2
1.759522336421921,2.6510820854223383,-0.8915597490004172,2.6510820854223383,1,1.3255410427111691,train,8,2.4000000000000004,3.2
2.387163205157641,3.0332985482453934,-0.6461353430877524,3.0332985482453934,1,1.5166492741226967,train,8,2.4000000000000004,3.2
3.745220748099218,2.7944725747223673,0.9507481733768504,2.7944725747223673,0,0.8383417724167102,train,8,2.4000000000000004,3.2
3.404962868598581,3.1721265467680375,0.23283632183054334,3.1721265467680375,0,0.9516379640304112,train,8,2.4000000000000004,3.2
3.5815336447139243,2.816249555597723,0.7652840891162012,2.816249555597723,0,0.8448748666793169,train,8,2.4000000000000004,3.2
3.2489995442371633,3.1224172763978157,0.12658226783934753,3.1224172763978157,1,1.5612086381989079,train,8,2.4000000000000004,3.2
2.9717450923611657,2.599843648481854,0.37190144387931184,2.599843648481854,1,1.299921824240927,train,8,2.4000000000000004,3.2
2.21581227322403,2.8171898425471524,-0.6013775693231224,2.8171898425471524,1,1.4085949212735762,train,8,2.4000000000000004,3.2
2.4850299149592203,2.8045965467120038,-0.3195666317527832,2.8045965467120038,1,1.4022982733560019,train,8,2.4000000000000004,3.2
3.6120737288725238,3.050457184582611,0.5616165442899127,3.050457184582611,0,0.9151371553747834,train,8,2.4000000000000004,3.2
2.5661080254277047,2.4585553769846644,0.10755264844304036,2.4585553769846644,0,0.7375666130953993,train,8,2.4000000000000004,3.2
3.0467607431246266,3.0689656005957966,-0.022204857471170125,3.0689656005957966,1,1.5344828002978983,train,8,2.4000000000000004,3.2
3.5489845242375466,3.043388508303064,0.5055960159344828,3.043388508303064,1,1.521694254151532,train,8,2.4000000000000004,3.2
2.2370917919543514,2.725057016682453,-0.4879652247281015,2.725057016682453,1,1.3625285083412264,train,8,2.4000000000000004,3.2
1.4253981204461057,2.4291609986577343,-1.0037628782116286,2.4291609986577343,0,0.7287482995973202,train,8,2.4000000000000004,3.2
2.50347218171372,3.013803285562061,-0.5103311038483407,3.013803285562061,0,0.9041409856686182,train,8,2.4000000000000004,3.2
2.7741128514187445,2.943142055224482,-0.16902920380573747,2.943142055224482,1,1.471571027612241,train,8,2.4000000000000004,3.2
4.047101964721831,3.1351431106059344,0.9119588541158967,3.1351431106059344,1,1.5675715553029672,train,8,2.4000000000000004,3.2
2.272632113956045,2.848148497841646,-0.575516383885601,2.848148497841646,1,1.424074248920823,train,8,2.4000000000000004,3.2
3.609409533370462,3.1741751677805916,0.4352343655898703,3.1741751677805916,1,1.5870875838902958,train,8,2.4000000000000004,3.2
2.979964659203346,2.6467074808605466,0.33325717834279944,2.6467074808605466,0,0.794012244258164,train,8,2.4000000000000004,3.2
3.168961885675896,2.671111972892282,0.497849912783614,2.671111972892282,0,0.8013335918676846,train,8,2.4000000000000004,3.2
3.8660203489273277,2.9847054491575737,0.8813148997697542,2.9847054491575737,0,0.8954116347472721,train,8,2.4000000000000004,3.2
2.958802557217875,2.9610959247474495,-0.002293367529574803,2.9610959247474495,1,1.4805479623737248,train,8,2.4000000000000004,3.2
3.6147712397739777,2.9802791374930018,0.634492102280976,2.9802791374930018,0,0.8940837412479005,train,8,2.4000000000000004,3.2
2.524955222127594,3.115154195253509,-0.5901989731259147,3.115154195253509,1,1.5575770976267544,train,8,2.4000000000000004,3.2
3.624535707930666,2.973319269914779,0.6512164380158869,2.973319269914779,1,1.4866596349573895,train,8,2.4000000000000004,3.2
3.165241185300857,2.9457222161371224,0.2195189691637343,2.9457222161371224,0,0.8837166648411366,train,8,2.4000000000000004,3.2
2.4187009218557485,3.07449347364169,-0.6557925517859411,3.07449347364169,0,0.9223480420925069,train,8,2.4000000000000004,3.2
1.5742121752252145,2.9160951987961385,-1.341883023570924,2.9160951987961385,0,0.8748285596388415,train,8,2.4000000000000004,3.2
2.5680657846699595,2.642159110503007,-0.0740933258330477,2.642159110503007,1,1.3210795552515036,train,8,2.4000000000000004,3.2
2.956045561522044,3.06302496179966,-0.1069794002776157,3.06302496179966,0,0.9189074885398979,train,8,2.4000000000000004,3.2
3.925627962827571,2.5957756381410797,1.3298523246864915,2.5957756381410797,0,0.7787326914423239,train,8,2.4000000000000004,3.2
4.3148134321426,2.963024554393985,1.3517888777486153,2.963024554393985,1,1.4815122771969924,train,8,2.4000000000000004,3.2
2.2248859482877994,2.82871059267491,-0.6038246443871108,2.82871059267491,0,0.848613177802473,train,8,2.4000000000000004,3.2
3.306971163604754,2.7046476149988106,0.6023235486059436,2.7046476149988106,1,1.3523238074994053,train,8,2.4000000000000004,3.2
2.4683738974896583,2.5428943481270823,-0.07452045063742388,2.5428943481270823,0,0.7628683044381247,train,8,2.4000000000000004,3.2
3.017184394833087,3.108665283546445,-0.09148088871335786,3.108665283546445,0,0.9325995850639334,train,8,2.4000000000000004,3.2
1.6835209954836987,2.46418679478783,-0.7806657993041314,2.46418679478783,1,1.232093397393915,train,8,2.4000000000000004,3.2
2.878323389988886,3.0428709176604123,-0.16454752767152642,3.0428709176604123,1,1.5214354588302061,train,8,2.4000000000000004,3.2
3.081554926170564,3.817056514613397,-0.7355015884428329,3.817056514613397,1,1.9085282573066984,train,9,3.2,4.0
3.0835256776478253,3.2166015594875215,-0.13307588183969635,3.2166015594875215,1,1.6083007797437607,train,9,3.2,4.0
4.510874373915552,3.7069185879410202,0.803955785974532,3.7069185879410202,1,1.8534592939705101,train,9,3.2,4.0
3.8166289325967915,3.7990431060308896,0.017585826565901852,3.7990431060308896,1,1.8995215530154448,train,9,3.2,4.0
4.790037057495706,3.5988056098420724,1.1912314476536332,3.5988056098420724,0,1.0796416829526216,train,9,3.2,4.0
4.248136676825611,3.379837316424678,0.8682993604009334,3.379837316424678,1,1.689918658212339,train,9,3.2,4.0
3.185872643617351,3.3584502918076993,-0.17257764819034838,3.3584502918076993,0,1.0075350875423097,train,9,3.2,4.0
2.992838225895568,3.808424569759167,-0.8155863438635993,3.808424569759167,0,1.1425273709277501,train,9,3.2,4.0
3.306463874112376,3.3352886692500285,-0.028824795137652386,3.3352886692500285,1,1.6676443346250143,train,9,3.2,4.0
2.9821994472599944,3.2706718513392086,-0.2884724040792142,3.2706718513392086,1,1.6353359256696043,train,9,3.2,4.0
3.9749397062734433,3.748287854694238,0.22665185157920514,3.748287854694238,1,1.874143927347119,train,9,3.2,4.0
4.931359461443228,3.962714676955949,0.9686447844872789,3.962714676955949,1,1.9813573384779746,train,9,3.2,4.0
2.5292961919277017,3.2031586130623317,-0.6738624211346298,3.2031586130623317,0,0.9609475839186995,train,9,3.2,4.0
3.3765170425957347,3.6097538107086216,-0.23323676811288674,3.6097538107086216,1,1.8048769053543108,train,9,3.2,4.0
4.049506739040601,3.850096769321691,0.19940996971891004,3.850096769321691,0,1.1550290307965072,train,9,3.2,4.0
4.3710047573126545,3.6900208534635106,0.6809839038491434,3.6900208534635106,0,1.1070062560390532,train,9,3.2,4.0
4.083832900784158,3.7774042539454395,0.3064286468387177,3.7774042539454395,0,1.1332212761836318,train,9,3.2,4.0
3.682079439252912,3.4335008545365064,0.24857858471640557,3.4335008545365064,1,1.7167504272682532,train,9,3.2,4.0
4.740948952029919,3.9342192980103547,0.8067296540195645,3.9342192980103547,1,1.9671096490051774,train,9,3.2,4.0
4.067769817067126,3.7716606267181527,0.29610919034897315,3.7716606267181527,1,1.8858303133590764,train,9,3.2,4.0
3.4918329836949207,3.634035494409009,-0.14220251071408863,3.634035494409009,0,1.0902106483227028,train,9,3.2,4.0
3.3481071281748327,3.3137360380812217,0.03437109009361085,3.3137360380812217,0,0.9941208114243665,train,9,3.2,4.0
3.0744297398008773,3.4986726080411756,-0.4242428682402983,3.4986726080411756,1,1.7493363040205878,train,9,3.2,4.0
4.067305794573797,3.7393068920530763,0.32799890252072067,3.7393068920530763,1,1.8696534460265382,train,9,3.2,4.0
4.118966784902481,3.553466539538397,0.565500245364084,3.553466539538397,0,1.066039961861519,train,9,3.2,4.0
1.759453132029955,3.547211194666635,-1.7877580626366802,3.547211194666635,0,1.0641633583999905,train,9,3.2,4.0
4.425102892986082,3.6942135827754536,0.7308893102106284,3.6942135827754536,1,1.8471067913877268,train,9,3.2,4.0
3.5765981601939583,3.6105105940435127,-0.03391243384955431,3.6105105940435127,0,1.0831531782130537,train,9,3.2,4.0
3.996850816984493,3.7203177455451737,0.27653307143931954,3.7203177455451737,1,1.8601588727725868,train,9,3.2,4.0
4.078255569758415,3.6808311627236354,0.3974244070347798,3.6808311627236354,1,1.8404155813618177,train,9,3.2,4.0
2.4671165600886233,3.844178557466197,-1.377061997377574,3.844178557466197,0,1.1532535672398592,train,9,3.2,4.0
2.8997601350367965,3.6173177219149073,-0.7175575868781106,3.6173177219149073,1,1.8086588609574537,train,9,3.2,4.0
3.7270584073642334,3.9269191046469345,-0.199860697282701,3.9269191046469345,0,1.1780757313940804,train,9,3.2,4.0
2.98055440861037,3.4553888711908365,-0.47483446258046624,3.4553888711908365,1,1.7276944355954182,train,9,3.2,4.0
3.43687114787279,3.272367479416726,0.1645036684560641,3.272367479416726,0,0.9817102438250177,train,9,3.2,4.0
3.131614091826212,3.440560045308963,-0.30894595348275106,3.440560045308963,1,1.7202800226544814,train,9,3.2,4.0
2.2645447711982816,3.29118748949084,-1.0266427182925586,3.29118748949084,1,1.64559374474542,train,9,3.2,4.0
4.230323448545271,3.8629450610461413,0.3673783874991302,3.8629450610461413,1,1.9314725305230707,train,9,3.2,4.0
3.897594679919397,3.2375170555114,0.6600776244079972,3.2375170555114,0,0.9712551166534199,train,9,3.2,4.0
4.039641234480785,3.701029718649114,0.33861151583167076,3.701029718649114,1,1.850514859324557,train,9,3.2,4.0
3.210389262639159,3.638068924735395,-0.42767966209623587,3.638068924735395,0,1.0914206774206185,train,9,3.2,4.0
3.69891390940355,3.8554295965360548,-0.156515687132505,3.8554295965360548,0,1.1566288789608163,train,9,3.2,4.0
3.688214871520545,3.35915803174305,0.3290568397774949,3.35915803174305,1,1.679579015871525,train,9,3.2,4.0
4.2473996721045415,3.8854802419661865,0.36191943013835515,3.8854802419661865,1,1.9427401209830932,train,9,3.2,4.0
4.085438794720564,3.4813221115456705,0.6041166831748935,3.4813221115456705,1,1.7406610557728353,train,9,3.2,4.0
3.62706254878992,3.803718153223886,-0.1766556044339657,3.803718153223886,0,1.1411154459671657,train,9,3.2,4.0
2.584241056411203,3.4367693655037432,-0.8525283090925405,3.4367693655037432,0,1.031030809651123,train,9,3.2,4.0
3.4997811188769243,3.907149183648949,-0.40736806477202453,3.907149183648949,0,1.1721447550946846,train,9,3.2,4.0
3.7807401958523243,3.460409310265799,0.32033088558652506,3.460409310265799,1,1.7302046551328996,train,9,3.2,4.0
3.7783973604468737,3.332012718175319,0.4463846422715548,3.332012718175319,0,0.9996038154525957,train,9,3.2,4.0
4.849053178451187,3.51402339515727,1.3350297832939166,3.51402339515727,0,1.054207018547181,train,9,3.2,4.0
3.3450771517636104,3.2747682996469205,0.0703088521166899,3.2747682996469205,0,0.9824304898940761,train,9,3.2,4.0
4.003653238428536,3.8568845262695426,0.14676871215899387,3.8568845262695426,0,1.1570653578808627,train,9,3.2,4.0
3.214542322126711,3.320921615714051,-0.10637929358734034,3.320921615714051,0,0.9962764847142153,train,9,3.2,4.0
3.2638538423643046,3.5072915589537597,-0.2434377165894552,3.5072915589537597,0,1.0521874676861278,train,9,3.2,4.0
4.42447368401641,3.955408569791041,0.469065114225369,3.955408569791041,1,1.9777042848955204,train,9,3.2,4.0
4.202186948203808,3.990100379921498,0.21208656828230996,3.990100379921498,0,1.1970301139764492,train,9,3.2,4.0
3.4406759462429646,3.5650436376758274,-0.12436769143286265,3.5650436376758274,1,1.7825218188379137,train,9,3.2,4.0
3.213079844698883,3.860898275074192,-0.6478184303753092,3.860898275074192,0,1.1582694825222575,train,9,3.2,4.0
3.3272574102595636,3.4010993073656475,-0.07384189710608395,3.4010993073656475,0,1.020329792209694,train,9,3.2,4.0
3.4433080074008657,3.6778973185847077,-0.23458931118384208,3.6778973185847077,0,1.1033691955754124,train,9,3.2,4.0
4.675369647291045,3.922265408265302,0.7531042390257429,3.922265408265302,1,1.961132704132651,train,9,3.2,4.0
4.1959220059465645,3.627646359041452,0.5682756469051126,3.627646359041452,1,1.813823179520726,train,9,3.2,4.0
3.0587746750219016,3.6721610903883386,-0.6133864153664369,3.6721610903883386,1,1.8360805451941693,train,9,3.2,4.0
3.9317264348227807,3.2314254137803102,0.7003010210424704,3.2314254137803102,1,1.6157127068901551,train,9,3.2,4.0
3.142559318934969,3.485745406907629,-0.34318608797265987,3.485745406907629,1,1.7428727034538145,train,9,3.2,4.0
3.3435729702474064,3.2636904721247717,0.0798824981226348,3.2636904721247717,0,0.9791071416374315,train,9,3.2,4.0
4.1660142590561975,3.4443679346742546,0.7216463243819429,3.4443679346742546,1,1.7221839673371273,train,9,3.2,4.0
2.8497236693585353,3.4645754495857055,-0.6148517802271702,3.4645754495857055,1,1.7322877247928528,train,9,3.2,4.0
3.915303734734012,3.819064236968477,0.09623949776553525,3.819064236968477,1,1.9095321184842384,train,9,3.2,4.0
2.5536821946683776,3.231967366951982,-0.6782851722836045,3.231967366951982,1,1.615983683475991,train,9,3.2,4.0
2.3788139341318537,3.5435937427453106,-1.1647798086134566,3.5435937427453106,0,1.063078122823593,train,9,3.2,4.0
4.04390018761295,3.451941497474151,0.5919586901387985,3.451941497474151,0,1.0355824492422452,train,9,3.2,4.0
3.726129334833508,3.709192914454036,0.01693642037947192,3.709192914454036,1,1.854596457227018,train,9,3.2,4.0
2.9836571613656275,3.4770777200640266,-0.49342055869839885,3.4770777200640266,1,1.7385388600320133,train,9,3.2,4.0
2.2825468284552866,3.234477884963996,-0.9519310565087091,3.234477884963996,1,1.617238942481998,train,9,3.2,4.0
3.6630484479913004,3.9039321396143327,-0.24088369162303241,3.9039321396143327,0,1.1711796418842997,train,9,3.2,4.0
4.6159000402679595,3.810592469714945,0.8053075705530149,3.810592469714945,1,1.9052962348574725,train,9,3.2,4.0
4.143958770272955,3.9024773141798867,0.24148145609306843,3.9024773141798867,1,1.9512386570899434,train,9,3.2,4.0
3.3103504652092934,3.5340073150714137,-0.2236568498621204,3.5340073150714137,0,1.0602021945214242,train,9,3.2,4.0
3.281247989633998,3.6844620515150055,-0.40321406188100756,3.6844620515150055,0,1.1053386154545015,train,9,3.2,4.0
3.674260551604084,3.610773301926631,0.06348724967745323,3.610773301926631,0,1.0832319905779892,train,9,3.2,4.0
2.7498860838198618,3.678269318370379,-0.9283832345505174,3.678269318370379,0,1.1034807955111137,train,9,3.2,4.0
4.2166564352824984,3.4097725289055605,0.8068839063769382,3.4097725289055605,0,1.0229317586716682,train,9,3.2,4.0
3.7426105561344594,3.440697047152566,0.30191350898189334,3.440697047152566,1,1.720348523576283,train,9,3.2,4.0
3.936930187118033,3.220319825640085,0.7166103614779477,3.220319825640085,1,1.6101599128200426,train,9,3.2,4.0
3.1043466458031417,3.442450048520828,-0.3381034027176861,3.442450048520828,1,1.721225024260414,train,9,3.2,4.0
3.9065579541104225,3.393660700322822,0.5128972537876005,3.393660700322822,0,1.0180982100968465,train,9,3.2,4.0
4.05880538632703,3.6460625509301154,0.4127428353969147,3.6460625509301154,1,1.8230312754650577,train,9,3.2,4.0
2.732564384936425,3.652405615910534,-0.9198412309741093,3.652405615910534,1,1.826202807955267,train,9,3.2,4.0
3.6694822185181737,3.5801057979320405,0.08937642058613295,3.5801057979320405,1,1.7900528989660203,train,9,3.2,4.0
3.6233050819646073,3.4342383810316073,0.18906670093300007,3.4342383810316073,1,1.7171191905158036,train,9,3.2,4.0
2.906450250124392,3.2514008485558596,-0.34495059843146764,3.2514008485558596,1,1.6257004242779298,train,9,3.2,4.0
3.7669526359484427,3.983055316606114,-0.21610268065767144,3.983055316606114,1,1.991527658303057,train,9,3.2,4.0
3.7334774528299346,3.471766274910291,0.2617111779196434,3.471766274910291,1,1.7358831374551456,train,9,3.2,4.0
3.573288175498143,3.5960389047059635,-0.022750729207820414,3.5960389047059635,1,1.7980194523529818,train,9,3.2,4.0
3.3788347692224883,3.9816645807381454,-0.6028298115156573,3.9816645807381454,1,1.9908322903690727,train,9,3.2,4.0
3.907490911898727,3.5526190599205334,0.35487185197819354,3.5526190599205334,0,1.06578571797616,train,9,3.2,4.0
3.591308662690286,3.4546182443831612,0.13669041830712467,3.4546182443831612,0,1.0363854733149482,train,9,3.2,4.0
3.765344783432105,3.615837588700304,0.14950719473180116,3.615837588700304,1,1.807918794350152,train,9,3.2,4.0
3.719967085948605,3.6625091439059743,0.05745794204263094,3.6625091439059743,0,1.0987527431717923,train,9,3.2,4.0
4.1525600388166835,3.883147000400389,0.2694130384162939,3.883147000400389,0,1.1649441001201166,train,9,3.2,4.0
3.082876614234568,3.25447781883036,-0.1716012045957924,3.25447781883036,0,0.976343345649108,train,9,3.2,4.0
3.0539696665852603,3.571624646223466,-0.517654979638206,3.571624646223466,1,1.785812323111733,train,9,3.2,4.0
3.380464391633074,3.8255592948953185,-0.4450949032622446,3.8255592948953185,1,1.9127796474476593,train,9,3.2,4.0
4.43822733000064,3.7748822483058,0.6633450816948391,3.7748822483058,1,1.8874411241529,train,9,3.2,4.0
2.4581863924378906,3.6688175840425408,-1.21063119160465,3.6688175840425408,0,1.1006452752127622,train,9,3.2,4.0
3.553999958448285,3.2296755305875267,0.3243244278607581,3.2296755305875267,1,1.6148377652937633,train,9,3.2,4.0
2.615145783457735,3.4805251130265065,-0.8653793295687715,3.4805251130265065,0,1.0441575339079519,train,9,3.2,4.0
2.685242329891326,3.650552547594196,-0.9653102177028701,3.650552547594196,1,1.825276273797098,train,9,3.2,4.0
2.835842760862045,3.4397838979396504,-0.6039411370776053,3.4397838979396504,1,1.7198919489698252,train,9,3.2,4.0
3.45534714773796,3.6098673226188396,-0.15452017488087968,3.6098673226188396,1,1.8049336613094198,train,9,3.2,4.0
4.1770780085114945,3.7387735402277764,0.4383044682837182,3.7387735402277764,0,1.1216320620683329,train,9,3.2,4.0
2.308314092005327,3.327354986702475,-1.019040894697148,3.327354986702475,1,1.6636774933512375,train,9,3.2,4.0
4.244827463477925,3.2403821361231984,1.004445327354727,3.2403821361231984,1,1.6201910680615992,train,9,3.2,4.0
4.168486929752765,3.4702527096517435,0.6982342201010213,3.4702527096517435,0,1.041075812895523,train,9,3.2,4.0
3.2069068626326587,3.2864510182235622,-0.07954415559090341,3.2864510182235622,0,0.9859353054670686,train,9,3.2,4.0
3.168974761689394,3.3431222468568724,-0.1741474851674784,3.3431222468568724,1,1.6715611234284362,train,9,3.2,4.0
3.3365422263642808,3.9086616769341647,-0.5721194505698839,3.9086616769341647,1,1.9543308384670823,train,9,3.2,4.0
3.845116333256609,3.4922919769712926,0.35282435628531655,3.4922919769712926,0,1.0476875930913878,train,9,3.2,4.0
3.4162963617889694,3.3750154793436296,0.04128088244534,3.3750154793436296,0,1.012504643803089,train,9,3.2,4.0
4.649235518829069,3.8019969361748824,0.8472385826541864,3.8019969361748824,0,1.1405990808524646,train,9,3.2,4.0
2.873774298587387,3.2855036675148557,-0.41172936892746875,3.2855036675148557,0,0.9856511002544567,train,9,3.2,4.0
4.124448948724848,3.7956825926204485,0.3287663561043994,3.7956825926204485,1,1.8978412963102242,train,9,3.2,4.0
3.553998712071067,3.5758282347523958,-0.021829522681328813,3.5758282347523958,1,1.7879141173761979,train,9,3.2,4.0
3.1703947851963754,3.6786045370232876,-0.508209751826912,3.6786045370232876,0,1.1035813611069862,train,9,3.2,4.0
4.45947857880744,3.3180961538282383,1.141382424979202,3.3180961538282383,0,0.9954288461484715,train,9,3.2,4.0
3.514991092982528,3.3472278576745214,0.16776323530800658,3.3472278576745214,1,1.6736139288372607,train,9,3.2,4.0
4.088210402082675,3.7160577011745937,0.3721527009080813,3.7160577011745937,0,1.114817310352378,train,9,3.2,4.0
2.5977617799299946,3.2389024050107245,-0.6411406250807298,3.2389024050107245,1,1.6194512025053622,train,9,3.2,4.0
2.9653175661385447,3.398890006242216,-0.43357244010367113,3.398890006242216,1,1.699445003121108,train,9,3.2,4.0
3.684410546217454,3.6339268129824034,0.05048373323505067,3.6339268129824034,1,1.8169634064912017,train,9,3.2,4.0
3.0307455806407866,3.3814186746160075,-0.3506730939752209,3.3814186746160075,1,1.6907093373080038,train,9,3.2,4.0
3.866342590375934,3.505129227923706,0.36121336245222807,3.505129227923706,0,1.0515387683771118,train,9,3.2,4.0
4.200805373024652,3.937786229522837,0.26301914350181493,3.937786229522837,1,1.9688931147614186,train,9,3.2,4.0
3.4708795817074183,3.9402854982942213,-0.4694059165868029,3.9402854982942213,1,1.9701427491471106,train,9,3.2,4.0
3.7691615301614756,3.65339993966,0.11576159050147589,3.65339993966,1,1.82669996983,train,9,3.2,4.0
3.629191655183965,3.626776707991202,0.0024149471927629525,3.626776707991202,1,1.813388353995601,train,9,3.2,4.0
3.113442845300143,3.2118880197065827,-0.09844517440643989,3.2118880197065827,0,0.9635664059119747,train,9,3.2,4.0
3.2930320520768874,3.982319410721604,-0.6892873586447162,3.982319410721604,0,1.194695823216481,train,9,3.2,4.0
3.1571180208443983,3.658423123226549,-0.5013051023821508,3.658423123226549,0,1.0975269369679646,train,9,3.2,4.0
3.9596760340489308,3.833405597021299,0.12627043702763197,3.833405597021299,0,1.1500216791063897,train,9,3.2,4.0
4.257636666670909,3.6492458882210954,0.6083907784498136,3.6492458882210954,0,1.0947737664663286,train,9,3.2,4.0
3.3197494994662025,3.9018681932519477,-0.5821186937857454,3.9018681932519477,1,1.9509340966259738,train,9,3.2,4.0
4.397665598310873,3.6673566628245404,0.7303089354863322,3.6673566628245404,1,1.8336783314122702,train,9,3.2,4.0
3.876668288236594,3.7670798610951644,0.10958842714142987,3.7670798610951644,1,1.8835399305475822,train,9,3.2,4.0
2.556935006003437,3.318826761085167,-0.7618917550817298,3.318826761085167,1,1.6594133805425835,train,9,3.2,4.0
3.7367945490073167,3.5427605911743174,0.19403395783299907,3.5427605911743174,0,1.0628281773522952,train,9,3.2,4.0
4.286576967636868,3.7551120530739293,0.5314649145629383,3.7551120530739293,1,1.8775560265369646,train,9,3.2,4.0
3.4423326105967096,3.2836957956182826,0.15863681497842716,3.2836957956182826,1,1.6418478978091413,train,9,3.2,4.0
-6.142930981407433,-6.319730311123231,0.17679932971579787,-6.319730311123231,0,-1.8959190933369692,test,-1,-6.5,-5.5
-7.108353033436602,-6.4805247585123755,-0.6278282749242267,-6.4805247585123755,1,-3.2402623792561878,test,-1,-6.5,-5.5
-5.644103639652028,-6.036781473501655,0.39267783384962757,-6.036781473501655,1,-3.0183907367508276,test,-1,-6.5,-5.5
-5.739443305576755,-5.775066070807852,0.03562276523109754,-5.775066070807852,1,-2.887533035403926,test,-1,-6.5,-5.5
-5.750459386619383,-6.079796395412273,0.3293370087928894,-6.079796395412273,0,-1.8239389186236816,test,-1,-6.5,-5.5
-6.326482466457767,-6.014572901832217,-0.31190956462555003,-6.014572901832217,0,-1.804371870549665,test,-1,-6.5,-5.5
-6.968351427124482,-6.4872191854093915,-0.4811322417150906,-6.4872191854093915,1,-3.2436095927046957,test,-1,-6.5,-5.5
-6.560738324442168,-6.012628392680129,-0.5481099317620389,-6.012628392680129,1,-3.0063141963400644,test,-1,-6.5,-5.5
-4.894176079699282,-5.558193347656633,0.6640172679573516,-5.558193347656633,1,-2.7790966738283167,test,-1,-6.5,-5.5
-5.780650825637644,-5.649204910623221,-0.13144591501442293,-5.649204910623221,0,-1.6947614731869665,test,-1,-6.5,-5.5
-5.908234432100654,-5.770035529779181,-0.13819890232147258,-5.770035529779181,1,-2.8850177648895907,test,-1,-6.5,-5.5
-7.4650606569551865,-6.391263928131025,-1.0737967288241614,-6.391263928131025,1,-3.1956319640655124,test,-1,-6.5,-5.5
-5.640368740996131,-5.606095829714919,-0.03427291128121214,-5.606095829714919,1,-2.8030479148574594,test,-1,-6.5,-5.5
-7.719015416354877,-5.642845752927171,-2.0761696634277067,-5.642845752927171,0,-1.692853725878151,test,-1,-6.5,-5.5
-5.517603847867152,-6.334913382404773,0.817309534537621,-6.334913382404773,0,-1.9004740147214318,test,-1,-6.5,-5.5
-6.01271029468575,-5.867665986176504,-0.1450443085092464,-5.867665986176504,1,-2.933832993088252,test,-1,-6.5,-5.5
-6.466963808557314,-6.4795163872087675,0.012552578651453506,-6.4795163872087675,0,-1.9438549161626302,test,-1,-6.5,-5.5
-7.240454696205274,-6.383262731219983,-0.8571919649852905,-6.383262731219983,0,-1.914978819365995,test,-1,-6.5,-5.5
-6.841140541175527,-6.183632688387459,-0.6575078527880676,-6.183632688387459,0,-1.8550898065162378,test,-1,-6.5,-5.5
-5.979298109629245,-6.342087693325063,0.3627895836958182,-6.342087693325063,1,-3.1710438466625317,test,-1,-6.5,-5.5
-5.86614337981311,-5.741020411839495,-0.1251229679736151,-5.741020411839495,0,-1.7223061235518484,test,-1,-6.5,-5.5
-5.424183992370857,-5.6817246421358565,0.25754064976499935,-5.6817246421358565,1,-2.8408623210679282,test,-1,-6.5,-5.5
-5.392877435664312,-6.155375509040782,0.76249807337647,-6.155375509040782,1,-3.077687754520391,test,-1,-6.5,-5.5
-5.783258462214653,-6.181201203137566,0.3979427409229125,-6.181201203137566,0,-1.8543603609412698,test,-1,-6.5,-5.5
-7.527703856676072,-6.388338768005339,-1.1393650886707327,-6.388338768005339,1,-3.1941693840026697,test,-1,-6.5,-5.5
-7.006742053840413,-6.4160468566779425,-0.5906951971624704,-6.4160468566779425,0,-1.9248140570033827,test,-1,-6.5,-5.5
-6.468709493305723,-5.787274064311157,-0.6814354289945657,-5.787274064311157,1,-2.8936370321555787,test,-1,-6.5,-5.5
-6.446435247994886,-5.900456603742344,-0.545978644252542,-5.900456603742344,1,-2.950228301871172,test,-1,-6.5,-5.5
-7.69246572151134,-6.4443263204149215,-1.2481394010964186,-6.4443263204149215,1,-3.2221631602074607,test,-1,-6.5,-5.5
-7.2512397395353885,-6.0202027183405695,-1.2310370211948192,-6.0202027183405695,1,-3.0101013591702848,test,-1,-6.5,-5.5
-6.544598286909421,-6.098323519369348,-0.44627476754007284,-6.098323519369348,1,-3.049161759684674,test,-1,-6.5,-5.5
-6.0108203220851495,-5.652021002453026,-0.3587993196321236,-5.652021002453026,1,-2.826010501226513,test,-1,-6.5,-5.5
-5.472354439430688,-5.782150820660121,0.30979638122943365,-5.782150820660121,1,-2.8910754103300604,test,-1,-6.5,-5.5
-6.092791109484795,-5.897935948751176,-0.19485516073361928,-5.897935948751176,0,-1.7693807846253526,test,-1,-6.5,-5.5
-5.09475211036479,-5.947616178494503,0.8528640681297127,-5.947616178494503,0,-1.7842848535483509,test,-1,-6.5,-5.5
-6.647040788703493,-5.550897602253363,-1.0961431864501305,-5.550897602253363,0,-1.6652692806760088,test,-1,-6.5,-5.5
-6.3483565591591296,-5.513326669641532,-0.8350298895175977,-5.513326669641532,1,-2.756663334820766,test,-1,-6.5,-5.5
-6.012359036930683,-6.161945950350472,0.1495869134197886,-6.161945950350472,1,-3.080972975175236,test,-1,-6.5,-5.5
-6.4245666742797685,-6.260125320947527,-0.1644413533322418,-6.260125320947527,0,-1.878037596284258,test,-1,-6.5,-5.5
-6.297460797206026,-5.7035642460120535,-0.5938965511939723,-5.7035642460120535,1,-2.8517821230060267,test,-1,-6.5,-5.5
-5.975599819477815,-6.436313569225344,0.4607137497475291,-6.436313569225344,1,-3.218156784612672,test,-1,-6.5,-5.5
-5.483258310060891,-6.135384357003959,0.6521260469430682,-6.135384357003959,1,-3.0676921785019795,test,-1,-6.5,-5.5
-5.64475049013024,-6.429977197375497,0.7852267072452573,-6.429977197375497,1,-3.2149885986877487,test,-1,-6.5,-5.5
-6.42108032275851,-6.18063229294909,-0.24044802980941976,-6.18063229294909,1,-3.090316146474545,test,-1,-6.5,-5.5
-6.435120928464525,-6.429617404893043,-0.005503523571482324,-6.429617404893043,1,-3.2148087024465215,test,-1,-6.5,-5.5
-6.074315502292823,-6.209736332864688,0.1354208305718658,-6.209736332864688,0,-1.8629208998594065,test,-1,-6.5,-5.5
-5.676743944935053,-5.709898876566211,0.03315493163115787,-5.709898876566211,1,-2.8549494382831053,test,-1,-6.5,-5.5
-4.9836392724880465,-5.594599679199928,0.6109604067118815,-5.594599679199928,0,-1.6783799037599783,test,-1,-6.5,-5.5
-6.0032950060079076,-5.707378614920074,-0.2959163910878337,-5.707378614920074,0,-1.7122135844760222,test,-1,-6.5,-5.5
-5.717398479120081,-5.938181289855121,0.22078281073504033,-5.938181289855121,0,-1.7814543869565365,test,-1,-6.5,-5.5
-7.211609049720098,-5.8839816149273485,-1.32762743479275,-5.8839816149273485,1,-2.9419908074636743,test,-1,-6.5,-5.5
-5.686776693389793,-6.138516457796798,0.45173976440700536,-6.138516457796798,1,-3.069258228898399,test,-1,-6.5,-5.5
-5.3487190541804,-6.331182701414547,0.9824636472341476,-6.331182701414547,1,-3.1655913507072735,test,-1,-6.5,-5.5
-6.081025549276821,-6.063759066334839,-0.01726648294198151,-6.063759066334839,1,-3.0318795331674195,test,-1,-6.5,-5.5
-5.146158881027085,-5.767174663651824,0.621015782624739,-5.767174663651824,0,-1.7301523990955472,test,-1,-6.5,-5.5
-7.435606701545285,-6.437112376139299,-0.9984943254059856,-6.437112376139299,1,-3.2185561880696496,test,-1,-6.5,-5.5
-6.680402291391013,-6.479267021118829,-0.20113527027218417,-6.479267021118829,0,-1.9437801063356486,test,-1,-6.5,-5.5
-6.655885203461024,-5.729451933584981,-0.926433269876043,-5.729451933584981,1,-2.8647259667924905,test,-1,-6.5,-5.5
-6.009856692574478,-6.200047990569446,0.19019129799496773,-6.200047990569446,1,-3.100023995284723,test,-1,-6.5,-5.5
-5.486359438223813,-5.798835724956483,0.3124762867326698,-5.798835724956483,1,-2.8994178624782414,test,-1,-6.5,-5.5
-6.588955751629922,-5.765332279095499,-0.8236234725344235,-5.765332279095499,1,-2.8826661395477493,test,-1,-6.5,-5.5
-6.076265279614248,-5.567095372812654,-0.5091699068015936,-5.567095372812654,1,-2.783547686406327,test,-1,-6.5,-5.5
-6.452017308851075,-6.099671567078191,-0.35234574177288386,-6.099671567078191,1,-3.0498357835390957,test,-1,-6.5,-5.5
-4.6890452998366285,-6.141562071651844,1.4525167718152152,-6.141562071651844,0,-1.842468621495553,test,-1,-6.5,-5.5
-5.738360756766377,-5.693433209072279,-0.04492754769409767,-5.693433209072279,1,-2.8467166045361396,test,-1,-6.5,-5.5
-5.664291520125509,-5.735508903455528,0.07121738333001924,-5.735508903455528,1,-2.867754451727764,test,-1,-6.5,-5.5
-5.631884558739948,-5.847385260084416,0.21550070134446794,-5.847385260084416,1,-2.923692630042208,test,-1,-6.5,-5.5
-5.511294770249096,-5.689033426044933,0.17773865579583725,-5.689033426044933,0,-1.70671002781348,test,-1,-6.5,-5.5
-6.002150039379815,-5.857785141258945,-0.1443648981208701,-5.857785141258945,1,-2.9288925706294724,test,-1,-6.5,-5.5
-6.342175133762818,-5.542555947174045,-0.7996191865887725,-5.542555947174045,1,-2.7712779735870225,test,-1,-6.5,-5.5
-6.5747091691214425,-6.1661255785489075,-0.40858359057253524,-6.1661255785489075,1,-3.0830627892744538,test,-1,-6.5,-5.5
-4.781952009624414,-5.761747377151327,0.9797953675269133,-5.761747377151327,0,-1.728524213145398,test,-1,-6.5,-5.5
-5.397315977904813,-5.550166694262819,0.15285071635800548,-5.550166694262819,1,-2.7750833471314094,test,-1,-6.5,-5.5
-6.3899043145543475,-6.16563584583876,-0.22426846871558787,-6.16563584583876,1,-3.08281792291938,test,-1,-6.5,-5.5
-6.701110604591896,-5.888368003265185,-0.8127426013267102,-5.888368003265185,0,-1.7665104009795556,test,-1,-6.5,-5.5
-6.1687748729550345,-6.134329832422847,-0.03444504053218761,-6.134329832422847,1,-3.0671649162114236,test,-1,-6.5,-5.5
-6.020369121231866,-6.0384597086127,0.01809058738083345,-6.0384597086127,0,-1.8115379125838098,test,-1,-6.5,-5.5
-6.817492178437981,-6.424998006891284,-0.3924941715466969,-6.424998006891284,0,-1.9274994020673852,test,-1,-6.5,-5.5
-5.946401361499371,-6.480656637701758,0.5342552762023868,-6.480656637701758,1,-3.240328318850879,test,-1,-6.5,-5.5
-6.094525714551783,-5.740350532447827,-0.3541751821039561,-5.740350532447827,0,-1.722105159734348,test,-1,-6.5,-5.5
-6.149121034862127,-6.047240835508003,-0.10188019935412367,-6.047240835508003,1,-3.0236204177540014,test,-1,-6.5,-5.5
-5.372348470391154,-5.8771659923470105,0.5048175219558564,-5.8771659923470105,0,-1.763149797704103,test,-1,-6.5,-5.5
-5.626293161610669,-5.760048482202105,0.1337553205914356,-5.760048482202105,1,-2.8800242411010526,test,-1,-6.5,-5.5
-5.408399645435413,-6.081336569818159,0.6729369243827464,-6.081336569818159,0,-1.8244009709454476,test,-1,-6.5,-5.5
-6.270702289184647,-6.13238237493235,-0.13831991425229734,-6.13238237493235,0,-1.8397147124797049,test,-1,-6.5,-5.5
-6.591177591526799,-6.330971189409247,-0.26020640211755186,-6.330971189409247,0,-1.899291356822774,test,-1,-6.5,-5.5
-5.425949518207394,-5.706127593365193,0.28017807515779913,-5.706127593365193,0,-1.7118382780095578,test,-1,-6.5,-5.5
-5.538791206224035,-5.666962591415572,0.128171385191537,-5.666962591415572,1,-2.833481295707786,test,-1,-6.5,-5.5
-5.054949517361975,-5.765787012694647,0.7108374953326713,-5.765787012694647,0,-1.729736103808394,test,-1,-6.5,-5.5
-5.381531230403526,-5.624705419976317,0.2431741895727911,-5.624705419976317,0,-1.687411625992895,test,-1,-6.5,-5.5
-5.868135850020924,-5.851943558024186,-0.016192291996737978,-5.851943558024186,1,-2.925971779012093,test,-1,-6.5,-5.5
-5.534609552825568,-5.803933825229342,0.26932427240377466,-5.803933825229342,0,-1.7411801475688027,test,-1,-6.5,-5.5
-5.914147764956974,-6.306981919733403,0.3928341547764285,-6.306981919733403,0,-1.8920945759200207,test,-1,-6.5,-5.5
-6.405171184996574,-5.732367765060692,-0.6728034199358819,-5.732367765060692,0,-1.7197103295182077,test,-1,-6.5,-5.5
-6.251974550924048,-6.165917105697661,-0.08605744522638784,-6.165917105697661,0,-1.849775131709298,test,-1,-6.5,-5.5
-6.2627842200340496,-6.062040793937221,-0.20074342609682802,-6.062040793937221,1,-3.0310203969686107,test,-1,-6.5,-5.5
-5.461027318451223,-6.181129760241425,0.7201024417902017,-6.181129760241425,0,-1.8543389280724274,test,-1,-6.5,-5.5
-6.222791034187768,-5.9317103310727335,-0.2910807031150347,-5.9317103310727335,0,-1.77951309932182,test,-1,-6.5,-5.5
-5.203177724214569,-5.841307648566912,0.6381299243523427,-5.841307648566912,0,-1.7523922945700734,test,-1,-6.5,-5.5
-6.683438735788709,-5.924441458944766,-0.7589972768439434,-5.924441458944766,1,-2.962220729472383,test,-1,-6.5,-5.5
-6.215123966121896,-6.181812806012952,-0.03331116010894419,-6.181812806012952,1,-3.090906403006476,test,-1,-6.5,-5.5
-5.641697434970602,-6.28199662472948,0.6402991897588778,-6.28199662472948,0,-1.884598987418844,test,-1,-6.5,-5.5
-5.8115510578124505,-5.6550614691278245,-0.1564895886846258,-5.6550614691278245,0,-1.6965184407383473,test,-1,-6.5,-5.5
-5.506300447443802,-6.197835312212389,0.6915348647685868,-6.197835312212389,1,-3.0989176561061944,test,-1,-6.5,-5.5
-7.2781631670572065,-6.061779329122656,-1.2163838379345508,-6.061779329122656,0,-1.8185337987367967,test,-1,-6.5,-5.5
-6.392279588167702,-6.40858541307435,0.01630582490664816,-6.40858541307435,0,-1.922575623922305,test,-1,-6.5,-5.5
-6.102250493089581,-6.199020830159066,0.09677033706948474,-6.199020830159066,0,-1.8597062490477196,test,-1,-6.5,-5.5
-6.489608299850548,-6.414305193986613,-0.07530310586393486,-6.414305193986613,1,-3.2071525969933066,test,-1,-6.5,-5.5
-7.061319464015354,-6.156286693039696,-0.9050327709756589,-6.156286693039696,0,-1.8468860079119085,test,-1,-6.5,-5.5
-5.391019652181005,-5.790698982228564,0.39967933004755934,-5.790698982228564,1,-2.895349491114282,test,-1,-6.5,-5.5
-6.924218779621491,-5.526031744234741,-1.39818703538675,-5.526031744234741,1,-2.7630158721173705,test,-1,-6.5,-5.5
-5.305669352726077,-5.87477515992868,0.5691058072026033,-5.87477515992868,0,-1.7624325479786038,test,-1,-6.5,-5.5
-6.055653535669466,-6.230696459821456,0.17504292415199016,-6.230696459821456,0,-1.8692089379464365,test,-1,-6.5,-5.5
-5.251013486934763,-5.843291193811337,0.592277706876574,-5.843291193811337,1,-2.9216455969056687,test,-1,-6.5,-5.5
-6.025330770789082,-5.873002180808689,-0.15232858998039253,-5.873002180808689,1,-2.9365010904043447,test,-1,-6.5,-5.5
-6.340925417322212,-5.67434777092775,-0.6665776463944614,-5.67434777092775,0,-1.702304331278325,test,-1,-6.5,-5.5
-6.275845388485665,-5.966306018103647,-0.3095393703820185,-5.966306018103647,1,-2.9831530090518235,test,-1,-6.5,-5.5
-5.867168889649925,-5.588878335199273,-0.27829055445065154,-5.588878335199273,0,-1.6766635005597819,test,-1,-6.5,-5.5
-5.725270885140503,-6.08449633077516,0.35922544563465625,-6.08449633077516,0,-1.825348899232548,test,-1,-6.5,-5.5
-6.400595674892589,-6.2139553305048105,-0.18664034438777863,-6.2139553305048105,1,-3.1069776652524053,test,-1,-6.5,-5.5
-5.731797671640131,-5.980992258412341,0.24919458677220943,-5.980992258412341,1,-2.9904961292061705,test,-1,-6.5,-5.5
-5.286450271893339,-5.57754976172913,0.29109948983579065,-5.57754976172913,1,-2.788774880864565,test,-1,-6.5,-5.5
-4.92256995936197,-5.776088737380386,0.8535187780184161,-5.776088737380386,1,-2.888044368690193,test,-1,-6.5,-5.5
-7.197327734713117,-6.006086998866494,-1.1912407358466222,-6.006086998866494,0,-1.8018260996599482,test,-1,-6.5,-5.5
-6.242908199959687,-6.0025036472517375,-0.24040455270794914,-6.0025036472517375,0,-1.8007510941755211,test,-1,-6.5,-5.5
-5.435792362217551,-5.8512778017153,0.41548543949774897,-5.8512778017153,1,-2.92563890085765,test,-1,-6.5,-5.5
-5.634904276708172,-6.052228839634289,0.417324562926117,-6.052228839634289,1,-3.0261144198171444,test,-1,-6.5,-5.5
-6.281077637669692,-5.949360529047631,-0.3317171086220608,-5.949360529047631,0,-1.7848081587142892,test,-1,-6.5,-5.5
-5.682306586336825,-5.528824796369006,-0.1534817899678191,-5.528824796369006,1,-2.764412398184503,test,-1,-6.5,-5.5
-5.617915342094958,-5.567586281061363,-0.050329061033594504,-5.567586281061363,0,-1.670275884318409,test,-1,-6.5,-5.5
-5.574203854035189,-5.659314569611356,0.08511071557616687,-5.659314569611356,1,-2.829657284805678,test,-1,-6.5,-5.5
-6.70353439202071,-6.372951738888601,-0.3305826531321099,-6.372951738888601,0,-1.91188552166658,test,-1,-6.5,-5.5
-6.321293433768763,-5.943478894128256,-0.3778145396405071,-5.943478894128256,1,-2.971739447064128,test,-1,-6.5,-5.5
-6.795921251415248,-6.133572788958515,-0.6623484624567321,-6.133572788958515,1,-3.0667863944792577,test,-1,-6.5,-5.5
-5.807333545758606,-5.588204515724026,-0.21912903003457976,-5.588204515724026,0,-1.6764613547172078,test,-1,-6.5,-5.5
-5.345188186601795,-6.1863208468966455,0.8411326602948508,-6.1863208468966455,1,-3.0931604234483228,test,-1,-6.5,-5.5
-6.128358469267496,-5.569234077540731,-0.5591243917267656,-5.569234077540731,1,-2.7846170387703655,test,-1,-6.5,-5.5
-5.673803886166828,-6.261653898760029,0.5878500125932002,-6.261653898760029,1,-3.1308269493800145,test,-1,-6.5,-5.5
-4.905565931583186,-6.079609225154348,1.174043293571162,-6.079609225154348,0,-1.8238827675463043,test,-1,-6.5,-5.5
-5.40587884898492,-5.540037352659518,0.13415850367459825,-5.540037352659518,0,-1.6620112057978556,test,-1,-6.5,-5.5
-4.476717475357462,-5.904513309536946,1.427795834179484,-5.904513309536946,1,-2.952256654768473,test,-1,-6.5,-5.5
-5.637621598806393,-5.567851378330778,-0.06977022047561474,-5.567851378330778,0,-1.6703554134992336,test,-1,-6.5,-5.5
-4.945912190095192,-5.961149708114924,1.0152375180197322,-5.961149708114924,0,-1.788344912434477,test,-1,-6.5,-5.5
-6.2835990994714495,-6.271963133805743,-0.011635965665706417,-6.271963133805743,1,-3.1359815669028714,test,-1,-6.5,-5.5
-6.49633139978391,-5.787037079766965,-0.709294320016944,-5.787037079766965,0,-1.7361111239300895,test,-1,-6.5,-5.5
-5.751823976585052,-5.978426508604197,0.22660253201914482,-5.978426508604197,0,-1.793527952581259,test,-1,-6.5,-5.5
-4.844314101401769,-5.994526831380429,1.1502127299786598,-5.994526831380429,0,-1.7983580494141287,test,-1,-6.5,-5.5
-6.696233427364092,-6.363515486744456,-0.33271794061963583,-6.363515486744456,0,-1.9090546460233366,test,-1,-6.5,-5.5
-6.046155497255755,-6.355080538095489,0.308925040839734,-6.355080538095489,0,-1.9065241614286466,test,-1,-6.5,-5.5
-6.145966599706761,-5.570394885649756,-0.5755717140570057,-5.570394885649756,1,-2.785197442824878,test,-1,-6.5,-5.5
-6.051954353367838,-5.543941735951713,-0.5080126174161252,-5.543941735951713,1,-2.7719708679758566,test,-1,-6.5,-5.5
-5.238065793463883,-5.534069103300683,0.2960033098368005,-5.534069103300683,0,-1.6602207309902048,test,-1,-6.5,-5.5
-6.229182904803899,-6.1422107587041825,-0.08697214609971665,-6.1422107587041825,0,-1.8426632276112547,test,-1,-6.5,-5.5
-6.090955709884669,-6.4541297948091865,0.3631740849245167,-6.4541297948091865,0,-1.9362389384427559,test,-1,-6.5,-5.5
-5.157888479018905,-5.946072727178414,0.7881842481595093,-5.946072727178414,0,-1.7838218181535244,test,-1,-6.5,-5.5
-6.445267597454306,-5.7636905282179285,-0.6815770692363772,-5.7636905282179285,0,-1.7291071584653785,test,-1,-6.5,-5.5
-6.237906488387432,-5.851953526827403,-0.3859529615600282,-5.851953526827403,0,-1.7555860580482208,test,-1,-6.5,-5.5
-6.3933400895308985,-6.447067150885263,0.05372706135436497,-6.447067150885263,1,-3.2235335754426315,test,-1,-6.5,-5.5
-4.849891314769193,-6.267117167370712,1.4172258526015185,-6.267117167370712,1,-3.133558583685356,test,-1,-6.5,-5.5
-5.959951192413152,-5.794115741374689,-0.16583545103846256,-5.794115741374689,1,-2.8970578706873447,test,-1,-6.5,-5.5
-6.70448437810037,-6.444915167894214,-0.2595692102061555,-6.444915167894214,1,-3.222457583947107,test,-1,-6.5,-5.5
-5.360133156864257,-5.653503022852641,0.2933698659883841,-5.653503022852641,1,-2.8267515114263206,test,-1,-6.5,-5.5
-4.214389301647573,-5.510918838420644,1.2965295367730707,-5.510918838420644,0,-1.6532756515261933,test,-1,-6.5,-5.5
-6.567196462092387,-6.252200357516798,-0.3149961045755885,-6.252200357516798,0,-1.8756601072550392,test,-1,-6.5,-5.5
-6.5940723900205676,-6.445884695524786,-0.14818769449578145,-6.445884695524786,0,-1.9337654086574356,test,-1,-6.5,-5.5
-5.458827605917019,-5.520306691680995,0.06147908576397566,-5.520306691680995,1,-2.7601533458404974,test,-1,-6.5,-5.5
-5.241690657353859,-5.732783715385826,0.4910930580319668,-5.732783715385826,1,-2.866391857692913,test,-1,-6.5,-5.5
-4.698532815344609,-6.045802199872897,1.347269384528288,-6.045802199872897,1,-3.0229010999364485,test,-1,-6.5,-5.5
-6.729605633488857,-6.0217433597671635,-0.7078622737216942,-6.0217433597671635,0,-1.8065230079301489,test,-1,-6.5,-5.5
-6.540658736472285,-5.58449699590134,-0.9561617405709444,-5.58449699590134,1,-2.79224849795067,test,-1,-6.5,-5.5
-6.007811123643968,-6.144169920137398,0.1363587964934298,-6.144169920137398,0,-1.8432509760412192,test,-1,-6.5,-5.5
-6.082497035351989,-6.446820171221004,0.36432313586901494,-6.446820171221004,0,-1.9340460513663011,test,-1,-6.5,-5.5
-7.1795251999816285,-5.886029670776637,-1.2934955292049917,-5.886029670776637,0,-1.765808901232991,test,-1,-6.5,-5.5
-6.509464687749957,-6.187455240718796,-0.32200944703116113,-6.187455240718796,0,-1.8562365722156386,test,-1,-6.5,-5.5
-5.19527664285676,-5.818440957001771,0.6231643141450116,-5.818440957001771,1,-2.9092204785008855,test,-1,-6.5,-5.5
-5.8194034397022225,-5.552049970247846,-0.2673534694543768,-5.552049970247846,1,-2.776024985123923,test,-1,-6.5,-5.5
-5.799749203015066,-6.139420121603237,0.33967091858817117,-6.139420121603237,0,-1.841826036480971,test,-1,-6.5,-5.5
-6.098050525542418,-6.2530018472796245,0.15495132173720597,-6.2530018472796245,1,-3.1265009236398122,test,-1,-6.5,-5.5
-6.00511540091763,-6.4470481318915525,0.44193273097392294,-6.4470481318915525,1,-3.2235240659457762,test,-1,-6.5,-5.5
-5.35576946454032,-5.6683400604695215,0.3125705959292007,-5.6683400604695215,0,-1.7005020181408563,test,-1,-6.5,-5.5
-6.211698143231282,-6.42162019228434,0.2099220490530578,-6.42162019228434,1,-3.21081009614217,test,-1,-6.5,-5.5
-4.746115946984247,-5.547824519705758,0.801708572721511,-5.547824519705758,0,-1.6643473559117272,test,-1,-6.5,-5.5
-6.075280387508092,-5.793852372172267,-0.28142801533582534,-5.793852372172267,1,-2.8969261860861333,test,-1,-6.5,-5.5
-5.458129006490093,-5.5884671532309165,0.13033814674082292,-5.5884671532309165,1,-2.7942335766154582,test,-1,-6.5,-5.5
-4.951106492302849,-5.685559129084949,0.7344526367821004,-5.685559129084949,0,-1.7056677387254848,test,-1,-6.5,-5.5
-6.587339807845346,-6.309278387147114,-0.2780614206982317,-6.309278387147114,1,-3.154639193573557,test,-1,-6.5,-5.5
-6.487742139484793,-6.324096518274042,-0.16364562121075119,-6.324096518274042,0,-1.8972289554822126,test,-1,-6.5,-5.5
-5.930664953044239,-5.5386122282429255,-0.3920527248013135,-5.5386122282429255,0,-1.6615836684728775,test,-1,-6.5,-5.5
-6.712066410355175,-6.208962024196672,-0.5031043861585026,-6.208962024196672,0,-1.8626886072590014,test,-1,-6.5,-5.5
-4.4350000972200645,-5.709386474026992,1.274386376806928,-5.709386474026992,1,-2.854693237013496,test,-1,-6.5,-5.5
-5.985461643348617,-6.329209852171835,0.3437482088232178,-6.329209852171835,0,-1.8987629556515504,test,-1,-6.5,-5.5
-5.012946511986823,-6.200909769708015,1.1879632577211918,-6.200909769708015,0,-1.8602729309124044,test,-1,-6.5,-5.5
-5.324656946321299,-5.826509856279804,0.5018529099585051,-5.826509856279804,1,-2.913254928139902,test,-1,-6.5,-5.5
-6.1424192987077175,-6.251580317756854,0.10916101904913703,-6.251580317756854,1,-3.125790158878427,test,-1,-6.5,-5.5
-5.853739121739114,-5.748132830837146,-0.10560629090196834,-5.748132830837146,1,-2.874066415418573,test,-1,-6.5,-5.5
-5.398850829335049,-5.620743936947601,0.2218931076125519,-5.620743936947601,1,-2.8103719684738007,test,-1,-6.5,-5.5
-6.142613190296092,-6.179627550310818,0.037014360014726175,-6.179627550310818,1,-3.089813775155409,test,-1,-6.5,-5.5
-5.590897451812181,-6.201292123634108,0.6103946718219275,-6.201292123634108,0,-1.8603876370902324,test,-1,-6.5,-5.5
-6.931783574002315,-6.472267339241645,-0.4595162347606703,-6.472267339241645,1,-3.2361336696208225,test,-1,-6.5,-5.5
-5.912708634521731,-6.077340025353649,0.16463139083191922,-6.077340025353649,0,-1.8232020076060946,test,-1,-6.5,-5.5
-6.093538953995964,-6.434553417289806,0.3410144632938415,-6.434553417289806,0,-1.9303660251869417,test,-1,-6.5,-5.5
-6.000182493510593,-5.925344056199391,-0.07483843731120206,-5.925344056199391,0,-1.7776032168598173,test,-1,-6.5,-5.5
-5.887895846781577,-5.812063753128562,-0.07583209365301406,-5.812063753128562,1,-2.906031876564281,test,-1,-6.5,-5.5
-5.538488409928092,-5.931694169072093,0.39320575914399974,-5.931694169072093,1,-2.9658470845360463,test,-1,-6.5,-5.5
-5.497150323412475,-5.896273452607238,0.39912312919476295,-5.896273452607238,0,-1.7688820357821713,test,-1,-6.5,-5.5
-5.8989838304205,-5.900349895753816,0.0013660653333166157,-5.900349895753816,0,-1.7701049687261448,test,-1,-6.5,-5.5
-5.542468390857163,-5.597352570980975,0.054884180123811875,-5.597352570980975,0,-1.6792057712942925,test,-1,-6.5,-5.5
-6.239799376779841,-5.968970594086061,-0.2708287826937802,-5.968970594086061,0,-1.7906911782258181,test,-1,-6.5,-5.5
-5.2428445681497555,-5.638607312586656,0.3957627444369001,-5.638607312586656,1,-2.819303656293328,test,-1,-6.5,-5.5
-6.158315377314984,-6.148028406096006,-0.010286971218977533,-6.148028406096006,1,-3.074014203048003,test,-1,-6.5,-5.5
-7.237604486391102,-6.35937411474652,-0.878230371644582,-6.35937411474652,0,-1.9078122344239559,test,-1,-6.5,-5.5
-6.404674739505776,-6.278122908964438,-0.12655183054133756,-6.278122908964438,0,-1.8834368726893311,test,-1,-6.5,-5.5
-5.27983231896037,-5.706717937752165,0.4268856187917948,-5.706717937752165,0,-1.7120153813256496,test,-1,-6.5,-5.5
-6.044168471643246,-6.270316276167314,0.22614780452406746,-6.270316276167314,1,-3.135158138083657,test,-1,-6.5,-5.5
-6.203442703942787,-5.727462252581654,-0.47598045136113265,-5.727462252581654,0,-1.7182386757744963,test,-1,-6.5,-5.5
-5.102349392451177,-5.597163167459247,0.49481377500807,-5.597163167459247,1,-2.7985815837296233,test,-1,-6.5,-5.5
-5.539877701056971,-5.955612808721451,0.41573510766447985,-5.955612808721451,1,-2.9778064043607255,test,-1,-6.5,-5.5
-5.940246677481187,-6.356777339036245,0.41653066155505886,-6.356777339036245,0,-1.9070332017108735,test,-1,-6.5,-5.5
-4.912011650256657,-5.876503396542715,0.9644917462860578,-5.876503396542715,0,-1.7629510189628144,test,-1,-6.5,-5.5
-6.270598359799108,-6.1205028116134645,-0.15009554818564366,-6.1205028116134645,0,-1.8361508434840392,test,-1,-6.5,-5.5
-5.182943162971551,-5.59155205713946,0.40860889416790985,-5.59155205713946,0,-1.677465617141838,test,-1,-6.5,-5.5
-6.384019481941669,-6.276361519548207,-0.10765796239346272,-6.276361519548207,1,-3.1381807597741034,test,-1,-6.5,-5.5
-5.629650263493374,-6.265711488062076,0.6360612245687022,-6.265711488062076,1,-3.132855744031038,test,-1,-6.5,-5.5
-5.278783742831444,-6.017638904417632,0.7388551615861881,-6.017638904417632,1,-3.008819452208816,test,-1,-6.5,-5.5
-5.671382667521419,-6.006445637648938,0.33506297012751934,-6.006445637648938,0,-1.8019336912946815,test,-1,-6.5,-5.5
-5.825096723826611,-6.312234285681227,0.48713756185461576,-6.312234285681227,1,-3.1561171428406136,test,-1,-6.5,-5.5
-6.572036589388775,-6.1256644316301445,-0.44637215775863004,-6.1256644316301445,1,-3.0628322158150723,test,-1,-6.5,-5.5
-5.419992109261797,-5.831828977732288,0.4118368684704912,-5.831828977732288,1,-2.915914488866144,test,-1,-6.5,-5.5
-6.705296710498987,-6.029479950784798,-0.6758167597141892,-6.029479950784798,1,-3.014739975392399,test,-1,-6.5,-5.5
-5.108882509305912,-6.440280272270555,1.3313977629646432,-6.440280272270555,1,-3.2201401361352775,test,-1,-6.5,-5.5
-5.359709457564398,-6.084692484387149,0.72498302682275,-6.084692484387149,0,-1.8254077453161446,test,-1,-6.5,-5.5
-6.969589816068522,-6.084190444123116,-0.8853993719454062,-6.084190444123116,0,-1.8252571332369345,test,-1,-6.5,-5.5
-7.618216813851094,-6.052395222871627,-1.5658215909794677,-6.052395222871627,0,-1.815718566861488,test,-1,-6.5,-5.5
-5.66978833636565,-6.476160195991141,0.8063718596254908,-6.476160195991141,1,-3.2380800979955704,test,-1,-6.5,-5.5
-6.714176072235613,-6.226007608192251,-0.48816846404336234,-6.226007608192251,1,-3.1130038040961256,test,-1,-6.5,-5.5
-5.2011719029519785,-5.549588734417505,0.3484168314655273,-5.549588734417505,0,-1.6648766203252516,test,-1,-6.5,-5.5
-6.374578752280489,-5.616993231709204,-0.7575855205712851,-5.616993231709204,1,-2.808496615854602,test,-1,-6.5,-5.5
-5.497809190577486,-5.559291007629613,0.06148181705212733,-5.559291007629613,0,-1.667787302288884,test,-1,-6.5,-5.5
-6.110867926627667,-5.741109896377263,-0.36975803025040394,-5.741109896377263,0,-1.7223329689131788,test,-1,-6.5,-5.5
-5.691304157316168,-6.066007937412683,0.3747037800965158,-6.066007937412683,0,-1.8198023812238049,test,-1,-6.5,-5.5
-5.747891769279409,-5.562495815627235,-0.18539595365217346,-5.562495815627235,0,-1.6687487446881706,test,-1,-6.5,-5.5
-5.294221500759016,-6.1993389257015465,0.9051174249425304,-6.1993389257015465,1,-3.0996694628507733,test,-1,-6.5,-5.5
-6.3479341428200495,-5.906784140410878,-0.44115000240917207,-5.906784140410878,0,-1.7720352421232632,test,-1,-6.5,-5.5
-5.132653335697215,-5.912565776202788,0.7799124405055725,-5.912565776202788,1,-2.956282888101394,test,-1,-6.5,-5.5
-6.057375380009376,-6.059246016384052,0.0018706363746756407,-6.059246016384052,1,-3.029623008192026,test,-1,-6.5,-5.5
-5.926182466029339,-6.249631785768655,0.3234493197393164,-6.249631785768655,1,-3.1248158928843277,test,-1,-6.5,-5.5
-7.1141629729638085,-6.169517891133804,-0.9446450818300047,-6.169517891133804,0,-1.8508553673401411,test,-1,-6.5,-5.5
-6.898369005627139,-5.857080728163321,-1.041288277463819,-5.857080728163321,1,-2.9285403640816603,test,-1,-6.5,-5.5
-5.576656555123166,-6.215978413019245,0.6393218578960793,-6.215978413019245,1,-3.1079892065096226,test,-1,-6.5,-5.5
-6.8814362793380806,-6.15380428604452,-0.7276319932935609,-6.15380428604452,0,-1.846141285813356,test,-1,-6.5,-5.5
-6.3417460000255055,-6.145897367618869,-0.1958486324066362,-6.145897367618869,1,-3.0729486838094346,test,-1,-6.5,-5.5
-6.359884022608482,-6.175194129608799,-0.184689892999684,-6.175194129608799,1,-3.0875970648043993,test,-1,-6.5,-5.5
-6.205036674053059,-5.671469826759321,-0.5335668472937385,-5.671469826759321,0,-1.701440948027796,test,-1,-6.5,-5.5
-5.826435903090542,-5.954214664933604,0.12777876184306178,-5.954214664933604,1,-2.977107332466802,test,-1,-6.5,-5.5
-7.321063423312333,-6.481630105570128,-0.8394333177422054,-6.481630105570128,0,-1.9444890316710381,test,-1,-6.5,-5.5
-6.465557141937362,-5.758421369447197,-0.7071357724901656,-5.758421369447197,0,-1.727526410834159,test,-1,-6.5,-5.5
-5.4390601428404635,-5.997830216964327,0.5587700741238631,-5.997830216964327,0,-1.799349065089298,test,-1,-6.5,-5.5
-6.198141613612714,-5.721106768398434,-0.47703484521428074,-5.721106768398434,0,-1.71633203051953,test,-1,-6.5,-5.5
-5.555910708156623,-6.00543636451294,0.449525656356317,-6.00543636451294,1,-3.00271818225647,test,-1,-6.5,-5.5
-5.787483944585598,-6.189162247013875,0.401678302428277,-6.189162247013875,1,-3.0945811235069374,test,-1,-6.5,-5.5
-4.747155995776985,-5.660711589398117,0.9135555936211324,-5.660711589398117,1,-2.8303557946990585,test,-1,-6.5,-5.5
-6.050468328814601,-6.326654977325345,0.27618664851074376,-6.326654977325345,1,-3.1633274886626723,test,-1,-6.5,-5.5
-7.317228014447716,-6.221723430230632,-1.0955045842170839,-6.221723430230632,1,-3.110861715115316,test,-1,-6.5,-5.5
-6.402557084618437,-6.015852117442288,-0.3867049671761501,-6.015852117442288,0,-1.8047556352326861,test,-1,-6.5,-5.5
-5.8844182904959625,-5.640128814032609,-0.24428947646335314,-5.640128814032609,0,-1.6920386442097828,test,-1,-6.5,-5.5
-5.645866088619766,-6.384787978146038,0.738921889526273,-6.384787978146038,1,-3.192393989073019,test,-1,-6.5,-5.5
-5.952250898021294,-6.16131152962398,0.20906063160268584,-6.16131152962398,1,-3.08065576481199,test,-1,-6.5,-5.5
-6.258744098102539,-5.967759820893253,-0.2909842772092853,-5.967759820893253,1,-2.9838799104466265,test,-1,-6.5,-5.5
-5.559186893215952,-5.82165044109211,0.2624635478761577,-5.82165044109211,1,-2.910825220546055,test,-1,-6.5,-5.5
-6.608086995378686,-6.394805930760865,-0.21328106461782195,-6.394805930760865,0,-1.9184417792282593,test,-1,-6.5,-5.5
-5.414955355312125,-5.744716367276055,0.32976101196393104,-5.744716367276055,1,-2.8723581836380276,test,-1,-6.5,-5.5
-5.850855858646387,-5.943078904455051,0.092223045808664,-5.943078904455051,0,-1.7829236713365153,test,-1,-6.5,-5.5
-5.31747744193574,-5.982855600740841,0.665378158805101,-5.982855600740841,0,-1.7948566802222523,test,-1,-6.5,-5.5
-5.917870107459017,-6.119129538327819,0.20125943086880124,-6.119129538327819,1,-3.0595647691639094,test,-1,-6.5,-5.5
-5.5879235961836065,-6.185352879869645,0.597429283686038,-6.185352879869645,0,-1.8556058639608932,test,-1,-6.5,-5.5
-5.615932271567703,-5.609495379211116,-0.006436892356587963,-5.609495379211116,0,-1.6828486137633347,test,-1,-6.5,-5.5
-5.078944794331228,-5.506223530611158,0.4272787362799299,-5.506223530611158,0,-1.6518670591833473,test,-1,-6.5,-5.5
-6.415746520072052,-6.32478513524496,-0.09096138482709083,-6.32478513524496,0,-1.897435540573488,test,-1,-6.5,-5.5
-5.902269113512334,-6.288498821863876,0.3862297083515421,-6.288498821863876,0,-1.8865496465591627,test,-1,-6.5,-5.5
-5.698530053032935,-5.832965905828694,0.13443585279575854,-5.832965905828694,0,-1.749889771748608,test,-1,-6.5,-5.5
-5.809800987151297,-5.7354371015533125,-0.07436388559798442,-5.7354371015533125,0,-1.7206311304659938,test,-1,-6.5,-5.5
-5.928721392387838,-5.677034194071218,-0.2516871983166205,-5.677034194071218,0,-1.7031102582213653,test,-1,-6.5,-5.5
-6.3617869304304175,-6.197554461775875,-0.16423246865454302,-6.197554461775875,1,-3.0987772308879373,test,-1,-6.5,-5.5
-6.0067565709790145,-6.290899694362149,0.2841431233831345,-6.290899694362149,0,-1.8872699083086446,test,-1,-6.5,-5.5
-7.802501624207367,-6.427430755837582,-1.3750708683697848,-6.427430755837582,0,-1.9282292267512746,test,-1,-6.5,-5.5
-5.379237129853323,-6.123667733070542,0.7444306032172199,-6.123667733070542,0,-1.8371003199211626,test,-1,-6.5,-5.5
-7.357966967878351,-5.937515264213834,-1.4204517036645172,-5.937515264213834,1,-2.968757632106917,test,-1,-6.5,-5.5
-5.741246705179371,-5.6274486509692165,-0.11379805421015506,-5.6274486509692165,1,-2.8137243254846083,test,-1,-6.5,-5.5
-6.664667680907481,-6.466955582950525,-0.1977120979569565,-6.466955582950525,0,-1.9400866748851573,test,-1,-6.5,-5.5
-5.966696315570291,-6.410344686000088,0.44364837042979793,-6.410344686000088,0,-1.9231034058000263,test,-1,-6.5,-5.5
-5.7053915388449985,-5.846854875135885,0.14146333629088667,-5.846854875135885,1,-2.9234274375679425,test,-1,-6.5,-5.5
-5.8545914101498076,-5.828678941172886,-0.025912468976921444,-5.828678941172886,0,-1.7486036823518658,test,-1,-6.5,-5.5
-6.325526248015066,-6.375868508029962,0.05034226001489588,-6.375868508029962,1,-3.187934254014981,test,-1,-6.5,-5.5
-5.835885856065152,-6.403634296407277,0.5677484403421248,-6.403634296407277,0,-1.921090288922183,test,-1,-6.5,-5.5
-5.067390224682363,-6.472023686999587,1.4046334623172243,-6.472023686999587,0,-1.941607106099876,test,-1,-6.5,-5.5
-5.625026254745705,-5.851265925515281,0.22623967076957618,-5.851265925515281,0,-1.7553797776545843,test,-1,-6.5,-5.5
-7.455745044680691,-6.220143218506241,-1.2356018261744504,-6.220143218506241,1,-3.1100716092531204,test,-1,-6.5,-5.5
-6.5105318773999326,-6.259007048127639,-0.2515248292722931,-6.259007048127639,1,-3.1295035240638196,test,-1,-6.5,-5.5
-5.583610942673492,-5.835451007220614,0.2518400645471221,-5.835451007220614,1,-2.917725503610307,test,-1,-6.5,-5.5
-4.39019012229454,-6.378999533234112,1.988809410939572,-6.378999533234112,1,-3.189499766617056,test,-1,-6.5,-5.5
-6.422840614676683,-5.9635867445617485,-0.459253870114934,-5.9635867445617485,0,-1.7890760233685246,test,-1,-6.5,-5.5
-6.632322435993889,-6.409075158335308,-0.22324727765858107,-6.409075158335308,0,-1.9227225475005922,test,-1,-6.5,-5.5
-6.098721541274762,-6.434250591224533,0.3355290499497711,-6.434250591224533,0,-1.9302751773673599,test,-1,-6.5,-5.5
-5.6374990228887745,-5.83146682700616,0.1939678041173857,-5.83146682700616,1,-2.91573341350308,test,-1,-6.5,-5.5
-6.50270324544675,-5.708385521230395,-0.7943177242163558,-5.708385521230395,1,-2.8541927606151973,test,-1,-6.5,-5.5
-5.4693071782407685,-6.0375722319484675,0.5682650537076989,-6.0375722319484675,0,-1.8112716695845401,test,-1,-6.5,-5.5
-6.887495674436982,-6.097853941760743,-0.7896417326762393,-6.097853941760743,0,-1.8293561825282227,test,-1,-6.5,-5.5
-5.958386530471659,-5.798451201471266,-0.15993532900039195,-5.798451201471266,0,-1.73953536044138,test,-1,-6.5,-5.5
-5.629101899840637,-6.423958622073279,0.7948567222326418,-6.423958622073279,1,-3.2119793110366395,test,-1,-6.5,-5.5
-7.0129995112318495,-6.221717124817146,-0.7912823864147033,-6.221717124817146,0,-1.8665151374451436,test,-1,-6.5,-5.5
-5.801366233459588,-5.594732591261641,-0.20663364219794775,-5.594732591261641,0,-1.6784197773784924,test,-1,-6.5,-5.5
-4.548975876674754,-5.551044193093317,1.0020683164185638,-5.551044193093317,0,-1.6653132579279952,test,-1,-6.5,-5.5
-6.617958280182963,-6.461603907751378,-0.1563543724315842,-6.461603907751378,1,-3.230801953875689,test,-1,-6.5,-5.5
-7.126133919489287,-6.496935877477723,-0.6291980420115639,-6.496935877477723,0,-1.949080763243317,test,-1,-6.5,-5.5
-6.0814108484216955,-5.73211587772452,-0.34929497069717547,-5.73211587772452,1,-2.86605793886226,test,-1,-6.5,-5.5
-5.546242426633556,-6.048121723802229,0.501879297168673,-6.048121723802229,1,-3.0240608619011144,test,-1,-6.5,-5.5
-6.679041001326606,-5.737569543833622,-0.9414714574929839,-5.737569543833622,1,-2.868784771916811,test,-1,-6.5,-5.5
-6.237105135225589,-5.8570169404074655,-0.38008819481812284,-5.8570169404074655,0,-1.7571050821222396,test,-1,-6.5,-5.5
-6.9273996191896305,-6.052033609773053,-0.8753660094165769,-6.052033609773053,0,-1.815610082931916,test,-1,-6.5,-5.5
-6.485105149495079,-5.7900190344670985,-0.6950861150279805,-5.7900190344670985,1,-2.8950095172335493,test,-1,-6.5,-5.5
-5.123113061466178,-5.89547276072544,0.7723596992592623,-5.89547276072544,0,-1.768641828217632,test,-1,-6.5,-5.5
-6.534957051719976,-6.484283941925811,-0.05067310979416565,-6.484283941925811,0,-1.945285182577743,test,-1,-6.5,-5.5
-6.29778578380503,-6.033879482903355,-0.2639063009016748,-6.033879482903355,1,-3.0169397414516776,test,-1,-6.5,-5.5
-5.3628679113192605,-5.617995350532109,0.25512743921284803,-5.617995350532109,1,-2.8089976752660544,test,-1,-6.5,-5.5
-6.14918118780462,-5.719715555803611,-0.429465632001009,-5.719715555803611,0,-1.7159146667410832,test,-1,-6.5,-5.5
-6.568605708621354,-5.84507187938611,-0.723533829235245,-5.84507187938611,1,-2.922535939693055,test,-1,-6.5,-5.5
-5.190219846033426,-5.878421276580272,0.6882014305468455,-5.878421276580272,1,-2.939210638290136,test,-1,-6.5,-5.5
-5.1565523882775315,-5.683387641119818,0.5268352528422868,-5.683387641119818,0,-1.7050162923359455,test,-1,-6.5,-5.5
-6.71770229574024,-6.20865754045362,-0.5090447552866202,-6.20865754045362,0,-1.862597262136086,test,-1,-6.5,-5.5
-5.6832740822178085,-6.105894858190432,0.42262077597262365,-6.105894858190432,0,-1.8317684574571294,test,-1,-6.5,-5.5
-4.993242813813394,-5.869343734242835,0.8761009204294413,-5.869343734242835,1,-2.9346718671214176,test,-1,-6.5,-5.5
-5.384473641103909,-5.679044217880842,0.29457057677693205,-5.679044217880842,0,-1.7037132653642524,test,-1,-6.5,-5.5
-5.878514662473591,-6.17861132279216,0.3000966603185695,-6.17861132279216,1,-3.08930566139608,test,-1,-6.5,-5.5
-7.078160255505196,-6.3315218864840785,-0.7466383690211179,-6.3315218864840785,0,-1.8994565659452234,test,-1,-6.5,-5.5
-6.308679938163469,-6.227743720682279,-0.08093621748118988,-6.227743720682279,1,-3.1138718603411397,test,-1,-6.5,-5.5
-7.186241528205294,-6.061023646327861,-1.1252178818774325,-6.061023646327861,1,-3.0305118231639305,test,-1,-6.5,-5.5
-5.732511473415402,-6.401537022133604,0.6690255487182016,-6.401537022133604,1,-3.200768511066802,test,-1,-6.5,-5.5
-5.976508645043202,-5.871664489841184,-0.10484415520201862,-5.871664489841184,0,-1.761499346952355,test,-1,-6.5,-5.5
-4.808028629327,-5.603519972572357,0.7954913432453579,-5.603519972572357,0,-1.6810559917717072,test,-1,-6.5,-5.5
-6.624686895040584,-6.157802187804147,-0.4668847072364379,-6.157802187804147,1,-3.0789010939020733,test,-1,-6.5,-5.5
-5.017700390181201,-5.543621058364081,0.5259206681828797,-5.543621058364081,1,-2.7718105291820403,test,-1,-6.5,-5.5
-7.036588322087131,-6.080371892868837,-0.9562164292182939,-6.080371892868837,1,-3.0401859464344185,test,-1,-6.5,-5.5
-6.209742505594897,-5.964256206145306,-0.245486299449591,-5.964256206145306,0,-1.7892768618435917,test,-1,-6.5,-5.5
-5.195331539102908,-5.5232691159607485,0.32793757685784136,-5.5232691159607485,1,-2.7616345579803743,test,-1,-6.5,-5.5
-5.576545491608117,-5.78996650666388,0.21342101505576305,-5.78996650666388,1,-2.89498325333194,test,-1,-6.5,-5.5
-6.031251574109347,-5.994490724680288,-0.036760849429058974,-5.994490724680288,0,-1.7983472174040864,test,-1,-6.5,-5.5
-6.7401413677908755,-5.745441983376536,-0.9946993844143394,-5.745441983376536,0,-1.7236325950129607,test,-1,-6.5,-5.5
-5.229766177318492,-6.026692672431851,0.7969264951133597,-6.026692672431851,0,-1.8080078017295553,test,-1,-6.5,-5.5
-5.381134958169363,-5.778426018532545,0.3972910603631822,-5.778426018532545,1,-2.8892130092662724,test,-1,-6.5,-5.5
-5.590819644784645,-6.277650922232694,0.6868312774480492,-6.277650922232694,0,-1.8832952766698081,test,-1,-6.5,-5.5
-5.744129378733188,-6.423104450566819,0.6789750718336309,-6.423104450566819,0,-1.9269313351700457,test,-1,-6.5,-5.5
-6.129111263738907,-5.900842773967271,-0.22826848977163652,-5.900842773967271,0,-1.7702528321901811,test,-1,-6.5,-5.5
-5.740685310490482,-5.9763159606165654,0.2356306501260834,-5.9763159606165654,1,-2.9881579803082827,test,-1,-6.5,-5.5
-4.441601720849034,-6.039313864478983,1.5977121436299495,-6.039313864478983,0,-1.811794159343695,test,-1,-6.5,-5.5
-6.889819962424968,-6.382522570944124,-0.5072973914808443,-6.382522570944124,0,-1.914756771283237,test,-1,-6.5,-5.5
-5.320412025063521,-5.565456036942198,0.2450440118786767,-5.565456036942198,1,-2.782728018471099,test,-1,-6.5,-5.5
-6.728276879878177,-6.388261556755502,-0.3400153231226746,-6.388261556755502,0,-1.9164784670266506,test,-1,-6.5,-5.5
-4.475483763543971,-5.5325350446644075,1.0570512811204367,-5.5325350446644075,1,-2.7662675223322037,test,-1,-6.5,-5.5
-6.077946709025598,-6.181880892643404,0.10393418361780637,-6.181880892643404,0,-1.8545642677930212,test,-1,-6.5,-5.5
-6.848679913200879,-6.2181700426718605,-0.6305098705290182,-6.2181700426718605,0,-1.865451012801558,test,-1,-6.5,-5.5
-5.9274459748721915,-5.560010778342768,-0.36743519652942364,-5.560010778342768,1,-2.780005389171384,test,-1,-6.5,-5.5
-6.393338140809932,-5.539406330853442,-0.8539318099564895,-5.539406330853442,0,-1.6618218992560325,test,-1,-6.5,-5.5
-7.181695051165772,-5.799338596225496,-1.3823564549402756,-5.799338596225496,0,-1.7398015788676489,test,-1,-6.5,-5.5
-7.189923305284403,-5.544764959065628,-1.6451583462187758,-5.544764959065628,0,-1.6634294877196882,test,-1,-6.5,-5.5
-6.767794871412728,-6.325021927898828,-0.4427729435139006,-6.325021927898828,1,-3.162510963949414,test,-1,-6.5,-5.5
-6.330753681315054,-5.643358339364187,-0.6873953419508672,-5.643358339364187,1,-2.8216791696820933,test,-1,-6.5,-5.5
-5.793251257194779,-5.881801253252743,0.08854999605796347,-5.881801253252743,1,-2.9409006266263713,test,-1,-6.5,-5.5
-6.707914482073953,-6.204440751153407,-0.5034737309205464,-6.204440751153407,0,-1.861332225346022,test,-1,-6.5,-5.5
-5.7693509577301265,-5.903567389110938,0.13421643138081127,-5.903567389110938,0,-1.7710702167332812,test,-1,-6.5,-5.5
-5.317857166136061,-6.39070855772478,1.072851391588719,-6.39070855772478,0,-1.917212567317434,test,-1,-6.5,-5.5
-6.424204700546892,-5.708010199192389,-0.7161945013545031,-5.708010199192389,1,-2.8540050995961943,test,-1,-6.5,-5.5
-6.5958174456736725,-5.858122675743082,-0.7376947699305905,-5.858122675743082,1,-2.929061337871541,test,-1,-6.5,-5.5
-5.798253199384632,-6.3929592337317676,0.5947060343471356,-6.3929592337317676,0,-1.9178877701195303,test,-1,-6.5,-5.5
-4.8585438037889315,-6.2803412158812115,1.4217974120922805,-6.2803412158812115,1,-3.1401706079406058,test,-1,-6.5,-5.5
-6.7409003190775545,-6.208258654216931,-0.5326416648606235,-6.208258654216931,1,-3.1041293271084656,test,-1,-6.5,-5.5
-7.05443100696344,-6.026284548019305,-1.0281464589441347,-6.026284548019305,0,-1.8078853644057915,test,-1,-6.5,-5.5
-6.448319947236602,-6.269373848585156,-0.1789460986514457,-6.269373848585156,0,-1.8808121545755467,test,-1,-6.5,-5.5
-6.450869935338391,-6.202440281196891,-0.24842965414150026,-6.202440281196891,0,-1.8607320843590671,test,-1,-6.5,-5.5
-5.519213073388929,-5.948517193269515,0.429304119880586,-5.948517193269515,1,-2.9742585966347574,test,-1,-6.5,-5.5
-7.000619788121111,-6.353014371154052,-0.647605416967059,-6.353014371154052,0,-1.9059043113462155,test,-1,-6.5,-5.5
-5.908900863938779,-5.746680657556844,-0.16222020638193485,-5.746680657556844,0,-1.7240041972670532,test,-1,-6.5,-5.5
-6.241057610540312,-6.0494316406498925,-0.19162596989042005,-6.0494316406498925,0,-1.8148294921949677,test,-1,-6.5,-5.5
-7.054211220712478,-6.092898424302018,-0.9613127964104596,-6.092898424302018,0,-1.8278695272906054,test,-1,-6.5,-5.5
-6.88386653876604,-5.926520215855664,-0.9573463229103762,-5.926520215855664,1,-2.963260107927832,test,-1,-6.5,-5.5
-6.073886857014641,-6.342315631909628,0.26842877489498634,-6.342315631909628,1,-3.171157815954814,test,-1,-6.5,-5.5
-5.279069514880063,-5.608473835416606,0.3294043205365434,-5.608473835416606,1,-2.804236917708303,test,-1,-6.5,-5.5
-6.871583560328591,-6.384840653794756,-0.4867429065338353,-6.384840653794756,0,-1.9154521961384265,test,-1,-6.5,-5.5
-5.004361483229982,-5.952881403041067,0.9485199198110847,-5.952881403041067,1,-2.9764407015205334,test,-1,-6.5,-5.5
-4.969203830884495,-5.535054787725313,0.5658509568408184,-5.535054787725313,1,-2.7675273938626566,test,-1,-6.5,-5.5
-6.081370082462088,-6.360808754133236,0.2794386716711482,-6.360808754133236,0,-1.9082426262399708,test,-1,-6.5,-5.5
-5.432792494002845,-5.801189688790453,0.3683971947876078,-5.801189688790453,1,-2.9005948443952265,test,-1,-6.5,-5.5
-5.314781974510354,-5.524804390596276,0.21002241608592145,-5.524804390596276,0,-1.6574413171788827,test,-1,-6.5,-5.5
-5.067370495493541,-5.504171706045684,0.43680121055214255,-5.504171706045684,1,-2.752085853022842,test,-1,-6.5,-5.5
-5.628618890102182,-6.1522627883510195,0.5236438982488383,-6.1522627883510195,0,-1.8456788365053058,test,-1,-6.5,-5.5
-5.83526258089624,-5.874236661168204,0.03897408027196493,-5.874236661168204,1,-2.937118330584102,test,-1,-6.5,-5.5
-6.810747628655206,-5.557624037697406,-1.2531235909578005,-5.557624037697406,0,-1.6672872113092216,test,-1,-6.5,-5.5
-5.977444891949478,-5.875462102378475,-0.1019827895710028,-5.875462102378475,1,-2.9377310511892376,test,-1,-6.5,-5.5
-6.138724546326446,-5.6271802543314715,-0.5115442919949749,-5.6271802543314715,1,-2.8135901271657358,test,-1,-6.5,-5.5
-6.530976957651499,-5.802424474096961,-0.7285524835545382,-5.802424474096961,0,-1.7407273422290883,test,-1,-6.5,-5.5
-6.103144386108369,-6.46309934158206,0.3599549554736918,-6.46309934158206,1,-3.23154967079103,test,-1,-6.5,-5.5
-7.245470263520671,-6.154472198699395,-1.0909980648212763,-6.154472198699395,1,-3.0772360993496974,test,-1,-6.5,-5.5
-5.103584867482938,-5.6061727483709705,0.5025878808880326,-5.6061727483709705,0,-1.681851824511291,test,-1,-6.5,-5.5
-6.425940879974338,-6.03119943935839,-0.39474144061594807,-6.03119943935839,0,-1.8093598318075168,test,-1,-6.5,-5.5
-6.820147519122132,-6.066030071482865,-0.7541174476392668,-6.066030071482865,0,-1.8198090214448595,test,-1,-6.5,-5.5
-6.731406463144842,-6.195079837910886,-0.5363266252339561,-6.195079837910886,1,-3.097539918955443,test,-1,-6.5,-5.5
-4.919308442859959,-6.340263512851885,1.4209550699919256,-6.340263512851885,0,-1.9020790538555654,test,-1,-6.5,-5.5
-4.9367929164263415,-5.831126729808002,0.8943338133816604,-5.831126729808002,1,-2.915563364904001,test,-1,-6.5,-5.5
-6.282931916749956,-6.104659032874339,-0.17827288387561754,-6.104659032874339,0,-1.8313977098623015,test,-1,-6.5,-5.5
-4.971403845443834,-5.617894135761411,0.6464902903175773,-5.617894135761411,1,-2.8089470678807054,test,-1,-6.5,-5.5
-5.374355236003714,-6.456809840278867,1.082454604275153,-6.456809840278867,0,-1.9370429520836598,test,-1,-6.5,-5.5
-6.164093866753595,-5.625650669575278,-0.5384431971783176,-5.625650669575278,0,-1.6876952008725834,test,-1,-6.5,-5.5
-6.58848103116497,-6.407630676523942,-0.18085035464102792,-6.407630676523942,0,-1.9222892029571825,test,-1,-6.5,-5.5
-5.1199911014937785,-5.6764818756605155,0.5564907741667372,-5.6764818756605155,1,-2.8382409378302578,test,-1,-6.5,-5.5
-5.802233943906749,-6.041974934747409,0.23974099084065972,-6.041974934747409,1,-3.0209874673737045,test,-1,-6.5,-5.5
-5.993100393759056,-5.759825060267414,-0.2332753334916417,-5.759825060267414,0,-1.7279475180802242,test,-1,-6.5,-5.5
-5.059450764580041,-6.049112168988179,0.989661404408138,-6.049112168988179,0,-1.8147336506964535,test,-1,-6.5,-5.5
-6.035475268377518,-6.341464211433519,0.3059889430560007,-6.341464211433519,1,-3.1707321057167595,test,-1,-6.5,-5.5
-5.07260650107689,-5.551810338644596,0.4792038375677059,-5.551810338644596,0,-1.6655431015933786,test,-1,-6.5,-5.5
-4.398619632960231,-5.857521989860314,1.4589023569000827,-5.857521989860314,0,-1.7572565969580942,test,-1,-6.5,-5.5
-5.990303384078702,-6.28518303618235,0.2948796521036482,-6.28518303618235,1,-3.142591518091175,test,-1,-6.5,-5.5
-4.2877300153656215,-5.903485748241375,1.6157557328757541,-5.903485748241375,1,-2.9517428741206877,test,-1,-6.5,-5.5
-6.107778125610983,-6.290370483893994,0.18259235828301065,-6.290370483893994,1,-3.145185241946997,test,-1,-6.5,-5.5
-6.20124563678011,-6.098063068955864,-0.1031825678242458,-6.098063068955864,1,-3.049031534477932,test,-1,-6.5,-5.5
-5.830195756189229,-5.9047750160323424,0.07457925984311328,-5.9047750160323424,1,-2.9523875080161712,test,-1,-6.5,-5.5
-5.359337493230487,-5.8897319754487105,0.5303944822182239,-5.8897319754487105,0,-1.766919592634613,test,-1,-6.5,-5.5
-5.994679463081864,-6.392062350859804,0.3973828877779399,-6.392062350859804,1,-3.196031175429902,test,-1,-6.5,-5.5
-6.083744568822813,-6.307433089480959,0.22368852065814626,-6.307433089480959,0,-1.8922299268442877,test,-1,-6.5,-5.5
-6.956572614513803,-6.041752041153997,-0.9148205733598053,-6.041752041153997,1,-3.0208760205769987,test,-1,-6.5,-5.5
-6.655836805693061,-5.98384249353433,-0.6719943121587306,-5.98384249353433,0,-1.795152748060299,test,-1,-6.5,-5.5
-5.811068385459677,-5.642755723068747,-0.16831266239092982,-5.642755723068747,0,-1.6928267169206241,test,-1,-6.5,-5.5
-5.482346495648863,-5.9232680250025656,0.44092152935370216,-5.9232680250025656,0,-1.7769804075007696,test,-1,-6.5,-5.5
-4.807829381983034,-5.688481564572091,0.8806521825890571,-5.688481564572091,0,-1.7065444693716272,test,-1,-6.5,-5.5
-7.608135923042855,-6.130292797460811,-1.477843125582044,-6.130292797460811,1,-3.0651463987304055,test,-1,-6.5,-5.5
-6.410186283427554,-6.312274305802578,-0.09791197762497525,-6.312274305802578,0,-1.8936822917407734,test,-1,-6.5,-5.5
-6.508911660613747,-6.220308503112325,-0.28860315750142157,-6.220308503112325,0,-1.8660925509336974,test,-1,-6.5,-5.5
-6.550005554500078,-6.4750254580545175,-0.07498009644556071,-6.4750254580545175,0,-1.9425076374163552,test,-1,-6.5,-5.5
-6.015134215588119,-6.135868961325178,0.12073474573705974,-6.135868961325178,1,-3.067934480662589,test,-1,-6.5,-5.5
-6.396432790325181,-5.864499621459267,-0.5319331688659145,-5.864499621459267,0,-1.75934988643778,test,-1,-6.5,-5.5
-6.47894294673986,-5.658027814616986,-0.8209151321228743,-5.658027814616986,1,-2.829013907308493,test,-1,-6.5,-5.5
-5.653437752169181,-6.265206653378246,0.6117689012090647,-6.265206653378246,0,-1.8795619960134737,test,-1,-6.5,-5.5
-5.34219338556254,-5.794233289449119,0.45203990388657905,-5.794233289449119,0,-1.7382699868347358,test,-1,-6.5,-5.5
-6.013040889022677,-5.747560454592326,-0.2654804344303516,-5.747560454592326,1,-2.873780227296163,test,-1,-6.5,-5.5
-5.89288771541707,-5.808781022288916,-0.0841066931281529,-5.808781022288916,1,-2.904390511144458,test,-1,-6.5,-5.5
-5.970910737188656,-5.536621374061935,-0.4342893631267206,-5.536621374061935,1,-2.7683106870309677,test,-1,-6.5,-5.5
-6.794371759296318,-5.920117227549127,-0.8742545317471911,-5.920117227549127,1,-2.9600586137745637,test,-1,-6.5,-5.5
-5.668621441591771,-6.056443948951061,0.3878225073592893,-6.056443948951061,0,-1.816933184685318,test,-1,-6.5,-5.5
-6.3830347426881175,-5.963201227485097,-0.4198335152030202,-5.963201227485097,0,-1.788960368245529,test,-1,-6.5,-5.5
-7.193105642459091,-6.495238162877343,-0.6978674795817478,-6.495238162877343,0,-1.9485714488632029,test,-1,-6.5,-5.5
-6.873181079442797,-6.493277252917238,-0.37990382652555854,-6.493277252917238,0,-1.9479831758751713,test,-1,-6.5,-5.5
-5.011911425648511,-6.006399244970144,0.9944878193216332,-6.006399244970144,1,-3.003199622485072,test,-1,-6.5,-5.5
-5.862358502375766,-6.1234069988701165,0.26104849649435036,-6.1234069988701165,0,-1.837022099661035,test,-1,-6.5,-5.5
-6.231240531044084,-6.365018894982847,0.1337783639387627,-6.365018894982847,1,-3.1825094474914235,test,-1,-6.5,-5.5
-6.100744175398487,-6.145712578156857,0.04496840275837042,-6.145712578156857,0,-1.843713773447057,test,-1,-6.5,-5.5
-5.34046503978054,-5.858545341293069,0.5180803015125287,-5.858545341293069,1,-2.9292726706465344,test,-1,-6.5,-5.5
-5.538906730943461,-5.977214725953415,0.4383079950099538,-5.977214725953415,1,-2.9886073629767074,test,-1,-6.5,-5.5
-6.915013434446997,-6.1035932431252204,-0.8114201913217765,-6.1035932431252204,1,-3.0517966215626102,test,-1,-6.5,-5.5
-5.888785314108804,-5.729955724092879,-0.15882959001592514,-5.729955724092879,0,-1.7189867172278637,test,-1,-6.5,-5.5
-6.857180656308309,-6.446646014048801,-0.4105346422595077,-6.446646014048801,1,-3.2233230070244003,test,-1,-6.5,-5.5
-5.494936605093711,-5.613859624409349,0.11892301931563756,-5.613859624409349,0,-1.6841578873228047,test,-1,-6.5,-5.5
-5.872560857828937,-5.8208676355313,-0.051693222297636586,-5.8208676355313,1,-2.91043381776565,test,-1,-6.5,-5.5
-7.31970347213225,-6.080512967171654,-1.2391905049605971,-6.080512967171654,0,-1.824153890151496,test,-1,-6.5,-5.5
-5.117654205959801,-5.80826834358519,0.6906141376253884,-5.80826834358519,0,-1.7424805030755568,test,-1,-6.5,-5.5
-5.415488298902842,-5.560757083652289,0.14526878474944765,-5.560757083652289,1,-2.7803785418261446,test,-1,-6.5,-5.5
-6.924447230593419,-5.845161195428994,-1.0792860351644251,-5.845161195428994,0,-1.7535483586286982,test,-1,-6.5,-5.5
-5.147196584716607,-5.831656351653989,0.6844597669373824,-5.831656351653989,0,-1.7494969054961966,test,-1,-6.5,-5.5
-5.73945975625242,-5.79790284071155,0.05844308445913024,-5.79790284071155,1,-2.898951420355775,test,-1,-6.5,-5.5
-5.3126769422446465,-5.5843180835026995,0.2716411412580529,-5.5843180835026995,1,-2.7921590417513498,test,-1,-6.5,-5.5
-5.611310413220101,-5.610674238689745,-0.0006361745303565997,-5.610674238689745,0,-1.6832022716069235,test,-1,-6.5,-5.5
-6.141558588068385,-6.22063708119481,0.07907849312642498,-6.22063708119481,0,-1.8661911243584428,test,-1,-6.5,-5.5
-6.808165105934335,-6.477571553535705,-0.3305935523986307,-6.477571553535705,1,-3.2387857767678523,test,-1,-6.5,-5.5
-7.264584796277132,-6.222184836909816,-1.0423999593673163,-6.222184836909816,0,-1.8666554510729445,test,-1,-6.5,-5.5
-6.538528544472098,-6.135973314921451,-0.40255522955064726,-6.135973314921451,0,-1.840791994476435,test,-1,-6.5,-5.5
-6.166780502740882,-6.252545550448874,0.08576504770799145,-6.252545550448874,0,-1.875763665134662,test,-1,-6.5,-5.5
-6.044855787572732,-6.042696654566667,-0.0021591330060647435,-6.042696654566667,0,-1.81280899637,test,-1,-6.5,-5.5
-5.1900133570394,-5.562012302395028,0.3719989453556279,-5.562012302395028,0,-1.6686036907185084,test,-1,-6.5,-5.5
-6.396972701283385,-6.310646095923102,-0.08632660536028298,-6.310646095923102,1,-3.155323047961551,test,-1,-6.5,-5.5
-7.522283919963274,-6.118500245274755,-1.4037836746885193,-6.118500245274755,1,-3.0592501226373776,test,-1,-6.5,-5.5
-5.2486402121370785,-5.6669582963245055,0.41831808418742716,-5.6669582963245055,1,-2.8334791481622528,test,-1,-6.5,-5.5
-6.895989504909759,-6.3689374781387835,-0.5270520267709754,-6.3689374781387835,1,-3.1844687390693918,test,-1,-6.5,-5.5
-7.002722793726527,-6.147622222197713,-0.855100571528814,-6.147622222197713,0,-1.8442866666593138,test,-1,-6.5,-5.5
-6.179965346173666,-5.9491072549685,-0.23085809120516598,-5.9491072549685,0,-1.78473217649055,test,-1,-6.5,-5.5
-6.601530587988896,-5.730637042667802,-0.870893545321094,-5.730637042667802,1,-2.865318521333901,test,-1,-6.5,-5.5
-5.455237350667462,-5.6381575794892775,0.18292022882181627,-5.6381575794892775,1,-2.8190787897446388,test,-1,-6.5,-5.5
-6.848023522583815,-6.244019882408707,-0.6040036401751081,-6.244019882408707,1,-3.1220099412043534,test,-1,-6.5,-5.5
-4.4002022795902915,-5.547649750883618,1.1474474712933267,-5.547649750883618,0,-1.6642949252650854,test,-1,-6.5,-5.5
-6.2582971567585,-6.065147733422274,-0.19314942333622645,-6.065147733422274,0,-1.819544320026682,test,-1,-6.5,-5.5
-6.750606877637873,-6.369029316899198,-0.3815775607386753,-6.369029316899198,1,-3.184514658449599,test,-1,-6.5,-5.5
-6.782995499968926,-6.341021311453986,-0.44197418851494075,-6.341021311453986,0,-1.9023063934361957,test,-1,-6.5,-5.5
-7.425831007671563,-6.062632474118216,-1.363198533553347,-6.062632474118216,1,-3.031316237059108,test,-1,-6.5,-5.5
-6.263166654469441,-5.688164114035746,-0.5750025404336955,-5.688164114035746,1,-2.844082057017873,test,-1,-6.5,-5.5
-6.9384735456809095,-6.431015725459877,-0.5074578202210318,-6.431015725459877,0,-1.9293047176379632,test,-1,-6.5,-5.5
-6.528935649841435,-6.282494663904439,-0.24644098593699537,-6.282494663904439,1,-3.1412473319522194,test,-1,-6.5,-5.5
-7.0996038205974905,-5.698260653713458,-1.4013431668840328,-5.698260653713458,0,-1.7094781961140373,test,-1,-6.5,-5.5
-5.695881797486106,-5.676634693068814,-0.019247104417291938,-5.676634693068814,0,-1.7029904079206442,test,-1,-6.5,-5.5
-5.556205818796043,-6.299974827526608,0.7437690087305647,-6.299974827526608,1,-3.149987413763304,test,-1,-6.5,-5.5
-6.748178894127211,-6.443771896161653,-0.3044069979655574,-6.443771896161653,1,-3.2218859480808266,test,-1,-6.5,-5.5
-5.919865386916662,-5.845966762927268,-0.07389862398939417,-5.845966762927268,1,-2.922983381463634,test,-1,-6.5,-5.5
-5.48579672426506,-5.706057675040432,0.2202609507753723,-5.706057675040432,1,-2.853028837520216,test,-1,-6.5,-5.5
-6.978998456345293,-6.450231597309581,-0.5287668590357115,-6.450231597309581,1,-3.2251157986547905,test,-1,-6.5,-5.5
-6.283923538061444,-5.9773904563648586,-0.30653308169658516,-5.9773904563648586,1,-2.9886952281824293,test,-1,-6.5,-5.5
6.3110398476581056,5.654162842379672,0.6568770052784337,5.654162842379672,1,2.827081421189836,test,-1,5.5,6.5
5.511531995549752,6.240049696515404,-0.7285177009656526,6.240049696515404,1,3.120024848257702,test,-1,5.5,6.5
6.3392939487765325,5.7633150151851344,0.5759789335913985,5.7633150151851344,0,1.7289945045555404,test,-1,5.5,6.5
5.333059172337884,6.033739393380298,-0.7006802210424137,6.033739393380298,1,3.016869696690149,test,-1,5.5,6.5
5.314121026006649,5.51457496248542,-0.20045393647877058,5.51457496248542,1,2.75728748124271,test,-1,5.5,6.5
6.9152015423130395,6.418747008099885,0.4964545342131549,6.418747008099885,0,1.9256241024299654,test,-1,5.5,6.5
6.919725057604043,6.4007148541170125,0.5190102034870306,6.4007148541170125,1,3.2003574270585062,test,-1,5.5,6.5
5.020178461421644,5.533421427626345,-0.5132429662047016,5.533421427626345,1,2.7667107138131724,test,-1,5.5,6.5
6.500039441774273,6.456949336275117,0.04309010549915594,6.456949336275117,1,3.2284746681375585,test,-1,5.5,6.5
4.961636419911593,5.637209321356076,-0.6755729014444835,5.637209321356076,0,1.6911627964068228,test,-1,5.5,6.5
5.660042734020436,5.783828352957946,-0.12378561893751001,5.783828352957946,1,2.891914176478973,test,-1,5.5,6.5
6.359031407804982,6.106083184358829,0.2529482234461529,6.106083184358829,0,1.8318249553076484,test,-1,5.5,6.5
6.112851286270959,6.444225136053042,-0.3313738497820828,6.444225136053042,0,1.9332675408159126,test,-1,5.5,6.5
7.241366726412958,6.3527355411092845,0.8886311853036738,6.3527355411092845,0,1.9058206623327854,test,-1,5.5,6.5
5.799814781446586,5.502259233518513,0.2975555479280726,5.502259233518513,0,1.650677770055554,test,-1,5.5,6.5
6.430830024340088,6.021226027220293,0.40960399711979567,6.021226027220293,1,3.0106130136101465,test,-1,5.5,6.5
5.712811583285458,6.0520376332645665,-0.3392260499791089,6.0520376332645665,1,3.0260188166322832,test,-1,5.5,6.5
5.906294132112322,5.98537741366271,-0.07908328155038774,5.98537741366271,0,1.795613224098813,test,-1,5.5,6.5
6.448658480092845,6.268134154064422,0.18052432602842247,6.268134154064422,0,1.8804402462193266,test,-1,5.5,6.5
6.181372516402834,5.66071675312557,0.5206557632772641,5.66071675312557,1,2.830358376562785,test,-1,5.5,6.5
6.689457932503377,6.2645604503388785,0.42489748216449813,6.2645604503388785,0,1.8793681351016636,test,-1,5.5,6.5
5.277760042792142,5.520809797952066,-0.24304975515992402,5.520809797952066,1,2.760404898976033,test,-1,5.5,6.5
5.131708524227271,5.635210178369117,-0.5035016541418459,5.635210178369117,0,1.690563053510735,test,-1,5.5,6.5
4.905641774315265,5.6162730174016895,-0.7106312430864239,5.6162730174016895,1,2.8081365087008447,test,-1,5.5,6.5
7.093623720183565,5.809897584490029,1.2837261356935357,5.809897584490029,1,2.9049487922450146,test,-1,5.5,6.5
6.852786811344675,6.171452645212002,0.6813341661326723,6.171452645212002,1,3.085726322606001,test,-1,5.5,6.5
6.844050064904281,5.971229778250014,0.8728202866542671,5.971229778250014,1,2.985614889125007,test,-1,5.5,6.5
6.22783096506867,6.316168298046027,-0.08833733297735703,6.316168298046027,1,3.1580841490230136,test,-1,5.5,6.5
7.006056310766175,5.789586783530553,1.2164695272356216,5.789586783530553,1,2.8947933917652766,test,-1,5.5,6.5
6.54169215520951,6.233125977612671,0.30856617759683963,6.233125977612671,1,3.1165629888063355,test,-1,5.5,6.5
6.345403790072383,6.202622355255246,0.14278143481713598,6.202622355255246,1,3.101311177627623,test,-1,5.5,6.5
5.512179164084286,5.827569476263423,-0.3153903121791362,5.827569476263423,0,1.7482708428790268,test,-1,5.5,6.5
4.987596548388957,5.834647529106055,-0.8470509807170978,5.834647529106055,0,1.7503942587318166,test,-1,5.5,6.5
6.887807335121081,6.4780580790165185,0.4097492561045619,6.4780580790165185,0,1.9434174237049555,test,-1,5.5,6.5
6.169413695795632,6.124582111735353,0.04483158406027972,6.124582111735353,0,1.8373746335206058,test,-1,5.5,6.5
6.448134644057781,6.450313524699525,-0.00217888064174408,6.450313524699525,0,1.9350940574098574,test,-1,5.5,6.5
5.458126561351083,6.267475650620488,-0.8093490892694056,6.267475650620488,0,1.8802426951861464,test,-1,5.5,6.5
5.123695662786707,6.325009253214773,-1.201313590428066,6.325009253214773,0,1.8975027759644318,test,-1,5.5,6.5
5.240729456981006,5.906640301806662,-0.6659108448256558,5.906640301806662,1,2.953320150903331,test,-1,5.5,6.5
6.483359611474178,5.951308411421314,0.5320512000528639,5.951308411421314,1,2.975654205710657,test,-1,5.5,6.5
7.042994305988034,5.9006316273616735,1.142362678626361,5.9006316273616735,1,2.9503158136808367,test,-1,5.5,6.5
6.1037112867878776,6.495138160338558,-0.39142687355068073,6.495138160338558,1,3.247569080169279,test,-1,5.5,6.5
5.479915220275343,5.677564175937889,-0.1976489556625464,5.677564175937889,1,2.8387820879689447,test,-1,5.5,6.5
5.520570254007848,6.46259690302785,-0.9420266490200025,6.46259690302785,0,1.938779070908355,test,-1,5.5,6.5
5.312149514007971,5.9192502702591065,-0.6071007562511351,5.9192502702591065,0,1.775775081077732,test,-1,5.5,6.5
6.115911311917804,5.9240524465509985,0.19185886536680535,5.9240524465509985,0,1.7772157339652994,test,-1,5.5,6.5
5.499215075944452,5.963148869727346,-0.4639337937828934,5.963148869727346,0,1.7889446609182036,test,-1,5.5,6.5
5.93493913788912,5.873723148823915,0.06121598906520506,5.873723148823915,1,2.9368615744119575,test,-1,5.5,6.5
6.705013899261585,5.965508100172511,0.7395057990890744,5.965508100172511,1,2.9827540500862555,test,-1,5.5,6.5
5.422603572480376,5.535168261470805,-0.11256468899042861,5.535168261470805,0,1.6605504784412413,test,-1,5.5,6.5
4.888278853671858,5.584272669731845,-0.6959938160599871,5.584272669731845,0,1.6752818009195536,test,-1,5.5,6.5
7.230747451088236,6.2325206981419505,0.998226752946286,6.2325206981419505,1,3.1162603490709753,test,-1,5.5,6.5
6.500365662646046,6.136199993832868,0.3641656688131782,6.136199993832868,1,3.068099996916434,test,-1,5.5,6.5
5.650970465737124,5.5279077888615324,0.12306267687559157,5.5279077888615324,1,2.7639538944307662,test,-1,5.5,6.5
5.989701107749376,5.800170059823986,0.18953104792538913,5.800170059823986,0,1.7400510179471957,test,-1,5.5,6.5
5.5904316277014585,5.720852520828886,-0.13042089312742683,5.720852520828886,1,2.860426260414443,test,-1,5.5,6.5
5.9699042200137455,5.5550199933402,0.41488422667354574,5.5550199933402,1,2.7775099966701,test,-1,5.5,6.5
5.188972188799373,6.023246070778292,-0.8342738819789192,6.023246070778292,1,3.011623035389146,test,-1,5.5,6.5
5.903815435242645,5.91636965729461,-0.012554222051964763,5.91636965729461,0,1.7749108971883831,test,-1,5.5,6.5
4.8379036154276855,5.548218749825571,-0.7103151343978854,5.548218749825571,1,2.7741093749127854,test,-1,5.5,6.5
6.030011356753136,6.072404515529609,-0.04239315877647253,6.072404515529609,0,1.8217213546588826,test,-1,5.5,6.5
6.688750561425623,6.303516650677376,0.3852339107482469,6.303516650677376,0,1.8910549952032127,test,-1,5.5,6.5
5.510561992736876,5.613601719539817,-0.1030397268029413,5.613601719539817,1,2.8068008597699086,test,-1,5.5,6.5
6.830945945498845,5.777117214425196,1.0538287310736492,5.777117214425196,1,2.888558607212598,test,-1,5.5,6.5
6.1233588047541785,6.141678091685423,-0.018319286931244166,6.141678091685423,1,3.0708390458427113,test,-1,5.5,6.5
5.57831855255678,5.992737305436508,-0.4144187528797277,5.992737305436508,0,1.7978211916309523,test,-1,5.5,6.5
6.200430986034857,6.006556075668095,0.19387491036676294,6.006556075668095,1,3.0032780378340473,test,-1,5.5,6.5
6.106620418190817,5.961440260065955,0.14518015812486113,5.961440260065955,1,2.9807201300329775,test,-1,5.5,6.5
6.59814929439283,6.3947430739278905,0.20340622046493945,6.3947430739278905,0,1.918422922178367,test,-1,5.5,6.5
6.139234424938513,6.105777693135585,0.033456731802927984,6.105777693135585,0,1.8317333079406755,test,-1,5.5,6.5
6.048969084544003,6.103355603167554,-0.0543865186235504,6.103355603167554,0,1.831006680950266,test,-1,5.5,6.5
6.511835849689925,5.943871856191269,0.5679639934986564,5.943871856191269,1,2.9719359280956343,test,-1,5.5,6.5
5.007452601902182,5.98004678332689,-0.972594181424708,5.98004678332689,0,1.794014034998067,test,-1,5.5,6.5
6.842796707583148,6.388447527229693,0.45434918035345545,6.388447527229693,1,3.1942237636148465,test,-1,5.5,6.5
5.367072531334455,5.70850048846018,-0.3414279571257245,5.70850048846018,0,1.712550146538054,test,-1,5.5,6.5
6.383874350500037,6.444581462156325,-0.060707111656288386,6.444581462156325,0,1.9333744386468974,test,-1,5.5,6.5
5.0444471852092505,5.573470043942265,-0.529022858733015,5.573470043942265,0,1.6720410131826795,test,-1,5.5,6.5
6.857438345230096,6.09515245663609,0.7622858885940056,6.09515245663609,1,3.047576228318045,test,-1,5.5,6.5
4.296399958222114,5.531151070851767,-1.234751112629652,5.531151070851767,0,1.65934532125553,test,-1,5.5,6.5
5.4286199985665,6.165257432530789,-0.7366374339642898,6.165257432530789,1,3.0826287162653947,test,-1,5.5,6.5
5.884819910907764,6.137385495140969,-0.25256558423320524,6.137385495140969,1,3.0686927475704846,test,-1,5.5,6.5
6.774101259902736,6.362465162297615,0.4116360976051211,6.362465162297615,1,3.1812325811488074,test,-1,5.5,6.5
5.649978432649733,6.441637712339657,-0.7916592796899239,6.441637712339657,0,1.9324913137018969,test,-1,5.5,6.5
6.259599060986745,5.945627053410625,0.3139720075761202,5.945627053410625,0,1.7836881160231874,test,-1,5.5,6.5
6.822609326882558,6.1699576324357555,0.6526516944468028,6.1699576324357555,1,3.0849788162178777,test,-1,5.5,6.5
5.885340113745582,6.424330699631992,-0.5389905858864096,6.424330699631992,1,3.212165349815996,test,-1,5.5,6.5
4.58428066303615,6.1194234667677465,-1.535142803731596,6.1194234667677465,1,3.0597117333838733,test,-1,5.5,6.5
6.274691039677281,5.822585732708814,0.4521053069684672,5.822585732708814,0,1.7467757198126441,test,-1,5.5,6.5
5.717458909394104,5.819476310933581,-0.10201740153947748,5.819476310933581,1,2.9097381554667905,test,-1,5.5,6.5
5.736023311817182,5.7914566850066524,-0.05543337318947013,5.7914566850066524,1,2.8957283425033262,test,-1,5.5,6.5
7.102389967849958,6.457417423739058,0.6449725441109007,6.457417423739058,1,3.228708711869529,test,-1,5.5,6.5
6.360970270456841,5.905958342959643,0.4550119274971979,5.905958342959643,0,1.7717875028878929,test,-1,5.5,6.5
6.105753500818224,6.446555822362803,-0.3408023215445785,6.446555822362803,1,3.2232779111814014,test,-1,5.5,6.5
6.4479119750649145,6.3571905588319435,0.09072141623297095,6.3571905588319435,1,3.1785952794159718,test,-1,5.5,6.5
5.659340953707637,6.188927666032457,-0.5295867123248204,6.188927666032457,0,1.856678299809737,test,-1,5.5,6.5
5.77147671151825,5.50328796875234,0.26818874276591087,5.50328796875234,0,1.6509863906257018,test,-1,5.5,6.5
6.356870626491492,6.400103499656982,-0.0432328731654896,6.400103499656982,0,1.9200310498970945,test,-1,5.5,6.5
6.725415051002562,6.419864870962323,0.3055501800402388,6.419864870962323,0,1.9259594612886968,test,-1,5.5,6.5
5.120427409627193,5.505909355868484,-0.38548194624129134,5.505909355868484,1,2.752954677934242,test,-1,5.5,6.5
6.275110735702792,6.142926148435846,0.1321845872669459,6.142926148435846,0,1.8428778445307537,test,-1,5.5,6.5
6.084695199693082,5.885216980243074,0.1994782194500074,5.885216980243074,1,2.942608490121537,test,-1,5.5,6.5
6.436632755551432,6.095741894286906,0.34089086126452645,6.095741894286906,1,3.047870947143453,test,-1,5.5,6.5
6.160584354596694,6.110807055504409,0.04977729909228464,6.110807055504409,1,3.0554035277522047,test,-1,5.5,6.5
4.882350289335145,6.099619188397337,-1.2172688990621923,6.099619188397337,1,3.0498095941986687,test,-1,5.5,6.5
6.116672774044674,5.812283996843251,0.30438877720142277,5.812283996843251,0,1.7436851990529754,test,-1,5.5,6.5
4.857875721944472,5.569873674763088,-0.7119979528186163,5.569873674763088,0,1.6709621024289265,test,-1,5.5,6.5
6.913499858492792,6.300734234215527,0.6127656242772651,6.300734234215527,0,1.890220270264658,test,-1,5.5,6.5
6.399972009382168,6.41143405013332,-0.011462040751151342,6.41143405013332,0,1.9234302150399958,test,-1,5.5,6.5
5.693105510200052,5.694674629042537,-0.0015691188424854464,5.694674629042537,1,2.8473373145212686,test,-1,5.5,6.5
5.320637460585605,5.710607638852884,-0.38997017826727914,5.710607638852884,0,1.7131822916558652,test,-1,5.5,6.5
6.929871731213664,5.877440782360645,1.0524309488530195,5.877440782360645,0,1.7632322347081935,test,-1,5.5,6.5
5.436274027605427,5.902847210172673,-0.46657318256724634,5.902847210172673,1,2.9514236050863367,test,-1,5.5,6.5
7.218985740602834,6.3851776944327945,0.8338080461700392,6.3851776944327945,0,1.9155533083298382,test,-1,5.5,6.5
6.687307838020487,5.702154343370072,0.985153494650415,5.702154343370072,1,2.851077171685036,test,-1,5.5,6.5
7.818948927020048,5.919014827483751,1.8999340995362974,5.919014827483751,1,2.9595074137418753,test,-1,5.5,6.5
6.978332501251612,6.147959173339261,0.8303733279123503,6.147959173339261,0,1.8443877520017784,test,-1,5.5,6.5
5.965253181121638,6.011642952793331,-0.04638977167169257,6.011642952793331,0,1.803492885837999,test,-1,5.5,6.5
5.2867366849891955,5.833832485514603,-0.547095800525407,5.833832485514603,0,1.7501497456543809,test,-1,5.5,6.5
5.849701260071583,6.278473433859345,-0.428772173787761,6.278473433859345,0,1.8835420301578034,test,-1,5.5,6.5
4.75881858683357,5.635435134567611,-0.8766165477340404,5.635435134567611,0,1.690630540370283,test,-1,5.5,6.5
6.534619399913039,5.691710772255556,0.8429086276574824,5.691710772255556,0,1.7075132316766668,test,-1,5.5,6.5
6.129691722066655,5.902589147895965,0.22710257417068974,5.902589147895965,0,1.7707767443687894,test,-1,5.5,6.5
5.648731800649698,6.286844465247725,-0.6381126645980272,6.286844465247725,0,1.8860533395743175,test,-1,5.5,6.5
6.233423229327383,5.753808193927689,0.47961503539969397,5.753808193927689,1,2.8769040969638446,test,-1,5.5,6.5
5.696690752239128,5.609485421331518,0.08720533090760936,5.609485421331518,1,2.804742710665759,test,-1,5.5,6.5
7.081194980768675,6.430676014381886,0.6505189663867894,6.430676014381886,1,3.215338007190943,test,-1,5.5,6.5
5.875641811086493,5.626387283774598,0.24925452731189499,5.626387283774598,1,2.813193641887299,test,-1,5.5,6.5
5.483676047550407,6.105005390363564,-0.6213293428131571,6.105005390363564,0,1.831501617109069,test,-1,5.5,6.5
5.923699242435624,5.790121936587827,0.13357730584779656,5.790121936587827,1,2.8950609682939135,test,-1,5.5,6.5
6.710230609825442,6.1265293919225705,0.5837012179028711,6.1265293919225705,0,1.8379588175767712,test,-1,5.5,6.5
6.261323976625384,6.159475953840817,0.10184802278456767,6.159475953840817,1,3.0797379769204083,test,-1,5.5,6.5
5.666701950666459,5.567726161625695,0.09897578904076419,5.567726161625695,0,1.6703178484877084,test,-1,5.5,6.5
5.145882525596694,5.8554429248010225,-0.7095603992043293,5.8554429248010225,1,2.9277214624005112,test,-1,5.5,6.5
5.486448533901734,5.834724077476773,-0.34827554357503937,5.834724077476773,0,1.750417223243032,test,-1,5.5,6.5
5.748269420056513,5.677506367216735,0.07076305283977756,5.677506367216735,1,2.8387531836083677,test,-1,5.5,6.5
6.025432733961763,5.508003339782281,0.5174293941794819,5.508003339782281,1,2.7540016698911405,test,-1,5.5,6.5
5.196521671577499,5.510438402094721,-0.3139167305172214,5.510438402094721,0,1.6531315206284163,test,-1,5.5,6.5
5.908948339793625,6.097458804639123,-0.18851046484549774,6.097458804639123,1,3.0487294023195615,test,-1,5.5,6.5
6.904536892452814,5.584638520352121,1.319898372100693,5.584638520352121,1,2.7923192601760607,test,-1,5.5,6.5
5.270024203541354,5.815668236928666,-0.5456440333873122,5.815668236928666,0,1.7447004710785996,test,-1,5.5,6.5
6.360136625700445,6.468618328969967,-0.10848170326952229,6.468618328969967,1,3.2343091644849835,test,-1,5.5,6.5
5.824938812206233,6.373582551237013,-0.5486437390307802,6.373582551237013,1,3.1867912756185066,test,-1,5.5,6.5
6.439865995217224,6.412783994170824,0.027082001046399993,6.412783994170824,1,3.206391997085412,test,-1,5.5,6.5
6.187854649123109,5.669898260931886,0.5179563881912229,5.669898260931886,0,1.7009694782795657,test,-1,5.5,6.5
6.339950929298984,5.816807900689045,0.5231430286099391,5.816807900689045,0,1.7450423702067135,test,-1,5.5,6.5
6.0132795336450755,5.741780235714063,0.27149929793101274,5.741780235714063,1,2.8708901178570314,test,-1,5.5,6.5
6.775446871654962,5.990954969824983,0.784491901829979,5.990954969824983,0,1.797286490947495,test,-1,5.5,6.5
6.063682287202852,6.043943409568514,0.019738877634338035,6.043943409568514,1,3.021971704784257,test,-1,5.5,6.5
6.323915808994334,5.90545438708501,0.4184614219093244,5.90545438708501,1,2.952727193542505,test,-1,5.5,6.5
5.66366025429407,6.242410313176793,-0.5787500588827228,6.242410313176793,0,1.872723093953038,test,-1,5.5,6.5
6.780764755014885,6.143733015765203,0.6370317392496824,6.143733015765203,1,3.0718665078826013,test,-1,5.5,6.5
5.807018373604765,6.15934335071467,-0.35232497710990535,6.15934335071467,1,3.079671675357335,test,-1,5.5,6.5
6.443766255354355,5.649223685267733,0.7945425700866212,5.649223685267733,1,2.8246118426338667,test,-1,5.5,6.5
5.6387875002354315,6.246583789805756,-0.6077962895703248,6.246583789805756,0,1.8739751369417268,test,-1,5.5,6.5
6.348486922189888,6.141447595615617,0.20703932657427157,6.141447595615617,1,3.0707237978078084,test,-1,5.5,6.5
5.995664343283814,5.798231029231637,0.19743331405217696,5.798231029231637,0,1.739469308769491,test,-1,5.5,6.5
6.071539921884291,5.87582789531946,0.19571202656483183,5.87582789531946,1,2.93791394765973,test,-1,5.5,6.5
6.415383485714552,6.488627865175148,-0.07324437946059507,6.488627865175148,1,3.244313932587574,test,-1,5.5,6.5
6.802231726794645,5.844594940279918,0.9576367865147266,5.844594940279918,0,1.7533784820839753,test,-1,5.5,6.5
6.100618628337634,5.8434450006512755,0.2571736276863586,5.8434450006512755,0,1.7530335001953825,test,-1,5.5,6.5
5.4383619194673,6.113653454375103,-0.6752915349078032,6.113653454375103,0,1.834096036312531,test,-1,5.5,6.5
5.822930836407637,6.11839271273934,-0.29546187633170246,6.11839271273934,0,1.8355178138218018,test,-1,5.5,6.5
6.274211275613163,5.513353422191246,0.7608578534219168,5.513353422191246,1,2.756676711095623,test,-1,5.5,6.5
5.5500184870621885,6.074432794827069,-0.5244143077648805,6.074432794827069,0,1.8223298384481206,test,-1,5.5,6.5
7.393247757648961,6.277679452079622,1.1155683055693388,6.277679452079622,0,1.8833038356238865,test,-1,5.5,6.5
6.242897243353514,6.44988207713775,-0.206984833784236,6.44988207713775,0,1.934964623141325,test,-1,5.5,6.5
5.115274599314484,6.202982173100011,-1.0877075737855277,6.202982173100011,1,3.1014910865500056,test,-1,5.5,6.5
6.166107794052165,5.616205733447825,0.5499020606043394,5.616205733447825,1,2.8081028667239125,test,-1,5.5,6.5
5.2134174694653534,5.746601478123091,-0.5331840086577382,5.746601478123091,0,1.7239804434369275,test,-1,5.5,6.5
3.6925310104323263,5.918938680717573,-2.2264076702852464,5.918938680717573,0,1.7756816042152719,test,-1,5.5,6.5
6.151161353257824,6.13203154671384,0.01912980654398363,6.13203154671384,0,1.8396094640141518,test,-1,5.5,6.5
4.821734947013752,5.595470253464871,-0.7737353064511191,5.595470253464871,0,1.6786410760394612,test,-1,5.5,6.5
6.004044665323309,5.890309209423132,0.11373545590017616,5.890309209423132,0,1.7670927628269397,test,-1,5.5,6.5
6.238057575557004,5.821967587530727,0.4160899880262774,5.821967587530727,0,1.746590276259218,test,-1,5.5,6.5
6.9524957715064195,6.471325293927578,0.48117047757884224,6.471325293927578,1,3.235662646963789,test,-1,5.5,6.5
6.331345965816448,6.469182379611441,-0.13783641379499312,6.469182379611441,0,1.9407547138834322,test,-1,5.5,6.5
5.280920209510464,6.243417968225514,-0.96249775871505,6.243417968225514,0,1.8730253904676541,test,-1,5.5,6.5
6.792764864268763,6.017689295035469,0.7750755692332945,6.017689295035469,1,3.0088446475177344,test,-1,5.5,6.5
5.718394787048367,5.664479956118911,0.05391483092945595,5.664479956118911,0,1.6993439868356732,test,-1,5.5,6.5
6.475488704178796,6.449381570384974,0.026107133793821694,6.449381570384974,0,1.934814471115492,test,-1,5.5,6.5
5.486583163921518,6.421825954683884,-0.9352427907623666,6.421825954683884,1,3.210912977341942,test,-1,5.5,6.5
5.953472470210514,6.382570700339051,-0.4290982301285371,6.382570700339051,1,3.1912853501695255,test,-1,5.5,6.5
5.629808378943444,5.551038600025071,0.07876977891837357,5.551038600025071,0,1.665311580007521,test,-1,5.5,6.5
6.1400469521372205,6.274940215434729,-0.1348932632975082,6.274940215434729,1,3.1374701077173643,test,-1,5.5,6.5
5.693092362321226,5.605895152423459,0.08719720989776715,5.605895152423459,0,1.6817685457270377,test,-1,5.5,6.5
5.796550500333426,6.405395866629654,-0.6088453662962278,6.405395866629654,1,3.202697933314827,test,-1,5.5,6.5
5.048014818425033,6.0878864847116025,-1.0398716662865701,6.0878864847116025,0,1.8263659454134806,test,-1,5.5,6.5
6.674285898425741,6.488089757694919,0.18619614073082255,6.488089757694919,0,1.9464269273084756,test,-1,5.5,6.5
5.825805486635739,5.928661356516178,-0.10285586988044,5.928661356516178,0,1.7785984069548535,test,-1,5.5,6.5
6.774280662848537,6.129849978951141,0.6444306838973961,6.129849978951141,0,1.8389549936853422,test,-1,5.5,6.5
7.078505032848553,6.276281334265319,0.8022236985832333,6.276281334265319,0,1.8828844002795957,test,-1,5.5,6.5
5.6570824024841695,5.759817487767614,-0.1027350852834445,5.759817487767614,1,2.879908743883807,test,-1,5.5,6.5
5.912495189907285,6.138913069262157,-0.22641787935487226,6.138913069262157,0,1.8416739207786472,test,-1,5.5,6.5
7.099239145189693,6.326799975160675,0.7724391700290175,6.326799975160675,0,1.8980399925482025,test,-1,5.5,6.5
6.565695774335068,6.02130525832043,0.5443905160146383,6.02130525832043,1,3.010652629160215,test,-1,5.5,6.5
5.386314483729192,5.924485138877553,-0.5381706551483609,5.924485138877553,1,2.9622425694387764,test,-1,5.5,6.5
7.150296569190256,6.0310030378042825,1.1192935313859735,6.0310030378042825,1,3.0155015189021412,test,-1,5.5,6.5
6.60695075432443,6.44597812267006,0.1609726316543695,6.44597812267006,1,3.22298906133503,test,-1,5.5,6.5
6.402583025132475,6.499273662144243,-0.09669063701176847,6.499273662144243,1,3.2496368310721215,test,-1,5.5,6.5
5.374959145902436,6.170923588848261,-0.7959644429458249,6.170923588848261,1,3.0854617944241305,test,-1,5.5,6.5
6.069533244093646,6.289576137042283,-0.22004289294863724,6.289576137042283,1,3.1447880685211413,test,-1,5.5,6.5
6.821186271902134,6.481587554693637,0.3395987172084969,6.481587554693637,0,1.944476266408091,test,-1,5.5,6.5
5.864715128778642,5.641558412152617,0.22315671662602515,5.641558412152617,0,1.692467523645785,test,-1,5.5,6.5
6.381161544478596,5.526287019886786,0.8548745245918093,5.526287019886786,0,1.657886105966036,test,-1,5.5,6.5
6.837001303190449,6.246442761224147,0.5905585419663016,6.246442761224147,0,1.873932828367244,test,-1,5.5,6.5
5.5316974844450115,6.11658807404047,-0.5848905895954579,6.11658807404047,0,1.834976422212141,test,-1,5.5,6.5
5.472631347806963,5.599204699276073,-0.12657335146911072,5.599204699276073,0,1.6797614097828217,test,-1,5.5,6.5
5.807988192705782,6.021902675357156,-0.21391448265137358,6.021902675357156,1,3.010951337678578,test,-1,5.5,6.5
5.567065231067053,6.007431981478662,-0.44036675041160894,6.007431981478662,0,1.8022295944435986,test,-1,5.5,6.5
5.34530079719692,5.785693025922608,-0.4403922287256881,5.785693025922608,0,1.7357079077767825,test,-1,5.5,6.5
5.180864410140605,5.748438489274808,-0.5675740791342037,5.748438489274808,1,2.874219244637404,test,-1,5.5,6.5
5.1029154311483405,5.6803491801969415,-0.5774337490486008,5.6803491801969415,1,2.8401745900984707,test,-1,5.5,6.5
6.0225957212776144,6.083823066975112,-0.061227345697497715,6.083823066975112,0,1.8251469200925337,test,-1,5.5,6.5
5.854877002479466,5.653918607350965,0.20095839512850047,5.653918607350965,1,2.8269593036754825,test,-1,5.5,6.5
6.940250693387583,6.211727587705268,0.7285231056823142,6.211727587705268,1,3.105863793852634,test,-1,5.5,6.5
5.841357463821381,6.3587524054520355,-0.5173949416306548,6.3587524054520355,0,1.9076257216356105,test,-1,5.5,6.5
5.854266194943494,6.186441370798185,-0.33217517585469086,6.186441370798185,0,1.8559324112394555,test,-1,5.5,6.5
3.8721213938086567,5.765129608812192,-1.8930082150035348,5.765129608812192,0,1.7295388826436575,test,-1,5.5,6.5
5.781140998963371,5.897032706867352,-0.11589170790398062,5.897032706867352,0,1.7691098120602053,test,-1,5.5,6.5
6.11789451084797,6.013016025212243,0.10487848563572684,6.013016025212243,1,3.0065080126061217,test,-1,5.5,6.5
5.504376615437404,5.8442042208047935,-0.33982760536739004,5.8442042208047935,1,2.9221021104023968,test,-1,5.5,6.5
6.059566265838282,6.045602326998006,0.013963938840276323,6.045602326998006,0,1.8136806980994018,test,-1,5.5,6.5
5.683378176148379,6.186116734830431,-0.5027385586820527,6.186116734830431,1,3.0930583674152157,test,-1,5.5,6.5
5.323951545366716,5.799692894993413,-0.4757413496266963,5.799692894993413,1,2.8998464474967065,test,-1,5.5,6.5
4.844166813709176,5.715357823464707,-0.8711910097555311,5.715357823464707,1,2.8576789117323536,test,-1,5.5,6.5
5.612340157071494,6.288308789931913,-0.6759686328604186,6.288308789931913,1,3.1441543949659563,test,-1,5.5,6.5
5.142311077362587,6.2758489459474065,-1.1335378685848196,6.2758489459474065,1,3.1379244729737032,test,-1,5.5,6.5
6.232754877607682,5.54172595062187,0.6910289269858128,5.54172595062187,0,1.662517785186561,test,-1,5.5,6.5
6.629784371158811,6.14548536954428,0.4842990016145303,6.14548536954428,1,3.07274268477214,test,-1,5.5,6.5
5.655352863630764,5.628193102506086,0.02715976112467776,5.628193102506086,0,1.6884579307518257,test,-1,5.5,6.5
5.955016691225744,6.047652502942308,-0.09263581171656385,6.047652502942308,1,3.023826251471154,test,-1,5.5,6.5
6.685493213303969,5.791523446655947,0.8939697666480225,5.791523446655947,1,2.8957617233279733,test,-1,5.5,6.5
6.637598873331849,6.325845116197303,0.31175375713454695,6.325845116197303,1,3.1629225580986513,test,-1,5.5,6.5
5.171656358574819,5.597352371944585,-0.42569601336976565,5.597352371944585,0,1.6792057115833756,test,-1,5.5,6.5
6.432484048823286,6.397511911358555,0.034972137464731594,6.397511911358555,0,1.9192535734075662,test,-1,5.5,6.5
6.043102557956912,5.841989145984783,0.20111341197212862,5.841989145984783,0,1.7525967437954348,test,-1,5.5,6.5
5.802640143646044,5.6320853050415085,0.170554838604535,5.6320853050415085,0,1.6896255915124525,test,-1,5.5,6.5
6.1452287816197595,5.95758294841476,0.18764583320499897,5.95758294841476,0,1.7872748845244282,test,-1,5.5,6.5
4.57838744660214,5.5844378080637425,-1.0060503614616019,5.5844378080637425,1,2.7922189040318712,test,-1,5.5,6.5
5.768259875053121,6.240226593244446,-0.47196671819132496,6.240226593244446,1,3.120113296622223,test,-1,5.5,6.5
4.660073855119405,5.863737818781151,-1.2036639636617457,5.863737818781151,0,1.7591213456343453,test,-1,5.5,6.5
6.021410772307681,5.833561162216232,0.1878496100914492,5.833561162216232,0,1.7500683486648696,test,-1,5.5,6.5
5.361354788591558,5.606424663546353,-0.24506987495479488,5.606424663546353,1,2.8032123317731763,test,-1,5.5,6.5
4.917958588564414,5.686145620075994,-0.7681870315115802,5.686145620075994,1,2.843072810037997,test,-1,5.5,6.5
7.340510756050177,6.019248804764693,1.3212619512854837,6.019248804764693,0,1.8057746414294078,test,-1,5.5,6.5
6.38743765603254,5.6126222790435865,0.7748153769889535,5.6126222790435865,0,1.683786683713076,test,-1,5.5,6.5
5.689781049750487,5.983925589464159,-0.29414453971367227,5.983925589464159,1,2.9919627947320797,test,-1,5.5,6.5
6.932729915508278,6.431488377004363,0.5012415385039153,6.431488377004363,1,3.2157441885021814,test,-1,5.5,6.5
5.532431498607112,5.89885519442826,-0.36642369582114864,5.89885519442826,1,2.94942759721413,test,-1,5.5,6.5
6.260198650282537,5.680391984533548,0.5798066657489889,5.680391984533548,1,2.840195992266774,test,-1,5.5,6.5
6.794546527792366,6.30549204028609,0.48905448750627584,6.30549204028609,1,3.152746020143045,test,-1,5.5,6.5
5.86906622833818,6.1607354619910755,-0.2916692336528957,6.1607354619910755,0,1.8482206385973226,test,-1,5.5,6.5
6.479509999913651,6.113435114538922,0.36607488537472815,6.113435114538922,1,3.056717557269461,test,-1,5.5,6.5
6.723285493393113,5.623882154925232,1.0994033384678807,5.623882154925232,0,1.6871646464775696,test,-1,5.5,6.5
6.478179874742807,5.851541546769155,0.6266383279736513,5.851541546769155,0,1.7554624640307466,test,-1,5.5,6.5
5.292388953321461,5.973099801609726,-0.6807108482882646,5.973099801609726,1,2.986549900804863,test,-1,5.5,6.5
6.163935748059428,5.878385300624849,0.2855504474345787,5.878385300624849,0,1.7635155901874546,test,-1,5.5,6.5
6.232369759182506,5.721923666222813,0.5104460929596923,5.721923666222813,1,2.8609618331114066,test,-1,5.5,6.5
5.913005689624366,5.72688028951948,0.1861254001048856,5.72688028951948,1,2.86344014475974,test,-1,5.5,6.5
6.369949931250615,5.6428281449526825,0.7271217862979328,5.6428281449526825,0,1.6928484434858047,test,-1,5.5,6.5
5.87604952249229,6.229425121168513,-0.3533755986762234,6.229425121168513,0,1.868827536350554,test,-1,5.5,6.5
4.279863021775828,5.623011609409976,-1.3431485876341478,5.623011609409976,0,1.6869034828229927,test,-1,5.5,6.5
6.8077031983473795,5.819777974072321,0.9879252242750582,5.819777974072321,0,1.7459333922216962,test,-1,5.5,6.5
5.284812967779943,5.8916596206529706,-0.6068466528730279,5.8916596206529706,0,1.7674978861958912,test,-1,5.5,6.5
5.535425999071347,5.5379412194519455,-0.0025152203805992508,5.5379412194519455,1,2.7689706097259728,test,-1,5.5,6.5
4.791022904401489,5.655011286905252,-0.8639883825037624,5.655011286905252,1,2.827505643452626,test,-1,5.5,6.5
6.238425089123668,5.670649006216902,0.5677760829067665,5.670649006216902,1,2.835324503108451,test,-1,5.5,6.5
5.701151773546844,6.27031220556181,-0.569160432014966,6.27031220556181,1,3.135156102780905,test,-1,5.5,6.5
5.887153499013982,5.73919854104234,0.1479549579716419,5.73919854104234,1,2.86959927052117,test,-1,5.5,6.5
6.318055495862421,6.247170087233946,0.0708854086284745,6.247170087233946,0,1.8741510261701837,test,-1,5.5,6.5
6.803943453618268,5.847494184644095,0.9564492689741725,5.847494184644095,1,2.9237470923220474,test,-1,5.5,6.5
7.385133215173004,6.161213368200086,1.2239198469729182,6.161213368200086,1,3.080606684100043,test,-1,5.5,6.5
6.6938188182855445,6.154553999832386,0.5392648184531587,6.154553999832386,0,1.8463661999497156,test,-1,5.5,6.5
6.4284103810305915,5.732975942892299,0.6954344381382925,5.732975942892299,1,2.8664879714461495,test,-1,5.5,6.5
6.1467169362307565,5.920974770008197,0.22574216622255946,5.920974770008197,1,2.9604873850040985,test,-1,5.5,6.5
6.3809341100079235,6.176543515549949,0.20439059445797408,6.176543515549949,0,1.8529630546649847,test,-1,5.5,6.5
5.652240065513713,6.105345286255908,-0.45310522074219534,6.105345286255908,1,3.052672643127954,test,-1,5.5,6.5
6.49969000047272,6.108680506541661,0.39100949393105955,6.108680506541661,0,1.832604151962498,test,-1,5.5,6.5
4.376485746853236,5.539483421775666,-1.16299767492243,5.539483421775666,1,2.769741710887833,test,-1,5.5,6.5
6.976843471526546,6.405435954774958,0.571407516751588,6.405435954774958,1,3.202717977387479,test,-1,5.5,6.5
6.499617367789096,6.3890563808994845,0.1105609868896114,6.3890563808994845,1,3.1945281904497422,test,-1,5.5,6.5
5.7068340360806475,5.678681282712765,0.028152753367882213,5.678681282712765,0,1.7036043848138296,test,-1,5.5,6.5
6.621530569506053,5.887903528257415,0.7336270412486381,5.887903528257415,0,1.7663710584772245,test,-1,5.5,6.5
5.322436129435789,6.40763459414889,-1.0851984647131012,6.40763459414889,1,3.203817297074445,test,-1,5.5,6.5
5.40794220004151,5.952131550173418,-0.5441893501319086,5.952131550173418,1,2.976065775086709,test,-1,5.5,6.5
6.301065102539276,5.933293136791573,0.3677719657477037,5.933293136791573,0,1.7799879410374717,test,-1,5.5,6.5
6.037873694143646,6.209612269366931,-0.17173857522328506,6.209612269366931,0,1.8628836808100793,test,-1,5.5,6.5
6.045158566877462,5.660902137851252,0.38425642902621004,5.660902137851252,1,2.830451068925626,test,-1,5.5,6.5
6.246654948838637,6.363751825839311,-0.11709687700067371,6.363751825839311,0,1.9091255477517932,test,-1,5.5,6.5
4.838424013935952,5.513862581448035,-0.6754385675120835,5.513862581448035,0,1.6541587744344104,test,-1,5.5,6.5
5.858973617161731,5.574093209433013,0.2848804077287188,5.574093209433013,0,1.6722279628299037,test,-1,5.5,6.5
6.020193783221306,5.875915743035084,0.14427804018622212,5.875915743035084,0,1.7627747229105253,test,-1,5.5,6.5
6.097428756635453,5.74936352290052,0.348065233734933,5.74936352290052,1,2.87468176145026,test,-1,5.5,6.5
6.348539559479477,6.012623344880074,0.3359162145994023,6.012623344880074,1,3.006311672440037,test,-1,5.5,6.5
6.8851503012654565,5.643480256919932,1.2416700443455244,5.643480256919932,0,1.6930440770759796,test,-1,5.5,6.5
5.583412360550154,6.1416555013357215,-0.5582431407855675,6.1416555013357215,1,3.0708277506678607,test,-1,5.5,6.5
5.701062696926006,6.039105503798524,-0.33804280687251814,6.039105503798524,0,1.8117316511395571,test,-1,5.5,6.5
7.219959847364742,6.329914175769991,0.890045671594751,6.329914175769991,1,3.1649570878849955,test,-1,5.5,6.5
5.276848064301867,5.769124907953275,-0.4922768436514075,5.769124907953275,1,2.8845624539766375,test,-1,5.5,6.5
5.7564142080703915,5.671055721632711,0.08535848643768089,5.671055721632711,1,2.8355278608163554,test,-1,5.5,6.5
6.718474548475108,6.0264327644174465,0.6920417840576615,6.0264327644174465,0,1.807929829325234,test,-1,5.5,6.5
6.000898600786696,5.741855408732619,0.25904319205407755,5.741855408732619,0,1.7225566226197855,test,-1,5.5,6.5
6.270123869712523,5.956214112268475,0.3139097574440486,5.956214112268475,0,1.7868642336805423,test,-1,5.5,6.5
5.599692343585695,5.616482011346919,-0.016789667761224675,5.616482011346919,0,1.6849446034040758,test,-1,5.5,6.5
5.029094833477369,6.09980662806885,-1.0707117945914815,6.09980662806885,1,3.049903314034425,test,-1,5.5,6.5
6.794106526066184,6.33663489267187,0.45747163339431424,6.33663489267187,1,3.168317446335935,test,-1,5.5,6.5
6.949008367680776,6.412331911293672,0.5366764563871039,6.412331911293672,1,3.206165955646836,test,-1,5.5,6.5
6.730841343718961,6.450627072040091,0.28021427167886925,6.450627072040091,1,3.2253135360200456,test,-1,5.5,6.5
5.845908903579147,6.081529369286514,-0.23562046570736678,6.081529369286514,1,3.040764684643257,test,-1,5.5,6.5
6.165539684418532,6.014690305880913,0.15084937853761918,6.014690305880913,0,1.8044070917642738,test,-1,5.5,6.5
6.732293796538233,6.276716211920865,0.45557758461736814,6.276716211920865,0,1.8830148635762596,test,-1,5.5,6.5
5.969033093858832,6.172097326082074,-0.20306423222324185,6.172097326082074,1,3.086048663041037,test,-1,5.5,6.5
5.3802993314167065,5.66378754066337,-0.2834882092466639,5.66378754066337,1,2.831893770331685,test,-1,5.5,6.5
5.29230699440361,5.9275583551925735,-0.635251360788963,5.9275583551925735,1,2.9637791775962867,test,-1,5.5,6.5
5.946255199792886,5.654392660663615,0.2918625391292711,5.654392660663615,0,1.6963177981990845,test,-1,5.5,6.5
5.338585883401854,6.06670159730435,-0.7281157139024963,6.06670159730435,0,1.820010479191305,test,-1,5.5,6.5
5.733724517479629,6.0091030896834745,-0.2753785722038453,6.0091030896834745,1,3.0045515448417373,test,-1,5.5,6.5
6.780632539242508,5.953778516090053,0.8268540231524547,5.953778516090053,1,2.9768892580450266,test,-1,5.5,6.5
5.274599127257603,6.491011271964969,-1.2164121447073664,6.491011271964969,0,1.9473033815894907,test,-1,5.5,6.5
5.938394982716218,6.40014655233526,-0.46175156961904174,6.40014655233526,1,3.20007327616763,test,-1,5.5,6.5
6.215824054564709,5.651425779229208,0.564398275335501,5.651425779229208,1,2.825712889614604,test,-1,5.5,6.5
5.956030230921291,6.107674751836506,-0.15164452091521463,6.107674751836506,0,1.8323024255509517,test,-1,5.5,6.5
6.702056761039951,5.978204313382881,0.7238524476570692,5.978204313382881,1,2.9891021566914406,test,-1,5.5,6.5
5.624512205973836,6.328624446459164,-0.7041122404853277,6.328624446459164,1,3.164312223229582,test,-1,5.5,6.5
5.883810649794661,6.429425450951965,-0.5456148011573039,6.429425450951965,0,1.9288276352855893,test,-1,5.5,6.5
7.023786796489474,6.32876510815628,0.6950216883331936,6.32876510815628,0,1.898629532446884,test,-1,5.5,6.5
4.931413548925993,5.526767036919026,-0.5953534879930329,5.526767036919026,1,2.763383518459513,test,-1,5.5,6.5
6.4214597406608,6.390270818242528,0.03118892241827159,6.390270818242528,0,1.9170812454727584,test,-1,5.5,6.5
5.51133160995838,5.664298479902406,-0.15296686994402625,5.664298479902406,0,1.6992895439707218,test,-1,5.5,6.5
6.6677481882895036,5.833972274605558,0.8337759136839458,5.833972274605558,1,2.916986137302779,test,-1,5.5,6.5
5.218223771242829,5.877301159461412,-0.6590773882185837,5.877301159461412,1,2.938650579730706,test,-1,5.5,6.5
6.379826031146843,6.318280934127797,0.06154509701904621,6.318280934127797,0,1.895484280238339,test,-1,5.5,6.5
6.236118697125057,5.69805308691962,0.538065610205437,5.69805308691962,0,1.7094159260758859,test,-1,5.5,6.5
6.465810325922828,5.676026046978276,0.7897842789445515,5.676026046978276,0,1.7028078140934826,test,-1,5.5,6.5
6.605602162235138,6.492436052990392,0.11316610924474607,6.492436052990392,1,3.246218026495196,test,-1,5.5,6.5
6.058803106559923,5.544698744344091,0.5141043622158321,5.544698744344091,0,1.6634096233032272,test,-1,5.5,6.5
5.455471259519073,5.81084888578964,-0.3553776262705671,5.81084888578964,0,1.743254665736892,test,-1,5.5,6.5
7.118256424138771,5.9115835711828915,1.206672852955879,5.9115835711828915,0,1.7734750713548675,test,-1,5.5,6.5
6.064738215157534,5.725263253715639,0.3394749614418948,5.725263253715639,1,2.8626316268578194,test,-1,5.5,6.5
6.306912866066356,5.770602880821453,0.5363099852449024,5.770602880821453,0,1.731180864246436,test,-1,5.5,6.5
6.7596022795692,5.607217726709274,1.1523845528599252,5.607217726709274,0,1.6821653180127822,test,-1,5.5,6.5
6.547534481752724,6.311020665849667,0.23651381590305642,6.311020665849667,0,1.8933061997549,test,-1,5.5,6.5
5.838827309368946,5.745980087705812,0.09284722166313415,5.745980087705812,0,1.7237940263117435,test,-1,5.5,6.5
6.652804303791598,6.133851715723656,0.5189525880679415,6.133851715723656,0,1.8401555147170967,test,-1,5.5,6.5
6.749259838481138,5.860437890152852,0.8888219483282862,5.860437890152852,0,1.7581313670458556,test,-1,5.5,6.5
4.725903491315163,5.5048626877746205,-0.7789591964594568,5.5048626877746205,1,2.7524313438873103,test,-1,5.5,6.5
4.786072283419777,5.747220897941281,-0.9611486145215032,5.747220897941281,0,1.7241662693823843,test,-1,5.5,6.5
6.773766503531113,6.329907195199729,0.4438593083313846,6.329907195199729,1,3.1649535975998644,test,-1,5.5,6.5
5.8549936187845715,5.911160322294761,-0.05616670351018998,5.911160322294761,0,1.7733480966884283,test,-1,5.5,6.5
5.6666993540431765,5.589914583984556,0.07678477005862037,5.589914583984556,0,1.6769743751953667,test,-1,5.5,6.5
7.753839183043677,6.4747374998493825,1.2791016831942947,6.4747374998493825,0,1.9424212499548146,test,-1,5.5,6.5
6.090143316142912,6.152362264031975,-0.06221894788906326,6.152362264031975,0,1.8457086792095925,test,-1,5.5,6.5
6.1526757670638075,6.1561555863113275,-0.0034798192475198482,6.1561555863113275,0,1.8468466758933981,test,-1,5.5,6.5
7.229124075204252,6.427516270840011,0.8016078043642418,6.427516270840011,1,3.2137581354200053,test,-1,5.5,6.5
5.981846673215189,6.433022618767653,-0.45117594555246354,6.433022618767653,0,1.9299067856302958,test,-1,5.5,6.5
6.516941023190562,6.378256588886791,0.13868443430377028,6.378256588886791,0,1.9134769766660373,test,-1,5.5,6.5
5.821551869593015,5.901525312295424,-0.0799734427024089,5.901525312295424,0,1.770457593688627,test,-1,5.5,6.5
5.920977902028067,5.778949661102925,0.14202824092514177,5.778949661102925,1,2.8894748305514626,test,-1,5.5,6.5
6.158478221295209,5.980924996666878,0.17755322462833115,5.980924996666878,1,2.990462498333439,test,-1,5.5,6.5
5.568731241751089,6.256820831363339,-0.68808958961225,6.256820831363339,1,3.1284104156816697,test,-1,5.5,6.5
5.754749262146067,6.008882580164818,-0.25413331801875144,6.008882580164818,0,1.8026647740494455,test,-1,5.5,6.5
5.528240912760694,5.875273188642757,-0.34703227588206337,5.875273188642757,1,2.9376365943213787,test,-1,5.5,6.5
5.299626866173638,6.097751664069661,-0.7981247978960234,6.097751664069661,0,1.8293254992208983,test,-1,5.5,6.5
6.400345713431842,6.142163185318538,0.25818252811330406,6.142163185318538,1,3.071081592659269,test,-1,5.5,6.5
6.087129283525862,6.478529845682215,-0.39140056215635244,6.478529845682215,0,1.9435589537046645,test,-1,5.5,6.5
5.415360091374496,6.121538195232224,-0.7061781038577278,6.121538195232224,0,1.8364614585696672,test,-1,5.5,6.5
4.917725272264107,5.89340043159783,-0.9756751593337228,5.89340043159783,1,2.946700215798915,test,-1,5.5,6.5
6.1269862705647355,6.434838371707174,-0.30785210114243905,6.434838371707174,1,3.217419185853587,test,-1,5.5,6.5
5.507193920048987,6.231820746300171,-0.7246268262511839,6.231820746300171,1,3.1159103731500855,test,-1,5.5,6.5
6.145852075382708,5.930569631782998,0.21528244359970977,5.930569631782998,0,1.7791708895348992,test,-1,5.5,6.5
6.517275048158218,5.95951712679202,0.5577579213661968,5.95951712679202,0,1.787855138037606,test,-1,5.5,6.5
6.189002019678162,6.498790408874639,-0.3097883891964774,6.498790408874639,1,3.2493952044373193,test,-1,5.5,6.5
6.00298273083621,6.463598184166207,-0.46061545332999754,6.463598184166207,0,1.939079455249862,test,-1,5.5,6.5
5.2237172011666075,5.50651960293515,-0.2828024017685419,5.50651960293515,1,2.753259801467575,test,-1,5.5,6.5
6.74368100190139,6.345955170609632,0.3977258312917572,6.345955170609632,0,1.9037865511828895,test,-1,5.5,6.5
5.405411739551013,5.862481133906683,-0.45706939435567007,5.862481133906683,0,1.7587443401720049,test,-1,5.5,6.5
6.219524629359973,5.897286614954545,0.3222380144054273,5.897286614954545,0,1.7691859844863635,test,-1,5.5,6.5
5.3931535946957965,5.794459645977629,-0.40130605128183255,5.794459645977629,1,2.8972298229888147,test,-1,5.5,6.5
4.652146850892094,6.1147961666526935,-1.4626493157606,6.1147961666526935,1,3.0573980833263468,test,-1,5.5,6.5
6.649888013464241,5.676635579436789,0.9732524340274515,5.676635579436789,0,1.7029906738310367,test,-1,5.5,6.5
6.20651259280551,5.708381850594007,0.4981307422115024,5.708381850594007,0,1.712514555178202,test,-1,5.5,6.5
5.57130673963629,5.716288224505058,-0.1449814848687675,5.716288224505058,0,1.7148864673515172,test,-1,5.5,6.5
6.14217076116282,6.061426824327601,0.08074393683521944,6.061426824327601,1,3.0307134121638004,test,-1,5.5,6.5
5.704425988517772,5.603087327334009,0.10133866118376274,5.603087327334009,1,2.8015436636670046,test,-1,5.5,6.5
6.813339195435993,5.811325976903497,1.002013218532496,5.811325976903497,1,2.9056629884517484,test,-1,5.5,6.5
6.107089211647531,6.30688157043288,-0.1997923587853498,6.30688157043288,1,3.15344078521644,test,-1,5.5,6.5
6.160013103291554,5.986035065413723,0.1739780378778318,5.986035065413723,0,1.7958105196241168,test,-1,5.5,6.5
6.308948414191209,6.455734313431378,-0.1467858992401688,6.455734313431378,0,1.9367202940294135,test,-1,5.5,6.5
5.86026281674878,6.214557008531935,-0.35429419178315463,6.214557008531935,0,1.8643671025595805,test,-1,5.5,6.5
5.907971695153746,5.615245334399702,0.29272636075404335,5.615245334399702,1,2.807622667199851,test,-1,5.5,6.5
6.251064681244966,5.94786179513026,0.30320288611470614,5.94786179513026,1,2.97393089756513,test,-1,5.5,6.5
5.730933606128534,6.026769479856434,-0.29583587372790054,6.026769479856434,1,3.013384739928217,test,-1,5.5,6.5
7.8609864574080985,6.396336863017197,1.4646495943909013,6.396336863017197,0,1.918901058905159,test,-1,5.5,6.5
4.726119379406866,6.420253152066055,-1.6941337726591887,6.420253152066055,1,3.2101265760330273,test,-1,5.5,6.5
6.46236800448056,5.55328364788842,0.9090843565921396,5.55328364788842,0,1.665985094366526,test,-1,5.5,6.5
5.7353550383411855,6.40970066772011,-0.6743456293789248,6.40970066772011,0,1.922910200316033,test,-1,5.5,6.5
5.74470108212738,6.189073459619526,-0.4443723774921467,6.189073459619526,0,1.8567220378858578,test,-1,5.5,6.5
6.4825406388555225,6.074440804046305,0.40809983480921735,6.074440804046305,1,3.0372204020231526,test,-1,5.5,6.5
7.014521783193764,6.418326609580169,0.5961951736135954,6.418326609580169,0,1.9254979828740506,test,-1,5.5,6.5
6.766109885912976,5.905030625482482,0.8610792604304943,5.905030625482482,0,1.7715091876447444,test,-1,5.5,6.5
5.349886769249096,6.172450600105991,-0.8225638308568953,6.172450600105991,0,1.8517351800317972,test,-1,5.5,6.5
7.630210406520029,6.325485596685555,1.3047248098344741,6.325485596685555,0,1.8976456790056664,test,-1,5.5,6.5
5.751776762945425,6.316008365546677,-0.564231602601253,6.316008365546677,1,3.1580041827733387,test,-1,5.5,6.5
6.31745159282821,6.060362553856769,0.25708903897144086,6.060362553856769,1,3.0301812769283845,test,-1,5.5,6.5
6.913364515481275,6.059689637368907,0.8536748781123684,6.059689637368907,1,3.0298448186844533,test,-1,5.5,6.5
6.455421223285745,6.3580126387117515,0.0974085845739936,6.3580126387117515,0,1.9074037916135254,test,-1,5.5,6.5
5.7271912568852965,5.70553461768943,0.02165663919586588,5.70553461768943,0,1.711660385306829,test,-1,5.5,6.5
6.799368887359159,6.215740916604859,0.5836279707543002,6.215740916604859,1,3.1078704583024295,test,-1,5.5,6.5
6.393541874412447,6.315871542622065,0.07767033179038185,6.315871542622065,1,3.1579357713110325,test,-1,5.5,6.5
5.003255647458657,5.619276523384715,-0.6160208759260585,5.619276523384715,0,1.6857829570154146,test,-1,5.5,6.5
7.099342332627655,6.348672161894144,0.7506701707335117,6.348672161894144,0,1.904601648568243,test,-1,5.5,6.5
6.382896657766674,5.625222268092255,0.757674389674419,5.625222268092255,1,2.8126111340461275,test,-1,5.5,6.5
6.014108709763896,5.5537143526668435,0.46039435709705245,5.5537143526668435,0,1.666114305800053,test,-1,5.5,6.5
6.31419276204991,5.970630657982762,0.3435621040671468,5.970630657982762,0,1.7911891973948286,test,-1,5.5,6.5
7.237699518676389,6.438750645666193,0.7989488730101961,6.438750645666193,1,3.2193753228330966,test,-1,5.5,6.5
7.168774682138493,6.44753831185992,0.7212363702785735,6.44753831185992,1,3.22376915592996,test,-1,5.5,6.5
6.940979242235021,6.086773001072513,0.8542062411625082,6.086773001072513,1,3.0433865005362564,test,-1,5.5,6.5
6.67643476892288,6.313135592057341,0.36329917686553875,6.313135592057341,0,1.893940677617202,test,-1,5.5,6.5
4.6977718619024795,5.75125457159026,-1.0534827096877801,5.75125457159026,0,1.725376371477078,test,-1,5.5,6.5
6.690969205801775,6.141131565590092,0.5498376402116832,6.141131565590092,0,1.8423394696770274,test,-1,5.5,6.5
6.190016836606105,5.665780357757221,0.5242364788488844,5.665780357757221,0,1.6997341073271663,test,-1,5.5,6.5
6.413069585108236,5.753322695929963,0.6597468891782723,5.753322695929963,0,1.725996808778989,test,-1,5.5,6.5
7.462636578880349,6.431355500780643,1.0312810780997064,6.431355500780643,0,1.9294066502341927,test,-1,5.5,6.5
5.67608422958169,6.3973316030283085,-0.721247373446618,6.3973316030283085,0,1.9191994809084925,test,-1,5.5,6.5
4.565970821690941,6.242906326227419,-1.6769355045364776,6.242906326227419,0,1.8728718978682255,test,-1,5.5,6.5
6.689428051544448,5.97350336340199,0.7159246881424576,5.97350336340199,0,1.792051009020597,test,-1,5.5,6.5
6.9157544218888365,6.380550301827732,0.535204120061104,6.380550301827732,0,1.9141650905483196,test,-1,5.5,6.5
5.798008081598096,5.670698803721517,0.1273092778765789,5.670698803721517,1,2.8353494018607583,test,-1,5.5,6.5
5.3666080865424854,6.00786772602459,-0.6412596394821041,6.00786772602459,1,3.003933863012295,test,-1,5.5,6.5
7.265572543300836,6.099180647280275,1.1663918960205606,6.099180647280275,0,1.8297541941840825,test,-1,5.5,6.5
5.42079330169074,5.5372439641614575,-0.11645066247071807,5.5372439641614575,0,1.6611731892484372,test,-1,5.5,6.5
7.696166117382203,6.3155382653887235,1.3806278519934794,6.3155382653887235,0,1.894661479616617,test,-1,5.5,6.5
6.090551650068328,5.781590269595422,0.30896138047290606,5.781590269595422,0,1.7344770808786265,test,-1,5.5,6.5
7.204904073078621,6.425301093081767,0.7796029799968541,6.425301093081767,0,1.9275903279245301,test,-1,5.5,6.5
4.940245160376193,6.4330412413240285,-1.4927960809478351,6.4330412413240285,0,1.9299123723972085,test,-1,5.5,6.5
6.724926551698547,6.287817504507798,0.4371090471907491,6.287817504507798,1,3.143908752253899,test,-1,5.5,6.5
5.956977319346822,6.326910311622728,-0.3699329922759063,6.326910311622728,0,1.8980730934868184,test,-1,5.5,6.5
5.071548188965272,5.803062951789389,-0.7315147628241178,5.803062951789389,0,1.7409188855368167,test,-1,5.5,6.5
5.521515320504818,5.658550235459047,-0.13703491495422904,5.658550235459047,1,2.8292751177295234,test,-1,5.5,6.5
7.647639226532804,5.866449709561328,1.781189516971476,5.866449709561328,1,2.933224854780664,test,-1,5.5,6.5
5.5923102383974665,5.893255492735079,-0.30094525433761304,5.893255492735079,1,2.9466277463675397,test,-1,5.5,6.5
5.4146812434951865,6.435833524323688,-1.0211522808285016,6.435833524323688,1,3.217916762161844,test,-1,5.5,6.5
7.091794118957257,6.329880298600381,0.7619138203568759,6.329880298600381,1,3.1649401493001905,test,-1,5.5,6.5
5.855779739016717,6.34048998755166,-0.4847102485349428,6.34048998755166,0,1.9021469962654978,test,-1,5.5,6.5
6.195413661509909,6.193395138191214,0.002018523318695727,6.193395138191214,0,1.858018541457364,test,-1,5.5,6.5
7.366626348415778,6.2979176730364745,1.0687086753793038,6.2979176730364745,0,1.8893753019109423,test,-1,5.5,6.5
6.6733010040527105,5.964569391682509,0.7087316123702021,5.964569391682509,1,2.9822846958412543,test,-1,5.5,6.5
6.882829893547269,6.399912208105537,0.4829176854417322,6.399912208105537,1,3.1999561040527684,test,-1,5.5,6.5
7.213759892610169,6.470350323631963,0.7434095689782068,6.470350323631963,1,3.2351751618159814,test,-1,5.5,6.5
5.930771529391823,5.911189834980845,0.01958169441097846,5.911189834980845,0,1.7733569504942535,test,-1,5.5,6.5
5.6990489360956875,6.40558982739601,-0.7065408913003225,6.40558982739601,1,3.202794913698005,test,-1,5.5,6.5
6.182458575014053,6.2125822058460685,-0.030123630832015778,6.2125822058460685,0,1.8637746617538204,test,-1,5.5,6.5
5.907422826067329,6.1419970204997965,-0.2345741944324678,6.1419970204997965,0,1.842599106149939,test,-1,5.5,6.5
6.067220451225192,6.025811094003951,0.04140935722124058,6.025811094003951,1,3.0129055470019757,test,-1,5.5,6.5
6.429743032831559,6.444214193513803,-0.014471160682244232,6.444214193513803,0,1.9332642580541408,test,-1,5.5,6.5
6.201808609749456,5.862532549320999,0.33927606042845654,5.862532549320999,0,1.7587597647962998,test,-1,5.5,6.5
6.266429070311922,5.639890535136192,0.62653853517573,5.639890535136192,0,1.6919671605408575,test,-1,5.5,6.5
5.24393351155478,5.560284304933495,-0.3163507933787148,5.560284304933495,0,1.6680852914800484,test,-1,5.5,6.5
6.164709314636408,6.308109619107807,-0.1434003044713986,6.308109619107807,1,3.1540548095539034,test,-1,5.5,6.5
6.259809805751619,6.037835194184159,0.22197461156746046,6.037835194184159,1,3.0189175970920794,test,-1,5.5,6.5
6.506410890635228,5.739302629159727,0.7671082614754999,5.739302629159727,1,2.8696513145798637,test,-1,5.5,6.5
5.662621940750968,5.842183084858351,-0.17956114410738247,5.842183084858351,1,2.9210915424291755,test,-1,5.5,6.5
4.978285618517287,6.157655672627313,-1.1793700541100263,6.157655672627313,0,1.8472967017881938,test,-1,5.5,6.5
6.871632002558503,6.248611780590173,0.6230202219683292,6.248611780590173,0,1.8745835341770518,test,-1,5.5,6.5
4.815159855785885,5.585359588325889,-0.7701997325400033,5.585359588325889,0,1.6756078764977667,test,-1,5.5,6.5
5.905827378403718,6.1222308511260835,-0.21640347272236546,6.1222308511260835,1,3.0611154255630417,test,-1,5.5,6.5
5.834689023891033,6.10410919484734,-0.2694201709563068,6.10410919484734,1,3.05205459742367,test,-1,5.5,6.5
6.6926461133761155,6.295191080931996,0.3974550324441197,6.295191080931996,1,3.147595540465998,test,-1,5.5,6.5
4.652165264552227,5.724301251281331,-1.0721359867291043,5.724301251281331,0,1.7172903753843993,test,-1,5.5,6.5
6.508768679810052,5.661550953299832,0.8472177265102193,5.661550953299832,0,1.6984652859899496,test,-1,5.5,6.5
6.041881258088949,6.250567327284179,-0.20868606919522883,6.250567327284179,1,3.1252836636420893,test,-1,5.5,6.5
6.656774905431591,5.8878757273165245,0.7688991781150661,5.8878757273165245,0,1.7663627181949573,test,-1,5.5,6.5
5.491238528547325,5.621538981934227,-0.13030045338690233,5.621538981934227,0,1.6864616945802682,test,-1,5.5,6.5
7.762489197525048,5.937698616733975,1.824790580791073,5.937698616733975,0,1.7813095850201925,test,-1,5.5,6.5
6.452900198274523,6.298230464380444,0.15466973389407876,6.298230464380444,0,1.889469139314133,test,-1,5.5,6.5
5.719826075429628,5.845825837565696,-0.1259997621360678,5.845825837565696,0,1.7537477512697088,test,-1,5.5,6.5
5.340577620090823,5.698867976430226,-0.35829035633940326,5.698867976430226,0,1.709660392929068,test,-1,5.5,6.5
4.833085406444,6.265620003122625,-1.4325345966786251,6.265620003122625,1,3.1328100015613125,test,-1,5.5,6.5
6.6672101799482455,5.565667352649667,1.101542827298578,5.565667352649667,0,1.6697002057949002,test,-1,5.5,6.5
4.781788327706357,5.59558583691376,-0.8137975092074035,5.59558583691376,1,2.79779291845688,test,-1,5.5,6.5
5.729502047599822,5.527499154717741,0.20200289288208145,5.527499154717741,0,1.658249746415322,test,-1,5.5,6.5
6.892041668100733,6.301688117241423,0.5903535508593101,6.301688117241423,0,1.8905064351724268,test,-1,5.5,6.5
6.3750820439506235,5.853426183650884,0.5216558602997396,5.853426183650884,1,2.926713091825442,test,-1,5.5,6.5
5.748577675941925,5.7062879903712815,0.042289685570643075,5.7062879903712815,0,1.7118863971113845,test,-1,5.5,6.5
5.138060304780167,5.502554196479066,-0.36449389169889906,5.502554196479066,0,1.6507662589437198,test,-1,5.5,6.5
6.205513122806397,5.767863283794349,0.4376498390120481,5.767863283794349,1,2.8839316418971745,test,-1,5.5,6.5
5.651202880098415,5.642371785773382,0.008831094325032594,5.642371785773382,0,1.6927115357320146,test,-1,5.5,6.5
5.460053787006479,6.374587464048086,-0.9145336770416076,6.374587464048086,1,3.187293732024043,test,-1,5.5,6.5
5.066818822001446,5.611785752488774,-0.5449669304873276,5.611785752488774,1,2.805892876244387,test,-1,5.5,6.5
6.709591566049372,6.265228728273246,0.44436283777612684,6.265228728273246,1,3.132614364136623,test,-1,5.5,6.5
6.6341838321107565,6.016901734482797,0.6172820976279592,6.016901734482797,0,1.805070520344839,test,-1,5.5,6.5
4.085606483721545,5.539329984228927,-1.4537235005073825,5.539329984228927,0,1.661798995268678,test,-1,5.5,6.5
5.936508493908503,5.699157475233214,0.23735101867528882,5.699157475233214,1,2.849578737616607,test,-1,5.5,6.5
5.7370638703919505,5.842959737284103,-0.10589586689215245,5.842959737284103,1,2.9214798686420513,test,-1,5.5,6.5
6.479335850498421,5.864717962506978,0.614617887991443,5.864717962506978,0,1.7594153887520934,test,-1,5.5,6.5
5.896160619949094,5.797071155278434,0.09908946467065925,5.797071155278434,0,1.7391213465835302,test,-1,5.5,6.5
6.045154962750162,6.142068890393882,-0.09691392764371999,6.142068890393882,1,3.071034445196941,test,-1,5.5,6.5
6.219809710678065,5.592049790971979,0.6277599197060866,5.592049790971979,0,1.6776149372915936,test,-1,5.5,6.5
6.319860636439206,5.582850772725276,0.7370098637139293,5.582850772725276,1,2.791425386362638,test,-1,5.5,6.5
6.811193257077952,6.039119860480587,0.7720733965973651,6.039119860480587,0,1.8117359581441759,test,-1,5.5,6.5
-5.378722584193761,-4.388986866254034,-0.9897357179397268,-4.388986866254034,1,-2.194493433127017,val,-1,-5.4,-4.1
-4.92591354578686,-5.091196413954615,0.16528286816775514,-5.091196413954615,0,-1.5273589241863843,val,-1,-5.4,-4.1
-3.903323196868863,-4.328437907540221,0.4251147106713578,-4.328437907540221,1,-2.1642189537701104,val,-1,-5.4,-4.1
-4.734002254066994,-4.1445260425441,-0.5894762115228943,-4.1445260425441,1,-2.07226302127205,val,-1,-5.4,-4.1
-4.125150402141787,-4.135618551923638,0.010468149781851468,-4.135618551923638,1,-2.067809275961819,val,-1,-5.4,-4.1
-5.242550993325935,-4.810515978357494,-0.4320350149684409,-4.810515978357494,0,-1.4431547935072482,val,-1,-5.4,-4.1
-4.514358750455208,-4.608244798410339,0.09388604795513063,-4.608244798410339,0,-1.3824734395231015,val,-1,-5.4,-4.1
-4.269262648269049,-4.391815531013699,0.12255288274464982,-4.391815531013699,1,-2.1959077655068495,val,-1,-5.4,-4.1
-4.760110069663368,-4.56590265181321,-0.19420741785015805,-4.56590265181321,1,-2.282951325906605,val,-1,-5.4,-4.1
-4.528251726903062,-4.461376301627968,-0.06687542527509356,-4.461376301627968,1,-2.230688150813984,val,-1,-5.4,-4.1
-5.761238871834958,-5.354452518668132,-0.40678635316682565,-5.354452518668132,0,-1.6063357556004394,val,-1,-5.4,-4.1
-4.9456444027116415,-5.012015687844067,0.06637128513242538,-5.012015687844067,1,-2.5060078439220335,val,-1,-5.4,-4.1
-7.250192238914357,-5.323933760553303,-1.9262584783610537,-5.323933760553303,1,-2.6619668802766516,val,-1,-5.4,-4.1
-3.9991611208901623,-4.285820774636641,0.2866596537464788,-4.285820774636641,0,-1.2857462323909923,val,-1,-5.4,-4.1
-4.293091678938789,-4.91528976376275,0.6221980848239613,-4.91528976376275,0,-1.4745869291288252,val,-1,-5.4,-4.1
-5.307576395111467,-4.516197662948474,-0.7913787321629931,-4.516197662948474,0,-1.354859298884542,val,-1,-5.4,-4.1
-5.183368866182164,-5.066836065875381,-0.11653280030678284,-5.066836065875381,0,-1.5200508197626144,val,-1,-5.4,-4.1
-4.5954713027209655,-4.948144420301761,0.3526731175807952,-4.948144420301761,0,-1.484443326090528,val,-1,-5.4,-4.1
-5.811854847669924,-5.38776339889474,-0.4240914487751838,-5.38776339889474,0,-1.616329019668422,val,-1,-5.4,-4.1
-5.345854033547947,-4.934166082483539,-0.41168795106440764,-4.934166082483539,0,-1.4802498247450617,val,-1,-5.4,-4.1
-4.2047834535878525,-4.1661775638183265,-0.03860588976952616,-4.1661775638183265,0,-1.249853269145498,val,-1,-5.4,-4.1
-4.673502634008248,-5.116731288128805,0.44322865412055756,-5.116731288128805,1,-2.5583656440644025,val,-1,-5.4,-4.1
-5.814319714487482,-4.9847912237055265,-0.8295284907819555,-4.9847912237055265,0,-1.4954373671116579,val,-1,-5.4,-4.1
-4.067370322945228,-4.206895898199236,0.13952557525400747,-4.206895898199236,1,-2.103447949099618,val,-1,-5.4,-4.1
-5.039339299934927,-5.3585252336281375,0.3191859336932104,-5.3585252336281375,1,-2.6792626168140687,val,-1,-5.4,-4.1
-6.137608647525302,-5.315390101844732,-0.8222185456805703,-5.315390101844732,1,-2.657695050922366,val,-1,-5.4,-4.1
-4.492003424322087,-4.58122230115983,0.08921887683774221,-4.58122230115983,1,-2.290611150579915,val,-1,-5.4,-4.1
-3.3964286856924426,-4.2640425237366,0.8676138380441571,-4.2640425237366,1,-2.1320212618683,val,-1,-5.4,-4.1
-5.391751998778817,-5.38866954800508,-0.0030824507737370866,-5.38866954800508,0,-1.616600864401524,val,-1,-5.4,-4.1
-4.525187316348111,-4.429449591907881,-0.09573772444023022,-4.429449591907881,0,-1.3288348775723642,val,-1,-5.4,-4.1
-3.4813640758714905,-4.343306477696589,0.8619424018250987,-4.343306477696589,0,-1.3029919433089767,val,-1,-5.4,-4.1
-5.649272293573555,-5.301567319976053,-0.3477049735975018,-5.301567319976053,0,-1.5904701959928158,val,-1,-5.4,-4.1
-4.644048502981309,-4.546608065023955,-0.09744043795735387,-4.546608065023955,0,-1.3639824195071866,val,-1,-5.4,-4.1
-3.9344801897160235,-4.7379591398914265,0.803478950175403,-4.7379591398914265,1,-2.3689795699457132,val,-1,-5.4,-4.1
-3.718523013156402,-4.776151591054702,1.0576285778982997,-4.776151591054702,0,-1.4328454773164105,val,-1,-5.4,-4.1
-4.802202064326752,-4.157753611589613,-0.6444484527371389,-4.157753611589613,0,-1.247326083476884,val,-1,-5.4,-4.1
-5.514963366990959,-5.39998435635967,-0.11497901063128961,-5.39998435635967,1,-2.699992178179835,val,-1,-5.4,-4.1
-4.788630385040777,-5.078927688710509,0.2902973036697318,-5.078927688710509,0,-1.5236783066131527,val,-1,-5.4,-4.1
-3.709022016278257,-4.474097518714942,0.7650755024366848,-4.474097518714942,1,-2.237048759357471,val,-1,-5.4,-4.1
-4.70144654494097,-4.978043335277273,0.2765967903363026,-4.978043335277273,0,-1.4934130005831818,val,-1,-5.4,-4.1
-5.3973160997654155,-5.039904736701048,-0.3574113630643678,-5.039904736701048,1,-2.519952368350524,val,-1,-5.4,-4.1
-4.018394716984975,-4.495920911680483,0.4775261946955082,-4.495920911680483,1,-2.2479604558402415,val,-1,-5.4,-4.1
-5.545714436473136,-4.205882727410266,-1.3398317090628702,-4.205882727410266,0,-1.2617648182230798,val,-1,-5.4,-4.1
-4.99696551437347,-5.082181587142613,0.08521607276914306,-5.082181587142613,0,-1.5246544761427838,val,-1,-5.4,-4.1
-4.359259741492917,-4.804488437540207,0.4452286960472905,-4.804488437540207,0,-1.441346531262062,val,-1,-5.4,-4.1
-4.404244835508891,-5.0711095123320415,0.6668646768231511,-5.0711095123320415,1,-2.5355547561660208,val,-1,-5.4,-4.1
-4.6370063965396415,-4.9068667210720145,0.26986032453237274,-4.9068667210720145,0,-1.4720600163216042,val,-1,-5.4,-4.1
-5.472337543725758,-4.614099522778775,-0.858238020946983,-4.614099522778775,0,-1.3842298568336326,val,-1,-5.4,-4.1
-3.8303837489505947,-4.395907612415274,0.5655238634646795,-4.395907612415274,0,-1.3187722837245823,val,-1,-5.4,-4.1
-5.6327952097506,-5.311707254167262,-0.3210879555833385,-5.311707254167262,0,-1.5935121762501785,val,-1,-5.4,-4.1
-4.783469697994087,-4.508089397056493,-0.2753803009375942,-4.508089397056493,1,-2.2540446985282463,val,-1,-5.4,-4.1
-3.996344609479751,-4.687261873385427,0.6909172639056764,-4.687261873385427,0,-1.4061785620156282,val,-1,-5.4,-4.1
-6.407068756520749,-5.220618131414266,-1.1864506251064832,-5.220618131414266,0,-1.5661854394242798,val,-1,-5.4,-4.1
-3.9284315595238466,-5.271620815033606,1.3431892555097595,-5.271620815033606,1,-2.635810407516803,val,-1,-5.4,-4.1
-4.54072216480757,-5.080773163077948,0.5400509982703781,-5.080773163077948,0,-1.5242319489233844,val,-1,-5.4,-4.1
-4.6692579151258276,-5.202677338640186,0.5334194235143584,-5.202677338640186,1,-2.601338669320093,val,-1,-5.4,-4.1
-4.287585121359399,-4.196207176662717,-0.0913779446966825,-4.196207176662717,0,-1.2588621529988149,val,-1,-5.4,-4.1
-4.093087342938232,-4.515863479713965,0.42277613677573245,-4.515863479713965,1,-2.2579317398569825,val,-1,-5.4,-4.1
-4.7232703609276525,-5.091043401556412,0.3677730406287597,-5.091043401556412,1,-2.545521700778206,val,-1,-5.4,-4.1
-4.516651262580388,-4.660449171676471,0.14379790909608273,-4.660449171676471,0,-1.3981347515029412,val,-1,-5.4,-4.1
-5.583591217527947,-4.676378333135276,-0.9072128843926709,-4.676378333135276,1,-2.338189166567638,val,-1,-5.4,-4.1
-5.038622996188556,-5.3054416258503485,0.26681862966179226,-5.3054416258503485,0,-1.5916324877551045,val,-1,-5.4,-4.1
-4.156446621603961,-4.308378936459108,0.15193231485514708,-4.308378936459108,0,-1.2925136809377322,val,-1,-5.4,-4.1
-4.308612418458551,-4.873084659492429,0.5644722410338786,-4.873084659492429,1,-2.4365423297462145,val,-1,-5.4,-4.1
-4.961286322307345,-5.211667714239778,0.2503813919324336,-5.211667714239778,1,-2.605833857119889,val,-1,-5.4,-4.1
-4.990068791748009,-5.1518039237334285,0.16173513198541892,-5.1518039237334285,1,-2.5759019618667143,val,-1,-5.4,-4.1
-4.660935184356452,-4.762167821815291,0.10123263745883869,-4.762167821815291,0,-1.4286503465445872,val,-1,-5.4,-4.1
-5.367738415047878,-4.4743683134753205,-0.8933701015725574,-4.4743683134753205,1,-2.2371841567376602,val,-1,-5.4,-4.1
-5.232740001215667,-4.1195800049886895,-1.113159996226978,-4.1195800049886895,0,-1.2358740014966068,val,-1,-5.4,-4.1
-4.328970581014182,-4.262777547744442,-0.06619303326974037,-4.262777547744442,1,-2.131388773872221,val,-1,-5.4,-4.1
-5.174008668236009,-4.751245810928838,-0.42276285730717184,-4.751245810928838,0,-1.4253737432786513,val,-1,-5.4,-4.1
-4.987994891592511,-5.2611860078081785,0.2731911162156672,-5.2611860078081785,0,-1.5783558023424535,val,-1,-5.4,-4.1
-4.94522649314273,-4.212823350913464,-0.7324031422292664,-4.212823350913464,0,-1.2638470052740391,val,-1,-5.4,-4.1
-5.264637161833365,-4.925609250847829,-0.3390279109855356,-4.925609250847829,1,-2.4628046254239147,val,-1,-5.4,-4.1
-4.6817224730680165,-5.105435760030743,0.42371328696272675,-5.105435760030743,0,-1.531630728009223,val,-1,-5.4,-4.1
-4.262812240109497,-4.265838578950943,0.003026338841446156,-4.265838578950943,1,-2.1329192894754714,val,-1,-5.4,-4.1
-5.746689650344095,-5.222734142712991,-0.5239555076311047,-5.222734142712991,0,-1.566820242813897,val,-1,-5.4,-4.1
-4.759094943024678,-5.092705791801333,0.3336108487766549,-5.092705791801333,0,-1.5278117375404,val,-1,-5.4,-4.1
-4.465551795694652,-4.625980981041907,0.16042918534725434,-4.625980981041907,1,-2.3129904905209533,val,-1,-5.4,-4.1
-5.286061504488306,-4.66690060819767,-0.6191608962906361,-4.66690060819767,1,-2.333450304098835,val,-1,-5.4,-4.1
-4.534926762091953,-4.153384848421713,-0.38154191367023954,-4.153384848421713,0,-1.2460154545265139,val,-1,-5.4,-4.1
-4.690921408530533,-4.81078886680932,0.11986745827878635,-4.81078886680932,0,-1.443236660042796,val,-1,-5.4,-4.1
-5.350264488850165,-5.2323545030478975,-0.11790998580226775,-5.2323545030478975,1,-2.6161772515239488,val,-1,-5.4,-4.1
-4.570196556688997,-4.411262020202392,-0.15893453648660485,-4.411262020202392,1,-2.205631010101196,val,-1,-5.4,-4.1
-5.459576926451672,-5.137875702351651,-0.32170122410002094,-5.137875702351651,0,-1.5413627107054952,val,-1,-5.4,-4.1
-6.787924968166823,-5.171551177822864,-1.6163737903439588,-5.171551177822864,0,-1.5514653533468592,val,-1,-5.4,-4.1
-4.542942612171064,-4.8317465835539455,0.28880397138288166,-4.8317465835539455,0,-1.4495239750661837,val,-1,-5.4,-4.1
-4.772806438812549,-4.957660956297844,0.18485451748529505,-4.957660956297844,0,-1.4872982868893532,val,-1,-5.4,-4.1
-4.225087919768172,-4.14257095887126,-0.08251696089691217,-4.14257095887126,1,-2.07128547943563,val,-1,-5.4,-4.1
-6.294285520804868,-5.214066099786157,-1.0802194210187108,-5.214066099786157,1,-2.6070330498930785,val,-1,-5.4,-4.1
-4.554065393379305,-4.302073907352046,-0.25199148602725874,-4.302073907352046,0,-1.2906221722056137,val,-1,-5.4,-4.1
-4.546892258504973,-4.529772018025138,-0.01712024047983438,-4.529772018025138,1,-2.264886009012569,val,-1,-5.4,-4.1
-5.396991526828238,-5.257903619496591,-0.1390879073316467,-5.257903619496591,0,-1.5773710858489771,val,-1,-5.4,-4.1
-5.35521539021485,-5.285270397961944,-0.06994499225290632,-5.285270397961944,1,-2.642635198980972,val,-1,-5.4,-4.1
-5.485231612696206,-4.143599346339392,-1.3416322663568148,-4.143599346339392,0,-1.2430798039018176,val,-1,-5.4,-4.1
-4.797416679131975,-5.147413269223092,0.349996590091117,-5.147413269223092,0,-1.5442239807669276,val,-1,-5.4,-4.1
-4.968003505817457,-5.293529921976152,0.32552641615869476,-5.293529921976152,1,-2.646764960988076,val,-1,-5.4,-4.1
-4.674099519858867,-5.049799896136178,0.37570037627731057,-5.049799896136178,1,-2.524899948068089,val,-1,-5.4,-4.1
-3.8005548877540383,-4.554830326582927,0.7542754388288885,-4.554830326582927,1,-2.2774151632914634,val,-1,-5.4,-4.1
-4.579700322773751,-4.6891895810519415,0.10948925827819066,-4.6891895810519415,1,-2.3445947905259708,val,-1,-5.4,-4.1
-3.7072868750513885,-4.494257702990773,0.7869708279393847,-4.494257702990773,0,-1.348277310897232,val,-1,-5.4,-4.1
-4.900888733872727,-4.147972498986192,-0.752916234886535,-4.147972498986192,1,-2.073986249493096,val,-1,-5.4,-4.1
-4.657909871292319,-5.038962011349153,0.3810521400568337,-5.038962011349153,0,-1.5116886034047459,val,-1,-5.4,-4.1
-5.2576127005544535,-5.0962855995976435,-0.16132710095680997,-5.0962855995976435,0,-1.528885679879293,val,-1,-5.4,-4.1
-3.483803750441636,-4.300626329177112,0.8168225787354755,-4.300626329177112,1,-2.150313164588556,val,-1,-5.4,-4.1
-5.422104644859931,-5.108523788187785,-0.31358085667214564,-5.108523788187785,1,-2.5542618940938926,val,-1,-5.4,-4.1
-4.844765466674208,-4.504421810573704,-0.34034365610050415,-4.504421810573704,1,-2.252210905286852,val,-1,-5.4,-4.1
-5.611330998440628,-5.200456971928116,-0.41087402651251165,-5.200456971928116,1,-2.600228485964058,val,-1,-5.4,-4.1
-4.871095076642025,-5.135322422997746,0.26422734635572054,-5.135322422997746,0,-1.5405967268993237,val,-1,-5.4,-4.1
-5.81520952246435,-5.3121214383153506,-0.5030880841489996,-5.3121214383153506,1,-2.6560607191576753,val,-1,-5.4,-4.1
-3.9457425919801628,-4.425668595934533,0.47992600395437013,-4.425668595934533,0,-1.3277005787803597,val,-1,-5.4,-4.1
-4.758480776135162,-5.16589678595658,0.407416009821418,-5.16589678595658,1,-2.58294839297829,val,-1,-5.4,-4.1
-5.239205413360872,-5.238461076675099,-0.000744336685772468,-5.238461076675099,1,-2.6192305383375496,val,-1,-5.4,-4.1
-5.058944338084577,-5.107750543918565,0.04880620583398825,-5.107750543918565,0,-1.5323251631755694,val,-1,-5.4,-4.1
-5.448990907485925,-5.036702580256788,-0.4122883272291361,-5.036702580256788,1,-2.518351290128394,val,-1,-5.4,-4.1
-4.254027217208837,-5.3560317496430745,1.1020045324342371,-5.3560317496430745,1,-2.6780158748215372,val,-1,-5.4,-4.1
-4.615014294967807,-5.069281059446212,0.4542667644784042,-5.069281059446212,1,-2.534640529723106,val,-1,-5.4,-4.1
-5.255632280301103,-4.5304888816523405,-0.7251433986487624,-4.5304888816523405,0,-1.3591466644957022,val,-1,-5.4,-4.1
-3.848943113264033,-4.412105195193036,0.5631620819290031,-4.412105195193036,1,-2.206052597596518,val,-1,-5.4,-4.1
-5.7941944511634755,-5.106181261453398,-0.6880131897100775,-5.106181261453398,1,-2.553090630726699,val,-1,-5.4,-4.1
-4.466103430185859,-4.604595533876797,0.138492103690938,-4.604595533876797,0,-1.381378660163039,val,-1,-5.4,-4.1
-3.886012343758323,-4.214067090385795,0.3280547466274719,-4.214067090385795,1,-2.1070335451928974,val,-1,-5.4,-4.1
-4.940476162906761,-4.695906183235982,-0.2445699796707792,-4.695906183235982,1,-2.347953091617991,val,-1,-5.4,-4.1
-5.314856120204109,-4.913871383550945,-0.4009847366531634,-4.913871383550945,0,-1.4741614150652835,val,-1,-5.4,-4.1
-5.22597543107333,-5.382839186765631,0.156863755692301,-5.382839186765631,0,-1.6148517560296893,val,-1,-5.4,-4.1
-4.040526207559253,-4.321886997122282,0.2813607895630284,-4.321886997122282,0,-1.2965660991366845,val,-1,-5.4,-4.1
-4.271491851032963,-4.338470013972349,0.06697816293938534,-4.338470013972349,0,-1.3015410041917046,val,-1,-5.4,-4.1
-5.1265695423163775,-5.296363846916915,0.16979430460053727,-5.296363846916915,0,-1.5889091540750744,val,-1,-5.4,-4.1
-6.058602888145426,-5.176822113019686,-0.8817807751257402,-5.176822113019686,0,-1.5530466339059057,val,-1,-5.4,-4.1
-4.398227843960471,-4.3104062581127,-0.08782158584777124,-4.3104062581127,0,-1.2931218774338098,val,-1,-5.4,-4.1
-5.316746516973502,-4.6665916374796454,-0.6501548794938565,-4.6665916374796454,0,-1.3999774912438936,val,-1,-5.4,-4.1
-4.945372757971573,-4.945283122318659,-8.963565291415475e-05,-4.945283122318659,1,-2.4726415611593295,val,-1,-5.4,-4.1
-5.903131598558949,-5.211496148287893,-0.6916354502710559,-5.211496148287893,0,-1.563448844486368,val,-1,-5.4,-4.1
-5.819992972430358,-5.271925201307866,-0.5480677711224918,-5.271925201307866,1,-2.635962600653933,val,-1,-5.4,-4.1
-5.303364835019575,-4.671764156189095,-0.6316006788304792,-4.671764156189095,1,-2.3358820780945475,val,-1,-5.4,-4.1
-4.812080677664025,-4.476914342918017,-0.3351663347460075,-4.476914342918017,1,-2.2384571714590087,val,-1,-5.4,-4.1
-4.427467484573535,-4.16386765758601,-0.263599826987525,-4.16386765758601,0,-1.2491602972758031,val,-1,-5.4,-4.1
-4.598706643189348,-4.4275332682359565,-0.17117337495339122,-4.4275332682359565,1,-2.2137666341179782,val,-1,-5.4,-4.1
-4.668913707860108,-4.9160801838486465,0.24716647598853816,-4.9160801838486465,1,-2.4580400919243233,val,-1,-5.4,-4.1
-5.080840191143218,-4.413979502722335,-0.6668606884208825,-4.413979502722335,0,-1.3241938508167006,val,-1,-5.4,-4.1
-4.458902323808822,-5.30760443379887,0.8487021099900481,-5.30760443379887,0,-1.592281330139661,val,-1,-5.4,-4.1
-4.919359898695992,-4.591601020363728,-0.3277588783322642,-4.591601020363728,0,-1.3774803061091185,val,-1,-5.4,-4.1
-5.036593379172775,-4.463071760189911,-0.5735216189828637,-4.463071760189911,0,-1.3389215280569733,val,-1,-5.4,-4.1
-5.2854356252176355,-5.345648795142402,0.060213169924766344,-5.345648795142402,1,-2.672824397571201,val,-1,-5.4,-4.1
-5.256799075775815,-4.886185636257278,-0.37061343951853704,-4.886185636257278,0,-1.4658556908771834,val,-1,-5.4,-4.1
-5.5975506801463535,-5.190259529508251,-0.40729115063810295,-5.190259529508251,1,-2.5951297647541254,val,-1,-5.4,-4.1
-5.049878752899691,-5.041091989529044,-0.008786763370646482,-5.041091989529044,1,-2.520545994764522,val,-1,-5.4,-4.1
-5.982200183108888,-5.105545679692912,-0.876654503415976,-5.105545679692912,1,-2.552772839846456,val,-1,-5.4,-4.1
-4.52560898916054,-5.003910890603393,0.47830190144285295,-5.003910890603393,0,-1.5011732671810178,val,-1,-5.4,-4.1
-6.165798903886082,-5.2228966045414635,-0.9429022993446182,-5.2228966045414635,0,-1.566868981362439,val,-1,-5.4,-4.1
-5.031603862082987,-4.497474925121882,-0.5341289369611053,-4.497474925121882,1,-2.248737462560941,val,-1,-5.4,-4.1
-4.817187878623168,-5.331273937421418,0.5140860587982505,-5.331273937421418,0,-1.5993821812264255,val,-1,-5.4,-4.1
-4.097305110326167,-4.644130208942613,0.5468250986164458,-4.644130208942613,0,-1.393239062682784,val,-1,-5.4,-4.1
-5.081579842359696,-5.166353432778078,0.08477359041838198,-5.166353432778078,0,-1.5499060298334235,val,-1,-5.4,-4.1
-5.710831757346863,-4.741301244273146,-0.969530513073718,-4.741301244273146,1,-2.370650622136573,val,-1,-5.4,-4.1
-5.386684763327176,-5.034025512071045,-0.35265925125613173,-5.034025512071045,1,-2.5170127560355224,val,-1,-5.4,-4.1
-5.402087459762947,-4.918900059055919,-0.4831874007070272,-4.918900059055919,1,-2.4594500295279595,val,-1,-5.4,-4.1
-5.250622668313783,-4.744112413132668,-0.506510255181115,-4.744112413132668,1,-2.372056206566334,val,-1,-5.4,-4.1
-5.556610440481,-5.240969425321469,-0.315641015159531,-5.240969425321469,1,-2.6204847126607347,val,-1,-5.4,-4.1
-5.128526375759801,-5.230136541248741,0.10161016548893961,-5.230136541248741,0,-1.5690409623746222,val,-1,-5.4,-4.1
-3.912587328897248,-4.302261466565964,0.3896741376687162,-4.302261466565964,0,-1.2906784399697893,val,-1,-5.4,-4.1
-4.869723231281757,-4.89014188922751,0.020418657945753135,-4.89014188922751,1,-2.445070944613755,val,-1,-5.4,-4.1
-5.812534130048128,-5.1795687777434525,-0.6329653523046754,-5.1795687777434525,1,-2.5897843888717262,val,-1,-5.4,-4.1
-4.455777792554744,-4.358467211053349,-0.09731058150139522,-4.358467211053349,0,-1.3075401633160046,val,-1,-5.4,-4.1
-4.1843223365504745,-4.216832780919986,0.032510444369511074,-4.216832780919986,0,-1.2650498342759957,val,-1,-5.4,-4.1
-3.9131483980599158,-4.3215492797875035,0.4084008817275877,-4.3215492797875035,0,-1.296464783936251,val,-1,-5.4,-4.1
-4.949291601130585,-4.471733796156376,-0.4775578049742088,-4.471733796156376,0,-1.3415201388469127,val,-1,-5.4,-4.1
-5.662600828864516,-5.270822049815115,-0.3917787790494017,-5.270822049815115,0,-1.5812466149445343,val,-1,-5.4,-4.1
-4.707271257551887,-4.212708382765059,-0.49456287478682764,-4.212708382765059,1,-2.1063541913825294,val,-1,-5.4,-4.1
-5.423907781572593,-4.648626849984503,-0.7752809315880898,-4.648626849984503,1,-2.3243134249922517,val,-1,-5.4,-4.1
-4.109063540427492,-4.229641912724274,0.1205783722967819,-4.229641912724274,0,-1.268892573817282,val,-1,-5.4,-4.1
-5.103981941510627,-4.667358776570224,-0.43662316494040254,-4.667358776570224,0,-1.4002076329710673,val,-1,-5.4,-4.1
-4.945566080318773,-5.387200926960405,0.44163484664163183,-5.387200926960405,0,-1.6161602780881215,val,-1,-5.4,-4.1
-3.70787901113292,-4.1074888283644295,0.3996098172315095,-4.1074888283644295,0,-1.2322466485093289,val,-1,-5.4,-4.1
-5.315838316738691,-5.2278828127033075,-0.08795550403538344,-5.2278828127033075,0,-1.5683648438109923,val,-1,-5.4,-4.1
-4.452480296780323,-4.499572864936288,0.04709256815596444,-4.499572864936288,1,-2.249786432468144,val,-1,-5.4,-4.1
-5.28883015232713,-4.965425271905191,-0.32340488042194,-4.965425271905191,0,-1.4896275815715572,val,-1,-5.4,-4.1
-5.133211196336089,-5.165735115107984,0.03252391877189566,-5.165735115107984,0,-1.5497205345323952,val,-1,-5.4,-4.1
-5.238652279246882,-5.217223035276719,-0.02142924397016236,-5.217223035276719,1,-2.6086115176383595,val,-1,-5.4,-4.1
-3.927620195911772,-4.529978366168718,0.6023581702569464,-4.529978366168718,0,-1.3589935098506154,val,-1,-5.4,-4.1
-5.361173251416237,-5.004989445319651,-0.35618380609658623,-5.004989445319651,1,-2.5024947226598253,val,-1,-5.4,-4.1
-4.0376130797822976,-4.602249105932338,0.5646360261500402,-4.602249105932338,1,-2.301124552966169,val,-1,-5.4,-4.1
-3.86468665957371,-4.183720799133508,0.319034139559798,-4.183720799133508,1,-2.091860399566754,val,-1,-5.4,-4.1
-4.992474676619104,-5.136223639245219,0.14374896262611478,-5.136223639245219,0,-1.5408670917735656,val,-1,-5.4,-4.1
-6.0062241667273115,-5.244506809997488,-0.7617173567298235,-5.244506809997488,1,-2.622253404998744,val,-1,-5.4,-4.1
-5.550384301539121,-4.890152138213202,-0.660232163325919,-4.890152138213202,0,-1.4670456414639605,val,-1,-5.4,-4.1
-4.571568421110906,-4.497099005364945,-0.07446941574596062,-4.497099005364945,0,-1.3491297016094836,val,-1,-5.4,-4.1
-4.157344468594956,-4.171542856925774,0.014198388330818584,-4.171542856925774,1,-2.085771428462887,val,-1,-5.4,-4.1
-5.99170731396111,-5.18760275727396,-0.8041045566871503,-5.18760275727396,0,-1.556280827182188,val,-1,-5.4,-4.1
-3.8359337058923693,-4.803672702556272,0.9677389966639034,-4.803672702556272,1,-2.401836351278136,val,-1,-5.4,-4.1
-4.994893266969755,-5.037477383301666,0.04258411633191116,-5.037477383301666,0,-1.5112432149904997,val,-1,-5.4,-4.1
-5.260869269456418,-5.134019903805489,-0.12684936565092883,-5.134019903805489,1,-2.5670099519027443,val,-1,-5.4,-4.1
-4.730768070662163,-4.999163160999308,0.26839509033714554,-4.999163160999308,1,-2.499581580499654,val,-1,-5.4,-4.1
-4.870029758308212,-4.365707558465153,-0.5043221998430595,-4.365707558465153,1,-2.1828537792325764,val,-1,-5.4,-4.1
-6.568753144308257,-5.2793001585213775,-1.289452985786879,-5.2793001585213775,0,-1.5837900475564133,val,-1,-5.4,-4.1
-4.38996428408196,-4.270275068415313,-0.1196892156666465,-4.270275068415313,0,-1.281082520524594,val,-1,-5.4,-4.1
-4.787499515145173,-4.316170004587267,-0.4713295105579059,-4.316170004587267,1,-2.1580850022936335,val,-1,-5.4,-4.1
-4.543260277360142,-4.513668380828255,-0.029591896531886545,-4.513668380828255,1,-2.2568341904141276,val,-1,-5.4,-4.1
-4.945999128867046,-5.01544146525815,0.06944233639110352,-5.01544146525815,1,-2.507720732629075,val,-1,-5.4,-4.1
-6.163631942914786,-5.1840442643455225,-0.9795876785692637,-5.1840442643455225,0,-1.5552132793036566,val,-1,-5.4,-4.1
-4.708063699138379,-4.205376322213739,-0.5026873769246408,-4.205376322213739,0,-1.2616128966641216,val,-1,-5.4,-4.1
-4.808581680476769,-5.307147326165782,0.4985656456890124,-5.307147326165782,1,-2.653573663082891,val,-1,-5.4,-4.1
-3.9521348763822957,-4.783191507583638,0.8310566312013422,-4.783191507583638,1,-2.391595753791819,val,-1,-5.4,-4.1
-4.998100417694065,-4.931701754300161,-0.06639866339390399,-4.931701754300161,1,-2.4658508771500807,val,-1,-5.4,-4.1
-5.135037092183962,-5.192349592742491,0.05731250055852858,-5.192349592742491,0,-1.5577048778227471,val,-1,-5.4,-4.1
-3.949669636810909,-4.141709512914745,0.19203987610383577,-4.141709512914745,1,-2.0708547564573725,val,-1,-5.4,-4.1
-4.95256449051322,-5.115363077914974,0.16279858740175476,-5.115363077914974,1,-2.557681538957487,val,-1,-5.4,-4.1
-2.9078661918018094,-4.474685471702426,1.566819279900616,-4.474685471702426,0,-1.3424056415107277,val,-1,-5.4,-4.1
-3.2471043003063205,-4.257201858194364,1.0100975578880431,-4.257201858194364,1,-2.128600929097182,val,-1,-5.4,-4.1
-4.899115106360135,-4.5304250689741785,-0.3686900373859568,-4.5304250689741785,1,-2.2652125344870893,val,-1,-5.4,-4.1
-5.387100494044007,-5.213423287120911,-0.17367720692309646,-5.213423287120911,0,-1.5640269861362732,val,-1,-5.4,-4.1
-3.6671396422704463,-4.3692456247907865,0.70210598252034,-4.3692456247907865,1,-2.1846228123953932,val,-1,-5.4,-4.1
-4.760271779209295,-5.11983349370272,0.35956171449342544,-5.11983349370272,0,-1.5359500481108161,val,-1,-5.4,-4.1
-3.5754676770660465,-4.1572649601057,0.5817972830396536,-4.1572649601057,1,-2.07863248005285,val,-1,-5.4,-4.1
-4.876955656104248,-5.292284586843174,0.4153289307389255,-5.292284586843174,0,-1.5876853760529521,val,-1,-5.4,-4.1
-5.054293066063474,-4.566660889954845,-0.4876321761086292,-4.566660889954845,1,-2.2833304449774223,val,-1,-5.4,-4.1
-5.329462730564866,-4.602519880972177,-0.7269428495926886,-4.602519880972177,0,-1.3807559642916531,val,-1,-5.4,-4.1
-5.634787865340635,-4.775906639148824,-0.8588812261918113,-4.775906639148824,0,-1.432771991744647,val,-1,-5.4,-4.1
-5.581478290944322,-5.185248974355295,-0.39622931658902655,-5.185248974355295,0,-1.5555746923065883,val,-1,-5.4,-4.1
-4.805702769695943,-5.072419298227552,0.2667165285316092,-5.072419298227552,1,-2.536209649113776,val,-1,-5.4,-4.1
-4.750925861352026,-4.450457467672159,-0.3004683936798669,-4.450457467672159,0,-1.3351372403016477,val,-1,-5.4,-4.1
-2.927203385585706,-4.15368911417658,1.2264857285908741,-4.15368911417658,0,-1.246106734252974,val,-1,-5.4,-4.1
-5.132760465076013,-4.196457279524389,-0.936303185551624,-4.196457279524389,1,-2.0982286397621945,val,-1,-5.4,-4.1
-4.581038168879513,-4.44138013151311,-0.13965803736640303,-4.44138013151311,0,-1.332414039453933,val,-1,-5.4,-4.1
-4.455293036802915,-5.09621358223228,0.640920545429365,-5.09621358223228,1,-2.54810679111614,val,-1,-5.4,-4.1
-3.26575766135255,-4.406146389644333,1.1403887282917835,-4.406146389644333,1,-2.2030731948221667,val,-1,-5.4,-4.1
-5.5664367626888165,-5.013494114567213,-0.5529426481216033,-5.013494114567213,0,-1.504048234370164,val,-1,-5.4,-4.1
-4.84296097404075,-5.034234675075726,0.19127370103497526,-5.034234675075726,0,-1.5102704025227176,val,-1,-5.4,-4.1
-3.9696268758691096,-4.402378043345725,0.43275116747661513,-4.402378043345725,0,-1.3207134130037175,val,-1,-5.4,-4.1
-5.678326718947558,-4.5084761212871785,-1.1698505976603795,-4.5084761212871785,1,-2.2542380606435892,val,-1,-5.4,-4.1
-4.5565770247055415,-5.044977851846821,0.488400827141279,-5.044977851846821,0,-1.5134933555540462,val,-1,-5.4,-4.1
-5.0766035871827855,-5.187406997518231,0.11080341033544541,-5.187406997518231,1,-2.5937034987591154,val,-1,-5.4,-4.1
-5.504023441809849,-5.266208723976504,-0.23781471783334526,-5.266208723976504,0,-1.5798626171929513,val,-1,-5.4,-4.1
-4.173484358073951,-4.763803971197854,0.5903196131239029,-4.763803971197854,0,-1.4291411913593561,val,-1,-5.4,-4.1
-4.260289410120906,-4.316989935143649,0.05670052502274322,-4.316989935143649,0,-1.2950969805430947,val,-1,-5.4,-4.1
-5.419455422395385,-4.979766320569886,-0.43968910182549836,-4.979766320569886,0,-1.4939298961709657,val,-1,-5.4,-4.1
-3.8096030956926765,-4.625277914452619,0.8156748187599424,-4.625277914452619,0,-1.3875833743357857,val,-1,-5.4,-4.1
-5.533186163653752,-5.163866205803843,-0.36931995784990845,-5.163866205803843,1,-2.5819331029019215,val,-1,-5.4,-4.1
-4.205304986584121,-4.981738764611384,0.7764337780272625,-4.981738764611384,0,-1.4945216293834152,val,-1,-5.4,-4.1
-5.914909812890302,-4.496092164495563,-1.4188176483947392,-4.496092164495563,0,-1.3488276493486688,val,-1,-5.4,-4.1
-4.195107109461095,-4.747968397314429,0.552861287853333,-4.747968397314429,1,-2.3739841986572143,val,-1,-5.4,-4.1
-4.443894608906326,-4.268166483079165,-0.17572812582716063,-4.268166483079165,0,-1.2804499449237494,val,-1,-5.4,-4.1
-4.1428855941659695,-4.323391224008343,0.18050562984237364,-4.323391224008343,1,-2.1616956120041717,val,-1,-5.4,-4.1
-4.894446547670883,-5.012920137619925,0.11847358994904104,-5.012920137619925,1,-2.5064600688099623,val,-1,-5.4,-4.1
-4.738865422412329,-5.362177674602231,0.6233122521899018,-5.362177674602231,0,-1.6086533023806693,val,-1,-5.4,-4.1
-5.054518385242386,-4.563865624366849,-0.49065276087553794,-4.563865624366849,1,-2.2819328121834244,val,-1,-5.4,-4.1
-4.368948933873115,-4.270054399842914,-0.09889453403020072,-4.270054399842914,1,-2.135027199921457,val,-1,-5.4,-4.1
-4.472985387300514,-4.294301306886958,-0.17868408041355513,-4.294301306886958,0,-1.2882903920660875,val,-1,-5.4,-4.1
-5.076963194809684,-5.380777244097596,0.30381404928791167,-5.380777244097596,1,-2.690388622048798,val,-1,-5.4,-4.1
-5.193197322814136,-5.203074811766397,0.009877488952261612,-5.203074811766397,1,-2.6015374058831986,val,-1,-5.4,-4.1
-4.979578369552228,-5.162942473579713,0.18336410402748507,-5.162942473579713,1,-2.5814712367898567,val,-1,-5.4,-4.1
-4.794768691361587,-5.033501761096784,0.23873306973519695,-5.033501761096784,1,-2.516750880548392,val,-1,-5.4,-4.1
-5.977135691571102,-4.987334222561274,-0.9898014690098281,-4.987334222561274,1,-2.493667111280637,val,-1,-5.4,-4.1
-5.413580855783969,-5.293844682717799,-0.11973617306617033,-5.293844682717799,0,-1.5881534048153396,val,-1,-5.4,-4.1
-4.842412849343368,-4.9239809072832434,0.08156805793987583,-4.9239809072832434,0,-1.477194272184973,val,-1,-5.4,-4.1
-4.076237691724027,-4.224834164920934,0.14859647319690653,-4.224834164920934,1,-2.112417082460467,val,-1,-5.4,-4.1
-3.7384495227190566,-5.240461950887579,1.5020124281685228,-5.240461950887579,1,-2.6202309754437896,val,-1,-5.4,-4.1
-3.880066346868497,-4.3829101868847475,0.5028438400162507,-4.3829101868847475,1,-2.1914550934423738,val,-1,-5.4,-4.1
-4.5242971971805,-5.326091287721759,0.8017940905412587,-5.326091287721759,1,-2.6630456438608796,val,-1,-5.4,-4.1
-5.55443486523365,-5.317773205026678,-0.23666166020697177,-5.317773205026678,0,-1.5953319615080035,val,-1,-5.4,-4.1
-4.325330662244745,-4.84236398636958,0.5170333241248353,-4.84236398636958,0,-1.452709195910874,val,-1,-5.4,-4.1
-3.03360688140134,-4.143472712921028,1.1098658315196877,-4.143472712921028,0,-1.2430418138763084,val,-1,-5.4,-4.1
-5.354045569706599,-5.118223794023412,-0.23582177568318757,-5.118223794023412,0,-1.5354671382070235,val,-1,-5.4,-4.1
-4.510024928866808,-4.1675051628845186,-0.342519765982289,-4.1675051628845186,1,-2.0837525814422593,val,-1,-5.4,-4.1
-6.215960320988993,-5.3440003834770256,-0.8719599375119668,-5.3440003834770256,1,-2.6720001917385128,val,-1,-5.4,-4.1
-4.995123627961022,-4.245377713004136,-0.7497459149568858,-4.245377713004136,1,-2.122688856502068,val,-1,-5.4,-4.1
-3.631050641936345,-4.665082453144178,1.034031811207833,-4.665082453144178,0,-1.3995247359432534,val,-1,-5.4,-4.1
-5.187000003967455,-4.331085647128521,-0.8559143568389335,-4.331085647128521,0,-1.2993256941385563,val,-1,-5.4,-4.1
-4.804245044911531,-4.773640647885781,-0.030604397025750407,-4.773640647885781,0,-1.4320921943657343,val,-1,-5.4,-4.1
-4.579083752827752,-5.073164295576131,0.4940805427483793,-5.073164295576131,0,-1.5219492886728392,val,-1,-5.4,-4.1
-4.166650116160094,-4.302664579154932,0.13601446299483852,-4.302664579154932,1,-2.151332289577466,val,-1,-5.4,-4.1
-4.769627917751976,-4.956757124950958,0.1871292071989819,-4.956757124950958,1,-2.478378562475479,val,-1,-5.4,-4.1
-4.469731057528688,-4.4505357028461825,-0.019195354682505824,-4.4505357028461825,0,-1.3351607108538548,val,-1,-5.4,-4.1
-3.5267066950864554,-4.158339135885727,0.6316324407992719,-4.158339135885727,0,-1.247501740765718,val,-1,-5.4,-4.1
-5.028550401240199,-4.210581555702639,-0.8179688455375603,-4.210581555702639,0,-1.2631744667107916,val,-1,-5.4,-4.1
-4.930537960188557,-4.737514519010797,-0.19302344117776046,-4.737514519010797,1,-2.3687572595053985,val,-1,-5.4,-4.1
-5.093093409684456,-5.087468356777918,-0.005625052906538215,-5.087468356777918,0,-1.5262405070333753,val,-1,-5.4,-4.1
-5.471662307557618,-4.371294709773089,-1.1003675977845286,-4.371294709773089,1,-2.1856473548865445,val,-1,-5.4,-4.1
-5.7518422177971695,-5.340807560649014,-0.41103465714815546,-5.340807560649014,0,-1.6022422681947042,val,-1,-5.4,-4.1
-4.320637351885953,-4.230040610233543,-0.09059674165240993,-4.230040610233543,1,-2.1150203051167713,val,-1,-5.4,-4.1
-3.7356547234718134,-4.664574845877982,0.9289201224061687,-4.664574845877982,1,-2.332287422938991,val,-1,-5.4,-4.1
-5.734382425778763,-5.3789932530269855,-0.3553891727517773,-5.3789932530269855,1,-2.6894966265134927,val,-1,-5.4,-4.1
-3.996175924140062,-4.724117783791475,0.7279418596514132,-4.724117783791475,1,-2.3620588918957375,val,-1,-5.4,-4.1
-5.161882697676312,-4.758119525002437,-0.4037631726738752,-4.758119525002437,0,-1.427435857500731,val,-1,-5.4,-4.1
-4.099842168360684,-5.123227438386129,1.023385270025445,-5.123227438386129,1,-2.5616137191930646,val,-1,-5.4,-4.1
-4.821335674266228,-4.596447785643559,-0.22488788862266942,-4.596447785643559,0,-1.3789343356930674,val,-1,-5.4,-4.1
-4.748467515656056,-5.397954893818703,0.649487378162647,-5.397954893818703,0,-1.619386468145611,val,-1,-5.4,-4.1
-3.3161273941238796,-5.095877452440004,1.7797500583161248,-5.095877452440004,0,-1.5287632357320013,val,-1,-5.4,-4.1
-4.1016069371907715,-4.714950140964726,0.6133432037739547,-4.714950140964726,0,-1.4144850422894177,val,-1,-5.4,-4.1
-4.246101727494997,-5.141114204950869,0.8950124774558712,-5.141114204950869,0,-1.5423342614852606,val,-1,-5.4,-4.1
-5.699476238618796,-5.083186713609126,-0.6162895250096697,-5.083186713609126,0,-1.5249560140827378,val,-1,-5.4,-4.1
-4.468170630120845,-4.83267579100369,0.36450516088284496,-4.83267579100369,0,-1.449802737301107,val,-1,-5.4,-4.1
-4.866954686212493,-5.327665128764479,0.460710442551986,-5.327665128764479,0,-1.5982995386293435,val,-1,-5.4,-4.1
-5.222423094934911,-5.129342105300174,-0.09308098963473604,-5.129342105300174,1,-2.564671052650087,val,-1,-5.4,-4.1
-5.119998564912825,-5.304266534237509,0.18426796932468412,-5.304266534237509,1,-2.6521332671187543,val,-1,-5.4,-4.1
-5.003837725960165,-4.362046521583408,-0.6417912043767572,-4.362046521583408,1,-2.181023260791704,val,-1,-5.4,-4.1
-5.012863553739005,-4.746760594852023,-0.2661029588869823,-4.746760594852023,0,-1.4240281784556068,val,-1,-5.4,-4.1
-5.787913650464198,-5.059993917630808,-0.72791973283339,-5.059993917630808,0,-1.5179981752892424,val,-1,-5.4,-4.1
-5.265409230482531,-4.364187617273687,-0.9012216132088443,-4.364187617273687,1,-2.1820938086368433,val,-1,-5.4,-4.1
-4.748590571548745,-5.198397574339606,0.4498070027908609,-5.198397574339606,0,-1.5595192723018818,val,-1,-5.4,-4.1
-4.75285312763694,-4.274228964219059,-0.47862416341788133,-4.274228964219059,0,-1.2822686892657178,val,-1,-5.4,-4.1
-4.5992338450655526,-4.800669804132715,0.20143595906716286,-4.800669804132715,1,-2.4003349020663576,val,-1,-5.4,-4.1
-3.5475212417034276,-4.669731186337856,1.1222099446344282,-4.669731186337856,1,-2.334865593168928,val,-1,-5.4,-4.1
-4.3275233919401845,-4.994079854428074,0.6665564624878899,-4.994079854428074,1,-2.497039927214037,val,-1,-5.4,-4.1
-5.452844093277677,-5.083996301518445,-0.3688477917592322,-5.083996301518445,1,-2.5419981507592224,val,-1,-5.4,-4.1
-5.185630387266072,-5.040310114519665,-0.1453202727464074,-5.040310114519665,0,-1.5120930343558994,val,-1,-5.4,-4.1
-5.315945346015198,-4.932099514772206,-0.38384583124299176,-4.932099514772206,0,-1.4796298544316617,val,-1,-5.4,-4.1
-4.649948001798201,-4.659035960341129,0.009087958542928133,-4.659035960341129,0,-1.3977107881023385,val,-1,-5.4,-4.1
-4.323222580275061,-5.360029214097652,1.0368066338225912,-5.360029214097652,0,-1.6080087642292957,val,-1,-5.4,-4.1
-3.9132388255551613,-4.898519001086336,0.9852801755311744,-4.898519001086336,1,-2.449259500543168,val,-1,-5.4,-4.1
-5.257809739793243,-4.956430699769535,-0.3013790400237077,-4.956430699769535,1,-2.4782153498847674,val,-1,-5.4,-4.1
-5.394389068077128,-4.581208386057336,-0.8131806820197929,-4.581208386057336,0,-1.3743625158172006,val,-1,-5.4,-4.1
-3.6289858121807175,-4.2708215940895675,0.6418357819088499,-4.2708215940895675,1,-2.1354107970447838,val,-1,-5.4,-4.1
-5.763844623898806,-4.395568728203355,-1.3682758956954508,-4.395568728203355,0,-1.3186706184610066,val,-1,-5.4,-4.1
-3.7563110926305225,-4.1112177246699515,0.3549066320394289,-4.1112177246699515,1,-2.0556088623349758,val,-1,-5.4,-4.1
-6.221904867291945,-4.859287801277163,-1.362617066014782,-4.859287801277163,1,-2.4296439006385815,val,-1,-5.4,-4.1
-4.864031920094386,-5.120960530748859,0.2569286106544729,-5.120960530748859,1,-2.5604802653744296,val,-1,-5.4,-4.1
-4.064140971031247,-4.2015474356883855,0.13740646465713893,-4.2015474356883855,0,-1.2604642307065157,val,-1,-5.4,-4.1
-4.593496006325176,-4.341166145170562,-0.252329861154614,-4.341166145170562,1,-2.170583072585281,val,-1,-5.4,-4.1
-4.8795994733390975,-4.211932615703921,-0.6676668576351766,-4.211932615703921,1,-2.1059663078519604,val,-1,-5.4,-4.1
-4.793631356014238,-5.126089576370424,0.33245822035618594,-5.126089576370424,0,-1.537826872911127,val,-1,-5.4,-4.1
-4.5160073283491045,-4.790037947949168,0.2740306196000636,-4.790037947949168,1,-2.395018973974584,val,-1,-5.4,-4.1
-4.885613399370303,-4.979428062523622,0.09381466315331917,-4.979428062523622,1,-2.489714031261811,val,-1,-5.4,-4.1
-3.3939375126038343,-4.8133416461716765,1.4194041335678422,-4.8133416461716765,0,-1.4440024938515028,val,-1,-5.4,-4.1
-4.591603526010985,-4.454347433969271,-0.13725609204171452,-4.454347433969271,1,-2.2271737169846353,val,-1,-5.4,-4.1
-4.768649480773722,-4.457652826645376,-0.31099665412834676,-4.457652826645376,0,-1.3372958479936126,val,-1,-5.4,-4.1
-3.7036406555602284,-4.571549291990729,0.8679086364305,-4.571549291990729,0,-1.3714647875972186,val,-1,-5.4,-4.1
-3.0979198992575974,-4.959038022244989,1.861118122987391,-4.959038022244989,1,-2.4795190111224943,val,-1,-5.4,-4.1
-5.4699067204550165,-5.108588066614103,-0.3613186538409135,-5.108588066614103,1,-2.5542940333070514,val,-1,-5.4,-4.1
-4.888175208905135,-4.7919760080193745,-0.09619920088576087,-4.7919760080193745,0,-1.4375928024058122,val,-1,-5.4,-4.1
-4.687786534837215,-4.426661706876845,-0.2611248279603702,-4.426661706876845,1,-2.2133308534384226,val,-1,-5.4,-4.1
-4.966229125086854,-5.1615484852705436,0.1953193601836897,-5.1615484852705436,0,-1.548464545581163,val,-1,-5.4,-4.1
-4.863205624073822,-5.368593355750288,0.5053877316764662,-5.368593355750288,0,-1.6105780067250863,val,-1,-5.4,-4.1
-5.677971523328755,-5.263461660768195,-0.4145098625605593,-5.263461660768195,1,-2.6317308303840976,val,-1,-5.4,-4.1
-5.355882808478749,-5.232358256235343,-0.12352455224340612,-5.232358256235343,0,-1.5697074768706027,val,-1,-5.4,-4.1
-5.346751913509865,-4.796142512738854,-0.5506094007710116,-4.796142512738854,0,-1.4388427538216562,val,-1,-5.4,-4.1
-4.79477331881165,-4.936803067032883,0.1420297482212322,-4.936803067032883,1,-2.4684015335164413,val,-1,-5.4,-4.1
-4.347867718004138,-4.204702490219195,-0.14316522778494276,-4.204702490219195,1,-2.1023512451095976,val,-1,-5.4,-4.1
-4.872820273364492,-5.129420560528555,0.2566002871640626,-5.129420560528555,0,-1.5388261681585664,val,-1,-5.4,-4.1
-5.029097138485905,-4.90502077770363,-0.12407636078227498,-4.90502077770363,1,-2.452510388851815,val,-1,-5.4,-4.1
-5.264133980921067,-5.372183024562913,0.10804904364184599,-5.372183024562913,1,-2.6860915122814566,val,-1,-5.4,-4.1
-6.300129617347825,-5.32220252652007,-0.9779270908277554,-5.32220252652007,1,-2.661101263260035,val,-1,-5.4,-4.1
-4.669178056868937,-4.310893380755602,-0.3582846761133341,-4.310893380755602,0,-1.2932680142266806,val,-1,-5.4,-4.1
-4.724436237140391,-4.487179803504243,-0.23725643363614746,-4.487179803504243,1,-2.2435899017521215,val,-1,-5.4,-4.1
-5.153653937305499,-5.2787507248850565,0.12509678757955753,-5.2787507248850565,0,-1.583625217465517,val,-1,-5.4,-4.1
-5.002265230247268,-4.3712545216565415,-0.631010708590726,-4.3712545216565415,0,-1.3113763564969625,val,-1,-5.4,-4.1
-5.194020697666466,-4.884700090271542,-0.3093206073949241,-4.884700090271542,0,-1.4654100270814625,val,-1,-5.4,-4.1
-4.6155809367042995,-5.211116790710952,0.595535854006653,-5.211116790710952,0,-1.5633350372132857,val,-1,-5.4,-4.1
-3.8473205396787704,-4.119594546396265,0.27227400671749485,-4.119594546396265,1,-2.0597972731981327,val,-1,-5.4,-4.1
-5.6274880816829045,-5.245301961425436,-0.38218612025746856,-5.245301961425436,0,-1.5735905884276307,val,-1,-5.4,-4.1
-5.221637006577364,-5.216694464340151,-0.004942542237213216,-5.216694464340151,1,-2.6083472321700754,val,-1,-5.4,-4.1
-4.482245305456951,-4.289904746929566,-0.19234055852738455,-4.289904746929566,1,-2.144952373464783,val,-1,-5.4,-4.1
-4.304950009593037,-4.454197422790574,0.14924741319753623,-4.454197422790574,1,-2.227098711395287,val,-1,-5.4,-4.1
-5.47617736948193,-5.3101318774168655,-0.1660454920650644,-5.3101318774168655,1,-2.6550659387084328,val,-1,-5.4,-4.1
-5.149362518674208,-4.592140962078907,-0.5572215565953007,-4.592140962078907,1,-2.2960704810394534,val,-1,-5.4,-4.1
-4.762320181691065,-4.8371130970597624,0.07479291536869725,-4.8371130970597624,1,-2.4185565485298812,val,-1,-5.4,-4.1
-5.158165837164724,-4.246404771388495,-0.9117610657762278,-4.246404771388495,1,-2.1232023856942477,val,-1,-5.4,-4.1
-4.194882053044111,-4.596587113992814,0.4017050609487023,-4.596587113992814,0,-1.3789761341978442,val,-1,-5.4,-4.1
-3.947059619298984,-4.540946374045003,0.5938867547460188,-4.540946374045003,0,-1.3622839122135009,val,-1,-5.4,-4.1
-4.248665853278457,-4.783215012165119,0.5345491588866621,-4.783215012165119,0,-1.4349645036495355,val,-1,-5.4,-4.1
-6.212129138732733,-5.3933419335218815,-0.8187872052108509,-5.3933419335218815,0,-1.6180025800565645,val,-1,-5.4,-4.1
-4.97409399860075,-4.90036026956079,-0.07373372903996026,-4.90036026956079,1,-2.450180134780395,val,-1,-5.4,-4.1
-4.494973093485043,-5.014750841808349,0.5197777483233061,-5.014750841808349,1,-2.5073754209041743,val,-1,-5.4,-4.1
-4.537263849855177,-4.685594621682414,0.1483307718272374,-4.685594621682414,1,-2.342797310841207,val,-1,-5.4,-4.1
-4.575057140495272,-4.775383530017922,0.20032638952264992,-4.775383530017922,1,-2.387691765008961,val,-1,-5.4,-4.1
-4.139868495328813,-4.243773265781279,0.10390477045246498,-4.243773265781279,0,-1.2731319797343836,val,-1,-5.4,-4.1
-4.713820692764205,-5.20819278801457,0.49437209525036563,-5.20819278801457,0,-1.562457836404371,val,-1,-5.4,-4.1
-5.383704412030006,-5.308972380937051,-0.07473203109295594,-5.308972380937051,0,-1.5926917142811152,val,-1,-5.4,-4.1
-5.732490096067802,-4.777091394551958,-0.9553987015158446,-4.777091394551958,1,-2.388545697275979,val,-1,-5.4,-4.1
-5.043681898114967,-5.2378027269299565,0.19412082881498996,-5.2378027269299565,1,-2.6189013634649783,val,-1,-5.4,-4.1
-3.1429980152167003,-4.462590285744737,1.3195922705280363,-4.462590285744737,1,-2.2312951428723684,val,-1,-5.4,-4.1
-4.662724538517366,-5.119757795121503,0.4570332566041369,-5.119757795121503,0,-1.5359273385364507,val,-1,-5.4,-4.1
-4.685384192250854,-5.084158024884947,0.3987738326340923,-5.084158024884947,1,-2.5420790124424735,val,-1,-5.4,-4.1
-3.401490946785755,-4.6040636361602605,1.2025726893745055,-4.6040636361602605,0,-1.3812190908480781,val,-1,-5.4,-4.1
-4.8042715089927235,-4.37461606960698,-0.42965543938574313,-4.37461606960698,1,-2.18730803480349,val,-1,-5.4,-4.1
-5.08404614647732,-4.513657954535843,-0.570388191941477,-4.513657954535843,1,-2.2568289772679213,val,-1,-5.4,-4.1
-4.9257247055878866,-4.708536421170178,-0.21718828441770835,-4.708536421170178,1,-2.354268210585089,val,-1,-5.4,-4.1
-4.5224600019349195,-4.829336243459016,0.3068762415240963,-4.829336243459016,1,-2.414668121729508,val,-1,-5.4,-4.1
-3.0019622587949373,-4.114065638920925,1.1121033801259879,-4.114065638920925,1,-2.0570328194604626,val,-1,-5.4,-4.1
-3.8998705193753023,-4.590318138650345,0.6904476192750431,-4.590318138650345,0,-1.3770954415951036,val,-1,-5.4,-4.1
-4.1999932605468455,-4.2057008535575235,0.005707593010677619,-4.2057008535575235,1,-2.1028504267787618,val,-1,-5.4,-4.1
-4.293736124120602,-5.205816173384447,0.9120800492638451,-5.205816173384447,1,-2.6029080866922234,val,-1,-5.4,-4.1
-4.1387528081395235,-4.366409772356631,0.22765696421710727,-4.366409772356631,1,-2.1832048861783155,val,-1,-5.4,-4.1
-4.215260980920231,-4.4417634264194685,0.22650244549923707,-4.4417634264194685,1,-2.2208817132097343,val,-1,-5.4,-4.1
-5.259281385462764,-5.199767878806803,-0.05951350665596111,-5.199767878806803,1,-2.5998839394034015,val,-1,-5.4,-4.1
-4.704424403452587,-4.198275244211176,-0.5061491592414106,-4.198275244211176,1,-2.099137622105588,val,-1,-5.4,-4.1
-4.199898174052954,-4.107628757470485,-0.0922694165824701,-4.107628757470485,0,-1.2322886272411453,val,-1,-5.4,-4.1
-5.6650372339527655,-5.11821080027402,-0.5468264336787454,-5.11821080027402,1,-2.55910540013701,val,-1,-5.4,-4.1
-6.3544606927537695,-5.146444844019212,-1.2080158487345576,-5.146444844019212,1,-2.573222422009606,val,-1,-5.4,-4.1
-5.79629405534248,-5.337625706717621,-0.45866834862485867,-5.337625706717621,1,-2.6688128533588107,val,-1,-5.4,-4.1
-3.9242356227440007,-4.7633218067566405,0.83908618401264,-4.7633218067566405,1,-2.3816609033783203,val,-1,-5.4,-4.1
-4.487349636806032,-4.359702122586284,-0.12764751421974788,-4.359702122586284,0,-1.307910636775885,val,-1,-5.4,-4.1
-5.36327503288181,-4.545198455383334,-0.8180765774984765,-4.545198455383334,0,-1.3635595366150002,val,-1,-5.4,-4.1
-5.107568602524109,-5.228409502851279,0.12084090032716945,-5.228409502851279,1,-2.6142047514256395,val,-1,-5.4,-4.1
-2.7089870471200284,-4.172093087332,1.463106040211971,-4.172093087332,0,-1.2516279261996,val,-1,-5.4,-4.1
-4.98724947888631,-4.957336841803677,-0.029912637082632983,-4.957336841803677,0,-1.487201052541103,val,-1,-5.4,-4.1
-3.2581754640426985,-4.778284473458991,1.5201090094162928,-4.778284473458991,1,-2.3891422367294957,val,-1,-5.4,-4.1
-4.53407170214666,-4.908283029396581,0.37421132724992145,-4.908283029396581,0,-1.4724849088189742,val,-1,-5.4,-4.1
-5.924765168395214,-4.733258671803875,-1.1915064965913391,-4.733258671803875,1,-2.3666293359019375,val,-1,-5.4,-4.1
-4.390765783895395,-4.6342085851590165,0.24344280126362136,-4.6342085851590165,1,-2.3171042925795082,val,-1,-5.4,-4.1
-3.266837837581441,-4.5919262804666054,1.3250884428851646,-4.5919262804666054,1,-2.2959631402333027,val,-1,-5.4,-4.1
-3.931831392263384,-4.2840950792314745,0.3522636869680905,-4.2840950792314745,1,-2.1420475396157372,val,-1,-5.4,-4.1
-4.822883082975737,-4.164775518855708,-0.6581075641200295,-4.164775518855708,0,-1.2494326556567124,val,-1,-5.4,-4.1
-4.062341803271176,-4.35281285517887,0.29047105190769423,-4.35281285517887,0,-1.305843856553661,val,-1,-5.4,-4.1
-3.412916105566742,-4.262435073119429,0.8495189675526865,-4.262435073119429,1,-2.1312175365597144,val,-1,-5.4,-4.1
-5.831982932051003,-4.951775915910848,-0.8802070161401547,-4.951775915910848,0,-1.4855327747732543,val,-1,-5.4,-4.1
-4.847158281220554,-4.985399975234495,0.13824169401394143,-4.985399975234495,0,-1.4956199925703484,val,-1,-5.4,-4.1
-3.9946813569946276,-4.253849494229482,0.25916813723485455,-4.253849494229482,0,-1.2761548482688445,val,-1,-5.4,-4.1
-3.4895784977968027,-4.19648084601478,0.7069023482179774,-4.19648084601478,0,-1.258944253804434,val,-1,-5.4,-4.1
-5.080266813933736,-4.906845808726975,-0.17342100520676115,-4.906845808726975,1,-2.4534229043634874,val,-1,-5.4,-4.1
-5.550165977703301,-5.086559326271262,-0.4636066514320392,-5.086559326271262,0,-1.5259677978813786,val,-1,-5.4,-4.1
-4.6293250086774425,-5.068627431789889,0.43930242311244705,-5.068627431789889,0,-1.5205882295369668,val,-1,-5.4,-4.1
-4.2602160331602414,-4.5180195898288265,0.257803556668585,-4.5180195898288265,1,-2.2590097949144132,val,-1,-5.4,-4.1
-4.487620631328407,-4.513332947130214,0.025712315801807363,-4.513332947130214,1,-2.256666473565107,val,-1,-5.4,-4.1
-4.635264766943001,-4.404014080529903,-0.23125068641309854,-4.404014080529903,1,-2.2020070402649514,val,-1,-5.4,-4.1
-4.230809072595889,-4.792801003769201,0.5619919311733121,-4.792801003769201,0,-1.4378403011307601,val,-1,-5.4,-4.1
-4.772941032241612,-4.526516386453603,-0.24642464578800935,-4.526516386453603,0,-1.3579549159360809,val,-1,-5.4,-4.1
-2.898633019925165,-4.282103710684919,1.383470690759754,-4.282103710684919,0,-1.2846311132054757,val,-1,-5.4,-4.1
-5.307971346095414,-5.152295718321275,-0.15567562777413874,-5.152295718321275,1,-2.5761478591606375,val,-1,-5.4,-4.1
-4.544351599343679,-5.369741083161349,0.8253894838176694,-5.369741083161349,0,-1.6109223249484048,val,-1,-5.4,-4.1
-3.6130323543602176,-4.311779252612276,0.6987468982520578,-4.311779252612276,1,-2.155889626306138,val,-1,-5.4,-4.1
-4.721016621285704,-5.038973317137383,0.3179566958516794,-5.038973317137383,1,-2.5194866585686917,val,-1,-5.4,-4.1
-4.164728042868112,-4.133243734013483,-0.03148430885462857,-4.133243734013483,0,-1.239973120204045,val,-1,-5.4,-4.1
-3.6922222571045205,-4.4143175964816805,0.72209533937716,-4.4143175964816805,0,-1.3242952789445042,val,-1,-5.4,-4.1
-4.708382918467649,-4.829866821710212,0.12148390324256259,-4.829866821710212,1,-2.414933410855106,val,-1,-5.4,-4.1
-5.833573736044294,-5.349236020788075,-0.48433771525621994,-5.349236020788075,1,-2.6746180103940373,val,-1,-5.4,-4.1
-4.275222650134145,-4.3858089393074025,0.11058628917325734,-4.3858089393074025,0,-1.3157426817922206,val,-1,-5.4,-4.1
-4.634552547124209,-4.935966111339988,0.30141356421577914,-4.935966111339988,0,-1.4807898334019964,val,-1,-5.4,-4.1
-5.656942357683207,-4.659410947662614,-0.9975314100205932,-4.659410947662614,1,-2.329705473831307,val,-1,-5.4,-4.1
-3.3951299467344684,-4.109644979170744,0.7145150324362757,-4.109644979170744,1,-2.054822489585372,val,-1,-5.4,-4.1
-5.722946096998909,-4.631366497602532,-1.091579599396376,-4.631366497602532,1,-2.315683248801266,val,-1,-5.4,-4.1
-4.537635990623649,-4.717630673168352,0.1799946825447033,-4.717630673168352,0,-1.4152892019505054,val,-1,-5.4,-4.1
-4.996266713554654,-4.975602941325807,-0.020663772228847358,-4.975602941325807,0,-1.492680882397742,val,-1,-5.4,-4.1
-5.600140298916909,-4.595215563396797,-1.0049247355201119,-4.595215563396797,1,-2.2976077816983986,val,-1,-5.4,-4.1
-4.221281417220775,-4.107635573988713,-0.11364584323206216,-4.107635573988713,0,-1.2322906721966138,val,-1,-5.4,-4.1
-5.272041308941125,-4.666722584217086,-0.6053187247240382,-4.666722584217086,0,-1.4000167752651258,val,-1,-5.4,-4.1
-4.02922213384583,-4.278336413286271,0.24911427944044104,-4.278336413286271,1,-2.1391682066431357,val,-1,-5.4,-4.1
-4.643750628582951,-4.272781198360084,-0.3709694302228671,-4.272781198360084,1,-2.136390599180042,val,-1,-5.4,-4.1
-3.962327218249928,-4.119868155892173,0.15754093764224505,-4.119868155892173,1,-2.0599340779460866,val,-1,-5.4,-4.1
-4.7834826520853015,-5.021352602862331,0.23786995077702916,-5.021352602862331,0,-1.5064057808586993,val,-1,-5.4,-4.1
-4.474566470372387,-5.163253700972739,0.688687230600352,-5.163253700972739,0,-1.5489761102918216,val,-1,-5.4,-4.1
-5.497915942040725,-4.990804023003288,-0.5071119190374377,-4.990804023003288,0,-1.4972412069009864,val,-1,-5.4,-4.1
-4.323438060065293,-5.36799834867049,1.0445602886051968,-5.36799834867049,1,-2.683999174335245,val,-1,-5.4,-4.1
-6.336525446745909,-5.115186953026241,-1.2213384937196683,-5.115186953026241,0,-1.5345560859078722,val,-1,-5.4,-4.1
-5.301408059216656,-4.639687980695906,-0.6617200785207497,-4.639687980695906,1,-2.319843990347953,val,-1,-5.4,-4.1
-4.780070981756154,-4.506475491329882,-0.2735954904262722,-4.506475491329882,1,-2.253237745664941,val,-1,-5.4,-4.1
-5.57097133879065,-4.558436093084854,-1.012535245705796,-4.558436093084854,1,-2.279218046542427,val,-1,-5.4,-4.1
-5.356655867212228,-4.288180934917593,-1.0684749322946352,-4.288180934917593,0,-1.2864542804752779,val,-1,-5.4,-4.1
-4.302301338701196,-4.488560771180577,0.18625943247938093,-4.488560771180577,0,-1.346568231354173,val,-1,-5.4,-4.1
-5.384703981015622,-4.319101537716132,-1.06560244329949,-4.319101537716132,1,-2.159550768858066,val,-1,-5.4,-4.1
-5.869700622660091,-5.381888051685478,-0.48781257097461356,-5.381888051685478,0,-1.6145664155056434,val,-1,-5.4,-4.1
-4.771405574985957,-5.25000911643557,0.4786035414496132,-5.25000911643557,0,-1.575002734930671,val,-1,-5.4,-4.1
-4.470303456624713,-5.154848929423812,0.6845454727990989,-5.154848929423812,1,-2.577424464711906,val,-1,-5.4,-4.1
-4.486229252810353,-4.2555296076379125,-0.23069964517244052,-4.2555296076379125,1,-2.1277648038189563,val,-1,-5.4,-4.1
-4.592446475053809,-5.018471494288357,0.42602501923454744,-5.018471494288357,1,-2.5092357471441784,val,-1,-5.4,-4.1
-4.654996583625495,-5.118489829747364,0.4634932461218692,-5.118489829747364,1,-2.559244914873682,val,-1,-5.4,-4.1
-4.9649159905874285,-5.284797562112154,0.319881571524726,-5.284797562112154,1,-2.642398781056077,val,-1,-5.4,-4.1
-4.944218392633519,-4.768606762871422,-0.17561162976209696,-4.768606762871422,1,-2.384303381435711,val,-1,-5.4,-4.1
-5.819876270645867,-5.2302211641036305,-0.5896551065422364,-5.2302211641036305,1,-2.6151105820518152,val,-1,-5.4,-4.1
-5.4279061662622,-4.559693174619379,-0.8682129916428212,-4.559693174619379,0,-1.3679079523858135,val,-1,-5.4,-4.1
-4.209318580791468,-5.047782742184053,0.8384641613925847,-5.047782742184053,1,-2.5238913710920263,val,-1,-5.4,-4.1
-4.2789015537414965,-4.5807638294001825,0.30186227565868634,-4.5807638294001825,0,-1.3742291488200546,val,-1,-5.4,-4.1
-4.437548252351321,-4.343267818468925,-0.09428043388239574,-4.343267818468925,0,-1.3029803455406774,val,-1,-5.4,-4.1
-4.700453674580385,-4.645003012200278,-0.055450662380106944,-4.645003012200278,1,-2.322501506100139,val,-1,-5.4,-4.1
-4.932665157716092,-5.392044065278454,0.45937890756236227,-5.392044065278454,0,-1.6176132195835362,val,-1,-5.4,-4.1
-4.596366467495939,-5.137794094391949,0.5414276268960105,-5.137794094391949,0,-1.5413382283175847,val,-1,-5.4,-4.1
-5.058567808978854,-5.0091564206295045,-0.049411388349349,-5.0091564206295045,0,-1.5027469261888513,val,-1,-5.4,-4.1
-4.979190818044222,-4.318596144220995,-0.6605946738232275,-4.318596144220995,0,-1.2955788432662982,val,-1,-5.4,-4.1
-4.66728071524905,-5.127391013616687,0.4601102983676366,-5.127391013616687,1,-2.5636955068083433,val,-1,-5.4,-4.1
-4.374446476788633,-4.116690222529933,-0.25775625425869986,-4.116690222529933,1,-2.0583451112649667,val,-1,-5.4,-4.1
-5.647813168688129,-4.7370654910029675,-0.9107476776851616,-4.7370654910029675,1,-2.3685327455014837,val,-1,-5.4,-4.1
-3.530960169829632,-4.330015539370955,0.7990553695413235,-4.330015539370955,1,-2.1650077696854777,val,-1,-5.4,-4.1
-3.715850525283974,-4.827225105989785,1.111374580705811,-4.827225105989785,1,-2.4136125529948926,val,-1,-5.4,-4.1
-3.9295170632251537,-4.126382930056482,0.19686586683132834,-4.126382930056482,1,-2.063191465028241,val,-1,-5.4,-4.1
-4.696146365262749,-4.662242779758386,-0.033903585504362906,-4.662242779758386,1,-2.331121389879193,val,-1,-5.4,-4.1
-5.099643139693173,-5.017430806113617,-0.08221233357955621,-5.017430806113617,0,-1.505229241834085,val,-1,-5.4,-4.1
-4.500289822357085,-4.284246449274053,-0.21604337308303215,-4.284246449274053,0,-1.285273934782216,val,-1,-5.4,-4.1
-4.774252187130404,-4.483043741585558,-0.2912084455448468,-4.483043741585558,0,-1.3449131224756672,val,-1,-5.4,-4.1
-4.989060421429661,-4.472157805964766,-0.5169026154648946,-4.472157805964766,0,-1.34164734178943,val,-1,-5.4,-4.1
-5.610661139999026,-5.086163912153081,-0.5244972278459451,-5.086163912153081,0,-1.5258491736459243,val,-1,-5.4,-4.1
-5.47181376932542,-5.114389249712714,-0.3574245196127066,-5.114389249712714,1,-2.557194624856357,val,-1,-5.4,-4.1
-5.060785507585577,-4.95072071664104,-0.11006479094453728,-4.95072071664104,1,-2.47536035832052,val,-1,-5.4,-4.1
-4.619653989050189,-4.6527605203642235,0.03310653131403455,-4.6527605203642235,1,-2.3263802601821117,val,-1,-5.4,-4.1
-4.983258895901301,-5.2346997587697714,0.25144086286847067,-5.2346997587697714,0,-1.5704099276309313,val,-1,-5.4,-4.1
-5.069729537290135,-4.416866345989395,-0.6528631913007397,-4.416866345989395,0,-1.3250599037968185,val,-1,-5.4,-4.1
-4.506486814751568,-4.837368319663414,0.33088150491184565,-4.837368319663414,0,-1.451210495899024,val,-1,-5.4,-4.1
-5.039035109933478,-4.423099328854283,-0.6159357810791947,-4.423099328854283,0,-1.326929798656285,val,-1,-5.4,-4.1
-5.161860341437423,-4.522013899345243,-0.6398464420921803,-4.522013899345243,0,-1.356604169803573,val,-1,-5.4,-4.1
-3.8658327929386163,-4.101476196697382,0.23564340375876558,-4.101476196697382,1,-2.050738098348691,val,-1,-5.4,-4.1
-6.000013401424979,-4.911307239972386,-1.0887061614525926,-4.911307239972386,1,-2.455653619986193,val,-1,-5.4,-4.1
-5.378177773209311,-5.269483965440613,-0.10869380776869808,-5.269483965440613,0,-1.5808451896321838,val,-1,-5.4,-4.1
-5.499297147262483,-4.266173444480827,-1.2331237027816568,-4.266173444480827,1,-2.1330867222404133,val,-1,-5.4,-4.1
-5.575907651910301,-5.228355318405272,-0.347552333505029,-5.228355318405272,1,-2.614177659202636,val,-1,-5.4,-4.1
-4.476610143827171,-4.822214641863361,0.3456044980361904,-4.822214641863361,0,-1.4466643925590084,val,-1,-5.4,-4.1
-4.343724441788816,-4.796513243099187,0.45278880131037097,-4.796513243099187,0,-1.438953972929756,val,-1,-5.4,-4.1
-5.787560989492868,-5.085225400940363,-0.7023355885525049,-5.085225400940363,1,-2.5426127004701815,val,-1,-5.4,-4.1
-4.771155072432909,-4.100940892863644,-0.6702141795692651,-4.100940892863644,0,-1.2302822678590932,val,-1,-5.4,-4.1
-3.30995336081948,-4.21267072980706,0.9027173689875803,-4.21267072980706,0,-1.263801218942118,val,-1,-5.4,-4.1
-4.329015784100667,-4.545244051268482,0.2162282671678147,-4.545244051268482,0,-1.3635732153805447,val,-1,-5.4,-4.1
-3.7213672168670393,-4.542260141961166,0.8208929250941267,-4.542260141961166,1,-2.271130070980583,val,-1,-5.4,-4.1
4.121277415806239,5.111013133745966,-0.9897357179397268,5.111013133745966,1,2.555506566872983,val,-1,4.1,5.4
4.57408645421314,4.408803586045385,0.16528286816775514,4.408803586045385,0,1.3226410758136156,val,-1,4.1,5.4
5.596676803131137,5.171562092459779,0.4251147106713578,5.171562092459779,1,2.5857810462298896,val,-1,4.1,5.4
4.765997745933006,5.3554739574559,-0.5894762115228943,5.3554739574559,1,2.67773697872795,val,-1,4.1,5.4
5.374849597858213,5.364381448076362,0.010468149781851468,5.364381448076362,1,2.682190724038181,val,-1,4.1,5.4
4.257449006674065,4.689484021642506,-0.4320350149684409,4.689484021642506,0,1.4068452064927517,val,-1,4.1,5.4
4.985641249544792,4.891755201589661,0.09388604795513063,4.891755201589661,0,1.4675265604768983,val,-1,4.1,5.4
5.230737351730951,5.108184468986301,0.12255288274464982,5.108184468986301,1,2.5540922344931505,val,-1,4.1,5.4
4.739889930336632,4.93409734818679,-0.19420741785015805,4.93409734818679,1,2.467048674093395,val,-1,4.1,5.4
4.971748273096938,5.038623698372032,-0.06687542527509356,5.038623698372032,1,2.519311849186016,val,-1,4.1,5.4
3.7387611281650424,4.145547481331868,-0.40678635316682565,4.145547481331868,0,1.2436642443995605,val,-1,4.1,5.4
4.5543555972883585,4.487984312155933,0.06637128513242538,4.487984312155933,1,2.2439921560779665,val,-1,4.1,5.4
2.249807761085643,4.176066239446697,-1.9262584783610537,4.176066239446697,1,2.0880331197233484,val,-1,4.1,5.4
5.500838879109837,5.214179225363359,0.2866596537464788,5.214179225363359,0,1.5642537676090076,val,-1,4.1,5.4
5.206908321061211,4.58471023623725,0.6221980848239613,4.58471023623725,0,1.375413070871175,val,-1,4.1,5.4
4.192423604888533,4.983802337051526,-0.7913787321629931,4.983802337051526,0,1.4951407011154578,val,-1,4.1,5.4
4.316631133817836,4.433163934124619,-0.11653280030678284,4.433163934124619,0,1.3299491802373857,val,-1,4.1,5.4
4.9045286972790345,4.551855579698239,0.3526731175807952,4.551855579698239,0,1.3655566739094718,val,-1,4.1,5.4
3.688145152330076,4.11223660110526,-0.4240914487751838,4.11223660110526,0,1.233670980331578,val,-1,4.1,5.4
4.154145966452053,4.565833917516461,-0.41168795106440764,4.565833917516461,0,1.3697501752549381,val,-1,4.1,5.4
5.2952165464121475,5.3338224361816735,-0.03860588976952616,5.3338224361816735,0,1.600146730854502,val,-1,4.1,5.4
4.826497365991752,4.383268711871195,0.44322865412055756,4.383268711871195,1,2.1916343559355975,val,-1,4.1,5.4
3.685680285512518,4.5152087762944735,-0.8295284907819555,4.5152087762944735,0,1.354562632888342,val,-1,4.1,5.4
5.432629677054772,5.293104101800764,0.13952557525400747,5.293104101800764,1,2.646552050900382,val,-1,4.1,5.4
4.460660700065073,4.1414747663718625,0.3191859336932104,4.1414747663718625,1,2.0707373831859313,val,-1,4.1,5.4
3.362391352474698,4.184609898155268,-0.8222185456805703,4.184609898155268,1,2.092304949077634,val,-1,4.1,5.4
5.007996575677913,4.91877769884017,0.08921887683774221,4.91877769884017,1,2.459388849420085,val,-1,4.1,5.4
6.103571314307557,5.2359574762634,0.8676138380441571,5.2359574762634,1,2.6179787381317,val,-1,4.1,5.4
4.108248001221183,4.11133045199492,-0.0030824507737370866,4.11133045199492,0,1.2333991355984761,val,-1,4.1,5.4
4.974812683651889,5.070550408092119,-0.09573772444023022,5.070550408092119,0,1.5211651224276357,val,-1,4.1,5.4
6.0186359241285095,5.156693522303411,0.8619424018250987,5.156693522303411,0,1.5470080566910231,val,-1,4.1,5.4
3.850727706426445,4.198432680023947,-0.3477049735975018,4.198432680023947,0,1.259529804007184,val,-1,4.1,5.4
4.855951497018691,4.953391934976045,-0.09744043795735387,4.953391934976045,0,1.4860175804928135,val,-1,4.1,5.4
5.565519810283977,4.7620408601085735,0.803478950175403,4.7620408601085735,1,2.3810204300542868,val,-1,4.1,5.4
5.7814769868435985,4.723848408945298,1.0576285778982997,4.723848408945298,0,1.4171545226835895,val,-1,4.1,5.4
4.697797935673248,5.342246388410387,-0.6444484527371389,5.342246388410387,0,1.602673916523116,val,-1,4.1,5.4
3.9850366330090408,4.10001564364033,-0.11497901063128961,4.10001564364033,1,2.050007821820165,val,-1,4.1,5.4
4.711369614959223,4.421072311289491,0.2902973036697318,4.421072311289491,0,1.3263216933868471,val,-1,4.1,5.4
5.790977983721743,5.025902481285058,0.7650755024366848,5.025902481285058,1,2.512951240642529,val,-1,4.1,5.4
4.79855345505903,4.521956664722727,0.2765967903363026,4.521956664722727,0,1.356586999416818,val,-1,4.1,5.4
4.1026839002345845,4.460095263298952,-0.3574113630643678,4.460095263298952,1,2.230047631649476,val,-1,4.1,5.4
5.481605283015025,5.004079088319517,0.4775261946955082,5.004079088319517,1,2.5020395441597585,val,-1,4.1,5.4
3.954285563526864,5.294117272589734,-1.3398317090628702,5.294117272589734,0,1.58823518177692,val,-1,4.1,5.4
4.50303448562653,4.417818412857387,0.08521607276914306,4.417818412857387,0,1.325345523857216,val,-1,4.1,5.4
5.140740258507083,4.695511562459793,0.4452286960472905,4.695511562459793,0,1.408653468737938,val,-1,4.1,5.4
5.095755164491109,4.4288904876679585,0.6668646768231511,4.4288904876679585,1,2.2144452438339792,val,-1,4.1,5.4
4.8629936034603585,4.5931332789279855,0.26986032453237274,4.5931332789279855,0,1.3779399836783957,val,-1,4.1,5.4
4.027662456274242,4.885900477221225,-0.858238020946983,4.885900477221225,0,1.4657701431663674,val,-1,4.1,5.4
5.669616251049405,5.104092387584726,0.5655238634646795,5.104092387584726,0,1.5312277162754178,val,-1,4.1,5.4
3.8672047902494,4.188292745832738,-0.3210879555833385,4.188292745832738,0,1.2564878237498214,val,-1,4.1,5.4
4.716530302005913,4.991910602943507,-0.2753803009375942,4.991910602943507,1,2.4959553014717537,val,-1,4.1,5.4
5.503655390520249,4.812738126614573,0.6909172639056764,4.812738126614573,0,1.4438214379843717,val,-1,4.1,5.4
3.0929312434792506,4.279381868585734,-1.1864506251064832,4.279381868585734,0,1.28381456057572,val,-1,4.1,5.4
5.571568440476153,4.228379184966394,1.3431892555097595,4.228379184966394,1,2.114189592483197,val,-1,4.1,5.4
4.95927783519243,4.419226836922052,0.5400509982703781,4.419226836922052,0,1.3257680510766154,val,-1,4.1,5.4
4.8307420848741724,4.297322661359814,0.5334194235143584,4.297322661359814,1,2.148661330679907,val,-1,4.1,5.4
5.212414878640601,5.303792823337283,-0.0913779446966825,5.303792823337283,0,1.591137847001185,val,-1,4.1,5.4
5.406912657061768,4.984136520286035,0.42277613677573245,4.984136520286035,1,2.4920682601430175,val,-1,4.1,5.4
4.7767296390723475,4.408956598443588,0.3677730406287597,4.408956598443588,1,2.204478299221794,val,-1,4.1,5.4
4.983348737419612,4.839550828323529,0.14379790909608273,4.839550828323529,0,1.4518652484970587,val,-1,4.1,5.4
3.9164087824720526,4.823621666864724,-0.9072128843926709,4.823621666864724,1,2.411810833432362,val,-1,4.1,5.4
4.461377003811444,4.1945583741496515,0.26681862966179226,4.1945583741496515,0,1.2583675122448954,val,-1,4.1,5.4
5.343553378396039,5.191621063540892,0.15193231485514708,5.191621063540892,0,1.5574863190622676,val,-1,4.1,5.4
5.191387581541449,4.626915340507571,0.5644722410338786,4.626915340507571,1,2.3134576702537855,val,-1,4.1,5.4
4.538713677692655,4.288332285760222,0.2503813919324336,4.288332285760222,1,2.144166142880111,val,-1,4.1,5.4
4.509931208251991,4.3481960762665715,0.16173513198541892,4.3481960762665715,1,2.1740980381332857,val,-1,4.1,5.4
4.839064815643548,4.737832178184709,0.10123263745883869,4.737832178184709,0,1.4213496534554126,val,-1,4.1,5.4
4.132261584952122,5.0256316865246795,-0.8933701015725574,5.0256316865246795,1,2.5128158432623398,val,-1,4.1,5.4
4.267259998784333,5.3804199950113105,-1.113159996226978,5.3804199950113105,0,1.6141259985033931,val,-1,4.1,5.4
5.171029418985818,5.237222452255558,-0.06619303326974037,5.237222452255558,1,2.618611226127779,val,-1,4.1,5.4
4.325991331763991,4.748754189071162,-0.42276285730717184,4.748754189071162,0,1.4246262567213486,val,-1,4.1,5.4
4.512005108407489,4.2388139921918215,0.2731911162156672,4.2388139921918215,0,1.2716441976575463,val,-1,4.1,5.4
4.55477350685727,5.287176649086536,-0.7324031422292664,5.287176649086536,0,1.5861529947259607,val,-1,4.1,5.4
4.235362838166635,4.574390749152171,-0.3390279109855356,4.574390749152171,1,2.2871953745760853,val,-1,4.1,5.4
4.8182775269319835,4.394564239969257,0.42371328696272675,4.394564239969257,0,1.318369271990777,val,-1,4.1,5.4
5.237187759890503,5.234161421049057,0.003026338841446156,5.234161421049057,1,2.6170807105245286,val,-1,4.1,5.4
3.7533103496559046,4.277265857287009,-0.5239555076311047,4.277265857287009,0,1.2831797571861028,val,-1,4.1,5.4
4.740905056975322,4.407294208198667,0.3336108487766549,4.407294208198667,0,1.3221882624596,val,-1,4.1,5.4
5.034448204305348,4.874019018958093,0.16042918534725434,4.874019018958093,1,2.4370095094790467,val,-1,4.1,5.4
4.213938495511694,4.83309939180233,-0.6191608962906361,4.83309939180233,1,2.416549695901165,val,-1,4.1,5.4
4.965073237908047,5.346615151578287,-0.38154191367023954,5.346615151578287,0,1.603984545473486,val,-1,4.1,5.4
4.809078591469467,4.68921113319068,0.11986745827878635,4.68921113319068,0,1.406763339957204,val,-1,4.1,5.4
4.149735511149835,4.2676454969521025,-0.11790998580226775,4.2676454969521025,1,2.1338227484760512,val,-1,4.1,5.4
4.929803443311003,5.088737979797608,-0.15893453648660485,5.088737979797608,1,2.544368989898804,val,-1,4.1,5.4
4.040423073548328,4.362124297648349,-0.32170122410002094,4.362124297648349,0,1.3086372892945046,val,-1,4.1,5.4
2.7120750318331774,4.328448822177136,-1.6163737903439588,4.328448822177136,0,1.2985346466531407,val,-1,4.1,5.4
4.957057387828936,4.6682534164460545,0.28880397138288166,4.6682534164460545,0,1.4004760249338164,val,-1,4.1,5.4
4.727193561187451,4.542339043702156,0.18485451748529505,4.542339043702156,0,1.3627017131106467,val,-1,4.1,5.4
5.274912080231828,5.35742904112874,-0.08251696089691217,5.35742904112874,1,2.67871452056437,val,-1,4.1,5.4
3.205714479195132,4.285933900213843,-1.0802194210187108,4.285933900213843,1,2.1429669501069215,val,-1,4.1,5.4
4.945934606620695,5.197926092647954,-0.25199148602725874,5.197926092647954,0,1.5593778277943862,val,-1,4.1,5.4
4.953107741495027,4.970227981974862,-0.01712024047983438,4.970227981974862,1,2.485113990987431,val,-1,4.1,5.4
4.103008473171762,4.242096380503409,-0.1390879073316467,4.242096380503409,0,1.2726289141510227,val,-1,4.1,5.4
4.14478460978515,4.214729602038056,-0.06994499225290632,4.214729602038056,1,2.107364801019028,val,-1,4.1,5.4
4.014768387303794,5.356400653660608,-1.3416322663568148,5.356400653660608,0,1.6069201960981825,val,-1,4.1,5.4
4.702583320868025,4.352586730776908,0.349996590091117,4.352586730776908,0,1.3057760192330723,val,-1,4.1,5.4
4.531996494182543,4.206470078023848,0.32552641615869476,4.206470078023848,1,2.103235039011924,val,-1,4.1,5.4
4.825900480141133,4.450200103863822,0.37570037627731057,4.450200103863822,1,2.225100051931911,val,-1,4.1,5.4
5.699445112245962,4.945169673417073,0.7542754388288885,4.945169673417073,1,2.4725848367085366,val,-1,4.1,5.4
4.920299677226249,4.8108104189480585,0.10948925827819066,4.8108104189480585,1,2.4054052094740292,val,-1,4.1,5.4
5.7927131249486115,5.005742297009227,0.7869708279393847,5.005742297009227,0,1.501722689102768,val,-1,4.1,5.4
4.599111266127273,5.352027501013808,-0.752916234886535,5.352027501013808,1,2.676013750506904,val,-1,4.1,5.4
4.842090128707681,4.461037988650847,0.3810521400568337,4.461037988650847,0,1.338311396595254,val,-1,4.1,5.4
4.2423872994455465,4.4037144004023565,-0.16132710095680997,4.4037144004023565,0,1.321114320120707,val,-1,4.1,5.4
6.016196249558364,5.199373670822888,0.8168225787354755,5.199373670822888,1,2.599686835411444,val,-1,4.1,5.4
4.077895355140069,4.391476211812215,-0.31358085667214564,4.391476211812215,1,2.1957381059061074,val,-1,4.1,5.4
4.655234533325792,4.995578189426296,-0.34034365610050415,4.995578189426296,1,2.497789094713148,val,-1,4.1,5.4
3.888669001559373,4.299543028071884,-0.41087402651251165,4.299543028071884,1,2.149771514035942,val,-1,4.1,5.4
4.628904923357975,4.364677577002254,0.26422734635572054,4.364677577002254,0,1.3094032731006762,val,-1,4.1,5.4
3.6847904775356497,4.1878785616846494,-0.5030880841489996,4.1878785616846494,1,2.0939392808423247,val,-1,4.1,5.4
5.554257408019837,5.074331404065467,0.47992600395437013,5.074331404065467,0,1.5222994212196401,val,-1,4.1,5.4
4.741519223864838,4.33410321404342,0.407416009821418,4.33410321404342,1,2.16705160702171,val,-1,4.1,5.4
4.260794586639128,4.261538923324901,-0.000744336685772468,4.261538923324901,1,2.1307694616624504,val,-1,4.1,5.4
4.441055661915423,4.392249456081435,0.04880620583398825,4.392249456081435,0,1.3176748368244307,val,-1,4.1,5.4
4.051009092514075,4.463297419743212,-0.4122883272291361,4.463297419743212,1,2.231648709871606,val,-1,4.1,5.4
5.245972782791163,4.1439682503569255,1.1020045324342371,4.1439682503569255,1,2.0719841251784628,val,-1,4.1,5.4
4.884985705032193,4.430718940553788,0.4542667644784042,4.430718940553788,1,2.215359470276894,val,-1,4.1,5.4
4.244367719698897,4.9695111183476595,-0.7251433986487624,4.9695111183476595,0,1.4908533355042979,val,-1,4.1,5.4
5.651056886735967,5.087894804806964,0.5631620819290031,5.087894804806964,1,2.543947402403482,val,-1,4.1,5.4
3.7058055488365245,4.393818738546602,-0.6880131897100775,4.393818738546602,1,2.196909369273301,val,-1,4.1,5.4
5.033896569814141,4.895404466123203,0.138492103690938,4.895404466123203,0,1.468621339836961,val,-1,4.1,5.4
5.613987656241677,5.285932909614205,0.3280547466274719,5.285932909614205,1,2.6429664548071026,val,-1,4.1,5.4
4.559523837093239,4.804093816764018,-0.2445699796707792,4.804093816764018,1,2.402046908382009,val,-1,4.1,5.4
4.185143879795891,4.586128616449055,-0.4009847366531634,4.586128616449055,0,1.3758385849347163,val,-1,4.1,5.4
4.27402456892667,4.117160813234369,0.156863755692301,4.117160813234369,0,1.2351482439703105,val,-1,4.1,5.4
5.459473792440747,5.178113002877718,0.2813607895630284,5.178113002877718,0,1.5534339008633153,val,-1,4.1,5.4
5.228508148967037,5.161529986027651,0.06697816293938534,5.161529986027651,0,1.5484589958082953,val,-1,4.1,5.4
4.3734304576836225,4.203636153083085,0.16979430460053727,4.203636153083085,0,1.2610908459249255,val,-1,4.1,5.4
3.4413971118545743,4.323177886980314,-0.8817807751257402,4.323177886980314,0,1.2969533660940942,val,-1,4.1,5.4
5.101772156039529,5.1895937418873,-0.08782158584777124,5.1895937418873,0,1.55687812256619,val,-1,4.1,5.4
4.183253483026498,4.8334083625203546,-0.6501548794938565,4.8334083625203546,0,1.4500225087561063,val,-1,4.1,5.4
4.554627242028427,4.554716877681341,-8.963565291415475e-05,4.554716877681341,1,2.2773584388406705,val,-1,4.1,5.4
3.596868401441051,4.288503851712107,-0.6916354502710559,4.288503851712107,0,1.286551155513632,val,-1,4.1,5.4
3.6800070275696424,4.228074798692134,-0.5480677711224918,4.228074798692134,1,2.114037399346067,val,-1,4.1,5.4
4.196635164980425,4.828235843810905,-0.6316006788304792,4.828235843810905,1,2.4141179219054525,val,-1,4.1,5.4
4.687919322335975,5.023085657081983,-0.3351663347460075,5.023085657081983,1,2.5115428285409913,val,-1,4.1,5.4
5.072532515426465,5.33613234241399,-0.263599826987525,5.33613234241399,0,1.600839702724197,val,-1,4.1,5.4
4.901293356810652,5.0724667317640435,-0.17117337495339122,5.0724667317640435,1,2.5362333658820218,val,-1,4.1,5.4
4.831086292139892,4.5839198161513535,0.24716647598853816,4.5839198161513535,1,2.2919599080756767,val,-1,4.1,5.4
4.419159808856782,5.086020497277665,-0.6668606884208825,5.086020497277665,0,1.5258061491832995,val,-1,4.1,5.4
5.041097676191178,4.19239556620113,0.8487021099900481,4.19239556620113,0,1.2577186698603389,val,-1,4.1,5.4
4.580640101304008,4.908398979636272,-0.3277588783322642,4.908398979636272,0,1.4725196938908816,val,-1,4.1,5.4
4.463406620827225,5.036928239810089,-0.5735216189828637,5.036928239810089,0,1.5110784719430266,val,-1,4.1,5.4
4.2145643747823645,4.154351204857598,0.060213169924766344,4.154351204857598,1,2.077175602428799,val,-1,4.1,5.4
4.243200924224185,4.613814363742722,-0.37061343951853704,4.613814363742722,0,1.3841443091228165,val,-1,4.1,5.4
3.9024493198536465,4.309740470491749,-0.40729115063810295,4.309740470491749,1,2.1548702352458746,val,-1,4.1,5.4
4.450121247100309,4.458908010470956,-0.008786763370646482,4.458908010470956,1,2.229454005235478,val,-1,4.1,5.4
3.517799816891112,4.394454320307088,-0.876654503415976,4.394454320307088,1,2.197227160153544,val,-1,4.1,5.4
4.97439101083946,4.496089109396607,0.47830190144285295,4.496089109396607,0,1.348826732818982,val,-1,4.1,5.4
3.3342010961139184,4.2771033954585365,-0.9429022993446182,4.2771033954585365,0,1.2831310186375608,val,-1,4.1,5.4
4.468396137917013,5.002525074878118,-0.5341289369611053,5.002525074878118,1,2.501262537439059,val,-1,4.1,5.4
4.682812121376832,4.168726062578582,0.5140860587982505,4.168726062578582,0,1.2506178187735746,val,-1,4.1,5.4
5.402694889673833,4.855869791057387,0.5468250986164458,4.855869791057387,0,1.4567609373172161,val,-1,4.1,5.4
4.418420157640304,4.333646567221922,0.08477359041838198,4.333646567221922,0,1.3000939701665766,val,-1,4.1,5.4
3.7891682426531363,4.758698755726854,-0.969530513073718,4.758698755726854,1,2.379349377863427,val,-1,4.1,5.4
4.113315236672824,4.465974487928955,-0.35265925125613173,4.465974487928955,1,2.2329872439644776,val,-1,4.1,5.4
4.097912540237053,4.581099940944081,-0.4831874007070272,4.581099940944081,1,2.2905499704720405,val,-1,4.1,5.4
4.249377331686217,4.755887586867332,-0.506510255181115,4.755887586867332,1,2.377943793433666,val,-1,4.1,5.4
3.943389559519,4.259030574678531,-0.315641015159531,4.259030574678531,1,2.1295152873392653,val,-1,4.1,5.4
4.371473624240199,4.269863458751259,0.10161016548893961,4.269863458751259,0,1.2809590376253777,val,-1,4.1,5.4
5.587412671102752,5.197738533434036,0.3896741376687162,5.197738533434036,0,1.5593215600302106,val,-1,4.1,5.4
4.630276768718243,4.60985811077249,0.020418657945753135,4.60985811077249,1,2.304929055386245,val,-1,4.1,5.4
3.687465869951872,4.3204312222565475,-0.6329653523046754,4.3204312222565475,1,2.1602156111282738,val,-1,4.1,5.4
5.044222207445256,5.141532788946651,-0.09731058150139522,5.141532788946651,0,1.5424598366839952,val,-1,4.1,5.4
5.3156776634495255,5.283167219080014,0.032510444369511074,5.283167219080014,0,1.5849501657240042,val,-1,4.1,5.4
5.586851601940085,5.1784507202124965,0.4084008817275877,5.1784507202124965,0,1.553535216063749,val,-1,4.1,5.4
4.550708398869415,5.028266203843624,-0.4775578049742088,5.028266203843624,0,1.5084798611530872,val,-1,4.1,5.4
3.8373991711354836,4.229177950184885,-0.3917787790494017,4.229177950184885,0,1.2687533850554655,val,-1,4.1,5.4
4.792728742448113,5.287291617234941,-0.49456287478682764,5.287291617234941,1,2.6436458086174706,val,-1,4.1,5.4
4.076092218427407,4.851373150015497,-0.7752809315880898,4.851373150015497,1,2.4256865750077483,val,-1,4.1,5.4
5.390936459572508,5.270358087275726,0.1205783722967819,5.270358087275726,0,1.5811074261827178,val,-1,4.1,5.4
4.396018058489373,4.832641223429776,-0.43662316494040254,4.832641223429776,0,1.4497923670289328,val,-1,4.1,5.4
4.554433919681227,4.112799073039595,0.44163484664163183,4.112799073039595,0,1.2338397219118784,val,-1,4.1,5.4
5.79212098886708,5.3925111716355705,0.3996098172315095,5.3925111716355705,0,1.617753351490671,val,-1,4.1,5.4
4.184161683261309,4.2721171872966925,-0.08795550403538344,4.2721171872966925,0,1.2816351561890078,val,-1,4.1,5.4
5.047519703219677,5.000427135063712,0.04709256815596444,5.000427135063712,1,2.500213567531856,val,-1,4.1,5.4
4.21116984767287,4.534574728094809,-0.32340488042194,4.534574728094809,0,1.3603724184284427,val,-1,4.1,5.4
4.366788803663911,4.334264884892016,0.03252391877189566,4.334264884892016,0,1.3002794654676046,val,-1,4.1,5.4
4.261347720753118,4.282776964723281,-0.02142924397016236,4.282776964723281,1,2.1413884823616405,val,-1,4.1,5.4
5.572379804088228,4.970021633831282,0.6023581702569464,4.970021633831282,0,1.4910064901493845,val,-1,4.1,5.4
4.138826748583763,4.495010554680349,-0.35618380609658623,4.495010554680349,1,2.2475052773401747,val,-1,4.1,5.4
5.4623869202177024,4.897750894067662,0.5646360261500402,4.897750894067662,1,2.448875447033831,val,-1,4.1,5.4
5.63531334042629,5.316279200866492,0.319034139559798,5.316279200866492,1,2.658139600433246,val,-1,4.1,5.4
4.507525323380896,4.363776360754781,0.14374896262611478,4.363776360754781,0,1.3091329082264342,val,-1,4.1,5.4
3.4937758332726885,4.255493190002512,-0.7617173567298235,4.255493190002512,1,2.127746595001256,val,-1,4.1,5.4
3.9496156984608786,4.609847861786798,-0.660232163325919,4.609847861786798,0,1.3829543585360393,val,-1,4.1,5.4
4.928431578889094,5.002900994635055,-0.07446941574596062,5.002900994635055,0,1.5008702983905164,val,-1,4.1,5.4
5.342655531405044,5.328457143074226,0.014198388330818584,5.328457143074226,1,2.664228571537113,val,-1,4.1,5.4
3.5082926860388897,4.31239724272604,-0.8041045566871503,4.31239724272604,0,1.293719172817812,val,-1,4.1,5.4
5.664066294107631,4.696327297443728,0.9677389966639034,4.696327297443728,1,2.348163648721864,val,-1,4.1,5.4
4.505106733030245,4.462522616698334,0.04258411633191116,4.462522616698334,0,1.3387567850095001,val,-1,4.1,5.4
4.239130730543582,4.365980096194511,-0.12684936565092883,4.365980096194511,1,2.1829900480972557,val,-1,4.1,5.4
4.769231929337837,4.500836839000692,0.26839509033714554,4.500836839000692,1,2.250418419500346,val,-1,4.1,5.4
4.629970241691788,5.134292441534847,-0.5043221998430595,5.134292441534847,1,2.5671462207674236,val,-1,4.1,5.4
2.9312468556917435,4.2206998414786225,-1.289452985786879,4.2206998414786225,0,1.2662099524435868,val,-1,4.1,5.4
5.11003571591804,5.229724931584687,-0.1196892156666465,5.229724931584687,0,1.568917479475406,val,-1,4.1,5.4
4.712500484854827,5.183829995412733,-0.4713295105579059,5.183829995412733,1,2.5919149977063665,val,-1,4.1,5.4
4.956739722639858,4.986331619171745,-0.029591896531886545,4.986331619171745,1,2.4931658095858724,val,-1,4.1,5.4
4.554000871132954,4.48455853474185,0.06944233639110352,4.48455853474185,1,2.242279267370925,val,-1,4.1,5.4
3.336368057085214,4.3159557356544775,-0.9795876785692637,4.3159557356544775,0,1.2947867206963433,val,-1,4.1,5.4
4.791936300861621,5.294623677786261,-0.5026873769246408,5.294623677786261,0,1.5883871033358783,val,-1,4.1,5.4
4.691418319523231,4.192852673834218,0.4985656456890124,4.192852673834218,1,2.096426336917109,val,-1,4.1,5.4
5.547865123617704,4.716808492416362,0.8310566312013422,4.716808492416362,1,2.358404246208181,val,-1,4.1,5.4
4.501899582305935,4.568298245699839,-0.06639866339390399,4.568298245699839,1,2.2841491228499193,val,-1,4.1,5.4
4.364962907816038,4.307650407257509,0.05731250055852858,4.307650407257509,0,1.2922951221772527,val,-1,4.1,5.4
5.550330363189091,5.358290487085255,0.19203987610383577,5.358290487085255,1,2.6791452435426275,val,-1,4.1,5.4
4.54743550948678,4.384636922085026,0.16279858740175476,4.384636922085026,1,2.192318461042513,val,-1,4.1,5.4
6.592133808198191,5.025314528297574,1.566819279900616,5.025314528297574,0,1.5075943584892724,val,-1,4.1,5.4
6.2528956996936795,5.242798141805636,1.0100975578880431,5.242798141805636,1,2.621399070902818,val,-1,4.1,5.4
4.600884893639865,4.9695749310258215,-0.3686900373859568,4.9695749310258215,1,2.4847874655129107,val,-1,4.1,5.4
4.112899505955993,4.286576712879089,-0.17367720692309646,4.286576712879089,0,1.2859730138637266,val,-1,4.1,5.4
5.832860357729554,5.1307543752092135,0.70210598252034,5.1307543752092135,1,2.5653771876046068,val,-1,4.1,5.4
4.739728220790705,4.38016650629728,0.35956171449342544,4.38016650629728,0,1.314049951889184,val,-1,4.1,5.4
5.9245323229339535,5.3427350398943,0.5817972830396536,5.3427350398943,1,2.67136751994715,val,-1,4.1,5.4
4.623044343895752,4.207715413156826,0.4153289307389255,4.207715413156826,0,1.262314623947048,val,-1,4.1,5.4
4.445706933936526,4.933339110045155,-0.4876321761086292,4.933339110045155,1,2.4666695550225777,val,-1,4.1,5.4
4.170537269435134,4.897480119027823,-0.7269428495926886,4.897480119027823,0,1.469244035708347,val,-1,4.1,5.4
3.865212134659365,4.724093360851176,-0.8588812261918113,4.724093360851176,0,1.4172280082553528,val,-1,4.1,5.4
3.9185217090556788,4.314751025644705,-0.39622931658902655,4.314751025644705,0,1.2944253076934116,val,-1,4.1,5.4
4.694297230304057,4.427580701772448,0.2667165285316092,4.427580701772448,1,2.213790350886224,val,-1,4.1,5.4
4.749074138647974,5.049542532327841,-0.3004683936798669,5.049542532327841,0,1.5148627596983524,val,-1,4.1,5.4
6.572796614414294,5.34631088582342,1.2264857285908741,5.34631088582342,0,1.603893265747026,val,-1,4.1,5.4
4.367239534923987,5.303542720475611,-0.936303185551624,5.303542720475611,1,2.6517713602378055,val,-1,4.1,5.4
4.918961831120487,5.05861986848689,-0.13965803736640303,5.05861986848689,0,1.5175859605460669,val,-1,4.1,5.4
5.044706963197085,4.40378641776772,0.640920545429365,4.40378641776772,1,2.20189320888386,val,-1,4.1,5.4
6.23424233864745,5.093853610355667,1.1403887282917835,5.093853610355667,1,2.5469268051778333,val,-1,4.1,5.4
3.9335632373111835,4.486505885432787,-0.5529426481216033,4.486505885432787,0,1.345951765629836,val,-1,4.1,5.4
4.65703902595925,4.465765324924274,0.19127370103497526,4.465765324924274,0,1.3397295974772823,val,-1,4.1,5.4
5.53037312413089,5.097621956654275,0.43275116747661513,5.097621956654275,0,1.5292865869962824,val,-1,4.1,5.4
3.8216732810524423,4.9915238787128215,-1.1698505976603795,4.9915238787128215,1,2.4957619393564108,val,-1,4.1,5.4
4.9434229752944585,4.455022148153179,0.488400827141279,4.455022148153179,0,1.3365066444459537,val,-1,4.1,5.4
4.4233964128172145,4.312593002481769,0.11080341033544541,4.312593002481769,1,2.1562965012408846,val,-1,4.1,5.4
3.9959765581901503,4.233791276023496,-0.23781471783334526,4.233791276023496,0,1.2701373828070486,val,-1,4.1,5.4
5.326515641926049,4.736196028802146,0.5903196131239029,4.736196028802146,0,1.4208588086406437,val,-1,4.1,5.4
5.239710589879094,5.183010064856351,0.05670052502274322,5.183010064856351,0,1.5549030194569051,val,-1,4.1,5.4
4.080544577604615,4.520233679430114,-0.43968910182549836,4.520233679430114,0,1.3560701038290341,val,-1,4.1,5.4
5.690396904307323,4.874722085547381,0.8156748187599424,4.874722085547381,0,1.4624166256642142,val,-1,4.1,5.4
3.9668138363462484,4.336133794196157,-0.36931995784990845,4.336133794196157,1,2.1680668970980785,val,-1,4.1,5.4
5.294695013415879,4.518261235388616,0.7764337780272625,4.518261235388616,0,1.3554783706165847,val,-1,4.1,5.4
3.5850901871096976,5.003907835504437,-1.4188176483947392,5.003907835504437,0,1.501172350651331,val,-1,4.1,5.4
5.304892890538905,4.752031602685571,0.552861287853333,4.752031602685571,1,2.3760158013427857,val,-1,4.1,5.4
5.056105391093674,5.231833516920835,-0.17572812582716063,5.231833516920835,0,1.5695500550762504,val,-1,4.1,5.4
5.3571144058340305,5.176608775991657,0.18050562984237364,5.176608775991657,1,2.5883043879958283,val,-1,4.1,5.4
4.605553452329117,4.487079862380075,0.11847358994904104,4.487079862380075,1,2.2435399311900377,val,-1,4.1,5.4
4.761134577587671,4.137822325397769,0.6233122521899018,4.137822325397769,0,1.2413466976193306,val,-1,4.1,5.4
4.445481614757614,4.936134375633151,-0.49065276087553794,4.936134375633151,1,2.4680671878165756,val,-1,4.1,5.4
5.131051066126885,5.229945600157086,-0.09889453403020072,5.229945600157086,1,2.614972800078543,val,-1,4.1,5.4
5.027014612699486,5.205698693113042,-0.17868408041355513,5.205698693113042,0,1.5617096079339123,val,-1,4.1,5.4
4.423036805190316,4.119222755902404,0.30381404928791167,4.119222755902404,1,2.059611377951202,val,-1,4.1,5.4
4.306802677185864,4.296925188233603,0.009877488952261612,4.296925188233603,1,2.1484625941168014,val,-1,4.1,5.4
4.520421630447772,4.337057526420287,0.18336410402748507,4.337057526420287,1,2.1685287632101433,val,-1,4.1,5.4
4.705231308638413,4.466498238903216,0.23873306973519695,4.466498238903216,1,2.233249119451608,val,-1,4.1,5.4
3.5228643084288978,4.512665777438726,-0.9898014690098281,4.512665777438726,1,2.256332888719363,val,-1,4.1,5.4
4.086419144216031,4.206155317282201,-0.11973617306617033,4.206155317282201,0,1.2618465951846602,val,-1,4.1,5.4
4.657587150656632,4.5760190927167566,0.08156805793987583,4.5760190927167566,0,1.372805727815027,val,-1,4.1,5.4
5.423762308275973,5.275165835079066,0.14859647319690653,5.275165835079066,1,2.637582917539533,val,-1,4.1,5.4
5.761550477280943,4.259538049112421,1.5020124281685228,4.259538049112421,1,2.1297690245562104,val,-1,4.1,5.4
5.619933653131503,5.1170898131152525,0.5028438400162507,5.1170898131152525,1,2.5585449065576262,val,-1,4.1,5.4
4.9757028028195,4.173908712278241,0.8017940905412587,4.173908712278241,1,2.0869543561391204,val,-1,4.1,5.4
3.9455651347663503,4.182226794973322,-0.23666166020697177,4.182226794973322,0,1.2546680384919966,val,-1,4.1,5.4
5.174669337755255,4.65763601363042,0.5170333241248353,4.65763601363042,0,1.3972908040891259,val,-1,4.1,5.4
6.46639311859866,5.356527287078972,1.1098658315196877,5.356527287078972,0,1.6069581861236915,val,-1,4.1,5.4
4.145954430293401,4.381776205976588,-0.23582177568318757,4.381776205976588,0,1.3145328617929763,val,-1,4.1,5.4
4.989975071133192,5.3324948371154814,-0.342519765982289,5.3324948371154814,1,2.6662474185577407,val,-1,4.1,5.4
3.284039679011008,4.1559996165229744,-0.8719599375119668,4.1559996165229744,1,2.0779998082614872,val,-1,4.1,5.4
4.504876372038978,5.254622286995864,-0.7497459149568858,5.254622286995864,1,2.627311143497932,val,-1,4.1,5.4
5.868949358063655,4.834917546855822,1.034031811207833,4.834917546855822,0,1.4504752640567464,val,-1,4.1,5.4
4.312999996032545,5.168914352871479,-0.8559143568389335,5.168914352871479,0,1.5506743058614436,val,-1,4.1,5.4
4.695754955088469,4.726359352114219,-0.030604397025750407,4.726359352114219,0,1.4179078056342658,val,-1,4.1,5.4
4.920916247172248,4.426835704423869,0.4940805427483793,4.426835704423869,0,1.3280507113271607,val,-1,4.1,5.4
5.333349883839906,5.197335420845068,0.13601446299483852,5.197335420845068,1,2.598667710422534,val,-1,4.1,5.4
4.730372082248024,4.543242875049042,0.1871292071989819,4.543242875049042,1,2.271621437524521,val,-1,4.1,5.4
5.030268942471312,5.0494642971538175,-0.019195354682505824,5.0494642971538175,0,1.5148392891461453,val,-1,4.1,5.4
5.973293304913545,5.341660864114273,0.6316324407992719,5.341660864114273,0,1.6024982592342818,val,-1,4.1,5.4
4.471449598759801,5.289418444297361,-0.8179688455375603,5.289418444297361,0,1.5868255332892083,val,-1,4.1,5.4
4.569462039811443,4.762485480989203,-0.19302344117776046,4.762485480989203,1,2.3812427404946015,val,-1,4.1,5.4
4.406906590315544,4.412531643222082,-0.005625052906538215,4.412531643222082,0,1.3237594929666245,val,-1,4.1,5.4
4.028337692442382,5.128705290226911,-1.1003675977845286,5.128705290226911,1,2.5643526451134555,val,-1,4.1,5.4
3.7481577822028305,4.159192439350986,-0.41103465714815546,4.159192439350986,0,1.2477577318052957,val,-1,4.1,5.4
5.179362648114047,5.269959389766457,-0.09059674165240993,5.269959389766457,1,2.6349796948832287,val,-1,4.1,5.4
5.764345276528187,4.835425154122018,0.9289201224061687,4.835425154122018,1,2.417712577061009,val,-1,4.1,5.4
3.7656175742212374,4.1210067469730145,-0.3553891727517773,4.1210067469730145,1,2.0605033734865073,val,-1,4.1,5.4
5.503824075859939,4.775882216208525,0.7279418596514132,4.775882216208525,1,2.3879411081042625,val,-1,4.1,5.4
4.338117302323688,4.741880474997563,-0.4037631726738752,4.741880474997563,0,1.422564142499269,val,-1,4.1,5.4
5.400157831639316,4.376772561613871,1.023385270025445,4.376772561613871,1,2.1883862808069354,val,-1,4.1,5.4
4.678664325733772,4.903552214356441,-0.22488788862266942,4.903552214356441,0,1.4710656643069324,val,-1,4.1,5.4
4.751532484343944,4.102045106181297,0.649487378162647,4.102045106181297,0,1.2306135318543892,val,-1,4.1,5.4
6.18387260587612,4.404122547559996,1.7797500583161248,4.404122547559996,0,1.3212367642679987,val,-1,4.1,5.4
5.3983930628092285,4.785049859035274,0.6133432037739547,4.785049859035274,0,1.4355149577105821,val,-1,4.1,5.4
5.253898272505003,4.358885795049131,0.8950124774558712,4.358885795049131,0,1.3076657385147394,val,-1,4.1,5.4
3.8005237613812044,4.416813286390874,-0.6162895250096697,4.416813286390874,0,1.3250439859172622,val,-1,4.1,5.4
5.031829369879155,4.66732420899631,0.36450516088284496,4.66732420899631,0,1.400197262698893,val,-1,4.1,5.4
4.633045313787507,4.172334871235521,0.460710442551986,4.172334871235521,0,1.2517004613706564,val,-1,4.1,5.4
4.277576905065089,4.370657894699826,-0.09308098963473604,4.370657894699826,1,2.185328947349913,val,-1,4.1,5.4
4.380001435087175,4.195733465762491,0.18426796932468412,4.195733465762491,1,2.0978667328812457,val,-1,4.1,5.4
4.496162274039835,5.137953478416592,-0.6417912043767572,5.137953478416592,1,2.568976739208296,val,-1,4.1,5.4
4.487136446260995,4.753239405147977,-0.2661029588869823,4.753239405147977,0,1.425971821544393,val,-1,4.1,5.4
3.712086349535802,4.440006082369192,-0.72791973283339,4.440006082369192,0,1.3320018247107575,val,-1,4.1,5.4
4.234590769517469,5.135812382726313,-0.9012216132088443,5.135812382726313,1,2.5679061913631567,val,-1,4.1,5.4
4.751409428451255,4.301602425660394,0.4498070027908609,4.301602425660394,0,1.290480727698118,val,-1,4.1,5.4
4.74714687236306,5.225771035780941,-0.47862416341788133,5.225771035780941,0,1.5677313107342823,val,-1,4.1,5.4
4.9007661549344474,4.699330195867285,0.20143595906716286,4.699330195867285,1,2.3496650979336424,val,-1,4.1,5.4
5.952478758296572,4.830268813662144,1.1222099446344282,4.830268813662144,1,2.415134406831072,val,-1,4.1,5.4
5.1724766080598155,4.505920145571926,0.6665564624878899,4.505920145571926,1,2.252960072785963,val,-1,4.1,5.4
4.047155906722323,4.416003698481555,-0.3688477917592322,4.416003698481555,1,2.2080018492407776,val,-1,4.1,5.4
4.314369612733928,4.459689885480335,-0.1453202727464074,4.459689885480335,0,1.3379069656441005,val,-1,4.1,5.4
4.184054653984802,4.567900485227794,-0.38384583124299176,4.567900485227794,0,1.3703701455683381,val,-1,4.1,5.4
4.850051998201799,4.840964039658871,0.009087958542928133,4.840964039658871,0,1.4522892118976614,val,-1,4.1,5.4
5.176777419724939,4.139970785902348,1.0368066338225912,4.139970785902348,0,1.2419912357707041,val,-1,4.1,5.4
5.586761174444838,4.601480998913664,0.9852801755311744,4.601480998913664,1,2.300740499456832,val,-1,4.1,5.4
4.242190260206757,4.543569300230465,-0.3013790400237077,4.543569300230465,1,2.2717846501152326,val,-1,4.1,5.4
4.105610931922872,4.918791613942664,-0.8131806820197929,4.918791613942664,0,1.4756374841827993,val,-1,4.1,5.4
5.8710141878192825,5.2291784059104325,0.6418357819088499,5.2291784059104325,1,2.6145892029552162,val,-1,4.1,5.4
3.736155376101194,5.104431271796645,-1.3682758956954508,5.104431271796645,0,1.5313293815389935,val,-1,4.1,5.4
5.743688907369477,5.3887822753300485,0.3549066320394289,5.3887822753300485,1,2.6943911376650242,val,-1,4.1,5.4
3.2780951327080547,4.640712198722837,-1.362617066014782,4.640712198722837,1,2.3203560993614185,val,-1,4.1,5.4
4.635968079905614,4.379039469251141,0.2569286106544729,4.379039469251141,1,2.1895197346255704,val,-1,4.1,5.4
5.435859028968753,5.2984525643116145,0.13740646465713893,5.2984525643116145,0,1.5895357692934844,val,-1,4.1,5.4
4.906503993674824,5.158833854829438,-0.252329861154614,5.158833854829438,1,2.579416927414719,val,-1,4.1,5.4
4.6204005266609025,5.288067384296079,-0.6676668576351766,5.288067384296079,1,2.6440336921480396,val,-1,4.1,5.4
4.706368643985762,4.373910423629576,0.33245822035618594,4.373910423629576,0,1.3121731270888728,val,-1,4.1,5.4
4.9839926716508955,4.709962052050832,0.2740306196000636,4.709962052050832,1,2.354981026025416,val,-1,4.1,5.4
4.614386600629697,4.520571937476378,0.09381466315331917,4.520571937476378,1,2.260285968738189,val,-1,4.1,5.4
6.106062487396166,4.6866583538283235,1.4194041335678422,4.6866583538283235,0,1.405997506148497,val,-1,4.1,5.4
4.908396473989015,5.045652566030729,-0.13725609204171452,5.045652566030729,1,2.5228262830153647,val,-1,4.1,5.4
4.731350519226278,5.042347173354624,-0.31099665412834676,5.042347173354624,0,1.5127041520063873,val,-1,4.1,5.4
5.796359344439772,4.928450708009271,0.8679086364305,4.928450708009271,0,1.4785352124027813,val,-1,4.1,5.4
6.402080100742403,4.540961977755011,1.861118122987391,4.540961977755011,1,2.2704809888775057,val,-1,4.1,5.4
4.0300932795449835,4.391411933385897,-0.3613186538409135,4.391411933385897,1,2.1957059666929486,val,-1,4.1,5.4
4.611824791094865,4.7080239919806255,-0.09619920088576087,4.7080239919806255,0,1.4124071975941876,val,-1,4.1,5.4
4.812213465162785,5.073338293123155,-0.2611248279603702,5.073338293123155,1,2.5366691465615774,val,-1,4.1,5.4
4.533770874913146,4.3384515147294564,0.1953193601836897,4.3384515147294564,0,1.301535454418837,val,-1,4.1,5.4
4.636794375926178,4.131406644249712,0.5053877316764662,4.131406644249712,0,1.2394219932749138,val,-1,4.1,5.4
3.8220284766712456,4.236538339231805,-0.4145098625605593,4.236538339231805,1,2.1182691696159024,val,-1,4.1,5.4
4.144117191521251,4.267641743764657,-0.12352455224340612,4.267641743764657,0,1.2802925231293971,val,-1,4.1,5.4
4.153248086490135,4.703857487261146,-0.5506094007710116,4.703857487261146,0,1.411157246178344,val,-1,4.1,5.4
4.70522668118835,4.563196932967117,0.1420297482212322,4.563196932967117,1,2.2815984664835587,val,-1,4.1,5.4
5.152132281995862,5.295297509780805,-0.14316522778494276,5.295297509780805,1,2.6476487548904024,val,-1,4.1,5.4
4.627179726635508,4.370579439471445,0.2566002871640626,4.370579439471445,0,1.3111738318414334,val,-1,4.1,5.4
4.470902861514095,4.59497922229637,-0.12407636078227498,4.59497922229637,1,2.297489611148185,val,-1,4.1,5.4
4.235866019078933,4.127816975437087,0.10804904364184599,4.127816975437087,1,2.0639084877185434,val,-1,4.1,5.4
3.1998703826521746,4.17779747347993,-0.9779270908277554,4.17779747347993,1,2.088898736739965,val,-1,4.1,5.4
4.830821943131063,5.189106619244398,-0.3582846761133341,5.189106619244398,0,1.5567319857733193,val,-1,4.1,5.4
4.775563762859609,5.012820196495757,-0.23725643363614746,5.012820196495757,1,2.5064100982478785,val,-1,4.1,5.4
4.346346062694501,4.2212492751149435,0.12509678757955753,4.2212492751149435,0,1.266374782534483,val,-1,4.1,5.4
4.497734769752732,5.1287454783434585,-0.631010708590726,5.1287454783434585,0,1.5386236435030376,val,-1,4.1,5.4
4.305979302333534,4.615299909728458,-0.3093206073949241,4.615299909728458,0,1.3845899729185374,val,-1,4.1,5.4
4.8844190632957005,4.288883209289048,0.595535854006653,4.288883209289048,0,1.2866649627867142,val,-1,4.1,5.4
5.652679460321229,5.380405453603735,0.27227400671749485,5.380405453603735,1,2.6902027268018673,val,-1,4.1,5.4
3.8725119183170955,4.254698038574564,-0.38218612025746856,4.254698038574564,0,1.2764094115723692,val,-1,4.1,5.4
4.278362993422636,4.283305535659849,-0.004942542237213216,4.283305535659849,1,2.1416527678299246,val,-1,4.1,5.4
5.017754694543049,5.210095253070434,-0.19234055852738455,5.210095253070434,1,2.605047626535217,val,-1,4.1,5.4
5.195049990406963,5.045802577209426,0.14924741319753623,5.045802577209426,1,2.522901288604713,val,-1,4.1,5.4
4.02382263051807,4.1898681225831345,-0.1660454920650644,4.1898681225831345,1,2.0949340612915672,val,-1,4.1,5.4
4.350637481325792,4.907859037921093,-0.5572215565953007,4.907859037921093,1,2.4539295189605466,val,-1,4.1,5.4
4.737679818308935,4.6628869029402376,0.07479291536869725,4.6628869029402376,1,2.3314434514701188,val,-1,4.1,5.4
4.341834162835276,5.253595228611505,-0.9117610657762278,5.253595228611505,1,2.6267976143057523,val,-1,4.1,5.4
5.305117946955889,4.903412886007186,0.4017050609487023,4.903412886007186,0,1.4710238658021557,val,-1,4.1,5.4
5.552940380701016,4.959053625954997,0.5938867547460188,4.959053625954997,0,1.487716087786499,val,-1,4.1,5.4
5.251334146721543,4.716784987834881,0.5345491588866621,4.716784987834881,0,1.4150354963504643,val,-1,4.1,5.4
3.2878708612672676,4.1066580664781185,-0.8187872052108509,4.1066580664781185,0,1.2319974199434356,val,-1,4.1,5.4
4.52590600139925,4.59963973043921,-0.07373372903996026,4.59963973043921,1,2.299819865219605,val,-1,4.1,5.4
5.005026906514957,4.485249158191651,0.5197777483233061,4.485249158191651,1,2.2426245790958257,val,-1,4.1,5.4
4.962736150144823,4.814405378317586,0.1483307718272374,4.814405378317586,1,2.407202689158793,val,-1,4.1,5.4
4.924942859504728,4.724616469982078,0.20032638952264992,4.724616469982078,1,2.362308234991039,val,-1,4.1,5.4
5.360131504671187,5.256226734218721,0.10390477045246498,5.256226734218721,0,1.5768680202656162,val,-1,4.1,5.4
4.786179307235795,4.29180721198543,0.49437209525036563,4.29180721198543,0,1.2875421635956288,val,-1,4.1,5.4
4.116295587969994,4.191027619062949,-0.07473203109295594,4.191027619062949,0,1.2573082857188849,val,-1,4.1,5.4
3.7675099039321975,4.722908605448042,-0.9553987015158446,4.722908605448042,1,2.361454302724021,val,-1,4.1,5.4
4.456318101885033,4.2621972730700435,0.19412082881498996,4.2621972730700435,1,2.1310986365350217,val,-1,4.1,5.4
6.3570019847833,5.037409714255263,1.3195922705280363,5.037409714255263,1,2.5187048571276316,val,-1,4.1,5.4
4.837275461482634,4.380242204878497,0.4570332566041369,4.380242204878497,0,1.3140726614635492,val,-1,4.1,5.4
4.814615807749146,4.415841975115053,0.3987738326340923,4.415841975115053,1,2.2079209875575265,val,-1,4.1,5.4
6.098509053214245,4.8959363638397395,1.2025726893745055,4.8959363638397395,0,1.4687809091519217,val,-1,4.1,5.4
4.6957284910072765,5.12538393039302,-0.42965543938574313,5.12538393039302,1,2.56269196519651,val,-1,4.1,5.4
4.41595385352268,4.986342045464157,-0.570388191941477,4.986342045464157,1,2.4931710227320787,val,-1,4.1,5.4
4.5742752944121134,4.791463578829822,-0.21718828441770835,4.791463578829822,1,2.395731789414911,val,-1,4.1,5.4
4.9775399980650805,4.670663756540984,0.3068762415240963,4.670663756540984,1,2.335331878270492,val,-1,4.1,5.4
6.498037741205063,5.385934361079075,1.1121033801259879,5.385934361079075,1,2.6929671805395374,val,-1,4.1,5.4
5.600129480624698,4.909681861349655,0.6904476192750431,4.909681861349655,0,1.4729045584048963,val,-1,4.1,5.4
5.3000067394531545,5.2942991464424765,0.005707593010677619,5.2942991464424765,1,2.6471495732212382,val,-1,4.1,5.4
5.206263875879398,4.294183826615553,0.9120800492638451,4.294183826615553,1,2.1470919133077766,val,-1,4.1,5.4
5.3612471918604765,5.133590227643369,0.22765696421710727,5.133590227643369,1,2.5667951138216845,val,-1,4.1,5.4
5.284739019079769,5.0582365735805315,0.22650244549923707,5.0582365735805315,1,2.5291182867902657,val,-1,4.1,5.4
4.240718614537236,4.300232121193197,-0.05951350665596111,4.300232121193197,1,2.1501160605965985,val,-1,4.1,5.4
4.795575596547413,5.301724755788824,-0.5061491592414106,5.301724755788824,1,2.650862377894412,val,-1,4.1,5.4
5.300101825947046,5.392371242529515,-0.0922694165824701,5.392371242529515,0,1.6177113727588546,val,-1,4.1,5.4
3.8349627660472345,4.38178919972598,-0.5468264336787454,4.38178919972598,1,2.19089459986299,val,-1,4.1,5.4
3.1455393072462305,4.353555155980788,-1.2080158487345576,4.353555155980788,1,2.176777577990394,val,-1,4.1,5.4
3.70370594465752,4.162374293282379,-0.45866834862485867,4.162374293282379,1,2.0811871466411893,val,-1,4.1,5.4
5.575764377255999,4.7366781932433595,0.83908618401264,4.7366781932433595,1,2.3683390966216797,val,-1,4.1,5.4
5.012650363193968,5.140297877413716,-0.12764751421974788,5.140297877413716,0,1.5420893632241148,val,-1,4.1,5.4
4.13672496711819,4.954801544616666,-0.8180765774984765,4.954801544616666,0,1.486440463385,val,-1,4.1,5.4
4.392431397475891,4.271590497148721,0.12084090032716945,4.271590497148721,1,2.1357952485743605,val,-1,4.1,5.4
6.791012952879972,5.327906912668,1.463106040211971,5.327906912668,0,1.5983720738004001,val,-1,4.1,5.4
4.51275052111369,4.542663158196323,-0.029912637082632983,4.542663158196323,0,1.3627989474588968,val,-1,4.1,5.4
6.241824535957301,4.721715526541009,1.5201090094162928,4.721715526541009,1,2.3608577632705043,val,-1,4.1,5.4
4.96592829785334,4.591716970603419,0.37421132724992145,4.591716970603419,0,1.3775150911810257,val,-1,4.1,5.4
3.575234831604786,4.766741328196125,-1.1915064965913391,4.766741328196125,1,2.3833706640980625,val,-1,4.1,5.4
5.109234216104605,4.8657914148409835,0.24344280126362136,4.8657914148409835,1,2.4328957074204918,val,-1,4.1,5.4
6.233162162418559,4.9080737195333946,1.3250884428851646,4.9080737195333946,1,2.4540368597666973,val,-1,4.1,5.4
5.568168607736616,5.2159049207685255,0.3522636869680905,5.2159049207685255,1,2.6079524603842628,val,-1,4.1,5.4
4.677116917024263,5.335224481144292,-0.6581075641200295,5.335224481144292,0,1.6005673443432875,val,-1,4.1,5.4
5.437658196728824,5.14718714482113,0.29047105190769423,5.14718714482113,0,1.544156143446339,val,-1,4.1,5.4
6.087083894433258,5.237564926880571,0.8495189675526865,5.237564926880571,1,2.6187824634402856,val,-1,4.1,5.4
3.6680170679489974,4.548224084089152,-0.8802070161401547,4.548224084089152,0,1.3644672252267456,val,-1,4.1,5.4
4.652841718779446,4.514600024765505,0.13824169401394143,4.514600024765505,0,1.3543800074296515,val,-1,4.1,5.4
5.505318643005372,5.246150505770518,0.25916813723485455,5.246150505770518,0,1.5738451517311554,val,-1,4.1,5.4
6.010421502203197,5.30351915398522,0.7069023482179774,5.30351915398522,0,1.591055746195566,val,-1,4.1,5.4
4.419733186066264,4.593154191273025,-0.17342100520676115,4.593154191273025,1,2.2965770956365126,val,-1,4.1,5.4
3.9498340222966988,4.413440673728738,-0.4636066514320392,4.413440673728738,0,1.3240322021186215,val,-1,4.1,5.4
4.8706749913225575,4.431372568210111,0.43930242311244705,4.431372568210111,0,1.329411770463033,val,-1,4.1,5.4
5.2397839668397586,4.9819804101711735,0.257803556668585,4.9819804101711735,1,2.4909902050855868,val,-1,4.1,5.4
5.012379368671593,4.986667052869786,0.025712315801807363,4.986667052869786,1,2.493333526434893,val,-1,4.1,5.4
4.864735233056999,5.095985919470097,-0.23125068641309854,5.095985919470097,1,2.5479929597350486,val,-1,4.1,5.4
5.269190927404111,4.707198996230799,0.5619919311733121,4.707198996230799,0,1.4121596988692398,val,-1,4.1,5.4
4.727058967758388,4.973483613546397,-0.24642464578800935,4.973483613546397,0,1.492045084063919,val,-1,4.1,5.4
6.601366980074835,5.217896289315081,1.383470690759754,5.217896289315081,0,1.5653688867945241,val,-1,4.1,5.4
4.192028653904586,4.347704281678725,-0.15567562777413874,4.347704281678725,1,2.1738521408393625,val,-1,4.1,5.4
4.955648400656321,4.130258916838651,0.8253894838176694,4.130258916838651,0,1.2390776750515953,val,-1,4.1,5.4
5.886967645639782,5.188220747387724,0.6987468982520578,5.188220747387724,1,2.594110373693862,val,-1,4.1,5.4
4.778983378714296,4.461026682862617,0.3179566958516794,4.461026682862617,1,2.2305133414313083,val,-1,4.1,5.4
5.335271957131888,5.366756265986517,-0.03148430885462857,5.366756265986517,0,1.610026879795955,val,-1,4.1,5.4
5.807777742895479,5.0856824035183195,0.72209533937716,5.0856824035183195,0,1.5257047210554957,val,-1,4.1,5.4
4.791617081532351,4.670133178289788,0.12148390324256259,4.670133178289788,1,2.335066589144894,val,-1,4.1,5.4
3.6664262639557053,4.150763979211925,-0.48433771525621994,4.150763979211925,1,2.0753819896059627,val,-1,4.1,5.4
5.224777349865855,5.1141910606925975,0.11058628917325734,5.1141910606925975,0,1.5342573182077792,val,-1,4.1,5.4
4.865447452875791,4.564033888660012,0.30141356421577914,4.564033888660012,0,1.3692101665980034,val,-1,4.1,5.4
3.8430576423167926,4.840589052337386,-0.9975314100205932,4.840589052337386,1,2.420294526168693,val,-1,4.1,5.4
6.104870053265532,5.390355020829256,0.7145150324362757,5.390355020829256,1,2.695177510414628,val,-1,4.1,5.4
3.7770539030010917,4.868633502397468,-1.091579599396376,4.868633502397468,1,2.434316751198734,val,-1,4.1,5.4
4.962364009376351,4.782369326831648,0.1799946825447033,4.782369326831648,0,1.4347107980494944,val,-1,4.1,5.4
4.503733286445346,4.524397058674193,-0.020663772228847358,4.524397058674193,0,1.3573191176022579,val,-1,4.1,5.4
3.899859701083091,4.904784436603203,-1.0049247355201119,4.904784436603203,1,2.4523922183016014,val,-1,4.1,5.4
5.278718582779225,5.392364426011287,-0.11364584323206216,5.392364426011287,0,1.617709327803386,val,-1,4.1,5.4
4.227958691058875,4.833277415782914,-0.6053187247240382,4.833277415782914,0,1.449983224734874,val,-1,4.1,5.4
5.47077786615417,5.221663586713729,0.24911427944044104,5.221663586713729,1,2.6108317933568643,val,-1,4.1,5.4
4.856249371417049,5.227218801639916,-0.3709694302228671,5.227218801639916,1,2.613609400819958,val,-1,4.1,5.4
5.5376727817500715,5.380131844107827,0.15754093764224505,5.380131844107827,1,2.6900659220539134,val,-1,4.1,5.4
4.7165173479146985,4.478647397137669,0.23786995077702916,4.478647397137669,0,1.3435942191413006,val,-1,4.1,5.4
5.025433529627613,4.336746299027261,0.688687230600352,4.336746299027261,0,1.3010238897081783,val,-1,4.1,5.4
4.002084057959275,4.509195976996712,-0.5071119190374377,4.509195976996712,0,1.3527587930990135,val,-1,4.1,5.4
5.176561939934707,4.13200165132951,1.0445602886051968,4.13200165132951,1,2.066000825664755,val,-1,4.1,5.4
3.1634745532540913,4.384813046973759,-1.2213384937196683,4.384813046973759,0,1.3154439140921277,val,-1,4.1,5.4
4.198591940783344,4.860312019304094,-0.6617200785207497,4.860312019304094,1,2.430156009652047,val,-1,4.1,5.4
4.719929018243846,4.993524508670118,-0.2735954904262722,4.993524508670118,1,2.496762254335059,val,-1,4.1,5.4
3.92902866120935,4.941563906915146,-1.012535245705796,4.941563906915146,1,2.470781953457573,val,-1,4.1,5.4
4.143344132787772,5.211819065082407,-1.0684749322946352,5.211819065082407,0,1.5635457195247222,val,-1,4.1,5.4
5.197698661298804,5.011439228819423,0.18625943247938093,5.011439228819423,0,1.503431768645827,val,-1,4.1,5.4
4.115296018984378,5.180898462283868,-1.06560244329949,5.180898462283868,1,2.590449231141934,val,-1,4.1,5.4
3.630299377339908,4.118111948314522,-0.48781257097461356,4.118111948314522,0,1.2354335844943565,val,-1,4.1,5.4
4.728594425014043,4.24999088356443,0.4786035414496132,4.24999088356443,0,1.2749972650693289,val,-1,4.1,5.4
5.029696543375287,4.345151070576188,0.6845454727990989,4.345151070576188,1,2.172575535288094,val,-1,4.1,5.4
5.013770747189647,5.2444703923620875,-0.23069964517244052,5.2444703923620875,1,2.6222351961810437,val,-1,4.1,5.4
4.907553524946191,4.481528505711643,0.42602501923454744,4.481528505711643,1,2.2407642528558216,val,-1,4.1,5.4
4.845003416374505,4.381510170252636,0.4634932461218692,4.381510170252636,1,2.190755085126318,val,-1,4.1,5.4
4.5350840094125715,4.215202437887846,0.319881571524726,4.215202437887846,1,2.107601218943923,val,-1,4.1,5.4
4.555781607366481,4.731393237128578,-0.17561162976209696,4.731393237128578,1,2.365696618564289,val,-1,4.1,5.4
3.680123729354133,4.2697788358963695,-0.5896551065422364,4.2697788358963695,1,2.1348894179481848,val,-1,4.1,5.4
4.0720938337378,4.940306825380621,-0.8682129916428212,4.940306825380621,0,1.4820920476141863,val,-1,4.1,5.4
5.290681419208532,4.452217257815947,0.8384641613925847,4.452217257815947,1,2.2261086289079737,val,-1,4.1,5.4
5.2210984462585035,4.9192361705998175,0.30186227565868634,4.9192361705998175,0,1.4757708511799452,val,-1,4.1,5.4
5.062451747648679,5.156732181531075,-0.09428043388239574,5.156732181531075,0,1.5470196544593227,val,-1,4.1,5.4
4.799546325419615,4.854996987799722,-0.055450662380106944,4.854996987799722,1,2.427498493899861,val,-1,4.1,5.4
4.567334842283908,4.107955934721546,0.45937890756236227,4.107955934721546,0,1.2323867804164637,val,-1,4.1,5.4
4.903633532504061,4.362205905608051,0.5414276268960105,4.362205905608051,0,1.3086617716824154,val,-1,4.1,5.4
4.441432191021146,4.4908435793704955,-0.049411388349349,4.4908435793704955,0,1.3472530738111486,val,-1,4.1,5.4
4.520809181955778,5.181403855779005,-0.6605946738232275,5.181403855779005,0,1.5544211567337016,val,-1,4.1,5.4
4.83271928475095,4.372608986383313,0.4601102983676366,4.372608986383313,1,2.1863044931916567,val,-1,4.1,5.4
5.125553523211367,5.383309777470067,-0.25775625425869986,5.383309777470067,1,2.6916548887350333,val,-1,4.1,5.4
3.852186831311871,4.7629345089970325,-0.9107476776851616,4.7629345089970325,1,2.3814672544985163,val,-1,4.1,5.4
5.969039830170368,5.169984460629045,0.7990553695413235,5.169984460629045,1,2.5849922303145223,val,-1,4.1,5.4
5.784149474716026,4.672774894010215,1.111374580705811,4.672774894010215,1,2.3363874470051074,val,-1,4.1,5.4
5.570482936774846,5.373617069943518,0.19686586683132834,5.373617069943518,1,2.686808534971759,val,-1,4.1,5.4
4.803853634737251,4.837757220241614,-0.033903585504362906,4.837757220241614,1,2.418878610120807,val,-1,4.1,5.4
4.400356860306827,4.482569193886383,-0.08221233357955621,4.482569193886383,0,1.344770758165915,val,-1,4.1,5.4
4.999710177642915,5.215753550725947,-0.21604337308303215,5.215753550725947,0,1.5647260652177841,val,-1,4.1,5.4
4.725747812869596,5.016956258414442,-0.2912084455448468,5.016956258414442,0,1.5050868775243327,val,-1,4.1,5.4
4.510939578570339,5.027842194035234,-0.5169026154648946,5.027842194035234,0,1.5083526582105702,val,-1,4.1,5.4
3.889338860000974,4.413836087846919,-0.5244972278459451,4.413836087846919,0,1.3241508263540755,val,-1,4.1,5.4
4.02818623067458,4.385610750287286,-0.3574245196127066,4.385610750287286,1,2.192805375143643,val,-1,4.1,5.4
4.439214492414423,4.54927928335896,-0.11006479094453728,4.54927928335896,1,2.27463964167948,val,-1,4.1,5.4
4.880346010949811,4.8472394796357765,0.03310653131403455,4.8472394796357765,1,2.4236197398178883,val,-1,4.1,5.4
4.516741104098699,4.2653002412302286,0.25144086286847067,4.2653002412302286,0,1.2795900723690685,val,-1,4.1,5.4
4.430270462709865,5.083133654010605,-0.6528631913007397,5.083133654010605,0,1.5249400962031814,val,-1,4.1,5.4
4.993513185248432,4.662631680336586,0.33088150491184565,4.662631680336586,0,1.398789504100976,val,-1,4.1,5.4
4.460964890066522,5.076900671145717,-0.6159357810791947,5.076900671145717,0,1.523070201343715,val,-1,4.1,5.4
4.338139658562577,4.977986100654757,-0.6398464420921803,4.977986100654757,0,1.493395830196427,val,-1,4.1,5.4
5.634167207061384,5.398523803302618,0.23564340375876558,5.398523803302618,1,2.699261901651309,val,-1,4.1,5.4
3.4999865985750214,4.588692760027614,-1.0887061614525926,4.588692760027614,1,2.294346380013807,val,-1,4.1,5.4
4.121822226790689,4.230516034559387,-0.10869380776869808,4.230516034559387,0,1.269154810367816,val,-1,4.1,5.4
4.000702852737517,5.233826555519173,-1.2331237027816568,5.233826555519173,1,2.6169132777595867,val,-1,4.1,5.4
3.924092348089699,4.271644681594728,-0.347552333505029,4.271644681594728,1,2.135822340797364,val,-1,4.1,5.4
5.023389856172829,4.677785358136639,0.3456044980361904,4.677785358136639,0,1.4033356074409915,val,-1,4.1,5.4
5.156275558211184,4.703486756900813,0.45278880131037097,4.703486756900813,0,1.4110460270702438,val,-1,4.1,5.4
3.712439010507132,4.414774599059637,-0.7023355885525049,4.414774599059637,1,2.2073872995298185,val,-1,4.1,5.4
4.728844927567091,5.399059107136356,-0.6702141795692651,5.399059107136356,0,1.6197177321409069,val,-1,4.1,5.4
6.19004663918052,5.28732927019294,0.9027173689875803,5.28732927019294,0,1.586198781057882,val,-1,4.1,5.4
5.170984215899333,4.954755948731518,0.2162282671678147,4.954755948731518,0,1.4864267846194552,val,-1,4.1,5.4
5.77863278313296,4.957739858038834,0.8208929250941267,4.957739858038834,1,2.478869929019417,val,-1,4.1,5.4
