X_obs,X_true,x_noise,x_bias,a,y,split,domain_id,env_range_start,env_range_end
-5.314123180534048,-3.6663823962379407,-1.6477407842961067,-13.442359875443463,0,-16.884719750886926,train,0,-4.0,-3.2
-3.0455491347955235,-3.4237404052462734,0.3781912704507501,-11.721998362515917,1,-1.721998362515917,train,0,-4.0,-3.2
-2.984515723044084,-3.999908500146124,1.0153927771020401,-15.999268009541217,1,-5.9992680095412165,train,0,-4.0,-3.2
-4.789553070892912,-3.758133941894528,-1.0314191289983836,-14.123570725219704,0,-18.247141450439408,train,0,-4.0,-3.2
-3.4619401129493808,-3.8825952873463097,0.42065517439692884,-15.074546165323772,0,-20.149092330647544,train,0,-4.0,-3.2
-5.50086921766988,-3.926129124184962,-1.574740093484918,-15.414489899773375,1,-5.4144898997733755,train,0,-4.0,-3.2
-3.897426442017125,-3.8509918308978635,-0.046434611119261344,-14.830138081642078,1,-4.830138081642078,train,0,-4.0,-3.2
-5.662478244009516,-3.723551418365562,-1.9389268256439538,-13.864835165212186,1,-3.8648351652121864,train,0,-4.0,-3.2
-2.3368847707326674,-3.682586020615464,1.3457012498827967,-13.56143979923244,1,-3.5614397992324403,train,0,-4.0,-3.2
-3.078265967273121,-3.5689466127973146,0.4906806455241933,-12.737379924997425,1,-2.737379924997425,train,0,-4.0,-3.2
-3.694184735528298,-3.664644388477364,-0.029540347050934026,-13.429618493998634,1,-3.4296184939986336,train,0,-4.0,-3.2
-4.382018342685584,-3.4518243996825926,-0.9301939430029915,-11.915091686244091,1,-1.9150916862440912,train,0,-4.0,-3.2
-2.307931084024254,-3.836438200214786,1.528507116190532,-14.718258064067266,0,-19.43651612813453,train,0,-4.0,-3.2
-0.9369839517815626,-3.297506050887244,2.3605220991056814,-10.873546155637987,1,-0.8735461556379871,train,0,-4.0,-3.2
-6.207668162777761,-3.978089925441659,-2.2295782373361024,-15.825199454900424,1,-5.8251994549004245,train,0,-4.0,-3.2
-1.9802291553138942,-3.4636259918572785,1.4833968365433843,-11.996705011469317,1,-1.9967050114693166,train,0,-4.0,-3.2
-1.712975254327611,-3.6661561581062987,1.9531809037786876,-13.440700975620736,1,-3.440700975620736,train,0,-4.0,-3.2
-3.147434101354028,-3.553048137243399,0.4056140358893709,-12.624151065568787,0,-15.248302131137574,train,0,-4.0,-3.2
-5.326812087926036,-3.887690449123813,-1.439121638802223,-15.114137028208514,1,-5.114137028208514,train,0,-4.0,-3.2
-2.8055044276792716,-3.841518808732097,1.0360143810528257,-14.75726675784247,1,-4.757266757842469,train,0,-4.0,-3.2
-3.5765087075533515,-3.3594043450595708,-0.21710436249378054,-11.285597553605124,0,-12.571195107210247,train,0,-4.0,-3.2
-3.950095492776391,-3.225390739424482,-0.7247047533519088,-10.403145421965208,0,-10.806290843930416,train,0,-4.0,-3.2
-5.22533042027296,-3.7492606574726057,-1.476069762800354,-14.056955477671917,1,-4.0569554776719166,train,0,-4.0,-3.2
-2.78549691229309,-3.4461419074645487,0.6606449951714585,-11.875894046383399,0,-13.751788092766798,train,0,-4.0,-3.2
-2.3475204390599522,-3.2988886781631694,0.9513682391032172,-10.882666510913143,1,-0.8826665109131433,train,0,-4.0,-3.2
-4.032551544812672,-3.2843146691969225,-0.7482368756157499,-10.78672284630209,0,-11.573445692604182,train,0,-4.0,-3.2
-3.3072730264161327,-3.9319646309041776,0.624691604488045,-15.460345858681425,1,-5.460345858681425,train,0,-4.0,-3.2
-5.341965840961465,-3.968756173413694,-1.3732096675477712,-15.751025564009307,1,-5.751025564009307,train,0,-4.0,-3.2
-2.9019024261027315,-3.864135664348345,0.9622332382456136,-14.931544432488824,0,-19.863088864977648,train,0,-4.0,-3.2
-3.241605239147495,-3.29748599725647,0.055880758108974644,-10.873413902102495,0,-11.74682780420499,train,0,-4.0,-3.2
-4.145206259222379,-3.92132253293356,-0.22388372628881853,-15.37677040729247,1,-5.3767704072924705,train,0,-4.0,-3.2
-3.7852089470309327,-3.6631138999959583,-0.12209504703497426,-13.4184034443436,1,-3.4184034443435998,train,0,-4.0,-3.2
-2.1910249874725567,-3.2336883758795985,1.0426633884070415,-10.456740512298834,1,-0.4567405122988344,train,0,-4.0,-3.2
-2.672973804183577,-3.5734677720215866,0.9004939678380097,-12.769671917676922,1,-2.769671917676922,train,0,-4.0,-3.2
-2.8111399196163704,-3.4464983088396215,0.635358389223251,-11.878350592834371,1,-1.8783505928343711,train,0,-4.0,-3.2
-3.582346043198286,-3.7475874951951496,0.1652414519968633,-14.044412034143056,1,-4.044412034143056,train,0,-4.0,-3.2
-3.357413904359486,-3.450799257854733,0.0933853534952471,-11.908015518010776,1,-1.9080155180107763,train,0,-4.0,-3.2
-2.5902431480838723,-3.332299462482102,0.7420563143982294,-11.104219707658505,0,-12.20843941531701,train,0,-4.0,-3.2
-3.706375907110161,-3.9853693781246466,0.27899347101448546,-15.883169080093634,0,-21.766338160187267,train,0,-4.0,-3.2
-2.580822859806644,-3.3998845480440263,0.8190616882373821,-11.559214940028532,0,-13.118429880057064,train,0,-4.0,-3.2
-3.581051257096476,-3.2089111288748042,-0.372140128221672,-10.29711063301657,0,-10.594221266033141,train,0,-4.0,-3.2
-6.323272793424695,-3.4014674764961286,-2.9218053169285665,-11.569980993660941,1,-1.5699809936609412,train,0,-4.0,-3.2
-2.529055284117179,-3.7756448063484758,1.2465895222312968,-14.25549370370622,0,-18.51098740741244,train,0,-4.0,-3.2
-0.7442009608697004,-3.3685765372388095,2.624375576369109,-11.347307887235809,0,-12.694615774471618,train,0,-4.0,-3.2
-3.387781862455588,-3.9174191947378865,0.5296373322822985,-15.346173147300831,1,-5.346173147300831,train,0,-4.0,-3.2
-3.761871458999476,-3.641685179059276,-0.12018627994019973,-13.261870943379993,1,-3.261870943379993,train,0,-4.0,-3.2
-3.4368572902007632,-3.2731235975255237,-0.16373369267523963,-10.713338084678426,1,-0.7133380846784263,train,0,-4.0,-3.2
-3.9079737066308287,-3.7651086813010566,-0.14286502532977186,-14.176043382008581,0,-18.352086764017162,train,0,-4.0,-3.2
-3.7488884391709156,-3.769779729130921,0.020891289960005516,-14.211239206166402,0,-18.422478412332804,train,0,-4.0,-3.2
-5.242399616801644,-3.895977142305378,-1.346422474496266,-15.178637893365979,1,-5.178637893365979,train,0,-4.0,-3.2
-4.605019783208036,-3.9845064337037623,-0.6205133495042733,-15.876291520226674,1,-5.876291520226674,train,0,-4.0,-3.2
-4.653363766828402,-3.4569315736480872,-1.1964321931803152,-11.95037590488504,0,-13.900751809770082,train,0,-4.0,-3.2
-3.5321385135346284,-3.830697507199953,0.29855899366532457,-14.674243391667934,0,-19.34848678333587,train,0,-4.0,-3.2
-4.143532055347254,-3.787562672502219,-0.35596938284503526,-14.345630998132153,0,-18.691261996264306,train,0,-4.0,-3.2
-3.0124878838021774,-3.6067414725757296,0.5942535887735525,-13.008584049997742,1,-3.008584049997742,train,0,-4.0,-3.2
-4.166953755597337,-3.9573099639063356,-0.20964379169100114,-15.660302150432363,0,-21.320604300864726,train,0,-4.0,-3.2
-2.3571036902208995,-3.54070591560639,1.1836022253854903,-12.536598380810084,0,-15.073196761620167,train,0,-4.0,-3.2
-3.626376458472822,-3.882617140075352,0.2562406816025301,-15.074715856406906,1,-5.074715856406906,train,0,-4.0,-3.2
-0.8997158957136926,-3.528555570477373,2.62883967476368,-12.450704413946898,0,-14.901408827893796,train,0,-4.0,-3.2
-5.715826419452566,-3.440193311983255,-2.275633107469311,-11.834930023814318,1,-1.8349300238143176,train,0,-4.0,-3.2
-4.694432482843629,-3.918132456937739,-0.7763000259058899,-15.351761950108964,0,-20.703523900217927,train,0,-4.0,-3.2
-2.5869709397658918,-3.6687552097443454,1.0817842699784534,-13.459764789026275,0,-16.91952957805255,train,0,-4.0,-3.2
-0.41048902565012657,-3.444479873817804,3.0339908481676776,-11.864441601135916,1,-1.8644416011359155,train,0,-4.0,-3.2
-3.96701831763703,-3.668656584378478,-0.29836173325855203,-13.459041134103561,1,-3.459041134103561,train,0,-4.0,-3.2
-3.9076344410290633,-3.9600372328431304,0.05240279181406704,-15.681894885503876,0,-21.363789771007752,train,0,-4.0,-3.2
-3.8428599662839176,-3.571282875267591,-0.2715770910163268,-12.754061375179552,1,-2.7540613751795515,train,0,-4.0,-3.2
-1.871215748719059,-3.468964283824169,1.5977485351051102,-12.033713202447732,1,-2.033713202447732,train,0,-4.0,-3.2
-3.932858146524576,-3.5880887103533534,-0.34476943617122263,-12.87438059336519,1,-2.8743805933651903,train,0,-4.0,-3.2
-2.428240387353624,-3.2443241952073496,0.8160838078537256,-10.525639483607817,1,-0.5256394836078169,train,0,-4.0,-3.2
-3.9145178862768115,-3.530755967598406,-0.38376191867840553,-12.466237702731755,1,-2.466237702731755,train,0,-4.0,-3.2
-4.804348974064887,-3.2772784677696936,-1.527070506295193,-10.74055415530687,0,-11.481108310613742,train,0,-4.0,-3.2
-3.5137629721268913,-3.89002023668301,0.3762572645561186,-15.13225744180334,1,-5.13225744180334,train,0,-4.0,-3.2
-3.284757146077002,-3.888578922199393,0.6038217761223913,-15.121046034173395,0,-20.24209206834679,train,0,-4.0,-3.2
-1.802215909993667,-3.354086969032381,1.5518710590387141,-11.249899395832825,1,-1.2498993958328253,train,0,-4.0,-3.2
-3.814394962112353,-3.6818585304115734,-0.1325364317007796,-13.556082237964471,0,-17.112164475928942,train,0,-4.0,-3.2
-4.608551118761287,-3.867716642306454,-0.7408344764548332,-14.95923202517431,0,-19.91846405034862,train,0,-4.0,-3.2
-2.5826798197403416,-3.257993135683173,0.6753133159428315,-10.614519272158674,0,-11.229038544317348,train,0,-4.0,-3.2
-3.432902801518316,-3.721787312203595,0.28888451068527865,-13.85170079727966,0,-17.70340159455932,train,0,-4.0,-3.2
-3.062552224943909,-3.3993503174910757,0.33679809254716686,-11.555582581026677,0,-13.111165162053354,train,0,-4.0,-3.2
-3.5069368562163725,-3.419201611719639,-0.08773524449673333,-11.690939661586178,1,-1.690939661586178,train,0,-4.0,-3.2
-1.900948843042829,-3.2933551270353525,1.3924062839925235,-10.846187992770043,1,-0.8461879927700426,train,0,-4.0,-3.2
-3.0576709747046444,-3.501062234355513,0.44339125965086845,-12.257436768830416,1,-2.2574367688304164,train,0,-4.0,-3.2
-1.113655602768953,-3.3992460527781305,2.2855904500091775,-11.554873727327701,1,-1.554873727327701,train,0,-4.0,-3.2
-2.38761328814512,-3.720881326417726,1.3332680382726056,-13.844957845284137,0,-17.689915690568274,train,0,-4.0,-3.2
-2.993197931267727,-3.784057686587979,0.7908597553202522,-14.319092575425568,1,-4.319092575425568,train,0,-4.0,-3.2
-5.236217034182656,-3.283291025443147,-1.9529260087395088,-10.77999995775551,0,-11.559999915511021,train,0,-4.0,-3.2
-2.9347439117482095,-3.6575270481029643,0.7227831363547548,-13.377504107604784,1,-3.377504107604784,train,0,-4.0,-3.2
-2.7237893179048203,-3.2281279622812917,0.5043386443764715,-10.420810140862365,1,-0.4208101408623648,train,0,-4.0,-3.2
-2.496104794380975,-3.469246801745242,0.9731420073642668,-12.03567337141959,0,-14.071346742839179,train,0,-4.0,-3.2
-2.249312910183992,-3.5026434238327027,1.2533305136487105,-12.268510954518478,0,-14.537021909036955,train,0,-4.0,-3.2
-4.3892570517840115,-3.9082032216373,-0.48105383014671194,-15.27405242161617,0,-20.54810484323234,train,0,-4.0,-3.2
-2.251601850893854,-3.2404085930343434,0.9888067421404891,-10.500247849810814,0,-11.000495699621627,train,0,-4.0,-3.2
-4.314836810438956,-3.6400702932160476,-0.6747665172229077,-13.250111739553963,0,-16.500223479107927,train,0,-4.0,-3.2
-1.1914346184794535,-3.537288308490295,2.3458536900108413,-12.512408577382132,0,-15.024817154764264,train,0,-4.0,-3.2
-5.271832557611673,-3.6734905577909753,-1.5983419998206978,-13.49453287817945,0,-16.9890657563589,train,0,-4.0,-3.2
-5.923204688284118,-3.810378415805578,-2.11282627247854,-14.518983671637026,1,-4.5189836716370255,train,0,-4.0,-3.2
-5.258161902539117,-3.277296383550197,-1.9808655189889195,-10.740671585631201,0,-11.481343171262402,train,0,-4.0,-3.2
-4.609723111657829,-3.5410564106621716,-1.0686667009956579,-12.539080503491663,1,-2.539080503491663,train,0,-4.0,-3.2
-5.340642216646746,-3.9977037383750726,-1.3429384782716736,-15.981635179818031,0,-21.963270359636063,train,0,-4.0,-3.2
-1.1589893846590509,-3.506284069103421,2.3472946844443703,-12.294027973248445,0,-14.58805594649689,train,0,-4.0,-3.2
-4.130483476276144,-3.738684078582323,-0.39179939769382105,-13.977758639444954,0,-17.955517278889907,train,0,-4.0,-3.2
-5.189564465446836,-3.5783535181939126,-1.611210947252923,-12.804613901170752,0,-15.609227802341504,train,0,-4.0,-3.2
-1.9539867484156304,-3.2912463205513807,1.3372595721357503,-10.832302342543002,1,-0.8323023425430023,train,0,-4.0,-3.2
-4.418012918583911,-3.714184191998,-0.703828726585911,-13.795164212087837,0,-17.590328424175674,train,0,-4.0,-3.2
-4.757395931113837,-3.2731718792641606,-1.4842240518496768,-10.713654151205677,1,-0.7136541512056773,train,0,-4.0,-3.2
-2.4503051941873983,-3.5013119073665577,1.0510067131791594,-12.259185072666842,0,-14.518370145333684,train,0,-4.0,-3.2
-3.2393083938291154,-3.987343005722755,0.7480346118936393,-15.898904245286172,1,-5.898904245286172,train,0,-4.0,-3.2
-3.778398232551264,-3.256450213004991,-0.5219480195462732,-10.604467989780252,0,-11.208935979560504,train,0,-4.0,-3.2
-1.7582344656969866,-3.447282465986461,1.6890480002894743,-11.883756400297695,1,-1.8837564002976954,train,0,-4.0,-3.2
-3.0472198239859454,-3.2021417196388158,0.15492189565287054,-10.253711592651433,0,-10.507423185302866,train,0,-4.0,-3.2
-1.9217880746949771,-3.8621275933237373,1.9403395186287602,-14.916029547112604,1,-4.916029547112604,train,0,-4.0,-3.2
-3.2870023418970127,-3.890291400296898,0.6032890583998851,-15.134367179223998,0,-20.268734358447997,train,0,-4.0,-3.2
-1.383356980826438,-3.253923629570269,1.870566648743831,-10.588018987075754,1,-0.5880189870757544,train,0,-4.0,-3.2
-3.3112622350975665,-3.44254547080808,0.1312832357105138,-11.851119318581226,1,-1.851119318581226,train,0,-4.0,-3.2
-5.4108931381971885,-3.94719986182235,-1.463693276374839,-15.580386749170378,1,-5.580386749170378,train,0,-4.0,-3.2
-0.4563871790443508,-3.395629557918027,2.939242378873676,-11.530300094606575,1,-1.5303000946065755,train,0,-4.0,-3.2
-4.051828050810085,-3.396899049231003,-0.6549290015790813,-11.538923150666493,0,-13.077846301332986,train,0,-4.0,-3.2
-3.5001858070294896,-3.2615803715628133,-0.23860543546667606,-10.637906520163819,0,-11.275813040327638,train,0,-4.0,-3.2
-4.271258399002728,-3.4307801930972226,-0.8404782059055056,-11.770252733348215,0,-13.54050546669643,train,0,-4.0,-3.2
-4.144656569179738,-3.900583230422268,-0.24407333875747012,-15.214549537451417,1,-5.214549537451417,train,0,-4.0,-3.2
-3.69289256363001,-3.9840958929281634,0.2912033292981535,-15.87302008404706,1,-5.873020084047059,train,0,-4.0,-3.2
-3.7368349958490197,-3.9790312104978245,0.24219621464880484,-15.832689374115782,1,-5.832689374115782,train,0,-4.0,-3.2
-3.184130464464933,-3.9773548095833644,0.7932243451184314,-15.819351281315921,1,-5.819351281315921,train,0,-4.0,-3.2
-1.652441295146883,-3.803031145917563,2.15058985077068,-14.463045896819054,1,-4.463045896819054,train,0,-4.0,-3.2
-3.4565351271998987,-3.31197764105369,-0.14455748614620892,-10.969195894839563,1,-0.9691958948395634,train,0,-4.0,-3.2
-5.04868003106239,-3.568935148526678,-1.479744882535712,-12.73729809438914,0,-15.474596188778278,train,0,-4.0,-3.2
-4.976524168862948,-3.5577424170513874,-1.4187817518115604,-12.657531106086648,0,-15.315062212173295,train,0,-4.0,-3.2
-4.1252807079512674,-3.3263752861123157,-0.7989054218389519,-11.06477254405879,0,-12.129545088117581,train,0,-4.0,-3.2
-5.909696317046789,-3.9006613479040713,-2.0090349691427183,-15.215158951032807,0,-20.430317902065614,train,0,-4.0,-3.2
-2.7866172674643055,-3.7766530567910883,0.990035789326783,-14.263108311369471,1,-4.263108311369471,train,0,-4.0,-3.2
-4.129248859190664,-3.53139258283337,-0.5978562763572937,-12.47073357409054,0,-14.94146714818108,train,0,-4.0,-3.2
-3.5975053753076818,-3.2243234013442605,-0.37318197396342107,-10.396261396456222,0,-10.792522792912443,train,0,-4.0,-3.2
-3.5534456040010367,-3.551175824595432,-0.0022697794056044415,-12.610849737191048,1,-2.6108497371910477,train,0,-4.0,-3.2
-5.661026678016164,-3.9850821685016458,-1.6759445095145182,-15.88087988970978,0,-21.76175977941956,train,0,-4.0,-3.2
-4.393073494786758,-3.359493861855507,-1.0335796329312503,-11.286199007844829,1,-1.2861990078448287,train,0,-4.0,-3.2
-3.0039667501016165,-3.8136205809271835,0.8096538308255667,-14.543701935271388,0,-19.087403870542776,train,0,-4.0,-3.2
-2.612068886561425,-3.3543158435049767,0.7422469569435519,-11.251434777988504,1,-1.2514347779885036,train,0,-4.0,-3.2
-4.221517801589428,-3.6897114847486625,-0.5318063168407654,-13.61397084068618,0,-17.22794168137236,train,0,-4.0,-3.2
-1.1365246194019094,-3.309166516352457,2.1726418969505477,-10.950583032948256,1,-0.9505830329482556,train,0,-4.0,-3.2
-4.9691749928795375,-3.4023026858102523,-1.566872307069285,-11.575663565871656,0,-13.151327131743312,train,0,-4.0,-3.2
-3.96899246499364,-3.555007812807665,-0.413984652185975,-12.638080549123538,0,-15.276161098247076,train,0,-4.0,-3.2
-4.1678435112340155,-3.890835819471452,-0.2770076917625631,-15.138603374082086,1,-5.138603374082086,train,0,-4.0,-3.2
-7.303767848566078,-3.9520658483902307,-3.351702000175848,-15.618824470012393,1,-5.6188244700123935,train,0,-4.0,-3.2
-1.5778906590681148,-3.90292523540741,2.3250345763392954,-15.232825393179988,0,-20.465650786359976,train,0,-4.0,-3.2
-3.5247600797161205,-3.9643584971641905,0.4395984174480699,-15.716138294037918,1,-5.716138294037918,train,0,-4.0,-3.2
-5.167511955004476,-3.914004696715126,-1.2535072582893498,-15.319432765908065,1,-5.319432765908065,train,0,-4.0,-3.2
-1.3580243976847832,-3.8194325291137163,2.461408131428933,-14.588064844452,0,-19.176129688904,train,0,-4.0,-3.2
-2.7268144154869995,-3.4296088156938587,0.7027944002068589,-11.762216628685032,1,-1.7622166286850316,train,0,-4.0,-3.2
-3.0367950463303286,-3.552226414356686,0.5154313680263574,-12.618312498853358,0,-15.236624997706716,train,0,-4.0,-3.2
-4.718353293712763,-3.9899552158727074,-0.7283980778400553,-15.919742624669823,1,-5.919742624669823,train,0,-4.0,-3.2
-1.5202321406524195,-2.851204078286397,1.3309719376339775,-8.129364696036983,0,-6.258729392073967,train,1,-3.2,-2.4
-5.297160288468594,-3.179259014537687,-2.1179012739309067,-10.107687881519146,1,-0.10768788151914599,train,1,-3.2,-2.4
-2.8975755741331772,-2.7602700176970325,-0.13730555643614484,-7.6190905705971765,0,-5.238181141194353,train,1,-3.2,-2.4
-3.449551118611489,-2.8517420859053786,-0.5978090327061105,-8.13243292452396,1,1.8675670754760407,train,1,-3.2,-2.4
-4.136664601926528,-2.863705758330009,-1.2729588435965185,-8.200810670292451,1,1.7991893297075485,train,1,-3.2,-2.4
-2.225732318323686,-2.935732143196901,0.7099998248732148,-8.618523216599469,0,-7.2370464331989375,train,1,-3.2,-2.4
-3.2561889813052236,-3.036281092769726,-0.21990788853549761,-9.21900287431092,1,0.7809971256890798,train,1,-3.2,-2.4
-1.4807575516763842,-2.704583226919469,1.2238256752430847,-7.314770431334128,1,2.6852295686658723,train,1,-3.2,-2.4
-4.739234834447586,-2.9602762610603817,-1.778958573387205,-8.763235541797632,1,1.2367644582023676,train,1,-3.2,-2.4
-1.9709639097072111,-2.986538179917707,1.0155742702104957,-8.919410300106168,1,1.0805896998938316,train,1,-3.2,-2.4
-2.1055647557443793,-2.703092933784564,0.5975281780401849,-7.306711408676042,0,-4.613422817352085,train,1,-3.2,-2.4
-2.6248813142105614,-2.776686324578369,0.15180501036780747,-7.709986945100531,0,-5.419973890201062,train,1,-3.2,-2.4
-4.794908705102294,-3.0923360437240532,-1.702572661378241,-9.56254220731493,1,0.4374577926850698,train,1,-3.2,-2.4
-3.091266445031192,-2.789137502987403,-0.3021289420437889,-7.779288010570806,0,-5.5585760211416115,train,1,-3.2,-2.4
-4.908457640999767,-3.052448107482468,-1.8560095335172995,-9.3174394488733,0,-8.6348788977466,train,1,-3.2,-2.4
-5.0709142046406,-2.5717318817466612,-2.499182322893939,-6.613804871592223,1,3.3861951284077767,train,1,-3.2,-2.4
1.4188747154452699,-2.516819765888409,3.935694481333679,-6.334381733966586,1,3.6656182660334142,train,1,-3.2,-2.4
-1.63957694604613,-2.804610530094458,1.165033584048328,-7.865840225516716,0,-5.731680451033432,train,1,-3.2,-2.4
-0.37163938883608516,-2.5227508117140256,2.1511114228779404,-6.3642716580037755,0,-2.728543316007549,train,1,-3.2,-2.4
-3.651099600604565,-3.1362836183927514,-0.5148159822118138,-9.836274934998729,1,0.16372506500127137,train,1,-3.2,-2.4
-1.96036555236892,-2.7958031279026367,0.8354375755337167,-7.816515129990167,0,-5.633030259980334,train,1,-3.2,-2.4
-2.310871269758182,-3.1477707964904975,0.8368995267323154,-9.90846098723842,1,0.09153901276157939,train,1,-3.2,-2.4
-2.135683161521449,-2.8575021379220886,0.7218189764006396,-8.165318468229307,0,-6.330636936458614,train,1,-3.2,-2.4
-3.118383878614147,-3.12277526747151,0.0043913888573632485,-9.751725371131762,1,0.2482746288682378,train,1,-3.2,-2.4
-3.3721690924718195,-3.0982720226389784,-0.2738970698328411,-9.599289526267427,1,0.4007104737325733,train,1,-3.2,-2.4
-5.206138468015664,-2.722603752817123,-2.4835347151985405,-7.412571194853883,0,-4.825142389707766,train,1,-3.2,-2.4
-2.2870174958286227,-3.0191903995166114,0.7321729036879888,-9.115510668533275,1,0.8844893314667246,train,1,-3.2,-2.4
-2.6062471720205664,-3.1144434525520137,0.5081962805314473,-9.699758019144108,1,0.30024198085589227,train,1,-3.2,-2.4
-1.6822909542025424,-3.0237550343435524,1.34146408014101,-9.143094507717977,0,-8.286189015435955,train,1,-3.2,-2.4
-3.2492294786335916,-2.9201389719973605,-0.3290905066362311,-8.527211615777802,0,-7.054423231555603,train,1,-3.2,-2.4
-0.7355953861674789,-2.82577001233416,2.090174626166681,-7.984976162606998,0,-5.969952325213995,train,1,-3.2,-2.4
-3.5756064704192028,-3.038605418988028,-0.5370010514311749,-9.233122892303408,0,-8.466245784606816,train,1,-3.2,-2.4
-4.1941872818430985,-2.6876746198280683,-1.50651266201503,-7.2235948620679515,1,2.7764051379320485,train,1,-3.2,-2.4
-1.6877477260296259,-2.813544131558599,1.125796405528973,-7.91603058022783,1,2.0839694197721697,train,1,-3.2,-2.4
-3.357826135455039,-2.795810623985161,-0.5620155114698783,-7.816557045188294,0,-5.633114090376589,train,1,-3.2,-2.4
-4.396150247640579,-2.8904858791051526,-1.5056643685354256,-8.354908617306288,0,-6.709817234612576,train,1,-3.2,-2.4
-2.4153016607837245,-2.565090036446738,0.14978837566301348,-6.5796868950783285,0,-3.159373790156657,train,1,-3.2,-2.4
-1.8281940852346914,-2.7359966568977545,0.9078025716630631,-7.485677706555689,1,2.5143222934443106,train,1,-3.2,-2.4
-2.780433566588118,-3.070161121198149,0.2897275546100308,-9.425889310116675,0,-8.85177862023335,train,1,-3.2,-2.4
-2.0424873440045905,-2.639398122714275,0.5969107787096847,-6.96642245018764,0,-3.9328449003752795,train,1,-3.2,-2.4
2.502072012637645,-2.428359135928596,4.930431148566241,-5.896928093047877,1,4.103071906952123,train,1,-3.2,-2.4
-1.8146482582895325,-2.7999933110638264,0.985345052774294,-7.83996254200217,0,-5.67992508400434,train,1,-3.2,-2.4
-0.6502715692627365,-2.488383948843084,1.8381123795803473,-6.192054676859899,0,-2.384109353719799,train,1,-3.2,-2.4
-5.309724006414286,-2.926709077863112,-2.383014928551174,-8.565626026446349,1,1.434373973553651,train,1,-3.2,-2.4
-2.308220478168824,-2.7462846978978326,0.4380642197290088,-7.542079641907789,0,-5.084159283815579,train,1,-3.2,-2.4
-1.929064789277473,-2.857963229363112,0.9288984400856387,-8.167953820391627,1,1.8320461796083727,train,1,-3.2,-2.4
-3.287977099513751,-2.8506021895785607,-0.4373749099351904,-8.125932843230084,1,1.8740671567699163,train,1,-3.2,-2.4
-3.629928025200794,-2.57875265200232,-1.051175373198474,-6.6499652402089975,0,-3.299930480417995,train,1,-3.2,-2.4
-2.295692470777825,-2.771516661201875,0.47582419042405016,-7.68130460331959,0,-5.3626092066391795,train,1,-3.2,-2.4
-2.8145471412312237,-2.4370062184441066,-0.37754092278711704,-5.938999308735244,0,-1.8779986174704888,train,1,-3.2,-2.4
-3.477140171340647,-2.764633471881518,-0.7125066994591285,-7.643198233847658,1,2.3568017661523424,train,1,-3.2,-2.4
-1.754923380918401,-3.13432406217998,1.379400681261579,-9.823987326760411,0,-9.647974653520823,train,1,-3.2,-2.4
-1.3042466766511176,-2.9069260786599838,1.6026794020088662,-8.45021922679351,0,-6.900438453587022,train,1,-3.2,-2.4
-2.1561643933826797,-2.5193195967963984,0.3631552034137188,-6.346971230802367,0,-2.6939424616047347,train,1,-3.2,-2.4
-3.4200533912209714,-2.8749799655616393,-0.5450734256593323,-8.265509802380805,0,-6.53101960476161,train,1,-3.2,-2.4
-2.5609932463255825,-3.1782381072841206,0.6172448609585383,-10.10119746659295,1,-0.10119746659295004,train,1,-3.2,-2.4
-2.0069080920660447,-3.0022582088021172,0.9953501167360725,-9.013554352319698,1,0.9864456476803021,train,1,-3.2,-2.4
-2.389538142677892,-3.1462845034104365,0.7567463607325443,-9.899106176400657,0,-9.798212352801315,train,1,-3.2,-2.4
-4.148955610451128,-2.4049183908629814,-1.7440372195881464,-5.7836324667109915,0,-1.567264933421983,train,1,-3.2,-2.4
-2.8291570821257346,-2.423535749298261,-0.4056213328274734,-5.873525528126684,1,4.126474471873316,train,1,-3.2,-2.4
-2.128833320941365,-2.5597933190939304,0.43095999815256547,-6.55254183647792,1,3.4474581635220796,train,1,-3.2,-2.4
-1.9718818055141067,-2.7185463028756263,0.7466644973615195,-7.3904940008787365,1,2.6095059991212635,train,1,-3.2,-2.4
-1.4350937778267812,-2.588032111638655,1.1529383338118737,-6.697910210872835,1,3.302089789127165,train,1,-3.2,-2.4
-2.1545752261325344,-3.0646196427326577,0.9100444166001236,-9.391893554622843,1,0.6081064453771567,train,1,-3.2,-2.4
-4.32676359418119,-2.9655814145444483,-1.361182179636742,-8.794673126291451,0,-7.589346252582903,train,1,-3.2,-2.4
-3.6296515648362524,-2.7807464997597084,-0.8489050650765441,-7.73255109592587,0,-5.46510219185174,train,1,-3.2,-2.4
-4.380415573216716,-2.914700575101793,-1.4657149981149225,-8.495479442498723,1,1.5045205575012766,train,1,-3.2,-2.4
-0.998084857908009,-3.1634568278036803,2.1653719698956713,-10.007459101377725,0,-10.01491820275545,train,1,-3.2,-2.4
-2.196985475420374,-2.4134772437142296,0.2164917682938556,-5.824872405926435,0,-1.6497448118528695,train,1,-3.2,-2.4
-2.1831189355267484,-2.846916064516123,0.6637971289893745,-8.10493107839997,1,1.8950689216000303,train,1,-3.2,-2.4
-1.5571647693835322,-2.7967996484966777,1.2396348791131455,-7.82208827383114,0,-5.64417654766228,train,1,-3.2,-2.4
-3.3359698676130884,-2.941166945972241,-0.3948029216408475,-8.650463004079679,1,1.349536995920321,train,1,-3.2,-2.4
-4.373407730771669,-2.9922041978022906,-1.3812035329693781,-8.95328596134565,0,-7.906571922691299,train,1,-3.2,-2.4
-3.402315056769714,-2.89048809174339,-0.5118269650263236,-8.354921408510345,1,1.6450785914896553,train,1,-3.2,-2.4
-2.7121631097051613,-2.534386480292399,-0.17777662941276212,-6.4231148314888955,1,3.5768851685111045,train,1,-3.2,-2.4
-0.8088780566624163,-2.6106023549703097,1.8017242983078934,-6.815244655776527,1,3.184755344223473,train,1,-3.2,-2.4
-1.8531137093927563,-2.8966315464466903,1.043517837053934,-8.390474315870145,0,-6.780948631740291,train,1,-3.2,-2.4
-4.494094820455289,-3.1895861306443596,-1.3045086898109297,-10.173459684798857,1,-0.17345968479885698,train,1,-3.2,-2.4
-1.7650103526991692,-2.562076048773925,0.797065696074756,-6.564233679701008,1,3.435766320298992,train,1,-3.2,-2.4
-2.102627360633817,-2.9844889619229593,0.8818616012891421,-8.907174363839983,0,-7.814348727679967,train,1,-3.2,-2.4
-4.007490981893778,-2.7338520891767724,-1.2736388927170057,-7.473947245496203,1,2.526052754503797,train,1,-3.2,-2.4
-3.309779435223027,-3.179559246520246,-0.13022018870278138,-10.109597002132393,1,-0.10959700213239287,train,1,-3.2,-2.4
-4.890723153135111,-2.6702383845853395,-2.2204847685497717,-7.130173030512923,0,-4.260346061025846,train,1,-3.2,-2.4
-2.4933955825026706,-2.8899812593013747,0.3965856767987042,-8.35199167911316,1,1.6480083208868397,train,1,-3.2,-2.4
-3.1811728133757184,-2.80234096101239,-0.37883185236332834,-7.853114861767846,1,2.146885138232154,train,1,-3.2,-2.4
-4.488077853298904,-2.8680753301002504,-1.6200025231986532,-8.22585609912966,1,1.7741439008703406,train,1,-3.2,-2.4
-3.757107676058159,-2.919302478958688,-0.8378051970994713,-8.52232696365434,0,-7.04465392730868,train,1,-3.2,-2.4
-2.471276237813001,-2.7592176757404645,0.2879414379274637,-7.613282182118611,1,2.3867178178813893,train,1,-3.2,-2.4
-3.0852107755760065,-2.42167144810014,-0.6635393274758666,-5.864492602543429,1,4.135507397456571,train,1,-3.2,-2.4
-2.750346851993353,-3.109779027809543,0.35943217581618997,-9.670725601804067,1,0.32927439819593296,train,1,-3.2,-2.4
-2.2861967425311907,-2.9493931772562294,0.6631964347250389,-8.698920114045595,1,1.3010798859544046,train,1,-3.2,-2.4
-4.175093447137549,-3.166561832147752,-1.008531614989796,-10.02711383681493,1,-0.02711383681493018,train,1,-3.2,-2.4
-2.984004996693652,-2.6092801931032796,-0.37472480359037247,-6.8083431261210885,1,3.1916568738789115,train,1,-3.2,-2.4
-0.10037638293952034,-2.6739900898727647,2.5736137069332443,-7.150223000737756,0,-4.300446001475512,train,1,-3.2,-2.4
-2.8829647049860427,-3.028291402880037,0.14532669789399438,-9.170548820757144,1,0.8294511792428558,train,1,-3.2,-2.4
-3.8827917501740026,-2.8665972478437305,-1.016194502330272,-8.21737978134525,1,1.7826202186547508,train,1,-3.2,-2.4
-2.6123715138779495,-2.684926452681444,0.0725549388034945,-7.208830056308561,0,-4.417660112617122,train,1,-3.2,-2.4
-4.277121594469874,-2.6708149386276467,-1.6063066558422276,-7.1332524363966,1,2.8667475636033997,train,1,-3.2,-2.4
-1.7043230020929654,-3.0636182932129836,1.3592952911200182,-9.385757046509235,1,0.6142429534907645,train,1,-3.2,-2.4
-2.050312400104473,-2.494678211401161,0.4443658112966881,-6.223419378439695,0,-2.446838756879391,train,1,-3.2,-2.4
-1.2746257873267093,-2.577593472153225,1.302967684826516,-6.643988107686919,1,3.356011892313081,train,1,-3.2,-2.4
-2.0102213589339395,-3.0928366334626474,1.0826152745287079,-9.565638441288563,0,-9.131276882577126,train,1,-3.2,-2.4
-2.0365109590814225,-2.504866698854337,0.46835573977291445,-6.2743571790294235,0,-2.548714358058847,train,1,-3.2,-2.4
-1.4303664027042386,-2.6009776973785166,1.170611294674278,-6.765084982260451,1,3.2349150177395494,train,1,-3.2,-2.4
-2.3312431007914016,-2.5611314767207354,0.22988837592933367,-6.559394441049735,0,-3.1187888820994694,train,1,-3.2,-2.4
-3.559974629685976,-2.7653238155328776,-0.7946508141530986,-7.6470158047533126,0,-5.294031609506625,train,1,-3.2,-2.4
-4.251547649708466,-3.0233296679508306,-1.2282179817576357,-9.140522281111679,0,-8.281044562223357,train,1,-3.2,-2.4
-3.0030428707415613,-2.4652330827283193,-0.5378097880132422,-6.077374152178172,1,3.922625847821828,train,1,-3.2,-2.4
-5.732882096356173,-2.726332337866899,-3.0065497584892737,-7.432888016498792,1,2.567111983501208,train,1,-3.2,-2.4
-0.7318163238742801,-2.923009672435883,2.191193348561603,-8.543985545153728,1,1.4560144548462723,train,1,-3.2,-2.4
-5.045858069891224,-2.9889771765759843,-2.0568808933152396,-8.933984562092142,0,-7.867969124184285,train,1,-3.2,-2.4
-2.560835095064737,-2.468867618267894,-0.09196747679684271,-6.095307316531784,0,-2.190614633063568,train,1,-3.2,-2.4
-4.445292354659388,-2.8642116309545433,-1.581080723704845,-8.203708266895285,0,-6.40741653379057,train,1,-3.2,-2.4
-5.1985590976677996,-2.7678467874662953,-2.4307123102015042,-7.660975838887492,1,2.3390241611125084,train,1,-3.2,-2.4
-2.8119407237957166,-2.7132462737559604,-0.09869445003975637,-7.361705342050604,0,-4.723410684101207,train,1,-3.2,-2.4
-2.904600039072262,-2.539000137252674,-0.3655999018195884,-6.446521696969096,1,3.5534783030309036,train,1,-3.2,-2.4
-2.8928184084959594,-2.7011494523502955,-0.19166895614566373,-7.296208363932301,1,2.703791636067699,train,1,-3.2,-2.4
-2.3998943989453165,-3.058630270732459,0.6587358717871427,-9.355219133040915,1,0.6447808669590849,train,1,-3.2,-2.4
-3.469044699982378,-2.7269941178771635,-0.7420505821052146,-7.436496918936649,0,-4.872993837873299,train,1,-3.2,-2.4
-2.354033707555743,-2.8085870664041126,0.45455335884836945,-7.888161309572459,1,2.1118386904275406,train,1,-3.2,-2.4
-2.145772042756499,-2.7616737759276986,0.6159017331711996,-7.626842044646752,1,2.373157955353248,train,1,-3.2,-2.4
-3.042196454716824,-2.6403835041675614,-0.4018129505492623,-6.9716250490801706,0,-3.943250098160341,train,1,-3.2,-2.4
-3.3435744885126684,-3.0033510688766953,-0.34022341963597297,-9.020117642922788,0,-8.040235285845576,train,1,-3.2,-2.4
-2.4045891681820732,-3.050698283530816,0.6461091153487428,-9.306760017137867,0,-8.613520034275734,train,1,-3.2,-2.4
-3.0428323459377387,-3.1115334817630713,0.0687011358253327,-9.681640608132621,1,0.3183593918673786,train,1,-3.2,-2.4
-2.789846413990894,-2.9807525979711573,0.19090618398026346,-8.884886050311804,1,1.1151139496881957,train,1,-3.2,-2.4
-6.041083189359831,-3.1917999684803275,-2.8492832208795043,-10.187587038791019,0,-10.375174077582038,train,1,-3.2,-2.4
-2.626288299399529,-2.6965122217363344,0.07022392233680565,-7.271178161973422,1,2.728821838026578,train,1,-3.2,-2.4
-2.512007062583357,-2.963862155824206,0.45185509324084927,-8.784478878726912,1,1.2155211212730883,train,1,-3.2,-2.4
-3.2127464814023003,-3.050170764238482,-0.16257571716381855,-9.303541691015164,1,0.6964583089848357,train,1,-3.2,-2.4
-2.720679484060126,-3.1237695581913574,0.4030900741312317,-9.757936252683027,1,0.24206374731697267,train,1,-3.2,-2.4
-0.6877442630114925,-2.9729953540277965,2.285251091016304,-8.838701375070864,0,-7.677402750141727,train,1,-3.2,-2.4
-2.9256231725882635,-3.028060492695444,0.1024373201071803,-9.169150347422974,1,0.8308496525770259,train,1,-3.2,-2.4
-2.173115879364606,-2.9715170128712782,0.798401133506672,-8.829913357783445,1,1.170086642216555,train,1,-3.2,-2.4
-3.842866717282336,-2.822872114024257,-1.0199946032580791,-7.9686069721357775,0,-5.937213944271555,train,1,-3.2,-2.4
-3.783212699155375,-2.7604025431292736,-1.0228101560261014,-7.6198222001145615,1,2.3801777998854385,train,1,-3.2,-2.4
-3.0998916413794197,-2.5239095075402385,-0.5759821338391812,-6.370119202252009,1,3.629880797747991,train,1,-3.2,-2.4
-3.6327711587437834,-2.4091922393726684,-1.2235789193711153,-5.804207246253492,0,-1.6084144925069843,train,1,-3.2,-2.4
-3.170026897112474,-3.1609055310165193,-0.009121366095954795,-9.991323776010823,1,0.00867622398917689,train,1,-3.2,-2.4
-4.134902192551341,-3.014305398851069,-1.1205967937002723,-9.0860370375427,1,0.9139629624572994,train,1,-3.2,-2.4
-2.895347070683124,-2.685350858201412,-0.2099962124817119,-7.211109231643059,1,2.788890768356941,train,1,-3.2,-2.4
-4.795398868363594,-3.070826749686659,-1.7245721186769354,-9.429976926591129,1,0.5700230734088709,train,1,-3.2,-2.4
-4.486523634794695,-2.5038832853047985,-1.9826403494898968,-6.269431506428751,1,3.7305684935712486,train,1,-3.2,-2.4
-3.8368722057569755,-3.0260780589559793,-0.8107941468009965,-9.157148418894787,1,0.8428515811052133,train,1,-3.2,-2.4
-3.8870765174332282,-2.6065959688932407,-1.2804805485399877,-6.794342545050492,1,3.205657454949508,train,1,-3.2,-2.4
-3.4611009635810537,-2.677583589415119,-0.7835173741659345,-7.169453878305154,0,-4.338907756610308,train,1,-3.2,-2.4
-3.2954052909976683,-2.560891590796296,-0.7345137002013723,-6.558165739811185,1,3.4418342601888154,train,1,-3.2,-2.4
-3.5965169034991185,-3.175001950187791,-0.4215149533113275,-10.080637383696276,0,-10.161274767392552,train,1,-3.2,-2.4
-1.7617671918383173,-3.016340777004524,1.2545735851662065,-9.098311683020254,1,0.9016883169797456,train,1,-3.2,-2.4
-0.9934787714224707,-2.6362980007036327,1.642819229281162,-6.950067148513972,0,-3.900134297027943,train,1,-3.2,-2.4
-2.863363430257306,-1.9593616779403393,-0.9040017523169668,-3.839098184981182,0,2.3218036300376363,train,2,-2.4,-1.5999999999999996
-3.9264140426748284,-1.8334817419055158,-2.092932300769313,-3.3616552979008847,1,6.638344702099115,train,2,-2.4,-1.5999999999999996
-1.8963758893746603,-2.1672762088696444,0.2709003194949841,-4.697086165532379,1,5.302913834467621,train,2,-2.4,-1.5999999999999996
-1.6468957182080801,-1.9913379158418694,0.3444421976337893,-3.96542669506944,1,6.03457330493056,train,2,-2.4,-1.5999999999999996
-1.778571589193803,-1.6856424365218758,-0.0929291526719272,-2.8413904238034062,1,7.158609576196594,train,2,-2.4,-1.5999999999999996
-1.3516833321618376,-1.6829655288532492,0.3312821966914118,-2.832372971308297,1,7.167627028691703,train,2,-2.4,-1.5999999999999996
-3.077624817596709,-2.299531751628931,-0.7780930659677779,-5.28784627674962,0,-0.5756925534992394,train,2,-2.4,-1.5999999999999996
-3.1191635024399607,-2.2342056974894504,-0.8849578049505101,-4.991675098694322,1,5.008324901305678,train,2,-2.4,-1.5999999999999996
-2.560534355705633,-2.358826237359336,-0.20170811834629734,-5.5640612180548015,0,-1.128122436109603,train,2,-2.4,-1.5999999999999996
0.24378004604038805,-2.047352125079491,2.291132171119879,-4.191650724067507,1,5.808349275932493,train,2,-2.4,-1.5999999999999996
-1.3983215817955559,-2.376099031297146,0.9777774495015903,-5.6458466065312365,0,-1.291693213062473,train,2,-2.4,-1.5999999999999996
-2.658523525401307,-2.034533420484231,-0.6239901049170762,-4.139326239067265,1,5.860673760932735,train,2,-2.4,-1.5999999999999996
-1.210228916091283,-1.8806847619081912,0.6704558458169083,-3.53697517367367,1,6.46302482632633,train,2,-2.4,-1.5999999999999996
-2.751247766413472,-2.1772101738816194,-0.5740375925318525,-4.740244141253632,0,0.5195117174927368,train,2,-2.4,-1.5999999999999996
-2.4077090229818627,-1.8589960784158948,-0.5487129445659681,-3.4558664195656754,0,3.088267160868649,train,2,-2.4,-1.5999999999999996
-0.8961689361493084,-1.927309746066919,1.0311408099176107,-3.714522857284532,0,2.570954285430936,train,2,-2.4,-1.5999999999999996
-3.0111320682850278,-2.3808144940982676,-0.6303175741867603,-5.66827765530839,0,-1.3365553106167791,train,2,-2.4,-1.5999999999999996
-3.9636782906288084,-1.9529167296072942,-2.010761561021514,-3.8138837527800495,1,6.1861162472199505,train,2,-2.4,-1.5999999999999996
-3.280391683163222,-2.1925980424740277,-1.087793640689194,-4.807486175860938,1,5.192513824139062,train,2,-2.4,-1.5999999999999996
-1.961820794949537,-2.067919042391944,0.10609824744240713,-4.276289165887214,1,5.723710834112786,train,2,-2.4,-1.5999999999999996
-2.019570549243624,-2.173179934582945,0.153609385339321,-4.722711028073933,0,0.5545779438521343,train,2,-2.4,-1.5999999999999996
-0.35554984355935515,-1.8454896653496027,1.4899398217902475,-3.4058321049121885,0,3.188335790175623,train,2,-2.4,-1.5999999999999996
-2.906867982884311,-2.0476370258634082,-0.8592309570209029,-4.192817389686744,0,1.614365220626512,train,2,-2.4,-1.5999999999999996
-1.3967469262359027,-2.274505809220029,0.8777588829841265,-5.17337667617566,1,4.82662332382434,train,2,-2.4,-1.5999999999999996
-1.453120685754783,-1.964280785574524,0.511160099819741,-3.8583990045772687,1,6.141600995422731,train,2,-2.4,-1.5999999999999996
-1.9545647150495082,-1.775748188390906,-0.1788165266586021,-3.153281628573585,1,6.846718371426415,train,2,-2.4,-1.5999999999999996
-1.1518964914806886,-2.154909174099056,1.0030126826183674,-4.643633548616275,0,0.7127329027674492,train,2,-2.4,-1.5999999999999996
-1.6318910093576984,-2.2224336928542545,0.5905426834965561,-4.939211519133799,1,5.060788480866201,train,2,-2.4,-1.5999999999999996
-3.124393178279729,-2.089622993955481,-1.0347701843242483,-4.366524256867468,0,1.2669514862650644,train,2,-2.4,-1.5999999999999996
-0.36487236437230264,-1.6508930801116553,1.2860207157393526,-2.725447961960548,1,7.274552038039452,train,2,-2.4,-1.5999999999999996
-3.0842859658970125,-1.6192036620216526,-1.46508230387536,-2.62182049910433,0,4.75635900179134,train,2,-2.4,-1.5999999999999996
-1.7905545395613534,-1.8620930592697489,0.07153851970839545,-3.4673905613805727,0,3.0652188772388547,train,2,-2.4,-1.5999999999999996
-1.674799718782199,-1.6777327131692812,0.0029329943870821697,-2.8147870568383575,0,4.370425886323285,train,2,-2.4,-1.5999999999999996
-1.213836437933628,-1.7233993029654562,0.5095628650318282,-2.9701051574618202,0,4.0597896850763595,train,2,-2.4,-1.5999999999999996
-2.9681249434151034,-2.0976047669368887,-0.8705201764782148,-4.399945758276359,0,1.2001084834472824,train,2,-2.4,-1.5999999999999996
-2.368158455565129,-2.3262263929026203,-0.04193206266250872,-5.411329231036736,1,4.588670768963264,train,2,-2.4,-1.5999999999999996
-2.0460153104002727,-1.8772712779811709,-0.16874403241910188,-3.5241474511330586,0,2.951705097733883,train,2,-2.4,-1.5999999999999996
-0.7572213495768574,-1.9537273900892391,1.1965060405123817,-3.81705071478491,1,6.18294928521509,train,2,-2.4,-1.5999999999999996
-3.0658458214180055,-2.110748189549937,-0.9550976318680683,-4.4552579196883375,1,5.5447420803116625,train,2,-2.4,-1.5999999999999996
-2.1326617611464127,-2.219956396128134,0.08729463498172153,-4.928206400710213,1,5.071793599289787,train,2,-2.4,-1.5999999999999996
-2.388272648505423,-2.0747840668990007,-0.31348858160642223,-4.304728924257957,0,1.3905421514840857,train,2,-2.4,-1.5999999999999996
-3.5825037662440433,-2.0248478010406648,-1.5576559652033788,-4.100008617379215,0,1.7999827652415696,train,2,-2.4,-1.5999999999999996
1.0267234237852758,-2.184611537399151,3.2113349611844266,-4.772527569337481,1,5.227472430662519,train,2,-2.4,-1.5999999999999996
-2.252028613212327,-2.1665657806196537,-0.08546283259267323,-4.694007281752049,0,0.6119854364959014,train,2,-2.4,-1.5999999999999996
-3.817840565646531,-2.0338508805416176,-1.783989685104913,-4.136549404279913,0,1.7269011914401737,train,2,-2.4,-1.5999999999999996
-0.021220519023706697,-1.7115728696424586,1.6903523506187519,-2.9294816880961205,1,7.0705183119038795,train,2,-2.4,-1.5999999999999996
-3.2157002754087465,-1.9309976764257426,-1.2847025989830039,-3.728752026361617,0,2.542495947276766,train,2,-2.4,-1.5999999999999996
-1.7281657436179199,-2.173209710054232,0.445043966436312,-4.722840443873999,1,5.277159556126001,train,2,-2.4,-1.5999999999999996
-1.1422194807457993,-2.177617994701119,1.0353985139553197,-4.7420201308461225,0,0.515959738307755,train,2,-2.4,-1.5999999999999996
-2.8144207669137122,-2.0363023395824422,-0.7781184273312698,-4.146527218188928,0,1.7069455636221438,train,2,-2.4,-1.5999999999999996
-2.752739790778732,-2.23567172431601,-0.5170680664627222,-4.99822805890612,1,5.00177194109388,train,2,-2.4,-1.5999999999999996
-2.8872213477142066,-2.2388970311655414,-0.6483243165486651,-5.0126599161618755,0,-0.0253198323237509,train,2,-2.4,-1.5999999999999996
-2.144005163847311,-1.9887719521460463,-0.1552332117012649,-3.955213877642796,1,6.044786122357204,train,2,-2.4,-1.5999999999999996
-4.277169909538898,-2.3302165049753563,-1.9469534045635417,-5.4299089600595645,0,-0.8598179201191289,train,2,-2.4,-1.5999999999999996
-3.4958955230460775,-2.013131574118731,-1.482763948927347,-4.052698734713759,1,5.947301265286241,train,2,-2.4,-1.5999999999999996
-2.2792027607112813,-2.110259030089733,-0.1689437306215484,-4.453193174075261,1,5.546806825924739,train,2,-2.4,-1.5999999999999996
-0.5871081617221161,-1.8338507025474629,1.2467425408253467,-3.363008399233823,0,3.273983201532354,train,2,-2.4,-1.5999999999999996
-1.044510008603492,-1.8026030215183961,0.7580930129149043,-3.2493776531872514,0,3.5012446936254973,train,2,-2.4,-1.5999999999999996
0.22817525253696824,-1.8471256625153882,2.0753009150523565,-3.4118732131229117,0,3.1762535737541766,train,2,-2.4,-1.5999999999999996
-1.0157929425127596,-1.8486556689960685,0.832862726483309,-3.4175277825113013,0,3.1649444349773974,train,2,-2.4,-1.5999999999999996
-2.714474691744354,-2.101119900680857,-0.6133547910634968,-4.414704837037135,0,1.1705903259257298,train,2,-2.4,-1.5999999999999996
-2.0129042429474326,-1.8654921562117857,-0.14741208673564715,-3.480060984887697,1,6.519939015112303,train,2,-2.4,-1.5999999999999996
-4.564593333368503,-2.1281210688345453,-2.4364722645339576,-4.528899283617488,0,0.9422014327650245,train,2,-2.4,-1.5999999999999996
-3.09469503636162,-1.9417649041048997,-1.1529301322567205,-3.7704509428135102,0,2.4590981143729795,train,2,-2.4,-1.5999999999999996
-3.3637854081128826,-2.1393542735481,-1.2244311345647825,-4.5768367077485195,1,5.4231632922514805,train,2,-2.4,-1.5999999999999996
-1.7191718506243763,-2.043883960589174,0.32471210996479777,-4.177461644353689,1,5.822538355646311,train,2,-2.4,-1.5999999999999996
-1.573381098444219,-2.3507768553360484,0.7773957568918295,-5.526151823583641,1,4.473848176416359,train,2,-2.4,-1.5999999999999996
-2.878307764913524,-2.2058596622525295,-0.6724481026609943,-4.865816849552844,1,5.134183150447156,train,2,-2.4,-1.5999999999999996
-2.32891985867646,-1.6227179150611455,-0.7062019436153147,-2.633213431860391,0,4.733573136279218,train,2,-2.4,-1.5999999999999996
-4.071399623889234,-2.2155326365159405,-1.8558669873732934,-4.908584863467274,0,0.18283027306545208,train,2,-2.4,-1.5999999999999996
-2.0001324607051667,-1.8468179912421356,-0.15331446946303107,-3.410736692775637,1,6.589263307224363,train,2,-2.4,-1.5999999999999996
-1.5818168808528206,-1.879618513429008,0.29780163257618736,-3.532965756025074,0,2.934068487949852,train,2,-2.4,-1.5999999999999996
-1.285911538066243,-1.8208486884500141,0.5349371503837712,-3.315489946230137,1,6.684510053769863,train,2,-2.4,-1.5999999999999996
-2.9591799636294116,-2.0199291114924547,-0.9392508521369567,-4.080113615454698,1,5.919886384545302,train,2,-2.4,-1.5999999999999996
0.46351863545415184,-1.9226689803185095,2.3861876157726614,-3.6966560078790174,1,6.303343992120983,train,2,-2.4,-1.5999999999999996
-0.9123544576882081,-2.346424460853739,1.434070003165531,-5.50570775049276,1,4.49429224950724,train,2,-2.4,-1.5999999999999996
-2.456235408182962,-2.341950289742213,-0.11428511844074905,-5.484731159623636,0,-0.9694623192472722,train,2,-2.4,-1.5999999999999996
-2.873444514163089,-2.240819178962337,-0.6326253352007519,-5.021270592805442,1,4.978729407194558,train,2,-2.4,-1.5999999999999996
-2.6644128341037874,-2.278511202393167,-0.38590163171062014,-5.191613299431156,1,4.808386700568844,train,2,-2.4,-1.5999999999999996
-2.138560078351254,-2.319916524334844,0.18135644598359,-5.382012679881863,1,4.617987320118137,train,2,-2.4,-1.5999999999999996
-2.3189181669812675,-2.2965649083129165,-0.02235325866835085,-5.274210378094314,0,-0.5484207561886283,train,2,-2.4,-1.5999999999999996
-1.3771432696639088,-1.957377814553877,0.5802345448899683,-3.8313279089077112,0,2.3373441821845775,train,2,-2.4,-1.5999999999999996
-1.3269899508308738,-2.2497481400608974,0.9227581892300237,-5.061366693707467,0,-0.12273338741493411,train,2,-2.4,-1.5999999999999996
0.0011724066956690926,-1.638319005575033,1.639491412270702,-2.684089164028365,0,4.63182167194327,train,2,-2.4,-1.5999999999999996
-0.47799282521892517,-1.8547105769540584,1.3767177517351332,-3.439951324265256,0,3.1200973514694876,train,2,-2.4,-1.5999999999999996
-2.099459247794491,-1.9671842613121828,-0.13227498648230832,-3.8698139179543585,1,6.1301860820456415,train,2,-2.4,-1.5999999999999996
-1.3683550222118082,-1.8342555193536816,0.4659004971418735,-3.3644933102794443,1,6.635506689720556,train,2,-2.4,-1.5999999999999996
-2.6534432806515444,-2.188890663237989,-0.46455261741355536,-4.791242335610444,0,0.41751532877911224,train,2,-2.4,-1.5999999999999996
-2.3632838273909917,-1.6586194525970175,-0.7046643747939744,-2.75101848853323,0,4.49796302293354,train,2,-2.4,-1.5999999999999996
0.5643466678676157,-1.7286455537600232,2.292992221627639,-2.9882154505342973,1,7.011784549465703,train,2,-2.4,-1.5999999999999996
-2.370759781519289,-1.81894440125757,-0.5518153802617187,-3.3085587348662595,0,3.382882530267481,train,2,-2.4,-1.5999999999999996
0.37307733965502266,-2.0158080351316716,2.3888853747866943,-4.06348203450141,1,5.93651796549859,train,2,-2.4,-1.5999999999999996
-2.1451599228777183,-1.7263174512986823,-0.41884247157903587,-2.9801719426583784,0,4.039656114683243,train,2,-2.4,-1.5999999999999996
-1.5008080317946528,-1.8041981412605124,0.3033901094658595,-3.2551309329278877,0,3.4897381341442246,train,2,-2.4,-1.5999999999999996
-0.5644478170567508,-1.8717392748803097,1.3072914578235588,-3.5034079131294673,1,6.496592086870533,train,2,-2.4,-1.5999999999999996
-1.6401133602245517,-1.6688197863952494,0.028706426170697793,-2.784959479464286,1,7.215040520535714,train,2,-2.4,-1.5999999999999996
-1.42131721146026,-1.89306754896994,0.47175033750968004,-3.583704744963056,1,6.416295255036944,train,2,-2.4,-1.5999999999999996
-2.39690929188914,-2.1072475321179125,-0.2896617597712275,-4.4404921616170325,1,5.5595078383829675,train,2,-2.4,-1.5999999999999996
-2.5283541708555406,-1.9577243414796432,-0.5706298293758971,-3.832684597221903,0,2.334630805556194,train,2,-2.4,-1.5999999999999996
-2.4418279663976157,-2.2428955386398903,-0.19893242775772552,-5.0305803972507235,1,4.9694196027492765,train,2,-2.4,-1.5999999999999996
-3.026003067781547,-2.2463421628851172,-0.7796609048964295,-5.046053112755387,0,-0.09210622551077385,train,2,-2.4,-1.5999999999999996
0.13819524389656945,-1.819464300853743,1.9576595447503125,-3.3104503420811997,1,6.6895496579188,train,2,-2.4,-1.5999999999999996
-1.9732889605748516,-1.7720506372550948,-0.2012383233197568,-3.1401634609961877,0,3.7196730780076246,train,2,-2.4,-1.5999999999999996
0.44488172836305173,-1.622321309052987,2.067203037416039,-2.6319264298073977,1,7.368073570192602,train,2,-2.4,-1.5999999999999996
-4.941353279726349,-1.7192228663667983,-3.2221304133595505,-2.95572726423847,1,7.044272735761529,train,2,-2.4,-1.5999999999999996
-1.94301958506576,-1.9651245387233416,0.02210495365758162,-3.861714452692626,0,2.2765710946147477,train,2,-2.4,-1.5999999999999996
-1.653825297475045,-2.328167304381548,0.6743420069065031,-5.420362997191244,1,4.579637002808756,train,2,-2.4,-1.5999999999999996
-2.3614868897122414,-2.0089014043071094,-0.35258548540513196,-4.035684852227076,1,5.964315147772924,train,2,-2.4,-1.5999999999999996
-0.3440672269117955,-1.657650921950299,1.3135836950385036,-2.7478065790426767,1,7.252193420957323,train,2,-2.4,-1.5999999999999996
-1.0022746141534813,-1.7699054403972185,0.7676308262437374,-3.132565267947672,1,6.8674347320523275,train,2,-2.4,-1.5999999999999996
-2.341444763543013,-2.0119246191567295,-0.3295201443862832,-4.047840673168951,0,1.9043186536620986,train,2,-2.4,-1.5999999999999996
-1.5137654010091977,-2.0357765108152908,0.5220111098060931,-4.14438600198728,1,5.85561399801272,train,2,-2.4,-1.5999999999999996
1.1486426647345316,-2.225611385272517,3.3742540500070484,-4.953346038254651,1,5.046653961745349,train,2,-2.4,-1.5999999999999996
-1.955835143338669,-2.258229295358541,0.30239415201987196,-5.099599550415531,1,4.900400449584469,train,2,-2.4,-1.5999999999999996
-1.9816982671761578,-2.341101064624514,0.35940279744835596,-5.480754194786032,0,-0.9615083895720637,train,2,-2.4,-1.5999999999999996
-2.214075023403884,-1.6860854499303257,-0.5279895734735581,-2.842884144466749,0,4.314231711066502,train,2,-2.4,-1.5999999999999996
-1.7276622572533848,-1.8878587064807526,0.16019644922736767,-3.5640104956351806,1,6.435989504364819,train,2,-2.4,-1.5999999999999996
-3.8324475785970202,-2.285334146022943,-1.5471134325740776,-5.222752158978413,0,-0.44550431795682677,train,2,-2.4,-1.5999999999999996
-2.306646772222591,-2.068698464227034,-0.2379483079955569,-4.279513335895289,1,5.720486664104711,train,2,-2.4,-1.5999999999999996
0.5883922910673203,-2.360712860481701,2.949105151549021,-5.572965209643694,0,-1.1459304192873887,train,2,-2.4,-1.5999999999999996
-0.9518426594985434,-2.232501320382109,1.2806586608835655,-4.98406214550786,0,0.03187570898428049,train,2,-2.4,-1.5999999999999996
-1.0457287139839115,-1.815433500696769,0.7697047867128576,-3.2957987954521255,1,6.704201204547875,train,2,-2.4,-1.5999999999999996
-0.5543957861207252,-1.8791017836467203,1.3247059975259952,-3.5310235133042855,0,2.937952973391429,train,2,-2.4,-1.5999999999999996
0.24128862723056477,-2.0168173620984176,2.2581059893289823,-4.0675522720616195,0,1.864895455876761,train,2,-2.4,-1.5999999999999996
-1.4678698578541436,-2.1801755956034885,0.7123057377493448,-4.753165627665026,0,0.49366874466994837,train,2,-2.4,-1.5999999999999996
0.606832730984251,-1.878221499947052,2.485054230931303,-3.5277160028633534,1,6.472283997136646,train,2,-2.4,-1.5999999999999996
-0.3510823607977036,-1.6348403909460953,1.2837580301483917,-2.672703103868782,0,4.654593792262436,train,2,-2.4,-1.5999999999999996
-1.8517601430379256,-2.0515835550598456,0.19982341202191992,-4.2089950833919945,1,5.7910049166080055,train,2,-2.4,-1.5999999999999996
-0.28052212958349987,-2.343893995929864,2.063371866346364,-5.493839064156065,1,4.506160935843935,train,2,-2.4,-1.5999999999999996
-5.184872495356959,-2.353814809741626,-2.8310576856153338,-5.540444158559008,0,-1.0808883171180153,train,2,-2.4,-1.5999999999999996
-3.0193219392764847,-2.333703184961954,-0.6856187543145308,-5.446170555501569,0,-0.8923411110031374,train,2,-2.4,-1.5999999999999996
-1.3132897940998167,-1.6322342501974227,0.3189444560976061,-2.664188647517543,1,7.335811352482457,train,2,-2.4,-1.5999999999999996
-3.061900426811467,-1.9673913310508047,-1.0945090957606625,-3.870628649493857,0,2.2587427010122862,train,2,-2.4,-1.5999999999999996
-1.917300137259621,-1.7300300538642217,-0.1872700833953993,-2.993003987273442,1,7.0069960127265585,train,2,-2.4,-1.5999999999999996
-3.030522240263456,-2.263973164610292,-0.7665490756531641,-5.1255744900755404,0,-0.2511489801510809,train,2,-2.4,-1.5999999999999996
-2.977022195719668,-2.1917239418168677,-0.7852982539028001,-4.803653837133268,1,5.196346162866732,train,2,-2.4,-1.5999999999999996
1.4078936109342803,-1.8464179905017255,3.254311601436006,-3.40925939564843,0,3.18148120870314,train,2,-2.4,-1.5999999999999996
-0.9305750705983583,-1.6835437374864128,0.7529686668880545,-2.8343195160297197,1,7.165680483970281,train,2,-2.4,-1.5999999999999996
-2.192186631460457,-2.127449212431872,-0.06473741902858494,-4.526040151476993,1,5.473959848523007,train,2,-2.4,-1.5999999999999996
-0.7700607724779172,-2.3482614416077734,1.5782006691298562,-5.514331798141818,1,4.485668201858182,train,2,-2.4,-1.5999999999999996
-1.9935092351087949,-1.7087042644714847,-0.2848049706373102,-2.9196702634230376,0,4.160659473153925,train,2,-2.4,-1.5999999999999996
-1.1048944331314696,-2.167302043336419,1.0624076102049496,-4.6971981470502175,0,0.6056037058995649,train,2,-2.4,-1.5999999999999996
-1.3861550657252921,-1.8071340748803497,0.42097900915505754,-3.2657335645936576,1,6.734266435406342,train,2,-2.4,-1.5999999999999996
-0.3216847502883471,-2.273573076238805,1.9518883259504578,-5.169134532997982,0,-0.3382690659959646,train,2,-2.4,-1.5999999999999996
-3.5478748194811187,-1.844029251887299,-1.7038455675938196,-3.4004438818160314,1,6.599556118183969,train,2,-2.4,-1.5999999999999996
-0.8079990183465313,-1.7268643047750811,0.9188652864285498,-2.9820603271063244,0,4.035879345787351,train,2,-2.4,-1.5999999999999996
-1.6715786425645636,-1.8182783370026323,0.14669969443806877,-3.3061361108130582,0,3.3877277783738835,train,2,-2.4,-1.5999999999999996
-3.501574030906295,-2.1127139801092065,-1.3888600507970883,-4.463560361748884,0,1.0728792765022312,train,2,-2.4,-1.5999999999999996
-0.5401439809086424,-1.8186481988078413,1.278504217899199,-3.3074812710270054,1,6.692518728972995,train,2,-2.4,-1.5999999999999996
-3.335277094249348,-2.2884263006540317,-1.0468507935953162,-5.236894933525097,0,-0.47378986705019344,train,2,-2.4,-1.5999999999999996
0.035553137958999614,-0.8263761287890585,0.8619292667480581,-0.6828975062323906,0,8.634204987535218,train,3,-1.5999999999999996,-0.7999999999999998
-0.542342641722436,-1.1622142006594218,0.6198715589369859,-1.350741848214419,0,7.298516303571162,train,3,-1.5999999999999996,-0.7999999999999998
-0.013290722226970919,-0.8218525120280924,0.8085617898011215,-0.6754415515268858,0,8.649116896946229,train,3,-1.5999999999999996,-0.7999999999999998
0.20359875758643664,-1.028147205060508,1.2317459626469447,-1.0570866752737345,1,8.942913324726266,train,3,-1.5999999999999996,-0.7999999999999998
-1.8591950552029695,-1.041816940322183,-0.8173781148807864,-1.0853825371422752,1,8.914617462857725,train,3,-1.5999999999999996,-0.7999999999999998
-3.786346068863664,-1.4271284035356986,-2.3592176653279653,-2.0366954801783517,1,7.963304519821648,train,3,-1.5999999999999996,-0.7999999999999998
0.4301072039750101,-0.8189804361790064,1.2490876401540165,-0.6707289548439556,0,8.658542090312089,train,3,-1.5999999999999996,-0.7999999999999998
-2.0853961705512427,-1.5950157958363278,-0.4903803747149147,-2.544075388967394,1,7.455924611032605,train,3,-1.5999999999999996,-0.7999999999999998
-2.846494663091355,-1.3976141100932444,-1.4488805529981106,-1.9533252007317317,0,6.093349598536537,train,3,-1.5999999999999996,-0.7999999999999998
-2.654115112595902,-1.252166774076443,-1.4019483385194589,-1.567921630101006,0,6.864156739797988,train,3,-1.5999999999999996,-0.7999999999999998
0.37755433528290316,-0.9764936625649978,1.354047997847901,-0.9535398730296039,1,9.046460126970397,train,3,-1.5999999999999996,-0.7999999999999998
-1.224851964367731,-1.4418519403197971,0.2169999759520663,-2.078937017803964,0,5.842125964392072,train,3,-1.5999999999999996,-0.7999999999999998
-0.5461229699279241,-0.909605411520622,0.36348244159269794,-0.8273820046676001,0,8.3452359906648,train,3,-1.5999999999999996,-0.7999999999999998
0.20718478685981268,-0.8132794582597496,1.0204642451195622,-0.6614234772272717,0,8.677153045545456,train,3,-1.5999999999999996,-0.7999999999999998
-2.281207341023439,-1.4689262068762408,-0.8122811341471984,-2.1577442012478203,0,5.684511597504359,train,3,-1.5999999999999996,-0.7999999999999998
-2.472270353702327,-1.1221328448537125,-1.3501375088486143,-1.2591821214994858,1,8.740817878500515,train,3,-1.5999999999999996,-0.7999999999999998
-2.616352658017937,-1.5928111218659557,-1.0235415361519813,-2.5370472699398845,1,7.462952730060115,train,3,-1.5999999999999996,-0.7999999999999998
-2.6162325111590636,-1.2907429738850962,-1.3254895372739675,-1.666017424633742,0,6.667965150732516,train,3,-1.5999999999999996,-0.7999999999999998
-1.9139869117662727,-1.5646719536548,-0.3493149581114728,-2.4481983225539286,1,7.551801677446072,train,3,-1.5999999999999996,-0.7999999999999998
-1.9038485044602045,-0.834677625828611,-1.0691708786315934,-0.6966867390588868,0,8.606626521882227,train,3,-1.5999999999999996,-0.7999999999999998
-1.2047204269209806,-1.2510826824961616,0.04636225557518098,-1.5652078784417915,1,8.434792121558209,train,3,-1.5999999999999996,-0.7999999999999998
-1.4178371256354452,-0.8408181545747496,-0.5770189710606957,-0.7069751690624876,1,9.293024830937512,train,3,-1.5999999999999996,-0.7999999999999998
-1.066930598200385,-0.9709552112519511,-0.09597538694843384,-0.9427540222573209,0,8.114491955485358,train,3,-1.5999999999999996,-0.7999999999999998
-0.12722015780941354,-0.9069685611346411,0.7797484033252275,-0.8225919708866412,1,9.177408029113359,train,3,-1.5999999999999996,-0.7999999999999998
0.2200646097245631,-1.4614676628032413,1.6815322725278044,-2.1358877294195686,1,7.864112270580431,train,3,-1.5999999999999996,-0.7999999999999998
0.3270843677438964,-1.540041130389514,1.8671254981334104,-2.371726683291412,1,7.628273316708588,train,3,-1.5999999999999996,-0.7999999999999998
-0.9814992071202409,-1.1194058228977843,0.13790661577754343,-1.2530693963374657,1,8.746930603662534,train,3,-1.5999999999999996,-0.7999999999999998
-1.2107779081765058,-1.4656222530252767,0.25484434484877105,-2.1480485885628884,0,5.703902822874223,train,3,-1.5999999999999996,-0.7999999999999998
-1.6233521400507311,-1.0132958659915439,-0.6100562740591872,-1.0267685120355527,1,8.973231487964448,train,3,-1.5999999999999996,-0.7999999999999998
-0.06606652110890132,-1.273244911878388,1.2071783907694866,-1.6211526056242038,1,8.378847394375796,train,3,-1.5999999999999996,-0.7999999999999998
0.6604760939756043,-1.1776729412656635,1.8381490352412677,-1.386913556589319,0,7.226172886821362,train,3,-1.5999999999999996,-0.7999999999999998
-1.5622648972977053,-0.8499427328392463,-0.712322164458459,-0.7224026491062463,1,9.277597350893753,train,3,-1.5999999999999996,-0.7999999999999998
-0.26571630394228385,-1.1826431020440333,0.9169267981017495,-1.3986447068123338,1,8.601355293187666,train,3,-1.5999999999999996,-0.7999999999999998
-1.9089251403696248,-1.5134452936902152,-0.39547984667940966,-2.2905166569930615,0,5.418966686013877,train,3,-1.5999999999999996,-0.7999999999999998
-1.6787592681503236,-1.4734212742521602,-0.2053379938981635,-2.1709702514188596,1,7.82902974858114,train,3,-1.5999999999999996,-0.7999999999999998
-0.9426961694860528,-1.1638378786374295,0.22114170915137668,-1.354518607751272,1,8.645481392248728,train,3,-1.5999999999999996,-0.7999999999999998
-1.6618889170417404,-1.180476735945221,-0.48141218109651923,-1.393525324107883,1,8.606474675892116,train,3,-1.5999999999999996,-0.7999999999999998
-0.01578655203411894,-1.089911804699205,1.074125252665086,-1.1879077420226778,1,8.812092257977323,train,3,-1.5999999999999996,-0.7999999999999998
-3.073826482575796,-1.2788036451277813,-1.7950228374480148,-1.6353387627921006,0,6.729322474415799,train,3,-1.5999999999999996,-0.7999999999999998
-1.914632203292304,-1.080155912784526,-0.834476290507778,-1.1667367959233723,1,8.833263204076628,train,3,-1.5999999999999996,-0.7999999999999998
-1.4257737274477422,-1.2824799976786136,-0.14329372976912852,-1.6447549444457368,1,8.355245055554263,train,3,-1.5999999999999996,-0.7999999999999998
-2.354655553819823,-1.1008671091614213,-1.253788444658402,-1.2119083920334246,0,7.576183215933151,train,3,-1.5999999999999996,-0.7999999999999998
-0.5533104458089777,-0.9860760263279007,0.43276558051892305,-0.9723459296986228,0,8.055308140602754,train,3,-1.5999999999999996,-0.7999999999999998
-3.2747060310054508,-1.456820871967095,-1.8178851590383556,-2.122327052998967,1,7.877672947001033,train,3,-1.5999999999999996,-0.7999999999999998
-1.2333263006451407,-1.299539385129966,0.06621308448482532,-1.68880261350397,0,6.62239477299206,train,3,-1.5999999999999996,-0.7999999999999998
-2.926291404968326,-1.1979735525384523,-1.7283178524298737,-1.4351406325815999,0,7.1297187348368,train,3,-1.5999999999999996,-0.7999999999999998
-1.224962420493229,-1.050666336066923,-0.17429608442630598,-1.1038997497442924,0,7.792200500511415,train,3,-1.5999999999999996,-0.7999999999999998
-0.7873683209942844,-1.397056281070893,0.6096879600766086,-1.9517662524796342,1,8.048233747520365,train,3,-1.5999999999999996,-0.7999999999999998
1.4880695128303076,-1.1562073096459529,2.6442768224762605,-1.3368153428787324,1,8.663184657121267,train,3,-1.5999999999999996,-0.7999999999999998
0.1931058715268148,-1.1000553247487215,1.2931611962755363,-1.210121717508015,1,8.789878282491985,train,3,-1.5999999999999996,-0.7999999999999998
1.0570903848281556,-0.883599067155083,1.9406894519832387,-0.7807473114773328,1,9.219252688522667,train,3,-1.5999999999999996,-0.7999999999999998
-1.2281504972007367,-1.3097171292534986,0.08156663205276192,-1.7153589586600255,1,8.284641041339974,train,3,-1.5999999999999996,-0.7999999999999998
1.448928667341154,-1.0899543415850104,2.5388830089261645,-1.1880004667400135,1,8.811999533259986,train,3,-1.5999999999999996,-0.7999999999999998
-1.73635328697546,-1.446842878304829,-0.28951040867063116,-2.0933543145014024,1,7.906645685498598,train,3,-1.5999999999999996,-0.7999999999999998
-1.5044017172908366,-1.2017647083061551,-0.3026370089846815,-1.444238414130178,1,8.555761585869822,train,3,-1.5999999999999996,-0.7999999999999998
-2.9925430702486073,-1.4540436763430342,-1.538499393905573,-2.1142430127131666,1,7.885756987286833,train,3,-1.5999999999999996,-0.7999999999999998
-0.5985914728658299,-0.8652935686881896,0.26670209582235976,-0.7487329600131427,1,9.251267039986857,train,3,-1.5999999999999996,-0.7999999999999998
0.009778141760664827,-1.2545423429270177,1.2643204846876825,-1.573876490196811,1,8.426123509803189,train,3,-1.5999999999999996,-0.7999999999999998
-1.696479290525436,-0.9358495183213228,-0.7606297722041132,-0.8758143209422519,1,9.124185679057748,train,3,-1.5999999999999996,-0.7999999999999998
-1.7113015842180632,-1.2665789562573098,-0.4447226279607535,-1.6042222524338563,0,6.791555495132288,train,3,-1.5999999999999996,-0.7999999999999998
-1.4325198936872234,-0.8762659290053062,-0.5562539646819173,-0.7678419783355324,0,8.464316043328935,train,3,-1.5999999999999996,-0.7999999999999998
-1.6738828922655338,-1.2761398261512749,-0.39774306611425897,-1.628532855889406,0,6.742934288221187,train,3,-1.5999999999999996,-0.7999999999999998
-2.0435204611521454,-1.3350603975271016,-0.7084600636250438,-1.7823862650452225,0,6.435227469909555,train,3,-1.5999999999999996,-0.7999999999999998
-2.7623366526094606,-1.1422889837818009,-1.6200476688276597,-1.3048241224692594,1,8.69517587753074,train,3,-1.5999999999999996,-0.7999999999999998
0.7335166750787745,-0.9236450807247092,1.6571617558034837,-0.8531202351469546,0,8.29375952970609,train,3,-1.5999999999999996,-0.7999999999999998
-3.2772922422802973,-0.9111885505975422,-2.366103691682755,-0.8302645747400498,0,8.3394708505199,train,3,-1.5999999999999996,-0.7999999999999998
-2.235948139855826,-1.1234495063453322,-1.1124986335104936,-1.2621387933075707,0,7.475722413384858,train,3,-1.5999999999999996,-0.7999999999999998
-1.1197809708903852,-1.5322707111836715,0.41248974029328633,-2.3478535323513143,1,7.652146467648686,train,3,-1.5999999999999996,-0.7999999999999998
0.09168737604557897,-1.1221867141446598,1.2138740901902387,-1.2593030214027883,1,8.740696978597212,train,3,-1.5999999999999996,-0.7999999999999998
-1.653958009579057,-1.403637033133518,-0.25032097644553897,-1.9701969207838645,1,8.029803079216135,train,3,-1.5999999999999996,-0.7999999999999998
-1.3538207902387598,-1.0139252411280255,-0.3398955491107342,-1.0280443945965247,1,8.971955605403476,train,3,-1.5999999999999996,-0.7999999999999998
-0.8249071145698064,-0.8842789661466087,0.05937185157680241,-0.7819492899693152,0,8.43610142006137,train,3,-1.5999999999999996,-0.7999999999999998
-1.5017872740825648,-1.1882128232694837,-0.3135744508130811,-1.4118497133820374,1,8.588150286617962,train,3,-1.5999999999999996,-0.7999999999999998
-0.0650582131347921,-1.1171491917118346,1.0520909785770425,-1.2480223165424054,0,7.503955366915189,train,3,-1.5999999999999996,-0.7999999999999998
-2.127400173385899,-1.5479457500937537,-0.5794544232921454,-2.396136045233314,0,5.207727909533372,train,3,-1.5999999999999996,-0.7999999999999998
-2.3504423695463705,-1.1679402162857546,-1.1825021532606161,-1.3640843488176153,0,7.271831302364769,train,3,-1.5999999999999996,-0.7999999999999998
-2.063845951706506,-1.4966505730636495,-0.5671953786428565,-2.2399629378517503,1,7.76003706214825,train,3,-1.5999999999999996,-0.7999999999999998
-0.9928281902049951,-1.108349722919734,0.11552153271473892,-1.2284391082962514,1,8.771560891703748,train,3,-1.5999999999999996,-0.7999999999999998
0.16597635177230918,-1.3090797223641293,1.4750560741364385,-1.7136897195049459,0,6.572620560990108,train,3,-1.5999999999999996,-0.7999999999999998
0.9340594444459256,-0.9857935725354032,1.9198530169813288,-0.9717889676521133,0,8.056422064695774,train,3,-1.5999999999999996,-0.7999999999999998
-2.040469822390326,-1.5611726908643577,-0.4792971315259683,-2.4372601707006596,1,7.562739829299341,train,3,-1.5999999999999996,-0.7999999999999998
-3.269165779258631,-1.5121455055057245,-1.7570202737529066,-2.286584029821163,0,5.426831940357674,train,3,-1.5999999999999996,-0.7999999999999998
-2.7134209636822932,-1.0527814279010976,-1.6606395357811956,-1.108348734933474,1,8.891651265066526,train,3,-1.5999999999999996,-0.7999999999999998
1.3621095410456645,-1.1882770423330746,2.550386583378739,-1.4120023293358397,0,7.175995341328321,train,3,-1.5999999999999996,-0.7999999999999998
-1.626130639966275,-1.1426869027082005,-0.48344373725807444,-1.3057333576208605,1,8.694266642379139,train,3,-1.5999999999999996,-0.7999999999999998
-0.3755469448786314,-0.9250344048074755,0.5494874599288441,-0.8556886500775204,1,9.14431134992248,train,3,-1.5999999999999996,-0.7999999999999998
1.090931934846815,-1.2098098886802604,2.3007418235270753,-1.463639966748544,0,7.072720066502912,train,3,-1.5999999999999996,-0.7999999999999998
-1.7680239509699172,-0.9518844622990839,-0.8161394886708333,-0.906084029566416,0,8.187831940867168,train,3,-1.5999999999999996,-0.7999999999999998
-1.4252938884387731,-1.1918050965640477,-0.2334887918747255,-1.4203993881960388,1,8.579600611803961,train,3,-1.5999999999999996,-0.7999999999999998
-1.5553376513144632,-0.8586234454077989,-0.6967142059066643,-0.7372342210039594,0,8.525531557992082,train,3,-1.5999999999999996,-0.7999999999999998
-2.381556986755807,-1.066457782768299,-1.315099203987508,-1.1373322024270764,0,7.725335595145847,train,3,-1.5999999999999996,-0.7999999999999998
-0.5213118843399365,-1.4810185284527542,0.9597066441128177,-2.1934158816203615,0,5.613168236759277,train,3,-1.5999999999999996,-0.7999999999999998
-0.029517736386845295,-1.308357459739395,1.2788397233525497,-1.7117992424557227,1,8.288200757544278,train,3,-1.5999999999999996,-0.7999999999999998
-3.155866192205966,-0.9073800672447204,-2.2484861249612456,-0.8233385864330334,1,9.176661413566967,train,3,-1.5999999999999996,-0.7999999999999998
-0.14171903618623705,-1.319771831315587,1.17805279512935,-1.7417976867340983,0,6.516404626531804,train,3,-1.5999999999999996,-0.7999999999999998
-1.7319399321662519,-1.4487793924350758,-0.2831605397311761,-2.0989617279445474,1,7.901038272055453,train,3,-1.5999999999999996,-0.7999999999999998
-1.0015513701706007,-1.2219029526673812,0.22035158249678052,-1.4930468257372644,1,8.506953174262735,train,3,-1.5999999999999996,-0.7999999999999998
-1.0483322583544215,-1.2857750601422957,0.2374428017878742,-1.6532175052839242,0,6.693564989432152,train,3,-1.5999999999999996,-0.7999999999999998
-2.6727024654731455,-1.104856058684725,-1.5678464067884208,-1.2207069104123442,0,7.558586179175311,train,3,-1.5999999999999996,-0.7999999999999998
-1.6236320651608191,-1.250586966448389,-0.37304509871243,-1.5639677606505842,1,8.436032239349416,train,3,-1.5999999999999996,-0.7999999999999998
-2.5803581391420893,-1.3912622741644032,-1.1890958649776862,-1.935610715513107,1,8.064389284486893,train,3,-1.5999999999999996,-0.7999999999999998
1.028279656651426,-1.2700222306697944,2.2983018873212204,-1.6129564663954803,0,6.77408706720904,train,3,-1.5999999999999996,-0.7999999999999998
1.3582450086038302,-1.2647727723581594,2.6230177809619897,-1.5996501656985447,0,6.800699668602911,train,3,-1.5999999999999996,-0.7999999999999998
-0.7772224440593779,-0.8780625152990871,0.10084007123970916,-0.7709937807733596,0,8.45801243845328,train,3,-1.5999999999999996,-0.7999999999999998
-2.2310542149324664,-0.8163069903676116,-1.4147472245648547,-0.6663571025230278,1,9.333642897476972,train,3,-1.5999999999999996,-0.7999999999999998
0.28612234696865424,-1.1011449284744685,1.3872672754431228,-1.2125201535050425,1,8.787479846494957,train,3,-1.5999999999999996,-0.7999999999999998
-1.7614549033177016,-1.5334527019433106,-0.2280022013743911,-2.3514771890972397,0,5.297045621805521,train,3,-1.5999999999999996,-0.7999999999999998
1.0809323817783032,-1.0136010259232038,2.094533407701507,-1.0273870397525713,0,7.945225920494858,train,3,-1.5999999999999996,-0.7999999999999998
1.3054115883763469,-1.0570516780168127,2.3624632663931595,-1.1173582499981594,1,8.882641750001842,train,3,-1.5999999999999996,-0.7999999999999998
1.068306007855318,-0.9391817063798241,2.007487714235142,-0.8820622775985182,0,8.235875444802964,train,3,-1.5999999999999996,-0.7999999999999998
-1.7963502720149949,-1.322038930631155,-0.47431134138383985,-1.7477869341043681,1,8.252213065895631,train,3,-1.5999999999999996,-0.7999999999999998
-2.7505856705141527,-1.5528959246735012,-1.1976897458406512,-2.4114857528675686,0,5.177028494264863,train,3,-1.5999999999999996,-0.7999999999999998
-1.9062025565585867,-1.1105425468357661,-0.7956600097228206,-1.23330474833247,1,8.76669525166753,train,3,-1.5999999999999996,-0.7999999999999998
-1.616402590289724,-1.500788305349382,-0.11561428494034207,-2.25236553747347,1,7.7476344625265305,train,3,-1.5999999999999996,-0.7999999999999998
-2.1009451785840993,-0.9923763766693346,-1.1085688019147648,-0.9848108729713572,1,9.015189127028643,train,3,-1.5999999999999996,-0.7999999999999998
0.46758086734375814,-0.964461345938686,1.4320422132824442,-0.9301856878098619,0,8.139628624380276,train,3,-1.5999999999999996,-0.7999999999999998
-0.4841415792645122,-1.2730985706000815,0.7889569913355693,-1.6207799704639707,1,8.379220029536029,train,3,-1.5999999999999996,-0.7999999999999998
-0.8857203374427136,-0.8449619952935634,-0.04075834214915014,-0.7139607734904799,1,9.28603922650952,train,3,-1.5999999999999996,-0.7999999999999998
-1.9414477480532453,-1.460976164995779,-0.4804715830574663,-2.134451354685774,0,5.731097290628452,train,3,-1.5999999999999996,-0.7999999999999998
-0.06675394457168848,-0.8459313202184157,0.7791773756467272,-0.7155997985264717,0,8.568800402947057,train,3,-1.5999999999999996,-0.7999999999999998
0.4264952056707143,-1.2276082601459712,1.6541034658166855,-1.5070220403786185,1,8.492977959621381,train,3,-1.5999999999999996,-0.7999999999999998
-3.305359500743055,-0.9896050869797068,-2.315754413763348,-0.9793182281761131,1,9.020681771823886,train,3,-1.5999999999999996,-0.7999999999999998
-0.7170955349325508,-0.9977438436156695,0.28064830868311863,-0.9954927774729695,1,9.00450722252703,train,3,-1.5999999999999996,-0.7999999999999998
-1.1755904328475835,-0.8150320646949912,-0.3605583681525923,-0.6642772664809804,0,8.671445467038039,train,3,-1.5999999999999996,-0.7999999999999998
-1.7144532455848993,-0.8213776046968553,-0.893075640888044,-0.6746611694975434,0,8.650677661004913,train,3,-1.5999999999999996,-0.7999999999999998
-1.9774342937555227,-1.567927100287065,-0.4095071934684578,-2.4583953918146038,0,5.0832092163707925,train,3,-1.5999999999999996,-0.7999999999999998
-1.4258024281837383,-1.587222977974751,0.16142054979101272,-2.5192767818110373,1,7.480723218188963,train,3,-1.5999999999999996,-0.7999999999999998
1.0781108758926496,-1.1653677479811724,2.243478623873822,-1.3580819880347093,0,7.283836023930581,train,3,-1.5999999999999996,-0.7999999999999998
-1.5044293096659522,-1.5728979056812724,0.0684685960153202,-2.474007821696533,0,5.051984356606934,train,3,-1.5999999999999996,-0.7999999999999998
-1.5897323970266348,-1.0740122913317818,-0.515720105694853,-1.1535024019317441,0,7.692995196136511,train,3,-1.5999999999999996,-0.7999999999999998
-2.64470609614187,-1.1720779186684376,-1.4726281774734322,-1.3737666474301367,0,7.252466705139726,train,3,-1.5999999999999996,-0.7999999999999998
-0.13795417268417776,-1.0667532831197917,0.9287991104356139,-1.1379625670468545,0,7.7240748659062906,train,3,-1.5999999999999996,-0.7999999999999998
-2.149172346029352,-1.2469274365018637,-0.9022449095274885,-1.5548280319011092,1,8.44517196809889,train,3,-1.5999999999999996,-0.7999999999999998
-1.5185169295443912,-1.3820228330210107,-0.13649409652338063,-1.9099871109914204,1,8.09001288900858,train,3,-1.5999999999999996,-0.7999999999999998
0.015439311727981742,-0.8402648480417246,0.8557041597697064,-0.7060450148545826,0,8.587909970290834,train,3,-1.5999999999999996,-0.7999999999999998
-0.9545397250442018,-1.0173844478454022,0.0628447228012004,-1.0350711147176939,0,7.929857770564612,train,3,-1.5999999999999996,-0.7999999999999998
-2.058415219505489,-1.5949408501876134,-0.46347436931787556,-2.5438363155971873,1,7.456163684402813,train,3,-1.5999999999999996,-0.7999999999999998
-1.7278016233680746,-1.52053778808466,-0.20726383528341458,-2.3120351649933903,1,7.68796483500661,train,3,-1.5999999999999996,-0.7999999999999998
-0.016627381827413856,-1.0946462039000162,1.0780188220726024,-1.198250311712716,0,7.603499376574568,train,3,-1.5999999999999996,-0.7999999999999998
-1.393134003376477,-1.369570538401833,-0.023563464974643997,-1.875723459658287,1,8.124276540341713,train,3,-1.5999999999999996,-0.7999999999999998
-0.9826948207951556,-1.2739026581666737,0.2912078373715181,-1.6228279824841172,1,8.377172017515882,train,3,-1.5999999999999996,-0.7999999999999998
-0.4673569408457887,-0.974775100881832,0.5074181600360432,-0.9501864972991857,0,8.09962700540163,train,3,-1.5999999999999996,-0.7999999999999998
-1.7181307947238906,-1.3166835694565073,-0.40144722526738336,-1.7336556220767292,0,6.532688755846541,train,3,-1.5999999999999996,-0.7999999999999998
-0.46582618637058476,-0.8593531221765925,0.3935269358060078,-0.7384877885946576,1,9.261512211405343,train,3,-1.5999999999999996,-0.7999999999999998
-1.3558092926819156,-1.0236383028603067,-0.332170989821609,-1.047835375082729,1,8.952164624917271,train,3,-1.5999999999999996,-0.7999999999999998
0.20215314030450027,-1.1584588474149,1.3606119877194003,-1.3420269011538586,1,8.657973098846142,train,3,-1.5999999999999996,-0.7999999999999998
-0.8530558269755542,-1.4552281311799178,0.6021723042043636,-2.117688913777396,1,7.882311086222604,train,3,-1.5999999999999996,-0.7999999999999998
-3.348732416706154,-1.2723268882658803,-2.076405528440274,-1.6188157106043377,0,6.762368578791325,train,3,-1.5999999999999996,-0.7999999999999998
-1.2385192935991982,-0.9896945681253411,-0.2488247254738571,-0.9794953381768053,1,9.020504661823194,train,3,-1.5999999999999996,-0.7999999999999998
0.5236469448707591,-0.8073625451863541,1.3310094900571132,-0.6518342793697877,1,9.348165720630213,train,3,-1.5999999999999996,-0.7999999999999998
-1.6381678033821452,-0.6224054631282083,-1.0157623402539369,-0.3873885605318395,1,9.61261143946816,train,4,-0.7999999999999998,0.0
2.921555005927891,-0.10341415505809885,3.02496916098599,-0.010694487466380513,0,9.97861102506724,train,4,-0.7999999999999998,0.0
-2.113488013492387,-0.6346246757284587,-1.4788633377639282,-0.40274847904345135,0,9.194503041913098,train,4,-0.7999999999999998,0.0
0.8072326391780971,-0.06511127364966275,0.8723439128277598,-0.004239477956281267,0,9.991521044087438,train,4,-0.7999999999999998,0.0
-0.35412478004138814,-0.4092710489641366,0.055146268922748445,-0.16750279152020467,0,9.66499441695959,train,4,-0.7999999999999998,0.0
-0.895164084291317,-0.31060490967788335,-0.5845591746134337,-0.09647540991600607,1,9.903524590083993,train,4,-0.7999999999999998,0.0
0.7920851185722197,-0.1872737148157475,0.9793588333879673,-0.03507144426088993,0,9.92985711147822,train,4,-0.7999999999999998,0.0
-0.7229817551556466,-0.3852656097016453,-0.3377161454540012,-0.1484295900187805,1,9.85157040998122,train,4,-0.7999999999999998,0.0
-3.3653057838717064,-0.5625595987390223,-2.8027461851326843,-0.31647330213340974,1,9.68352669786659,train,4,-0.7999999999999998,0.0
-2.050557156723206,-0.6498230170709985,-1.4007341396522075,-0.42226995351525526,0,9.15546009296949,train,4,-0.7999999999999998,0.0
-0.18621729908451667,-0.7354069849881,0.5491896859035833,-0.5408234335692875,1,9.459176566430713,train,4,-0.7999999999999998,0.0
2.476310971042699,-0.20924776304082396,2.6855587340835227,-0.04378462633758881,1,9.956215373662411,train,4,-0.7999999999999998,0.0
-2.224463663454449,-0.4469526216832374,-1.7775110417712114,-0.19976664602951913,1,9.80023335397048,train,4,-0.7999999999999998,0.0
-0.69368648710311,-0.6733521058298789,-0.020334381273231034,-0.45340305842553247,0,9.093193883148935,train,4,-0.7999999999999998,0.0
1.6448298771833139,-0.09605037503897688,1.7408802522222908,-0.009225674545128114,1,9.990774325454872,train,4,-0.7999999999999998,0.0
0.14751355256400345,-0.5807308304062202,0.7282443829702236,-0.33724829738429807,1,9.662751702615703,train,4,-0.7999999999999998,0.0
-0.9193569976294429,-0.46861198473515886,-0.450745012894284,-0.21959719223742477,0,9.560805615525151,train,4,-0.7999999999999998,0.0
-2.2694455127312168,-0.5631360538130815,-1.7063094589181353,-0.3171222151041698,0,9.365755569791661,train,4,-0.7999999999999998,0.0
-2.434351230504838,-0.2969696728964133,-2.1373815576084243,-0.08819098662020271,0,9.823618026759595,train,4,-0.7999999999999998,0.0
-1.2336166966240607,-0.33612975184836386,-0.8974869447756969,-0.11298321007764267,1,9.887016789922358,train,4,-0.7999999999999998,0.0
-0.7621480798821229,-0.3200566427000099,-0.44209143718211297,-0.10243625453640179,0,9.795127490927197,train,4,-0.7999999999999998,0.0
-3.2862864601037685,-0.587344705971594,-2.6989417541321745,-0.3449738036328583,1,9.655026196367142,train,4,-0.7999999999999998,0.0
-2.604661344497536,-0.5722512954869088,-2.032410049010627,-0.3274715451864454,0,9.34505690962711,train,4,-0.7999999999999998,0.0
-0.23275127701108217,-0.5971294353809699,0.3643781583698877,-0.35656356259839583,1,9.643436437401604,train,4,-0.7999999999999998,0.0
-1.0287396474943447,-0.5379488418490126,-0.49079080564533195,-0.289388956446694,0,9.421222087106612,train,4,-0.7999999999999998,0.0
-1.5904652679707663,-0.6846685594772635,-0.9057967084935028,-0.46877103633667105,1,9.53122896366333,train,4,-0.7999999999999998,0.0
-1.1565327092816047,-0.6675097110389857,-0.48902299824261897,-0.4455692143313502,1,9.55443078566865,train,4,-0.7999999999999998,0.0
-1.0040052900732115,-0.02885557674564651,-0.9751497133275651,-0.0008326443093238957,0,9.998334711381352,train,4,-0.7999999999999998,0.0
1.081200821728921,-0.031818627771444945,1.113019449500366,-0.0010124250732577674,1,9.998987574926742,train,4,-0.7999999999999998,0.0
1.31867660393926,-0.6492682755232517,1.9679448794625116,-0.4215492936009371,0,9.156901412798126,train,4,-0.7999999999999998,0.0
1.7077838836917008,-0.7805547506964102,2.488338634388111,-0.6092657188347351,0,8.781468562330529,train,4,-0.7999999999999998,0.0
0.21540186885653367,-0.6363555628960393,0.851757431752573,-0.4049484024287351,0,9.19010319514253,train,4,-0.7999999999999998,0.0
0.6564580019528831,-0.24012510869875395,0.896583110651637,-0.057660067827588396,1,9.94233993217241,train,4,-0.7999999999999998,0.0
1.5793262440524531,-0.17638833155557615,1.7557145756080292,-0.03111284350895986,0,9.93777431298208,train,4,-0.7999999999999998,0.0
1.304485051036481,-0.7816535260487346,2.0861385770852157,-0.6109822347844198,0,8.778035530431161,train,4,-0.7999999999999998,0.0
1.4203761478235735,-0.3378697134961951,1.7582458613197687,-0.11415594329800097,0,9.771688113403998,train,4,-0.7999999999999998,0.0
0.6560538248260516,-0.7986862618271636,1.4547400866532152,-0.6378997448314485,0,8.724200510337102,train,4,-0.7999999999999998,0.0
-1.1492049100156216,-0.3876219104756851,-0.7615829995399366,-0.15025074548082004,0,9.69949850903836,train,4,-0.7999999999999998,0.0
-2.207802063761202,-0.2881638590953142,-1.919638204665888,-0.08303840968870412,0,9.833923180622591,train,4,-0.7999999999999998,0.0
1.0410828968674426,-0.011500477756648928,1.0525833746240916,-0.00013226098863117674,1,9.99986773901137,train,4,-0.7999999999999998,0.0
-0.7053208612703669,-0.5927219228711152,-0.11259893839925166,-0.3513192778520323,1,9.648680722147967,train,4,-0.7999999999999998,0.0
-0.22480773341520044,-0.1580024917897038,-0.06680524162549666,-0.024964787411755417,1,9.975035212588244,train,4,-0.7999999999999998,0.0
-1.1709184113327777,-0.10361353039881346,-1.0673048809339643,-0.010735763681705842,0,9.978528472636588,train,4,-0.7999999999999998,0.0
-1.6229420508781158,-0.06180030884346407,-1.5611417420346518,-0.003819278173147543,1,9.996180721826853,train,4,-0.7999999999999998,0.0
0.8843713144769708,-0.798228629974045,1.6825999444510158,-0.6371689457102409,1,9.362831054289758,train,4,-0.7999999999999998,0.0
0.13371188986249616,-0.42440930259393805,0.5581211924564342,-0.18012325612827287,1,9.819876743871728,train,4,-0.7999999999999998,0.0
-1.2928641531735994,-0.014825009915191598,-1.2780391432584077,-0.00021978091898552918,0,9.999560438162028,train,4,-0.7999999999999998,0.0
-0.01233942722385517,-0.48084415687771953,0.46850472965386436,-0.23121110320344496,1,9.768788896796554,train,4,-0.7999999999999998,0.0
0.21770618871952804,-0.14901401793046545,0.3667202066499935,-0.02220517753978108,1,9.977794822460218,train,4,-0.7999999999999998,0.0
0.2633845867575793,-0.3628348016220177,0.626219388379597,-0.13164909326808893,1,9.86835090673191,train,4,-0.7999999999999998,0.0
2.496608246206059,-0.18331673028782033,2.6799249764938793,-0.033605023603417467,1,9.966394976396582,train,4,-0.7999999999999998,0.0
-0.4536976614860237,-0.4120551400092335,-0.041642521476790206,-0.16978943840802901,1,9.83021056159197,train,4,-0.7999999999999998,0.0
-2.3122585677793355,-0.7767107490618257,-1.5355478187175096,-0.6032795877081824,1,9.396720412291817,train,4,-0.7999999999999998,0.0
-0.6869282794935321,-0.7307794492782358,0.04385116978470374,-0.5340386034874016,0,8.931922793025198,train,4,-0.7999999999999998,0.0
-1.4864648527261477,-0.7108369500975812,-0.7756279026285665,-0.5052891696240311,0,8.989421660751937,train,4,-0.7999999999999998,0.0
0.05927749358032686,-0.5990039106475618,0.6582814042278886,-0.3588056849710721,1,9.641194315028928,train,4,-0.7999999999999998,0.0
0.22458318125503882,-0.028067765978908005,0.2526509472339468,-0.0007877994870467457,0,9.998424401025906,train,4,-0.7999999999999998,0.0
0.12121494276137984,-0.2945871578098036,0.41580210057118344,-0.08678159354645813,1,9.913218406453542,train,4,-0.7999999999999998,0.0
-0.8271332398283421,-0.14667183790771046,-0.6804614019206316,-0.021512628035225693,1,9.978487371964775,train,4,-0.7999999999999998,0.0
0.14928016688594453,-0.34713440312579485,0.4964145700117394,-0.12050229383350185,0,9.758995412332997,train,4,-0.7999999999999998,0.0
-0.9040223028260288,-0.29171503553448547,-0.6123072672915433,-0.08509766195688612,1,9.914902338043113,train,4,-0.7999999999999998,0.0
0.4702331386037857,-0.15047808705567145,0.6207112256594571,-0.022643654683934235,1,9.977356345316066,train,4,-0.7999999999999998,0.0
-0.41986006186587727,-0.05865390780490055,-0.3612061540609767,-0.003440280900785773,1,9.996559719099213,train,4,-0.7999999999999998,0.0
-1.4119863065746194,-0.06989858903697346,-1.342087717537646,-0.004885812749359707,1,9.99511418725064,train,4,-0.7999999999999998,0.0
0.4580769246930969,-0.14015142364917962,0.5982283483422766,-0.019642421550891825,0,9.960715156898216,train,4,-0.7999999999999998,0.0
-1.5719504581829509,-0.7246378142581417,-0.8473126439248092,-0.525099961852817,1,9.474900038147183,train,4,-0.7999999999999998,0.0
1.2214960588224164,-0.5111612652289527,1.7326573240513692,-0.2612858390704637,0,9.477428321859072,train,4,-0.7999999999999998,0.0
-0.2400452615550126,-0.7715927745917356,0.531547513036723,-0.5953554098021728,1,9.404644590197828,train,4,-0.7999999999999998,0.0
0.1983329363871651,-0.3629133211673544,0.5612462575545195,-0.13170607868071935,1,9.86829392131928,train,4,-0.7999999999999998,0.0
-0.04147207514473736,-0.16308582331519658,0.12161374817045922,-0.026596985766395517,1,9.973403014233604,train,4,-0.7999999999999998,0.0
-0.8303081345722985,-0.7590857575189222,-0.07122237705337633,-0.5762111872680759,1,9.423788812731924,train,4,-0.7999999999999998,0.0
-3.5131031046207655,-0.6490658113655136,-2.864037293255252,-0.4212864274835724,0,9.157427145032855,train,4,-0.7999999999999998,0.0
0.9589868825834306,-0.507617785670268,1.4666046682536986,-0.25767581632878617,0,9.484648367342428,train,4,-0.7999999999999998,0.0
-1.5812617157295392,-0.6045673064336732,-0.9766944092958662,-0.36550162800846686,0,9.268996743983067,train,4,-0.7999999999999998,0.0
0.9835842071937487,-0.16393002166317436,1.1475142288569231,-0.026873052002488813,0,9.946253895995023,train,4,-0.7999999999999998,0.0
-1.2845367178915073,-0.5183240513869051,-0.7662126665046022,-0.268659822246135,0,9.46268035550773,train,4,-0.7999999999999998,0.0
-0.4606495555402809,-0.2888978543517077,-0.17175170118857325,-0.0834619702490205,1,9.91653802975098,train,4,-0.7999999999999998,0.0
-0.6742957575696193,-0.4052679584825921,-0.26902779908702723,-0.164242118172648,0,9.671515763654703,train,4,-0.7999999999999998,0.0
-1.5793944931551864,-0.3332002050239547,-1.2461942881312318,-0.11102237662800545,0,9.77795524674399,train,4,-0.7999999999999998,0.0
-0.25461137655527244,-0.04856051842811872,-0.2060508581271537,-0.0023581239500076578,1,9.997641876049993,train,4,-0.7999999999999998,0.0
0.5264474772288785,-0.04516793438729633,0.5716154116161749,-0.002040142296815106,0,9.99591971540637,train,4,-0.7999999999999998,0.0
-1.2076599769586263,-0.7106460582531428,-0.49701391870548356,-0.5050178201107292,0,8.989964359778542,train,4,-0.7999999999999998,0.0
-1.6420560388840155,-0.12515602711182097,-1.5169000117721945,-0.015664031122414865,1,9.984335968877586,train,4,-0.7999999999999998,0.0
-1.211036145811832,-0.523177478595238,-0.6878586672165939,-0.2737146741092707,1,9.726285325890728,train,4,-0.7999999999999998,0.0
-0.41955740260441954,-0.7193381817098837,0.2997807791054642,-0.5174474196656818,0,8.965105160668637,train,4,-0.7999999999999998,0.0
0.8833697507915921,-0.4932727471463077,1.3766424979378997,-0.2433180030772652,0,9.51336399384547,train,4,-0.7999999999999998,0.0
0.6114165859980436,-0.39171616212860155,1.0031327481266452,-0.15344155167276086,0,9.693116896654479,train,4,-0.7999999999999998,0.0
0.3137668396182189,-0.031117534427896124,0.344884374046115,-0.0009683009488713005,1,9.999031699051129,train,4,-0.7999999999999998,0.0
-1.6975054664333955,-0.502789907737594,-1.1947155586958016,-0.2527976913227783,1,9.747202308677222,train,4,-0.7999999999999998,0.0
0.298162890359409,-0.7901044707197137,1.0882673610791227,-0.6242650746512789,0,8.751469850697442,train,4,-0.7999999999999998,0.0
-0.08318159714609609,-0.11223449040944675,0.029052893263350657,-0.012596580837468193,1,9.987403419162531,train,4,-0.7999999999999998,0.0
-0.9990894819969565,-0.7111114003677076,-0.2879780816292489,-0.5056794237329221,0,8.988641152534155,train,4,-0.7999999999999998,0.0
0.6748039118775995,-0.41732876481057196,1.0921326766881714,-0.1741632979383177,1,9.825836702061682,train,4,-0.7999999999999998,0.0
0.6213977269160882,-0.12001597409104511,0.7414137010071333,-0.014403834037022412,0,9.971192331925955,train,4,-0.7999999999999998,0.0
0.21133202623893266,-0.38820962639945666,0.5995416526383893,-0.1507067140292057,0,9.698586571941588,train,4,-0.7999999999999998,0.0
-1.8245668319926696,-0.44271373766214933,-1.3818530943305203,-0.1959954535147904,0,9.60800909297042,train,4,-0.7999999999999998,0.0
-0.8922385441641163,-0.15961886339954423,-0.7326196807645721,-0.025478181552962362,1,9.974521818447037,train,4,-0.7999999999999998,0.0
-2.828349386265507,-0.7836868972414793,-2.0446624890240277,-0.614165152907977,0,8.771669694184046,train,4,-0.7999999999999998,0.0
-0.10858022759412372,-0.34190508095376054,0.23332485335963682,-0.11689908438199755,0,9.766201831236005,train,4,-0.7999999999999998,0.0
-0.43700360920215753,-0.47089310737649864,0.0338894981743411,-0.22174031857469467,0,9.556519362850612,train,4,-0.7999999999999998,0.0
1.1071820457370138,-0.01189056184335637,1.1190726075803703,-0.00014138546095068244,1,9.999858614539049,train,4,-0.7999999999999998,0.0
0.09557320685246745,-0.1588787756711439,0.25445198252361134,-0.025242465358761665,0,9.949515069282477,train,4,-0.7999999999999998,0.0
-1.1983638005453634,-0.7568303182838824,-0.44153348226148104,-0.5727921306736827,0,8.854415738652634,train,4,-0.7999999999999998,0.0
1.8861683040122972,-0.6476177812355978,2.533786085247895,-0.41940879057251856,1,9.580591209427482,train,4,-0.7999999999999998,0.0
-1.6735531164286237,-0.43806492334641955,-1.2354881930822041,-0.19190087706650444,0,9.616198245866991,train,4,-0.7999999999999998,0.0
-1.841182709371466,-0.2376463383056174,-1.6035363710658488,-0.05647578211006796,1,9.943524217889932,train,4,-0.7999999999999998,0.0
-1.2670423097207004,-0.5343614803714579,-0.7326808293492425,-0.285542191704776,0,9.428915616590448,train,4,-0.7999999999999998,0.0
0.1176196711049875,-0.5120134438629538,0.6296331149679413,-0.2621577666964021,0,9.475684466607195,train,4,-0.7999999999999998,0.0
-0.48199329789104417,-0.0628235472326584,-0.41916975065838574,-0.003946798086894061,1,9.996053201913107,train,4,-0.7999999999999998,0.0
-0.5659817505962833,-0.037095595418122324,-0.528886155178161,-0.001376083199425018,0,9.99724783360115,train,4,-0.7999999999999998,0.0
-1.8193965381357031,-0.47385141705828504,-1.345545121077418,-0.22453516544814478,0,9.550929669103711,train,4,-0.7999999999999998,0.0
1.6862705995720766,-0.08114307609222136,1.767413675664298,-0.006584198797708027,1,9.993415801202293,train,4,-0.7999999999999998,0.0
-1.283844083463997,-0.5357973984323948,-0.7480466850316022,-0.28707885216692247,1,9.712921147833077,train,4,-0.7999999999999998,0.0
-2.030651487431513,-0.7338091447360097,-1.2968423426955034,-0.538475860898194,0,8.923048278203613,train,4,-0.7999999999999998,0.0
-0.5256620588660756,-0.3786259476331268,-0.1470361112329489,-0.14335760822108326,0,9.713284783557834,train,4,-0.7999999999999998,0.0
-1.2406162018944362,-0.27132448723329167,-0.9692917146611445,-0.07361697737240866,0,9.852766045255184,train,4,-0.7999999999999998,0.0
-0.36468003309420804,-0.0856125645157613,-0.2790674685784468,-0.0073295112029653905,1,9.992670488797035,train,4,-0.7999999999999998,0.0
1.5743064415625547,-0.02787396238852748,1.6021804039510823,-0.0007769577792370446,0,9.998446084441525,train,4,-0.7999999999999998,0.0
-0.7198019305179613,-0.1840538584869482,-0.535748072031013,-0.03387582282393355,1,9.966124177176066,train,4,-0.7999999999999998,0.0
-0.25246712654239867,-0.1927207053685392,-0.059746421173859456,-0.03714127027774729,1,9.962858729722253,train,4,-0.7999999999999998,0.0
-0.6742144970134655,-0.23196076211644923,-0.44225373489701625,-0.053805795161643945,1,9.946194204838356,train,4,-0.7999999999999998,0.0
-0.4688452160769645,-0.23875773393490207,-0.23008748214206243,-0.05700525551372949,0,9.885989488972541,train,4,-0.7999999999999998,0.0
0.7974810089856937,-0.18613489510577322,0.9836159040914669,-0.0346461991760372,0,9.930707601647926,train,4,-0.7999999999999998,0.0
0.6174400522607152,-0.020520416891484844,0.6379604691522001,-0.00042108750940033653,1,9.9995789124906,train,4,-0.7999999999999998,0.0
-0.9109664291616751,-0.5010283860832244,-0.4099380430784507,-0.2510294436611606,0,9.49794111267768,train,4,-0.7999999999999998,0.0
-1.8506370222014397,-0.7335564455692439,-1.1170805766321958,-0.5381050588361831,0,8.923789882327634,train,4,-0.7999999999999998,0.0
-0.7693480414473848,-0.60828764831022,-0.16106039313716478,-0.37001386308677786,0,9.259972273826444,train,4,-0.7999999999999998,0.0
0.3762985436635916,-0.6228137919656037,0.9991123356291953,-0.3878970194625743,0,9.224205961074851,train,4,-0.7999999999999998,0.0
-0.5299440852992044,-0.5091201625567151,-0.020823922742489332,-0.259203339921776,0,9.481593320156447,train,4,-0.7999999999999998,0.0
-0.30493848065441986,-0.15174861431011855,-0.1531898663443013,-0.023027641945041116,1,9.976972358054958,train,4,-0.7999999999999998,0.0
-2.921423013166126,-0.75192306410692,-2.169499949059206,-0.5653882943359393,1,9.43461170566406,train,4,-0.7999999999999998,0.0
0.7525576185632764,-0.44020515368275503,1.1927627722460314,-0.19378057732885798,0,9.612438845342284,train,4,-0.7999999999999998,0.0
-1.9388182085952275,-0.149463578013324,-1.7893546305819035,-0.02233936115254499,1,9.977660638847455,train,4,-0.7999999999999998,0.0
-2.127138276441772,-0.5886093003674808,-1.5385289760742913,-0.3464609084790953,0,9.30707818304181,train,4,-0.7999999999999998,0.0
-1.2001281061584437,-0.749279214421305,-0.4508488917371388,-0.5614193411638079,0,8.877161317672384,train,4,-0.7999999999999998,0.0
-0.5647412112739016,-0.606313862195252,0.041572650921350374,-0.367616499490123,0,9.264767001019754,train,4,-0.7999999999999998,0.0
-0.6778498408991904,-0.7319436305998274,0.0540937897006369,-0.5357414783756566,1,9.464258521624343,train,4,-0.7999999999999998,0.0
-1.0702743231377316,-0.15377805172211834,-0.9164962714156134,-0.0236476891914505,0,9.9527046216171,train,4,-0.7999999999999998,0.0
-1.0395661481254919,-0.6637999394895341,-0.3757662086359577,-0.4406303596663091,0,9.118739280667382,train,4,-0.7999999999999998,0.0
-1.3721117422415139,-0.643724299550049,-0.728387442691465,-0.41438097383120115,0,9.171238052337598,train,4,-0.7999999999999998,0.0
-2.31974786534213,-0.14828639075371172,-2.171461474588418,-0.02198885368276248,0,9.956022292634476,train,4,-0.7999999999999998,0.0
-0.45839286737925977,-0.15177157665400345,-0.30662129072525635,-0.023034611480042048,1,9.976965388519957,train,4,-0.7999999999999998,0.0
-1.1610601135931828,-0.32850089741300587,-0.832559216180177,-0.10791283960115021,0,9.7841743207977,train,4,-0.7999999999999998,0.0
0.43482478126217006,-0.06821252790603037,0.5030373091682004,-0.004652948963330972,1,9.995347051036669,train,4,-0.7999999999999998,0.0
-0.926382914470764,-0.7521426905962921,-0.17424022387447188,-0.5657186270174296,1,9.43428137298257,train,4,-0.7999999999999998,0.0
1.1285588720747675,-0.028002687783734177,1.1565615598585017,-0.0007841505231132953,1,9.999215849476887,train,4,-0.7999999999999998,0.0
0.4922465593566905,-0.3432198265153553,0.8354663858720458,-0.1177998493132306,1,9.882200150686769,train,4,-0.7999999999999998,0.0
0.5213010448513917,-0.5579855099996844,1.0792865548510762,-0.3113478293696079,0,9.377304341260784,train,4,-0.7999999999999998,0.0
1.3106183489810312,-0.13943533880131942,1.4500536877823507,-0.019442213706638733,0,9.961115572586722,train,4,-0.7999999999999998,0.0
0.5594382694574651,-0.27246617571734294,0.8319044451748081,-0.074237816910034,0,9.851524366179932,train,4,-0.7999999999999998,0.0
0.776149254357263,0.7142881211488019,0.061861133208461115,-0.5102075200142855,1,9.489792479985715,train,5,0.0,0.8000000000000007
0.0020791391975776286,0.265583844240942,-0.2635047050433644,-0.07053477832179694,1,9.929465221678203,train,5,0.0,0.8000000000000007
-0.0069244989297205795,0.656983298446266,-0.6639077973759866,-0.43162705443733546,1,9.568372945562665,train,5,0.0,0.8000000000000007
-0.41533574327376577,0.03335730058019995,-0.4486930438539657,-0.0011127095019978078,1,9.998887290498002,train,5,0.0,0.8000000000000007
-1.3351748863649129,0.08612534394877444,-1.4213002303136872,-0.007417574870294698,1,9.992582425129706,train,5,0.0,0.8000000000000007
-0.15776616208903788,0.4760416513649926,-0.6338078134540305,-0.22661565383430915,0,9.546768692331382,train,5,0.0,0.8000000000000007
-0.37238677524800634,0.42385388975425764,-0.796240665002264,-0.17965211985981439,1,9.820347880140186,train,5,0.0,0.8000000000000007
-0.1854378378331728,0.33504594284532374,-0.5204837806784965,-0.11225578381711195,1,9.887744216182888,train,5,0.0,0.8000000000000007
-0.265966609758743,0.2683262794186636,-0.5342928891774066,-0.07199899222666274,1,9.928001007773338,train,5,0.0,0.8000000000000007
0.327664474632585,0.49801554575687257,-0.17035107112428755,-0.24801948381551564,0,9.503961032368968,train,5,0.0,0.8000000000000007
0.8933942719715122,0.35051314088709956,0.5428811310844127,-0.12285946193453971,1,9.87714053806546,train,5,0.0,0.8000000000000007
0.21735060591055372,0.5887056850789527,-0.371355079168399,-0.34657438364427906,0,9.306851232711441,train,5,0.0,0.8000000000000007
0.5233854863271609,0.41442912959941536,0.10895635672774552,-0.171751503460529,1,9.828248496539471,train,5,0.0,0.8000000000000007
0.7874067870070327,0.4630868801809261,0.3243199068261066,-0.21444945859570338,0,9.571101082808593,train,5,0.0,0.8000000000000007
0.13889388462628027,0.5162840767164755,-0.3773901920901952,-0.26654924787098355,1,9.733450752129016,train,5,0.0,0.8000000000000007
0.6182087247699987,0.7921794170987339,-0.1739706923287352,-0.6275482288748897,0,8.74490354225022,train,5,0.0,0.8000000000000007
1.0823312347827418,0.6558865575374737,0.4264446772452682,-0.4301871763583578,0,9.139625647283285,train,5,0.0,0.8000000000000007
-1.708142757391783,0.3305607478529449,-2.0387035052447278,-0.10927040802109823,1,9.890729591978902,train,5,0.0,0.8000000000000007
1.4897232076818705,0.7010141241653025,0.7887090835165681,-0.49142080227924617,0,9.017158395441507,train,5,0.0,0.8000000000000007
0.09215679060698989,0.6590075460564176,-0.5668507554494278,-0.43429094575930144,0,9.131418108481396,train,5,0.0,0.8000000000000007
-4.384703183214696,0.04357960625788375,-4.42828278947258,-0.0018991820815921804,1,9.998100817918408,train,5,0.0,0.8000000000000007
1.215519688897853,0.5749097892513559,0.640609899646497,-0.3305212657770385,0,9.338957468445923,train,5,0.0,0.8000000000000007
-0.7998852234959432,0.6417364499395809,-1.441621673435524,-0.41182567118105623,0,9.176348657637888,train,5,0.0,0.8000000000000007
1.6591085947078077,0.5891253150491517,1.069983279658656,-0.3470686368317622,0,9.305862726336475,train,5,0.0,0.8000000000000007
-0.6143681159026483,0.5673054006249344,-1.1816735165275827,-0.3218354175782173,1,9.678164582421783,train,5,0.0,0.8000000000000007
0.17999711574799826,0.4327494834420229,-0.25275236769402465,-0.18727211541933766,1,9.812727884580662,train,5,0.0,0.8000000000000007
0.8992488485923265,0.09985933950448792,0.7993895090878386,-0.009971887686272581,0,9.980056224627456,train,5,0.0,0.8000000000000007
-0.18938006163946675,0.7661178363757354,-0.9554978980152021,-0.586936539213038,1,9.413063460786962,train,5,0.0,0.8000000000000007
-0.8718987502578028,0.3226050389879362,-1.194503789245739,-0.10407401118040782,1,9.895925988819592,train,5,0.0,0.8000000000000007
0.03660833655958606,0.17356092825884822,-0.13695259169926216,-0.03012339581807306,0,9.939753208363854,train,5,0.0,0.8000000000000007
2.218038505104499,0.5738206771626561,1.6442178279418431,-0.32927016953940913,0,9.341459660921181,train,5,0.0,0.8000000000000007
2.114949958612118,0.7953659507375508,1.319584007874567,-0.6326069955926481,1,9.367393004407353,train,5,0.0,0.8000000000000007
1.885188992727121,0.20449124448066822,1.680697748246453,-0.04181666906925242,1,9.958183330930748,train,5,0.0,0.8000000000000007
0.9986971989279618,0.5370475455514248,0.461649653376537,-0.28842006618280963,0,9.42315986763438,train,5,0.0,0.8000000000000007
1.065145667974602,0.47920473051129364,0.5859409374633083,-0.22963717374440157,1,9.770362826255598,train,5,0.0,0.8000000000000007
1.8582373935963308,0.573865716444411,1.2843716771519198,-0.3293218605102571,1,9.670678139489743,train,5,0.0,0.8000000000000007
1.4321437106950858,0.7498796277159243,0.6822640829791614,-0.5623194560633732,0,8.875361087873253,train,5,0.0,0.8000000000000007
-0.6845108722652964,0.2814478148317619,-0.9659586870970583,-0.07921287247357374,0,9.841574255052853,train,5,0.0,0.8000000000000007
1.1420637423041726,0.20290727797711697,0.9391564643270556,-0.041171363456083014,0,9.917657273087833,train,5,0.0,0.8000000000000007
-0.2701242427083741,0.3219780072294187,-0.5921022499377928,-0.10366983713942761,0,9.792660325721144,train,5,0.0,0.8000000000000007
-0.38665458016381804,0.5972085737479885,-0.9838631539118066,-0.35665808055810666,1,9.643341919441893,train,5,0.0,0.8000000000000007
0.7457128804360874,0.5792564539293511,0.16645642650673628,-0.33553803941880644,0,9.328923921162387,train,5,0.0,0.8000000000000007
0.22921545811834432,0.32488623684671175,-0.09567077872836742,-0.10555106689241768,1,9.894448933107583,train,5,0.0,0.8000000000000007
1.838702463176737,0.7915038786240026,1.0471985845527343,-0.6264783898768399,0,8.74704322024632,train,5,0.0,0.8000000000000007
0.6946195867589403,0.3603994245961331,0.3342201621628072,-0.12988774524922383,0,9.740224509501552,train,5,0.0,0.8000000000000007
-0.2140014118107163,0.2990467472802826,-0.5130481590909989,-0.0894289570589172,1,9.910571042941083,train,5,0.0,0.8000000000000007
0.49559175706217184,0.5677028849353621,-0.0721111278731903,-0.32228656556393304,1,9.677713434436066,train,5,0.0,0.8000000000000007
-0.6162191071570402,0.06596684264936685,-0.682185949806407,-0.004351624329126325,0,9.991296751341748,train,5,0.0,0.8000000000000007
-0.06969242920173102,0.31869833504902684,-0.38839076425075786,-0.10156862876302176,1,9.898431371236978,train,5,0.0,0.8000000000000007
2.136028818613263,0.6167047730463043,1.5193240455669588,-0.38032477709809376,1,9.619675222901906,train,5,0.0,0.8000000000000007
1.1080767985372386,0.6118007868003742,0.49627601173686453,-0.37430020272955694,0,9.251399594540887,train,5,0.0,0.8000000000000007
-0.22096464032542013,0.22708750684615808,-0.4480521471715782,-0.0515687357656039,0,9.896862528468793,train,5,0.0,0.8000000000000007
-0.23256580028451648,0.15163375229630457,-0.38419955258082106,-0.02299279483545705,0,9.954014410329085,train,5,0.0,0.8000000000000007
-0.33483423081057523,0.37700077178825236,-0.7118350025988276,-0.14212958192893793,1,9.857870418071062,train,5,0.0,0.8000000000000007
0.04265588989680111,0.26784483560209904,-0.22518894570529793,-0.07174085595871546,0,9.856518288082569,train,5,0.0,0.8000000000000007
-1.1958824803818189,0.5877880349709212,-1.7836705153527401,-0.3454947740549769,1,9.654505225945023,train,5,0.0,0.8000000000000007
0.8855589914130848,0.15128569242789164,0.7342732989851931,-0.022887360733386628,0,9.954225278533226,train,5,0.0,0.8000000000000007
-0.058929617107432275,0.26488325929687034,-0.3238128764043026,-0.07016314105573306,1,9.929836858944267,train,5,0.0,0.8000000000000007
1.5063744632911666,0.6753827366580557,0.8309917266331109,-0.45614184097572463,0,9.087716318048551,train,5,0.0,0.8000000000000007
1.6456192183093523,0.4920192274579013,1.153599990851451,-0.24208292018827,0,9.51583415962346,train,5,0.0,0.8000000000000007
1.0863140300719574,0.708211263789898,0.37810276628205947,-0.5015631941588844,0,8.996873611682231,train,5,0.0,0.8000000000000007
-0.4363561873522095,0.7812424163261431,-1.2175986036783526,-0.6103397130671108,0,8.779320573865778,train,5,0.0,0.8000000000000007
-0.7975639848581396,0.6695268743257466,-1.4670908591838863,-0.44826623544440414,0,9.103467529111192,train,5,0.0,0.8000000000000007
1.1320348149548618,0.14465970086875157,0.9873751140861103,-0.020926429055436683,1,9.979073570944564,train,5,0.0,0.8000000000000007
1.498498227069835,0.49472840676367114,1.0037698203061638,-0.24475619645892044,1,9.75524380354108,train,5,0.0,0.8000000000000007
-1.2728261538951344,0.38088709861867565,-1.65371325251381,-0.14507498189415274,0,9.709850036211694,train,5,0.0,0.8000000000000007
-0.8111892445833813,0.3233253237381828,-1.134514568321564,-0.10453926497040071,1,9.8954607350296,train,5,0.0,0.8000000000000007
1.9030507166960613,0.5935069500392078,1.3095437666568535,-0.35225049974484274,1,9.647749500255157,train,5,0.0,0.8000000000000007
0.7496639104724394,0.6607466313353475,0.08891727913709196,-0.4365861108210096,1,9.56341388917899,train,5,0.0,0.8000000000000007
2.983496283336348,0.5465838643901137,2.436912418946234,-0.29875392081163027,1,9.701246079188369,train,5,0.0,0.8000000000000007
0.7316909315238754,0.11141728439277801,0.6202736471310974,-0.012413811261461174,1,9.987586188738538,train,5,0.0,0.8000000000000007
1.6768888815449692,0.5622600459187295,1.1146288356262397,-0.31613635923653177,1,9.683863640763468,train,5,0.0,0.8000000000000007
-0.05393538300027973,0.0470698321313105,-0.10100521513159023,-0.0022155690968697506,1,9.99778443090313,train,5,0.0,0.8000000000000007
-0.3841464574249319,0.15413237980097283,-0.5382788372259047,-0.023756790503111337,0,9.952486418993777,train,5,0.0,0.8000000000000007
-1.0000785011420814,0.7398350119641577,-1.739913513106239,-0.5473558449280054,1,9.452644155071994,train,5,0.0,0.8000000000000007
-2.9242349818991635,0.3240819658911936,-3.2483169477903573,-0.10502912061590076,1,9.894970879384099,train,5,0.0,0.8000000000000007
1.4574657594845521,0.11863322608075466,1.3388325334037974,-0.014073842330327447,0,9.971852315339346,train,5,0.0,0.8000000000000007
1.4987536135943702,0.5458297045396675,0.9529239090547027,-0.29793006635786073,0,9.404139867284279,train,5,0.0,0.8000000000000007
-0.47432937840374834,0.13079100061169488,-0.6051203790154432,-0.01710628584100837,0,9.965787428317983,train,5,0.0,0.8000000000000007
1.7815921131837502,0.5185801928532089,1.2630119203305412,-0.2689254164196713,0,9.462149167160657,train,5,0.0,0.8000000000000007
-1.559172749904361,0.2012913145363826,-1.7604640644407437,-0.04051819330778492,0,9.918963613384431,train,5,0.0,0.8000000000000007
1.9220253903377962,0.033100401040721414,1.8889249892970748,-0.0010956365490565913,0,9.997808726901887,train,5,0.0,0.8000000000000007
1.333782940878093,0.7669780802527797,0.5668048606253133,-0.5882553755882394,1,9.41174462441176,train,5,0.0,0.8000000000000007
2.0652924339127128,0.052976384650745306,2.0123160492619676,-0.0028064973306637228,0,9.994387005338673,train,5,0.0,0.8000000000000007
-1.6191009351123886,0.41035214886851107,-2.0294530839808997,-0.16838888608100466,0,9.663222227837991,train,5,0.0,0.8000000000000007
1.9864062020253914,0.273037272975937,1.7133689290494545,-0.07454935243413634,0,9.850901295131727,train,5,0.0,0.8000000000000007
1.6422804046757244,0.5280078549163186,1.1142725497594057,-0.2787922948533322,1,9.721207705146668,train,5,0.0,0.8000000000000007
1.0829059975182884,0.675541869695032,0.4073641278232563,-0.4563568177110597,1,9.54364318228894,train,5,0.0,0.8000000000000007
-0.5594452193486343,0.48309324536568493,-1.0425384647143192,-0.23337908371794985,0,9.5332418325641,train,5,0.0,0.8000000000000007
0.895576148682564,0.46977095278058867,0.42580519590197524,-0.22068474807638208,1,9.779315251923618,train,5,0.0,0.8000000000000007
0.4089969860420967,0.09362642842771356,0.31537055761438315,-0.008765908100129768,1,9.99123409189987,train,5,0.0,0.8000000000000007
-0.16248148016170527,0.568360268354222,-0.7308417485159273,-0.3230333946436833,0,9.353933210712633,train,5,0.0,0.8000000000000007
-1.4816439022955987,0.1636186062761064,-1.6452625085717052,-0.02677104831973552,1,9.973228951680264,train,5,0.0,0.8000000000000007
-0.8900554951108375,0.39229423460572804,-1.2823497297165656,-0.153894766504894,1,9.846105233495106,train,5,0.0,0.8000000000000007
-0.6075540415143369,0.02928682434880863,-0.6368408658631455,-0.0008577180804379701,1,9.999142281919562,train,5,0.0,0.8000000000000007
1.616653583805832,0.252322860471017,1.364330723334815,-0.0636668259162763,0,9.872666348167447,train,5,0.0,0.8000000000000007
2.114894151077044,0.6904243256794741,1.4244698253975698,-0.4766857494899565,0,9.046628501020088,train,5,0.0,0.8000000000000007
2.475848288972618,0.4467732945793355,2.0290749943932824,-0.1996063767492737,0,9.600787246501453,train,5,0.0,0.8000000000000007
1.0257038995989942,0.43736626102118886,0.5883376385778053,-0.1912892462796547,0,9.61742150744069,train,5,0.0,0.8000000000000007
-1.4403764932438254,0.29425972714729004,-1.7346362203911154,-0.08658878702079759,1,9.913411212979202,train,5,0.0,0.8000000000000007
-0.22919562345842726,0.6625253480791583,-0.8917209715375856,-0.4389398368474099,0,9.12212032630518,train,5,0.0,0.8000000000000007
-1.1637729332551336,0.2210803675461114,-1.3848533008012451,-0.04887652891432371,1,9.951123471085676,train,5,0.0,0.8000000000000007
-0.2086822085009261,0.10052667333329932,-0.3092088818342254,-0.010105612051459871,0,9.979788775897081,train,5,0.0,0.8000000000000007
2.1024017158198953,0.4502248635941414,1.6521768522257538,-0.2027024277983632,0,9.594595144403273,train,5,0.0,0.8000000000000007
-0.0009056736481245775,0.21387120429915527,-0.21477687794727984,-0.04574089202837101,1,9.954259107971628,train,5,0.0,0.8000000000000007
0.10327204599083473,0.6200279426450872,-0.5167558966542525,-0.38443464966069957,1,9.6155653503393,train,5,0.0,0.8000000000000007
0.7784120442240852,0.14352507643163137,0.6348869677924538,-0.020599447564705626,0,9.958801104870588,train,5,0.0,0.8000000000000007
1.506642294269599,0.626605337069997,0.880036957199602,-0.39263424844460454,1,9.607365751555395,train,5,0.0,0.8000000000000007
1.6464560771668122,0.48639705666743455,1.1600590204993777,-0.23658209673474354,1,9.763417903265257,train,5,0.0,0.8000000000000007
-1.0889298215945935,0.033399100922842644,-1.1223289225174362,-0.0011154999424542284,1,9.998884500057546,train,5,0.0,0.8000000000000007
-0.6048298114857118,0.44902010575328144,-1.0538499172389932,-0.20161905537068806,0,9.596761889258623,train,5,0.0,0.8000000000000007
-0.012363724619659178,0.5345101878615541,-0.5468739124812133,-0.28570114092779386,1,9.714298859072207,train,5,0.0,0.8000000000000007
1.6424051728515439,0.7507140853332682,0.8916910875182757,-0.5635716379177655,0,8.87285672416447,train,5,0.0,0.8000000000000007
0.8607620968926888,0.6288046870495712,0.23195740984311763,-0.3953953344555091,1,9.60460466554449,train,5,0.0,0.8000000000000007
-0.5652436333712428,0.6003443772166704,-1.1655880105879133,-0.3604133712556719,0,9.279173257488656,train,5,0.0,0.8000000000000007
2.673887401869596,0.39764078066764297,2.276246621201953,-0.15811819044997255,1,9.841881809550028,train,5,0.0,0.8000000000000007
-0.617778737502397,0.03418600132230217,-0.6519647388246992,-0.0011686826864084458,1,9.998831317313591,train,5,0.0,0.8000000000000007
0.5049403803430198,0.6534939971565953,-0.1485536168135755,-0.42705440431970415,1,9.572945595680295,train,5,0.0,0.8000000000000007
-0.10499562038426989,0.010898995353471285,-0.11589461573774118,-0.00011878809971498867,0,9.99976242380057,train,5,0.0,0.8000000000000007
-0.543984579578471,0.44003294857208436,-0.9840175281505553,-0.19362899582904264,1,9.806371004170957,train,5,0.0,0.8000000000000007
0.4107453461737386,0.45343741706004137,-0.042692070886302794,-0.2056054911900819,0,9.588789017619836,train,5,0.0,0.8000000000000007
0.1579551555441466,0.0903346678297172,0.0676204877144294,-0.008160352211905345,0,9.98367929557619,train,5,0.0,0.8000000000000007
0.3646067396599454,0.05022099186501143,0.31438574779493395,-0.0025221480239055443,1,9.997477851976095,train,5,0.0,0.8000000000000007
0.8384660556688315,0.45977937997361956,0.3786866756952119,-0.21139707824892603,1,9.788602921751075,train,5,0.0,0.8000000000000007
-0.25096020062570185,0.38838821263255213,-0.639348413258254,-0.15084540371190852,1,9.849154596288091,train,5,0.0,0.8000000000000007
-0.869225240538658,0.24113767770811204,-1.11036291824677,-0.05814737961046131,1,9.941852620389538,train,5,0.0,0.8000000000000007
1.3445401756193687,0.031836446437302816,1.3127037291820658,-0.0010135593217552512,1,9.998986440678244,train,5,0.0,0.8000000000000007
0.24549527068604088,0.5071153091792909,-0.26162003849325005,-0.25716593680400784,0,9.485668126391984,train,5,0.0,0.8000000000000007
1.416753658675794,0.09946854656043502,1.317285112115359,-0.00989399175484543,1,9.990106008245155,train,5,0.0,0.8000000000000007
0.5533881823350775,0.009284675532309902,0.5441035068027675,-8.620519974027416e-05,1,9.99991379480026,train,5,0.0,0.8000000000000007
3.4406875951016507,0.22133327094282526,3.2193543241588256,-0.048988416826250096,0,9.9020231663475,train,5,0.0,0.8000000000000007
0.1261469263591602,0.24123643207532922,-0.11508950571616901,-0.058195016160434924,1,9.941804983839566,train,5,0.0,0.8000000000000007
-1.840756162106241,0.1442541052026755,-1.9850102673089165,-0.020809246867824573,1,9.979190753132176,train,5,0.0,0.8000000000000007
-0.3248784007357456,0.053582370465173716,-0.3784607712009193,-0.002871070424667121,0,9.994257859150666,train,5,0.0,0.8000000000000007
2.0773623014202625,0.6233871628208222,1.4539751385994404,-0.38861155476979425,1,9.611388445230206,train,5,0.0,0.8000000000000007
2.602011816274614,0.32059877938265324,2.2814130368919607,-0.10278357734164717,0,9.794432845316706,train,5,0.0,0.8000000000000007
2.2976217023244456,0.19665188104540246,2.100969821279043,-0.038671962318695116,1,9.961328037681305,train,5,0.0,0.8000000000000007
1.2217258307435543,0.41901775028480126,0.8027080804587531,-0.17557587505373606,0,9.648848249892527,train,5,0.0,0.8000000000000007
2.128457455060916,0.2039885551145722,1.9244688999463437,-0.04161133061773086,0,9.916777338764538,train,5,0.0,0.8000000000000007
-0.49430164995666315,0.6815267694435424,-1.1758284194002055,-0.4644787374681514,1,9.535521262531848,train,5,0.0,0.8000000000000007
-0.274666501511402,0.38680286247226253,-0.6614693639836645,-0.14961645441673604,1,9.850383545583265,train,5,0.0,0.8000000000000007
-0.5947037520936512,0.4985199609088605,-1.0932237130025118,-0.24852215142457182,1,9.751477848575428,train,5,0.0,0.8000000000000007
1.52413471955717,0.7784580039034136,0.7456767156537564,-0.605996863841287,0,8.788006272317427,train,5,0.0,0.8000000000000007
1.8828344134339714,0.28379802363348733,1.599036389800484,-0.08054131821827343,1,9.919458681781727,train,5,0.0,0.8000000000000007
0.26414771992151587,0.17971650737656455,0.08443121254495128,-0.03229802302363078,0,9.935403953952738,train,5,0.0,0.8000000000000007
1.325157187773184,0.7829710445011774,0.5421861432720068,-0.6130436565272647,0,8.77391268694547,train,5,0.0,0.8000000000000007
-0.03650295941253523,0.46965953680065065,-0.5061624962131859,-0.22058008050780173,0,9.558839838984397,train,5,0.0,0.8000000000000007
0.3893309237637753,0.7853451109900013,-0.39601418722622594,-0.6167669433558974,0,8.766466113288205,train,5,0.0,0.8000000000000007
0.9718417415705705,0.774932864252356,0.1969088773182145,-0.6005209440983603,0,8.79895811180328,train,5,0.0,0.8000000000000007
2.4652469638616905,0.564083148577111,1.9011638152845793,-0.318189798508667,1,9.681810201491333,train,5,0.0,0.8000000000000007
0.8877403177478389,0.8610466314991664,0.02669368624867256,-0.7414013016160612,1,9.258598698383938,train,6,0.8000000000000007,1.6000000000000005
0.9090527215249021,1.4239350337920922,-0.5148823122671901,-2.0275909804604866,0,5.944818039079027,train,6,0.8000000000000007,1.6000000000000005
0.37300103368188353,1.1507273851527153,-0.7777263514708318,-1.3241735149404057,1,8.675826485059595,train,6,0.8000000000000007,1.6000000000000005
3.4758648294831263,1.3787721422647536,2.097092687218373,-1.9010126202853381,0,6.197974759429323,train,6,0.8000000000000007,1.6000000000000005
1.1139278319634065,1.5823916095972828,-0.46846377763387625,-2.5039632061238795,1,7.4960367938761205,train,6,0.8000000000000007,1.6000000000000005
0.2156895317749783,1.2307966963283477,-1.0151071645533694,-1.5148605076927748,0,6.970278984614451,train,6,0.8000000000000007,1.6000000000000005
1.9654317703028794,1.200896370927951,0.7645353993749284,-1.4421520937079229,0,7.115695812584154,train,6,0.8000000000000007,1.6000000000000005
1.0143884794025138,0.8576409066878099,0.15674757271470377,-0.7355479248242887,1,9.264452075175711,train,6,0.8000000000000007,1.6000000000000005
0.9237745445143961,1.0147511840814976,-0.09097663956710139,-1.0297199655948013,1,8.9702800344052,train,6,0.8000000000000007,1.6000000000000005
2.1374681739210395,1.1999060006604485,0.9375621732605909,-1.4397744104209522,1,8.560225589579048,train,6,0.8000000000000007,1.6000000000000005
1.9297344959679754,1.343383996896753,0.5863504990712226,-1.8046805631182952,1,8.195319436881705,train,6,0.8000000000000007,1.6000000000000005
1.8776192300248122,1.442991228883501,0.4346280011413112,-2.082223686634716,0,5.835552626730568,train,6,0.8000000000000007,1.6000000000000005
2.2617934877885224,1.1047529065188313,1.157040581269691,-1.2204789844618056,0,7.559042031076389,train,6,0.8000000000000007,1.6000000000000005
1.193112786126473,0.8527490775247247,0.34036370860174825,-0.727180989219269,0,8.545638021561462,train,6,0.8000000000000007,1.6000000000000005
0.29021014053782823,1.0305164794463955,-0.7403063389085672,-1.0619642144105932,1,8.938035785589406,train,6,0.8000000000000007,1.6000000000000005
1.0929361480720232,1.5276748221756915,-0.43473867410366823,-2.333790362309531,0,5.332419275380938,train,6,0.8000000000000007,1.6000000000000005
0.34554148049875877,0.9707082828639331,-0.6251668023651743,-0.9422745704206454,0,8.11545085915871,train,6,0.8000000000000007,1.6000000000000005
1.413365637826068,1.1616991694541472,0.2516664683719207,-1.3495449603104555,0,7.300910079379089,train,6,0.8000000000000007,1.6000000000000005
0.2513829426503713,1.544964815751218,-1.2935818731008466,-2.386916281909195,0,5.22616743618161,train,6,0.8000000000000007,1.6000000000000005
-1.3789917780340124,0.8199193820402791,-2.1989111600742914,-0.6722677930453133,0,8.655464413909373,train,6,0.8000000000000007,1.6000000000000005
1.3862250434893735,1.2804391339712986,0.10578590951807483,-1.6395243758051692,0,6.720951248389662,train,6,0.8000000000000007,1.6000000000000005
-0.0437210596159161,1.560103600330917,-1.603824659946833,-2.4339232437654896,0,5.132153512469021,train,6,0.8000000000000007,1.6000000000000005
-1.3581314150373776,0.9842423032167725,-2.34237371825415,-0.9687329114414572,0,8.062534177117085,train,6,0.8000000000000007,1.6000000000000005
1.686788875968851,1.238791935388825,0.44799694058002587,-1.534605459184391,1,8.465394540815609,train,6,0.8000000000000007,1.6000000000000005
0.6740388645611368,1.5273026999093855,-0.8532638353482487,-2.3326535371504984,0,5.334692925699003,train,6,0.8000000000000007,1.6000000000000005
1.5018860632942919,0.9065355566074008,0.595350506686891,-0.82180671539349,1,9.17819328460651,train,6,0.8000000000000007,1.6000000000000005
0.5817055622294466,1.2187300645390133,-0.6370245023095668,-1.4853029702112677,1,8.514697029788731,train,6,0.8000000000000007,1.6000000000000005
0.053973021434932766,1.4003278872816285,-1.3463548658466957,-1.9609181918986291,0,6.078163616202742,train,6,0.8000000000000007,1.6000000000000005
-0.15701042392008713,1.3352105927071316,-1.4922210166272187,-1.7827873268773298,0,6.434425346245341,train,6,0.8000000000000007,1.6000000000000005
0.5562896205515321,1.1742022877959852,-0.6179126672444532,-1.3787510126653257,1,8.621248987334674,train,6,0.8000000000000007,1.6000000000000005
0.6358199047433011,0.9638792722382368,-0.3280593674949357,-0.9290632514505129,0,8.141873497098974,train,6,0.8000000000000007,1.6000000000000005
0.2044606104534249,1.192612711272857,-0.9881521008194322,-1.4223250790895952,1,8.577674920910404,train,6,0.8000000000000007,1.6000000000000005
0.7605782561319452,1.0979077515080478,-0.3373294953761025,-1.2054014308214571,1,8.794598569178543,train,6,0.8000000000000007,1.6000000000000005
-0.661401831573698,1.1819209238812713,-1.8433227554549694,-1.3969370703083581,0,7.206125859383284,train,6,0.8000000000000007,1.6000000000000005
1.110099042596007,1.092712308624475,0.017386733971531905,-1.1940201894194298,1,8.80597981058057,train,6,0.8000000000000007,1.6000000000000005
-0.6820440947130455,1.470334395447409,-2.1523784901604546,-2.161883234435698,1,7.838116765564302,train,6,0.8000000000000007,1.6000000000000005
1.1822904248705308,1.414918005215608,-0.23262758034507722,-2.0019929614833156,1,7.998007038516684,train,6,0.8000000000000007,1.6000000000000005
1.8879486735056212,1.0511957417701303,0.836752931735491,-1.1050124875156544,1,8.894987512484345,train,6,0.8000000000000007,1.6000000000000005
2.568426828808952,1.258100266115164,1.3103265626937877,-1.5828162795990461,0,6.834367440801907,train,6,0.8000000000000007,1.6000000000000005
3.078095534907467,1.0208392386645568,2.05725629624291,-1.0421127511972321,1,8.957887248802768,train,6,0.8000000000000007,1.6000000000000005
-0.7052708301813095,1.162274346037121,-1.8675451762184305,-1.3508816554560172,0,7.2982366890879655,train,6,0.8000000000000007,1.6000000000000005
1.992852933420899,1.0823826927555165,0.9104702406653826,-1.1715522935766827,1,8.828447706423317,train,6,0.8000000000000007,1.6000000000000005
2.773458203162823,1.3259195702238071,1.4475386329390163,-1.7580627067024854,1,8.241937293297514,train,6,0.8000000000000007,1.6000000000000005
2.2729492481959888,1.0962808663904289,1.1766683818055597,-1.2018317380137493,0,7.596336523972502,train,6,0.8000000000000007,1.6000000000000005
0.05208580418565956,1.1672743823131457,-1.1151885781274862,-1.3625294836045359,0,7.274941032790928,train,6,0.8000000000000007,1.6000000000000005
1.8696154953464084,1.3754592980072338,0.4941561973391747,-1.8918882804745523,1,8.108111719525448,train,6,0.8000000000000007,1.6000000000000005
3.362460269963643,1.1303934632910684,2.2320668066725746,-1.2777893818511759,1,8.722210618148825,train,6,0.8000000000000007,1.6000000000000005
-0.27158975549644326,1.5251386153314714,-1.7967283708279147,-2.326047795975198,0,5.347904408049604,train,6,0.8000000000000007,1.6000000000000005
1.5159665356708487,0.944361295362146,0.5716052403087027,-0.8918182561780703,0,8.216363487643859,train,6,0.8000000000000007,1.6000000000000005
2.727643681121511,1.392895098330612,1.3347485827908987,-1.9401567549534455,0,6.119686490093109,train,6,0.8000000000000007,1.6000000000000005
0.30199001612418874,1.137899234914513,-0.8359092187903242,-1.2948146688190338,1,8.705185331180965,train,6,0.8000000000000007,1.6000000000000005
1.8407272220911008,1.1411628581479545,0.6995643639431464,-1.3022526688164084,0,7.395494662367183,train,6,0.8000000000000007,1.6000000000000005
0.022432885313226958,1.3075038949070716,-1.2850710095938447,-1.7095664351971627,1,8.290433564802838,train,6,0.8000000000000007,1.6000000000000005
0.2436746631045903,1.218324960822677,-0.9746502977180866,-1.4843157101635773,1,8.515684289836422,train,6,0.8000000000000007,1.6000000000000005
0.1514124865569384,1.1319087827515553,-0.9804962961946169,-1.2812174924701076,0,7.437565015059785,train,6,0.8000000000000007,1.6000000000000005
1.0319107430329102,0.8011415044502073,0.23076923858270287,-0.6418277101527414,0,8.716344579694518,train,6,0.8000000000000007,1.6000000000000005
0.7646323574380809,0.8738098766774024,-0.10917751923932145,-0.7635437005789771,1,9.236456299421024,train,6,0.8000000000000007,1.6000000000000005
2.512453764246649,1.3675155149801708,1.1449382492664781,-1.8700986837114817,1,8.129901316288517,train,6,0.8000000000000007,1.6000000000000005
0.09114154032542876,1.2194764774121585,-1.1283349370867297,-1.4871228789615667,1,8.512877121038434,train,6,0.8000000000000007,1.6000000000000005
1.1993975907025773,1.3569283708135758,-0.15753078011099833,-1.841254603518785,1,8.158745396481216,train,6,0.8000000000000007,1.6000000000000005
2.7176664147385488,1.5643746584023412,1.1532917563362073,-2.447268071851442,0,5.105463856297116,train,6,0.8000000000000007,1.6000000000000005
2.019263690182269,1.3463310835003346,0.6729326066819346,-1.812607386399185,0,6.37478522720163,train,6,0.8000000000000007,1.6000000000000005
-0.7470666501591103,0.8425029525383667,-1.589569602697477,-0.7098112250358654,0,8.580377549928269,train,6,0.8000000000000007,1.6000000000000005
1.8453265698402923,1.0470821478910384,0.7982444219492538,-1.0963810244321104,1,8.90361897556789,train,6,0.8000000000000007,1.6000000000000005
0.6999742940932201,1.274075749858699,-0.5741014557654789,-1.6232690163780061,1,8.376730983621993,train,6,0.8000000000000007,1.6000000000000005
1.450560171279551,0.9880963258059721,0.46246384547357905,-0.9763343490712617,0,8.047331301857476,train,6,0.8000000000000007,1.6000000000000005
1.932793297656392,1.571976799628902,0.3608164980274899,-2.471111058571525,1,7.528888941428475,train,6,0.8000000000000007,1.6000000000000005
3.0192212397965905,1.5560385790342357,1.4631826607623546,-2.4212560594428836,1,7.578743940557116,train,6,0.8000000000000007,1.6000000000000005
1.6185926323525939,1.4787207046701516,0.1398719276824424,-2.1866149224201896,1,7.81338507757981,train,6,0.8000000000000007,1.6000000000000005
-1.046707848778525,1.1778591970307224,-2.2245670458092475,-1.387352288029858,1,8.612647711970142,train,6,0.8000000000000007,1.6000000000000005
-0.17065029085631478,1.4731813719187183,-1.6438316627750331,-2.170263354568317,1,7.829736645431683,train,6,0.8000000000000007,1.6000000000000005
1.7822737763912007,0.9048885138783318,0.8773852625128689,-0.8188232225489359,1,9.181176777451064,train,6,0.8000000000000007,1.6000000000000005
0.7370073259531357,1.046986925838269,-0.30997959988513324,-1.0961816228762689,0,7.807636754247462,train,6,0.8000000000000007,1.6000000000000005
2.53597198743641,1.1703971153235342,1.3655748721128758,-1.3698294075576503,1,8.630170592442349,train,6,0.8000000000000007,1.6000000000000005
1.7216043420640035,1.393477760546774,0.3281265815172293,-1.9417802691384527,0,6.116439461723095,train,6,0.8000000000000007,1.6000000000000005
0.28978129983248646,1.188660182967118,-0.8988788831346315,-1.4129130305714224,0,7.174173938857155,train,6,0.8000000000000007,1.6000000000000005
2.208389006705819,0.9095008950379614,1.2988881116678577,-0.8271918780748528,0,8.345616243850294,train,6,0.8000000000000007,1.6000000000000005
0.10595200592849463,1.0748292237634873,-0.9688772178349927,-1.1552578602560206,1,8.84474213974398,train,6,0.8000000000000007,1.6000000000000005
-1.4036216741924579,1.059540935737955,-2.463162609930413,-1.1226269945044614,1,8.877373005495539,train,6,0.8000000000000007,1.6000000000000005
3.51688978472985,1.0403351234544325,2.4765546612754177,-1.0822971690929493,0,7.835405661814102,train,6,0.8000000000000007,1.6000000000000005
-1.360497532774004,0.9324011203726307,-2.2928986531466347,-0.869371849272137,0,8.261256301455726,train,6,0.8000000000000007,1.6000000000000005
1.895616848833785,1.1319214180586021,0.7636954307751829,-1.2812460966597967,1,8.718753903340204,train,6,0.8000000000000007,1.6000000000000005
2.2851186487525865,1.1584965260021793,1.1266221227504072,-1.3421142007591182,1,8.657885799240882,train,6,0.8000000000000007,1.6000000000000005
1.5963993363731248,1.4199203006512142,0.1764790357219105,-2.0161736602014346,0,5.967652679597131,train,6,0.8000000000000007,1.6000000000000005
-0.582963651739667,1.4371125606260393,-2.0200762123657063,-2.0652925119091314,0,5.869414976181737,train,6,0.8000000000000007,1.6000000000000005
2.4359300249543585,1.2179121024012902,1.218017922553068,-1.4833098891755307,0,7.0333802216489385,train,6,0.8000000000000007,1.6000000000000005
-0.5613482230355358,1.1685042369306222,-1.729852459966158,-1.3654021517248156,0,7.269195696550369,train,6,0.8000000000000007,1.6000000000000005
-0.1897833966334419,1.4225708812351179,-1.6123542778685598,-2.0237079121380597,1,7.976292087861941,train,6,0.8000000000000007,1.6000000000000005
1.0758291862842286,1.5098311614821884,-0.43400197519795974,-2.2795901361826543,0,5.4408197276346915,train,6,0.8000000000000007,1.6000000000000005
2.2861405048338272,1.3399350158934307,0.9462054889403967,-1.7954258468173283,1,8.204574153182671,train,6,0.8000000000000007,1.6000000000000005
1.8005199260757236,1.4403832391987714,0.3601366868769523,-2.074703875764745,1,7.925296124235254,train,6,0.8000000000000007,1.6000000000000005
2.5242110259307706,1.5512890829857489,0.9729219429450219,-2.4064978189907658,1,7.593502181009234,train,6,0.8000000000000007,1.6000000000000005
0.3001520508928971,0.8325246475493493,-0.5323725966564522,-0.6930972887771683,0,8.613805422445663,train,6,0.8000000000000007,1.6000000000000005
1.2939174360289156,1.500537379896067,-0.20661994386715155,-2.251612428465354,0,5.496775143069292,train,6,0.8000000000000007,1.6000000000000005
-0.34331368783733063,1.021250457960908,-1.3645641457982387,-1.0429524978853644,0,7.914095004229271,train,6,0.8000000000000007,1.6000000000000005
0.8003730556721849,1.180611599539396,-0.38023854386721107,-1.393843748966971,1,8.60615625103303,train,6,0.8000000000000007,1.6000000000000005
2.1491625477173972,1.4374087655455223,0.7117537821718748,-2.0661439592671025,0,5.867712081465795,train,6,0.8000000000000007,1.6000000000000005
1.0140001210500411,1.3737937858201845,-0.35979366477014346,-1.887309365958155,0,6.22538126808369,train,6,0.8000000000000007,1.6000000000000005
1.4882695233308938,0.9177180575533551,0.5705514657775387,-0.8422064331595032,0,8.315587133680994,train,6,0.8000000000000007,1.6000000000000005
0.6390695053038935,1.3269986071633169,-0.6879291018594234,-1.760925303413383,0,6.478149393173235,train,6,0.8000000000000007,1.6000000000000005
0.14453174466016727,0.8554016560078691,-0.7108699113477018,-0.7317119931010049,1,9.268288006898995,train,6,0.8000000000000007,1.6000000000000005
1.1326588823554038,1.0856565026823037,0.04700237967309997,-1.178650041816371,1,8.821349958183628,train,6,0.8000000000000007,1.6000000000000005
1.2164058367610169,1.4502636401309656,-0.2338578033699488,-2.103264625885919,0,5.793470748228162,train,6,0.8000000000000007,1.6000000000000005
1.853026157543791,1.142163866422041,0.7108622911217499,-1.304538297760146,1,8.695461702239854,train,6,0.8000000000000007,1.6000000000000005
1.49383183996191,1.2798835500347576,0.21394828992715234,-1.638101901649574,1,8.361898098350427,train,6,0.8000000000000007,1.6000000000000005
3.470944580989096,1.3825290265177077,2.0884155544713887,-1.9113865091640005,1,8.088613490836,train,6,0.8000000000000007,1.6000000000000005
1.193588681232047,1.456982086645248,-0.263393405413201,-2.122796800805141,0,5.754406398389718,train,6,0.8000000000000007,1.6000000000000005
1.135708916276666,1.408412095984227,-0.2727031797075609,-1.9836246321146835,0,6.032750735770633,train,6,0.8000000000000007,1.6000000000000005
-0.4424426563190351,0.8057146202231995,-1.2481572765422346,-0.6491760492414146,1,9.350823950758585,train,6,0.8000000000000007,1.6000000000000005
1.163539027841052,1.1362054669380286,0.027333560903023305,-1.2909628630998635,1,8.709037136900136,train,6,0.8000000000000007,1.6000000000000005
1.9899037008371574,1.1705089744305184,0.819394726406639,-1.370091259222384,1,8.629908740777616,train,6,0.8000000000000007,1.6000000000000005
-0.04395516719745518,0.8443996024901789,-0.888354769687634,-0.713010688685572,0,8.573978622628855,train,6,0.8000000000000007,1.6000000000000005
1.173546990364623,1.2331537056761763,-0.059606715311553315,-1.5206680618228856,1,8.479331938177115,train,6,0.8000000000000007,1.6000000000000005
2.1484847133708986,1.2862166011550944,0.8622681122158041,-1.654353145086963,0,6.691293709826073,train,6,0.8000000000000007,1.6000000000000005
1.310471577184071,1.4627625559969009,-0.15229097881282994,-2.1396742952265866,0,5.720651409546827,train,6,0.8000000000000007,1.6000000000000005
0.9304826531752878,1.5534474145531594,-0.6229647613778716,-2.4131988697818954,0,5.173602260436209,train,6,0.8000000000000007,1.6000000000000005
2.070230064138431,0.902518283202187,1.1677117809362438,-0.8145392515142229,0,8.370921496971555,train,6,0.8000000000000007,1.6000000000000005
1.1007680181956936,0.9843445395281762,0.11642347866751736,-0.9689341724989373,0,8.062131655002126,train,6,0.8000000000000007,1.6000000000000005
1.8032041245479082,1.3273267176564494,0.4758774068914589,-1.7617962154046436,1,8.238203784595356,train,6,0.8000000000000007,1.6000000000000005
2.3116513313060216,0.9059791910533995,1.4056721402526222,-0.8207982946217722,1,9.179201705378228,train,6,0.8000000000000007,1.6000000000000005
2.3536420117206154,0.9792629095570562,1.3743791021635594,-0.9589558460341512,1,9.04104415396585,train,6,0.8000000000000007,1.6000000000000005
0.8432450511024927,1.2598900700713198,-0.41664501896882705,-1.5873229886643152,0,6.82535402267137,train,6,0.8000000000000007,1.6000000000000005
0.30510331548546554,0.935618978852968,-0.6305156633675024,-0.8753828735898705,0,8.249234252820258,train,6,0.8000000000000007,1.6000000000000005
1.7669548410575808,1.4257841210590232,0.34117071999855764,-2.0328603598640513,0,5.934279280271897,train,6,0.8000000000000007,1.6000000000000005
1.3262354586028493,1.4855805008894087,-0.1593450422865595,-2.2069494246228265,0,5.586101150754347,train,6,0.8000000000000007,1.6000000000000005
-1.452894219536538,0.8269393636022793,-2.2798335831388172,-0.6838287110749426,0,8.632342577850114,train,6,0.8000000000000007,1.6000000000000005
2.7565499255540047,1.2261158439549396,1.5304340815990651,-1.5033600627973336,1,8.496639937202666,train,6,0.8000000000000007,1.6000000000000005
1.4607946789539599,1.437561085954852,0.023233592999107884,-2.066581875851693,1,7.933418124148307,train,6,0.8000000000000007,1.6000000000000005
2.463765304903853,1.5801117449256932,0.8836535599781594,-2.496753126452119,0,5.006493747095762,train,6,0.8000000000000007,1.6000000000000005
-0.38809300258066615,1.0194068745555376,-1.4074998771362037,-1.0391903758910894,0,7.921619248217821,train,6,0.8000000000000007,1.6000000000000005
2.4811251212023793,0.9352808506923074,1.5458442705100721,-0.8747502696717262,1,9.125249730328274,train,6,0.8000000000000007,1.6000000000000005
0.7954453768705408,1.5013607441453087,-0.7059153672747679,-2.254084084060555,1,7.745915915939445,train,6,0.8000000000000007,1.6000000000000005
1.3981454828406863,1.5273459710086794,-0.12920048816799315,-2.332785715156446,0,5.334428569687108,train,6,0.8000000000000007,1.6000000000000005
-0.7236832920991261,0.9580263115737262,-1.6817096036728523,-0.9178144136675583,0,8.164371172664882,train,6,0.8000000000000007,1.6000000000000005
0.9528841100842074,1.1532237941621124,-0.200339684077905,-1.3299251194216581,0,7.340149761156684,train,6,0.8000000000000007,1.6000000000000005
1.099620994124944,1.3753857133538698,-0.275764719228926,-1.8916858604979334,1,8.108314139502067,train,6,0.8000000000000007,1.6000000000000005
1.2538434800291158,1.4762761270111793,-0.22243264698206347,-2.1793912031831275,1,7.820608796816872,train,6,0.8000000000000007,1.6000000000000005
1.460825935600779,0.9346202442937962,0.5262056913069828,-0.8735150010437953,1,9.126484998956204,train,6,0.8000000000000007,1.6000000000000005
1.4043901877660125,1.3319751703238094,0.07241501744220309,-1.7741578543591412,1,8.22584214564086,train,6,0.8000000000000007,1.6000000000000005
2.617207517550954,1.4462683674368562,1.170939150114098,-2.091692190648469,0,5.816615618703062,train,6,0.8000000000000007,1.6000000000000005
0.6779814738589192,1.2397712966405825,-0.5617898227816633,-1.5370328679738712,1,8.46296713202613,train,6,0.8000000000000007,1.6000000000000005
-0.2634457634340258,0.931773327023211,-1.1952190904572368,-0.8682015329519037,1,9.131798467048096,train,6,0.8000000000000007,1.6000000000000005
0.8054953739202175,0.8284230438642914,-0.022927669944073956,-0.6862847396053777,0,8.627430520789245,train,6,0.8000000000000007,1.6000000000000005
1.779268697843336,1.0252270542787956,0.7540416435645404,-1.0510905128251764,0,7.897818974349647,train,6,0.8000000000000007,1.6000000000000005
2.939866804724232,1.4462966771628418,1.4935701275613902,-2.0917740783722776,1,7.908225921627722,train,6,0.8000000000000007,1.6000000000000005
1.8125187313528377,0.835813008676112,0.9767057226767257,-0.6985833854722144,0,8.602833229055571,train,6,0.8000000000000007,1.6000000000000005
-1.3119555971585417,0.8065732040314504,-2.118528801189992,-0.6505603334615597,1,9.34943966653844,train,6,0.8000000000000007,1.6000000000000005
1.5417633478419055,1.0892933181696465,0.452470029672259,-1.1865599330090386,0,7.626880133981922,train,6,0.8000000000000007,1.6000000000000005
2.6033439560643235,0.8508978285588422,1.752446127505481,-0.7240271146461529,0,8.551945770707695,train,6,0.8000000000000007,1.6000000000000005
0.9946806822754013,0.919589042659385,0.07509163961601628,-0.8456440073792042,1,9.154355992620795,train,6,0.8000000000000007,1.6000000000000005
1.612883948831472,2.2987435222334534,-0.6858595734019814,-5.284221781010263,0,-0.5684435620205264,train,7,1.6000000000000005,2.4000000000000004
0.7068287292253024,2.374832530256746,-1.6680038010314437,-5.639829546765659,0,-1.2796590935313183,train,7,1.6000000000000005,2.4000000000000004
-0.5789001362493202,2.295355632171136,-2.8742557684204564,-5.268657478139756,0,-0.5373149562795128,train,7,1.6000000000000005,2.4000000000000004
3.409504324330906,2.0246845532444797,1.3848197710864263,-4.099347540146798,1,5.900652459853202,train,7,1.6000000000000005,2.4000000000000004
3.8118967069302094,1.786182662381833,2.0257140445483763,-3.1904485033934535,0,3.619102993213093,train,7,1.6000000000000005,2.4000000000000004
1.8776617860003002,1.6091190434219445,0.2685427425783557,-2.5892640959031534,1,7.410735904096846,train,7,1.6000000000000005,2.4000000000000004
1.7024364410688626,1.9443750546339928,-0.24193861356513022,-3.7805943530829427,0,2.4388112938341147,train,7,1.6000000000000005,2.4000000000000004
2.5214552161761397,1.9218810880298922,0.5995741281462473,-3.6936269165269624,1,6.306373083473037,train,7,1.6000000000000005,2.4000000000000004
1.800534016671272,2.018139737082056,-0.217605720410784,-4.07288799838963,1,5.92711200161037,train,7,1.6000000000000005,2.4000000000000004
-0.11706487691921574,1.9827134366419223,-2.099778313561138,-3.931152571840422,0,2.137694856319156,train,7,1.6000000000000005,2.4000000000000004
0.591784498691706,2.044285179057865,-1.4525006803661589,-4.1791018933156465,0,1.641796213368707,train,7,1.6000000000000005,2.4000000000000004
2.543798633360782,2.034708814034033,0.5090898193267491,-4.1400399579077805,1,5.8599600420922195,train,7,1.6000000000000005,2.4000000000000004
1.7421545230839126,2.2087164604823437,-0.46656193739843116,-4.878428402805652,1,5.121571597194348,train,7,1.6000000000000005,2.4000000000000004
0.3020567148620834,2.1698996592656736,-1.8678429444035902,-4.708464531281287,1,5.291535468718713,train,7,1.6000000000000005,2.4000000000000004
0.36869478512562015,2.095745676882752,-1.727050891757132,-4.392149942172744,0,1.2157001156545117,train,7,1.6000000000000005,2.4000000000000004
3.079586189726448,1.9408734163809542,1.1387127733454936,-3.766989618414277,0,2.4660207631714464,train,7,1.6000000000000005,2.4000000000000004
-0.0005786172135919809,1.8312600224144706,-1.8318386396280626,-3.3535132696934475,1,6.6464867303065525,train,7,1.6000000000000005,2.4000000000000004
3.7433282785089643,2.3790841929603572,1.3642440855486069,-5.6600415971938345,1,4.3399584028061655,train,7,1.6000000000000005,2.4000000000000004
2.4484500337246202,1.8670192364085367,0.5814307973160835,-3.4857608291195157,1,6.514239170880485,train,7,1.6000000000000005,2.4000000000000004
0.5728369143913907,1.7750408486558629,-1.2022039342644721,-3.150770014396926,1,6.849229985603074,train,7,1.6000000000000005,2.4000000000000004
1.2705008924953007,1.6526467102297697,-0.38214581773446893,-2.7312411488332806,0,4.537517702333439,train,7,1.6000000000000005,2.4000000000000004
2.576047755434036,2.3862964372427475,0.18975131819128854,-5.69441068639743,1,4.30558931360257,train,7,1.6000000000000005,2.4000000000000004
2.135316700828419,1.702284570340026,0.43303213048839295,-2.897772758417727,0,4.204454483164546,train,7,1.6000000000000005,2.4000000000000004
2.1642546259605324,1.857704634563344,0.3065499913971886,-3.451066509278127,0,3.0978669814437456,train,7,1.6000000000000005,2.4000000000000004
3.368023876821949,1.6567542758001594,1.7112696010217894,-2.744834730382111,1,7.255165269617889,train,7,1.6000000000000005,2.4000000000000004
2.892516807658367,1.779815951174437,1.11270085648393,-3.1677448200549656,0,3.664510359890069,train,7,1.6000000000000005,2.4000000000000004
1.3022317751219128,1.9149079319548843,-0.6126761568329714,-3.666872387863732,0,2.666255224272536,train,7,1.6000000000000005,2.4000000000000004
2.1110354319014397,2.3169160039045087,-0.20588057200306895,-5.368099769148837,1,4.631900230851163,train,7,1.6000000000000005,2.4000000000000004
0.7838940930594038,1.8763692895982942,-1.0924751965388904,-3.5207617109476073,0,2.9584765781047855,train,7,1.6000000000000005,2.4000000000000004
1.7603425069471563,2.3877995498282174,-0.6274570428810612,-5.7015866901598375,0,-1.403173380319675,train,7,1.6000000000000005,2.4000000000000004
1.7117737987811765,1.6229856391706368,0.08878815961053985,-2.6340823849541204,0,4.731835230091759,train,7,1.6000000000000005,2.4000000000000004
-0.934791886298642,1.8813477890160966,-2.8161396753147385,-3.539469503235755,0,2.9210609935284904,train,7,1.6000000000000005,2.4000000000000004
2.024462070474469,1.9047671113630829,0.1196949591113862,-3.6281377485304627,1,6.371862251469537,train,7,1.6000000000000005,2.4000000000000004
2.1556719054748306,2.2113281050927682,-0.05565619961793785,-4.889971988373173,0,0.2200560232536546,train,7,1.6000000000000005,2.4000000000000004
2.053879764427708,2.351043130648618,-0.2971633662209097,-5.5274038021700544,0,-1.054807604340109,train,7,1.6000000000000005,2.4000000000000004
0.28930889748703414,1.8557518371736226,-1.5664429396865884,-3.4438148811732754,0,3.1123702376534492,train,7,1.6000000000000005,2.4000000000000004
1.2544219442519444,1.945980746232333,-0.6915588019803887,-3.7868410647069477,1,6.213158935293052,train,7,1.6000000000000005,2.4000000000000004
0.8987522020210172,1.8161165932731727,-0.9173643912521554,-3.2982794803621545,1,6.7017205196378455,train,7,1.6000000000000005,2.4000000000000004
2.167945489978483,2.240844709061116,-0.0728992190826331,-5.021385010127198,1,4.978614989872802,train,7,1.6000000000000005,2.4000000000000004
-0.8107878670181132,2.1105910448984977,-2.921378911916611,-4.4545945588057325,0,1.090810882388535,train,7,1.6000000000000005,2.4000000000000004
1.257768030318845,1.6549521067665263,-0.39718407644768133,-2.7388664756909638,1,7.261133524309036,train,7,1.6000000000000005,2.4000000000000004
2.6500852363262077,2.0829155810952895,0.5671696552309183,-4.338537317969528,0,1.3229253640609446,train,7,1.6000000000000005,2.4000000000000004
1.1742575552540284,2.2364596467431817,-1.0622020914891532,-5.0017517515106364,1,4.9982482484893636,train,7,1.6000000000000005,2.4000000000000004
0.4927747707022072,1.625606525140638,-1.1328317544384308,-2.6425965745798194,1,7.3574034254201806,train,7,1.6000000000000005,2.4000000000000004
2.8458465045627905,1.964358257684747,0.8814882468780435,-3.8587033645342546,1,6.1412966354657454,train,7,1.6000000000000005,2.4000000000000004
5.4036695425212535,2.232138033070629,3.1715315094506247,-4.982440198680416,0,0.03511960263916869,train,7,1.6000000000000005,2.4000000000000004
3.124986804782139,2.390877214490984,0.7341095902911551,-5.716293854772165,0,-1.4325877095443307,train,7,1.6000000000000005,2.4000000000000004
2.856364253828611,2.067171634800774,0.7891926190278374,-4.273198567724903,1,5.726801432275097,train,7,1.6000000000000005,2.4000000000000004
1.686385014791771,1.631129838113858,0.05525517667791312,-2.6605845487853403,1,7.339415451214659,train,7,1.6000000000000005,2.4000000000000004
2.8814534774175016,1.9571383260143225,0.9243151514031792,-3.8303904271541445,1,6.1696095728458555,train,7,1.6000000000000005,2.4000000000000004
2.4622012835275835,1.7505380122346519,0.7116632712929317,-3.0643833322784464,0,3.871233335443107,train,7,1.6000000000000005,2.4000000000000004
0.9815122229639728,2.1016445174841993,-1.1201322945202266,-4.416909677871393,0,1.1661806442572136,train,7,1.6000000000000005,2.4000000000000004
2.2227741362599396,1.7722542395781975,0.4505198966817423,-3.1408850897028953,0,3.7182298205942095,train,7,1.6000000000000005,2.4000000000000004
2.8245250097301,1.7207760861259975,1.103748923604102,-2.9610703385831063,0,4.077859322833787,train,7,1.6000000000000005,2.4000000000000004
1.1719504241115781,2.02891544534366,-0.8569650212320822,-4.116497884354063,0,1.7670042312918746,train,7,1.6000000000000005,2.4000000000000004
2.1297167253935316,1.68030943537964,0.4494072900138915,-2.8234397986258446,0,4.353120402748311,train,7,1.6000000000000005,2.4000000000000004
3.6935654365621273,2.1849267455845305,1.5086386909775966,-4.773904883570608,0,0.45219023285878457,train,7,1.6000000000000005,2.4000000000000004
3.523045063631103,2.35172083155294,1.1713242320781625,-5.530590869560052,0,-1.0611817391201033,train,7,1.6000000000000005,2.4000000000000004
2.3279926983285564,2.354654547570562,-0.026661849242005212,-5.544398038394728,0,-1.0887960767894551,train,7,1.6000000000000005,2.4000000000000004
4.378914339006597,1.8997908040142215,2.4791235349923757,-3.6092050990170024,0,2.7815898019659953,train,7,1.6000000000000005,2.4000000000000004
3.314888062531228,2.076600196699221,1.2382878658320071,-4.312268376931243,0,1.3754632461375138,train,7,1.6000000000000005,2.4000000000000004
1.8303845247390484,2.1295861698195746,-0.2992016450805262,-4.535137254686806,1,5.464862745313194,train,7,1.6000000000000005,2.4000000000000004
-0.35440274453556997,2.0084643642026165,-2.3628671087381865,-4.033929102271821,1,5.966070897728179,train,7,1.6000000000000005,2.4000000000000004
1.5843520830755673,1.97671406531508,-0.3923619822395127,-3.9073984960144705,1,6.092601503985529,train,7,1.6000000000000005,2.4000000000000004
1.7678248036019724,1.6070978284681212,0.16072697513385117,-2.582763430266951,0,4.834473139466098,train,7,1.6000000000000005,2.4000000000000004
1.1968898533870314,1.654317122852296,-0.4574272694652646,-2.7367651429622986,0,4.526469714075403,train,7,1.6000000000000005,2.4000000000000004
1.9776430344877285,1.9478529827068716,0.029790051780857002,-3.794131242240056,1,6.205868757759944,train,7,1.6000000000000005,2.4000000000000004
3.910927265827348,1.9451949047042891,1.965732361123059,-3.7837832172875285,1,6.216216782712472,train,7,1.6000000000000005,2.4000000000000004
2.732326422731117,1.7487069484158173,0.9836194743152995,-3.0579759914377598,1,6.942024008562241,train,7,1.6000000000000005,2.4000000000000004
3.639557987496505,2.023764253361524,1.6157937341349806,-4.095621753183927,0,1.8087564936321456,train,7,1.6000000000000005,2.4000000000000004
0.4295507150849296,2.079269002352112,-1.6497182872671823,-4.323359584142347,1,5.676640415857653,train,7,1.6000000000000005,2.4000000000000004
2.1882970331055605,2.1767395733500674,0.011557459755493127,-4.738195170188233,0,0.5236096596235331,train,7,1.6000000000000005,2.4000000000000004
3.4428367341160535,1.8451166853113874,1.5977200488046661,-3.4044555824144815,0,3.191088835171037,train,7,1.6000000000000005,2.4000000000000004
0.9304227154064618,1.9235163718198127,-0.9930936564133509,-3.699915232658856,0,2.600169534682288,train,7,1.6000000000000005,2.4000000000000004
4.580157229534815,2.2582259363980217,2.3219312931367933,-5.099584379820722,0,-0.19916875964144332,train,7,1.6000000000000005,2.4000000000000004
0.5398335608111442,2.069704280988238,-1.529870720177094,-4.28367581074104,0,1.4326483785179196,train,7,1.6000000000000005,2.4000000000000004
1.3769473627362778,2.1652124347243653,-0.7882650719880874,-4.688144887485014,0,0.6237102250299724,train,7,1.6000000000000005,2.4000000000000004
3.8243394531034776,2.0084657973457465,1.815873655757731,-4.033934859107685,1,5.966065140892315,train,7,1.6000000000000005,2.4000000000000004
-0.357027055568802,2.2640493287944943,-2.6210763843632963,-5.1259193632148,0,-0.25183872642960026,train,7,1.6000000000000005,2.4000000000000004
3.135235126114858,2.176542409183858,0.958692716931,-4.737336858975873,0,0.5253262820482547,train,7,1.6000000000000005,2.4000000000000004
0.7635032372952273,2.2930093463053183,-1.529506109010091,-5.257891862243543,1,4.742108137756457,train,7,1.6000000000000005,2.4000000000000004
0.35519535987910356,1.7627278177215928,-1.4075324578424893,-3.107209359369529,1,6.892790640630471,train,7,1.6000000000000005,2.4000000000000004
1.874294694868963,1.8388278810269008,0.03546681384206225,-3.381287976041882,1,6.618712023958118,train,7,1.6000000000000005,2.4000000000000004
1.891791541729529,1.9806432176510196,-0.08885167592149065,-3.922947555626984,1,6.077052444373016,train,7,1.6000000000000005,2.4000000000000004
2.6462809684030963,1.9948835983371749,0.6513973700659217,-3.979560570914675,1,6.020439429085325,train,7,1.6000000000000005,2.4000000000000004
1.8834809221981983,2.0861409045742305,-0.2026599823760322,-4.3519838737377885,0,1.296032252524423,train,7,1.6000000000000005,2.4000000000000004
1.8708376488098848,2.2551484616260695,-0.3843108128161848,-5.085694583974428,1,4.914305416025572,train,7,1.6000000000000005,2.4000000000000004
0.5887157841060222,2.02217907073593,-1.4334632866299077,-4.089208194122429,0,1.8215836117551412,train,7,1.6000000000000005,2.4000000000000004
2.6651126917203802,2.3513633088190975,0.3137493829012829,-5.528909410060694,1,4.471090589939306,train,7,1.6000000000000005,2.4000000000000004
-0.8310990394479094,2.1787067319898195,-3.009805771437729,-4.746763024017759,0,0.5064739519644821,train,7,1.6000000000000005,2.4000000000000004
2.4895905309182336,1.7430056125342945,0.746584918383939,-3.0380685653260513,1,6.961931434673948,train,7,1.6000000000000005,2.4000000000000004
2.3264488291471785,2.0957803332767275,0.23066849587045124,-4.3922952053495115,0,1.215409589300977,train,7,1.6000000000000005,2.4000000000000004
3.6741298305058603,2.049826707169307,1.624303123336553,-4.201789529424564,0,1.5964209411508712,train,7,1.6000000000000005,2.4000000000000004
3.880533728633166,2.2107236917097173,1.669810036923449,-4.887299241086641,0,0.22540151782671813,train,7,1.6000000000000005,2.4000000000000004
0.5114188234942936,2.245317068170581,-1.7338982446762876,-5.041448736618134,0,-0.08289747323626884,train,7,1.6000000000000005,2.4000000000000004
2.528943037827929,1.8389001620422405,0.6900428757856888,-3.3815538059589785,0,3.236892388082043,train,7,1.6000000000000005,2.4000000000000004
0.7325993972939133,1.7107077653728726,-0.9781083680789593,-2.9265210585070474,0,4.146957882985905,train,7,1.6000000000000005,2.4000000000000004
1.482056508145773,2.1083183313430913,-0.6262618231973184,-4.445006186277317,1,5.554993813722683,train,7,1.6000000000000005,2.4000000000000004
2.5179394629728655,1.6066466995460569,0.9112927634268084,-2.5813136171622375,0,4.837372765675525,train,7,1.6000000000000005,2.4000000000000004
2.7618719635963926,2.230866611598312,0.531005351998081,-4.976765838744133,0,0.04646832251173372,train,7,1.6000000000000005,2.4000000000000004
2.52717953612456,2.001661914108391,0.5255176220161689,-4.006650418392068,1,5.993349581607932,train,7,1.6000000000000005,2.4000000000000004
2.2887553795494386,2.397694929229218,-0.10893954967977955,-5.7489409736515045,1,4.2510590263484955,train,7,1.6000000000000005,2.4000000000000004
2.599680932230767,2.3872325178987848,0.21244841433198206,-5.698879094513372,0,-1.397758189026744,train,7,1.6000000000000005,2.4000000000000004
0.4206940347397605,1.7816629012666207,-1.3609688665268602,-3.1743226937497924,0,3.6513546125004153,train,7,1.6000000000000005,2.4000000000000004
1.4967012398949706,2.279965832151777,-0.7832645922568064,-5.198244195779545,1,4.801755804220455,train,7,1.6000000000000005,2.4000000000000004
2.9603594899712524,2.2502540285105375,0.7101054614607148,-5.063643192827903,1,4.936356807172097,train,7,1.6000000000000005,2.4000000000000004
0.36112867134562765,1.7889074962018001,-1.4277788248561725,-3.2001900299669934,1,6.799809970033007,train,7,1.6000000000000005,2.4000000000000004
1.3467433071489698,2.12548263536446,-0.7787393282154901,-4.5176764332358506,1,5.4823235667641494,train,7,1.6000000000000005,2.4000000000000004
3.2644794439674083,2.3817368012386075,0.882742642728801,-5.672670190374315,1,4.327329809625685,train,7,1.6000000000000005,2.4000000000000004
2.1181641325784515,2.185254811841928,-0.06709067926347663,-4.7753385926783,1,5.2246614073217,train,7,1.6000000000000005,2.4000000000000004
0.66940782732493,1.6765026890407098,-1.0070948617157798,-2.810661266360731,0,4.378677467278538,train,7,1.6000000000000005,2.4000000000000004
2.3397965006639345,2.000484884755453,0.33931161590848163,-4.001939774135038,0,1.996120451729924,train,7,1.6000000000000005,2.4000000000000004
3.5183223088266375,1.9698880628304172,1.5484342459962201,-3.8804589800817735,1,6.119541019918227,train,7,1.6000000000000005,2.4000000000000004
0.40573522945231777,1.6005951115547254,-1.1948598821024077,-2.561904711132884,1,7.438095288867116,train,7,1.6000000000000005,2.4000000000000004
0.5500675950312175,2.391151152368338,-1.8410835573371207,-5.717603833472432,0,-1.435207666944864,train,7,1.6000000000000005,2.4000000000000004
2.4284608524600997,2.302095952940076,0.12636489952002353,-5.299645776543078,1,4.700354223456922,train,7,1.6000000000000005,2.4000000000000004
0.712288212570485,1.773768922332972,-1.061480709762487,-3.146256189834273,1,6.853743810165727,train,7,1.6000000000000005,2.4000000000000004
1.643234063418588,2.084302001050094,-0.4410679376315058,-4.344314831581426,0,1.3113703368371485,train,7,1.6000000000000005,2.4000000000000004
1.2832058463087153,1.9775624964287437,-0.6943566501200286,-3.910753427281485,1,6.089246572718515,train,7,1.6000000000000005,2.4000000000000004
0.7976354985348093,1.8872871318346247,-1.0896516332998154,-3.561852717988564,0,2.8762945640228716,train,7,1.6000000000000005,2.4000000000000004
1.948111924150442,2.0234339618466644,-0.07532203769622221,-4.094284997954488,0,1.811430004091024,train,7,1.6000000000000005,2.4000000000000004
2.2534469610715173,2.051858488546991,0.20158847252452608,-4.210123257022342,0,1.5797534859553153,train,7,1.6000000000000005,2.4000000000000004
0.920711204670075,2.2668392009993528,-1.3461279963292778,-5.138559963187384,0,-0.2771199263747679,train,7,1.6000000000000005,2.4000000000000004
2.8021824579841756,1.6502506579879916,1.151931799996184,-2.7233272341897994,0,4.553345531620401,train,7,1.6000000000000005,2.4000000000000004
3.6344530374417428,2.085093298525938,1.5493597389158051,-4.347614063557776,0,1.304771872884448,train,7,1.6000000000000005,2.4000000000000004
1.7130880670263102,2.0028901959525514,-0.2898021289262412,-4.01156913704285,1,5.98843086295715,train,7,1.6000000000000005,2.4000000000000004
1.8824385362360547,1.7282389542604444,0.15419958197561032,-2.9868098830232346,1,7.013190116976766,train,7,1.6000000000000005,2.4000000000000004
3.454984293657287,1.7163563828450188,1.7386279108122682,-2.9458792329328367,1,7.054120767067163,train,7,1.6000000000000005,2.4000000000000004
0.4781198187582232,2.110272689617264,-1.6321528708590407,-4.453250824544481,0,1.0934983509110374,train,7,1.6000000000000005,2.4000000000000004
0.9414769499064664,2.3063249122890395,-1.364847962382573,-5.319134601045046,1,4.680865398954954,train,7,1.6000000000000005,2.4000000000000004
1.0884416410763058,1.6262926486804576,-0.5378510076041519,-2.644827779152098,0,4.710344441695804,train,7,1.6000000000000005,2.4000000000000004
1.805170375083045,1.9424175211744965,-0.13724714609145156,-3.7729858265656757,1,6.227014173434324,train,7,1.6000000000000005,2.4000000000000004
2.9472029141893707,2.302314458609197,0.644888455580174,-5.300651866320959,0,-0.6013037326419184,train,7,1.6000000000000005,2.4000000000000004
2.1768904285488975,1.9812056635882667,0.19568476496063092,-3.925175881434224,1,6.074824118565775,train,7,1.6000000000000005,2.4000000000000004
-0.4374244290160447,1.8940564300392746,-2.3314808590553193,-3.5874497601731217,0,2.8251004796537567,train,7,1.6000000000000005,2.4000000000000004
2.9670103559275,1.7925202014872632,1.1744901544402366,-3.2131286727399386,1,6.786871327260061,train,7,1.6000000000000005,2.4000000000000004
2.9986764739537,1.6385854217309044,1.3600910522227954,-2.684962184309046,0,4.630075631381908,train,7,1.6000000000000005,2.4000000000000004
0.48706418816590547,1.7401334233673205,-1.253069235201415,-3.02806433112007,1,6.971935668879929,train,7,1.6000000000000005,2.4000000000000004
2.59202995841242,2.04542034613308,0.54660961227934,-4.183744392375169,1,5.816255607624831,train,7,1.6000000000000005,2.4000000000000004
1.1526585491325627,2.0240683863783206,-0.8714098372457578,-4.096852832736139,0,1.8062943345277223,train,7,1.6000000000000005,2.4000000000000004
1.4243723165383066,2.0353772404936,-0.6110049239552936,-4.142760511119342,0,1.7144789777613152,train,7,1.6000000000000005,2.4000000000000004
0.9058662168683312,1.8392421988933736,-0.9333759820250424,-3.382811866190132,0,3.2343762676197363,train,7,1.6000000000000005,2.4000000000000004
4.061662537653885,2.2923392249715704,1.7693233126823147,-5.25481912234326,1,4.74518087765674,train,7,1.6000000000000005,2.4000000000000004
1.1212415976572414,2.277557234837283,-1.1563156371800414,-5.1872669579596495,0,-0.3745339159192991,train,7,1.6000000000000005,2.4000000000000004
1.8004262367837083,1.9725602933044089,-0.1721340565207006,-3.8909941107211754,0,2.218011778557649,train,7,1.6000000000000005,2.4000000000000004
2.746609441100205,2.201086557428642,0.5455228836715631,-4.844782033293071,1,5.155217966706929,train,7,1.6000000000000005,2.4000000000000004
1.070777925373788,2.226856538213343,-1.156078612839555,-4.958890041783514,1,5.041109958216486,train,7,1.6000000000000005,2.4000000000000004
1.4741454203035613,1.8944774788235927,-0.4203320585200314,-3.5890449177697965,1,6.4109550822302035,train,7,1.6000000000000005,2.4000000000000004
1.5029082705700505,1.74185048050721,-0.23894220993715953,-3.034043096443198,0,3.931913807113604,train,7,1.6000000000000005,2.4000000000000004
3.7371649243868843,1.802296402920826,1.9348685214660581,-3.248272323981348,0,3.503455352037304,train,7,1.6000000000000005,2.4000000000000004
1.9261816104342084,2.4082993231085603,-0.48211771267435183,-5.79990562968515,0,-1.5998112593703002,train,8,2.4000000000000004,3.2
5.129884351528553,2.8014996737189914,2.328384677809561,-7.848400421847615,1,2.1515995781523847,train,8,2.4000000000000004,3.2
1.3033330096965987,2.796618634507317,-1.4932856248107182,-7.82107578687357,1,2.1789242131264297,train,8,2.4000000000000004,3.2
3.634235493198168,2.5070636231674217,1.127171870030746,-6.28536801060936,0,-2.5707360212187194,train,8,2.4000000000000004,3.2
2.224719376514227,2.5136888683636314,-0.28896949184940457,-6.318631726935234,0,-2.6372634538704673,train,8,2.4000000000000004,3.2
2.899815635008222,2.574846940500863,0.32496869450735877,-6.629836767006655,0,-3.2596735340133094,train,8,2.4000000000000004,3.2
1.4201589891362028,2.7348065444083622,-1.3146475552721595,-7.479166835338807,1,2.520833164661193,train,8,2.4000000000000004,3.2
5.480092502606318,2.5984809347308477,2.88161156787547,-6.7521031681597,1,3.2478968318402996,train,8,2.4000000000000004,3.2
2.1313560295118603,2.4672477209322805,-0.33589169142042025,-6.087311316445533,1,3.9126886835544674,train,8,2.4000000000000004,3.2
5.113359866562315,2.6763989120403204,2.436960954521995,-7.163111136370611,1,2.8368888636293894,train,8,2.4000000000000004,3.2
2.4350937162699418,2.5334210772258574,-0.09832736095591545,-6.418222354532224,1,3.581777645467776,train,8,2.4000000000000004,3.2
1.6404955707226583,3.1028472684261272,-1.462351697703469,-9.62766117117948,1,0.3723388288205207,train,8,2.4000000000000004,3.2
2.192526629720242,3.1607712253013736,-0.9682445955811315,-9.990474738693147,1,0.009525261306853494,train,8,2.4000000000000004,3.2
4.01264897094834,2.430998700665856,1.5816502702824837,-5.909754682639081,0,-1.8195093652781615,train,8,2.4000000000000004,3.2
2.2649195226883045,2.9592859131190092,-0.6943663904307048,-8.757373115584608,1,1.242626884415392,train,8,2.4000000000000004,3.2
2.9566708512873627,2.8582078524555277,0.09846299883183515,-8.16935212783844,0,-6.3387042556768805,train,8,2.4000000000000004,3.2
4.79349828359614,3.1184056945801197,1.6750925890160204,-9.72445407598972,1,0.2755459240102809,train,8,2.4000000000000004,3.2
4.231774731771019,2.9335191783357097,1.2982555534353093,-8.605534769663418,0,-7.211069539326836,train,8,2.4000000000000004,3.2
1.6183971155201353,2.8382702264371855,-1.2198731109170502,-8.055777878279793,1,1.9442221217202071,train,8,2.4000000000000004,3.2
2.611543973998276,2.9619419392544444,-0.35039796525616856,-8.773100051514378,1,1.226899948485622,train,8,2.4000000000000004,3.2
4.580411592480563,2.7091817356917325,1.8712298567888306,-7.3396656770056685,0,-4.679331354011337,train,8,2.4000000000000004,3.2
2.2999907203628305,2.9555509422115667,-0.6555602218487362,-8.73528137200768,1,1.2647186279923197,train,8,2.4000000000000004,3.2
4.212605220309742,3.0598963716004386,1.1527088487093033,-9.362965804933529,1,0.6370341950664713,train,8,2.4000000000000004,3.2
3.0259874055214597,2.772534780293813,0.253452625227647,-7.686949107938862,1,2.3130508920611383,train,8,2.4000000000000004,3.2
1.657973792734704,3.152419527621325,-1.494445734886621,-9.937748878128257,0,-9.875497756256514,train,8,2.4000000000000004,3.2
3.4084459320164653,3.0429918160098546,0.36545411600661054,-9.259799192302953,0,-8.519598384605906,train,8,2.4000000000000004,3.2
2.4686308480539645,3.1866873985794664,-0.7180565505255018,-10.154976576265167,1,-0.1549765762651667,train,8,2.4000000000000004,3.2
2.6833880408947035,2.535709006067014,0.14767903482768951,-6.4298201634493655,1,3.5701798365506345,train,8,2.4000000000000004,3.2
1.8678633491295797,2.816867769167838,-0.9490044200382585,-7.934744028976593,1,2.065255971023407,train,8,2.4000000000000004,3.2
3.9290869737316316,3.1564139335809926,0.7726730401506391,-9.962948920104235,0,-9.92589784020847,train,8,2.4000000000000004,3.2
2.848051900199231,2.9196323705283813,-0.07158047032915021,-8.524253179037176,1,1.475746820962824,train,8,2.4000000000000004,3.2
4.18456142619936,3.0886655385805577,1.0958958876188019,-9.539854809215127,0,-9.079709618430254,train,8,2.4000000000000004,3.2
1.8679838265087114,3.1766768096721805,-1.308692983163469,-10.091275553109023,0,-10.182551106218046,train,8,2.4000000000000004,3.2
2.3386124933866306,2.548433349547569,-0.2098208561609383,-6.4945125370862415,1,3.5054874629137585,train,8,2.4000000000000004,3.2
3.8728274519092682,2.594492540250727,1.2783349116585414,-6.731391541416671,1,3.268608458583329,train,8,2.4000000000000004,3.2
4.5833968278948,3.0987206744809,1.4846761534139004,-9.602069818455364,0,-9.204139636910728,train,8,2.4000000000000004,3.2
4.348776985206633,3.125021821538806,1.2237551636678263,-9.765761385093718,1,0.23423861490628184,train,8,2.4000000000000004,3.2
4.039447180845652,3.0066223894373194,1.0328247914083328,-9.039778192665777,1,0.9602218073342232,train,8,2.4000000000000004,3.2
1.7986009357184716,2.677521563020416,-0.8789206273019445,-7.169121720439292,1,2.830878279560708,train,8,2.4000000000000004,3.2
3.2990975594270235,2.770827771187246,0.5282697882397771,-7.677486537582483,1,2.3225134624175174,train,8,2.4000000000000004,3.2
3.663707086001395,2.888430192678504,0.7752768933228908,-8.343028977976779,1,1.656971022023221,train,8,2.4000000000000004,3.2
3.111320852005087,2.79702537413695,0.314295477868137,-7.823350943565945,1,2.176649056434055,train,8,2.4000000000000004,3.2
3.6310376208290744,2.782379210830678,0.8486584099983966,-7.741634072862746,0,-5.483268145725493,train,8,2.4000000000000004,3.2
2.2244618833479692,2.748444371813077,-0.5239824884651076,-7.553946464950979,1,2.446053535049021,train,8,2.4000000000000004,3.2
4.048909643627606,3.096326637141225,0.9525830064863811,-9.587238643870288,1,0.4127613561297121,train,8,2.4000000000000004,3.2
2.237223222972192,2.5498869176491374,-0.3126636946769453,-6.501923292798219,1,3.498076707201781,train,8,2.4000000000000004,3.2
1.9425466721533489,2.9501392745541404,-1.0075926024007915,-8.70332173926683,0,-7.40664347853366,train,8,2.4000000000000004,3.2
1.187174559058352,2.962823339041111,-1.775648779982759,-8.778322138366718,0,-7.5566442767334365,train,8,2.4000000000000004,3.2
4.469033982311805,3.140160061816886,1.3288739204949191,-9.86060521382983,1,0.1393947861701701,train,8,2.4000000000000004,3.2
0.9954591368742938,2.431563854139414,-1.4361047172651202,-5.9125027767573215,0,-1.825005553514643,train,8,2.4000000000000004,3.2
1.6850164457660466,2.9176933708360893,-1.2326769250700427,-8.512934606220862,1,1.4870653937791385,train,8,2.4000000000000004,3.2
1.0250884826755853,2.9104431877739083,-1.885354705098323,-8.470679549259549,0,-6.941359098519097,train,8,2.4000000000000004,3.2
5.2209292746553295,2.769358129976558,2.451571144678771,-7.669344452067258,1,2.330655547932742,train,8,2.4000000000000004,3.2
4.7104292361283235,2.442447539588315,2.267981696540008,-5.965549983641013,1,4.034450016358987,train,8,2.4000000000000004,3.2
1.4724628094196501,2.430856738529887,-0.9583939291102369,-5.909064483256159,1,4.090935516743841,train,8,2.4000000000000004,3.2
0.34588072212345855,2.535625131366302,-2.1897444092428433,-6.429394806816376,0,-2.8587896136327515,train,8,2.4000000000000004,3.2
2.1043742805401378,3.035638309582832,-0.9312640290426942,-9.215099946606912,0,-8.430199893213825,train,8,2.4000000000000004,3.2
1.7529695612552731,2.530084837248065,-0.7771152759927918,-6.401329283672568,0,-2.8026585673451354,train,8,2.4000000000000004,3.2
1.9261894302479234,2.510990959823642,-0.5848015295757185,-6.305075600316055,1,3.694924399683945,train,8,2.4000000000000004,3.2
3.1326502234598363,2.682333562586146,0.4503166608736904,-7.194913340976086,0,-4.389826681952172,train,8,2.4000000000000004,3.2
1.5443911139613968,2.787598764122242,-1.2432076501608451,-7.770706869735851,0,-5.541413739471702,train,8,2.4000000000000004,3.2
2.7974803347131876,2.958189108099022,-0.1607087733858345,-8.750882799275688,1,1.2491172007243119,train,8,2.4000000000000004,3.2
3.502779829736256,3.040925145356549,0.4618546843797071,-9.247225739661749,0,-8.494451479323498,train,8,2.4000000000000004,3.2
3.038695799383641,2.613419501657553,0.42527629772608805,-6.8299614916440134,1,3.1700385083559866,train,8,2.4000000000000004,3.2
3.538746116678738,3.1275809674066,0.41116514927213793,-9.781762707684004,1,0.21823729231599565,train,8,2.4000000000000004,3.2
1.7015325590122066,2.418293559975742,-0.7167610009635353,-5.848143742220148,0,-1.6962874844402958,train,8,2.4000000000000004,3.2
2.473840335687626,2.7000982099966193,-0.22625787430899325,-7.290530343626948,0,-4.5810606872538955,train,8,2.4000000000000004,3.2
3.400096629468886,2.5597066629185803,0.8403899665503057,-6.552098200189774,0,-3.104196400379548,train,8,2.4000000000000004,3.2
1.0834960661260706,2.6742441833291286,-1.590748117203058,-7.151581952069678,0,-4.303163904139357,train,8,2.4000000000000004,3.2
3.8797239732150155,2.7552898360352374,1.1244341371797781,-7.591622080559085,1,2.408377919440915,train,8,2.4000000000000004,3.2
2.257684057297973,2.7985116882894343,-0.5408276309914616,-7.83166766949258,1,2.16833233050742,train,8,2.4000000000000004,3.2
3.8488320177259245,2.7314770598396976,1.1173549578862267,-7.460966928430519,0,-4.921933856861038,train,8,2.4000000000000004,3.2
0.4048872336877154,2.57140477030795,-2.1665175366202347,-6.612122492762482,1,3.3878775072375182,train,8,2.4000000000000004,3.2
3.0897902997575026,2.57331177018149,0.5164785295760127,-6.6219334665545935,0,-3.243866933109187,train,8,2.4000000000000004,3.2
1.9050930064254015,2.5858457017971994,-0.680752695371798,-6.68659799350305,0,-3.373195987006101,train,8,2.4000000000000004,3.2
4.267215372503427,2.9832684965011302,1.2839468760022967,-8.899890922216114,1,1.1001090777838858,train,8,2.4000000000000004,3.2
2.5875234356275416,2.732734933611834,-0.14521149798429236,-7.467840217382474,0,-4.935680434764947,train,8,2.4000000000000004,3.2
1.6277528870713722,2.8671185424110397,-1.2393656553396675,-8.220368736237205,1,1.779631263762795,train,8,2.4000000000000004,3.2
3.7978063174424,2.7954692841061655,1.0023370333362343,-7.814648518381037,1,2.185351481618963,train,8,2.4000000000000004,3.2
1.7217331058836063,2.7440374513689494,-1.022304345485343,-7.5297415345153995,0,-5.059483069030799,train,8,2.4000000000000004,3.2
1.5658828702462182,2.9878126536289358,-1.4219297833827176,-8.927024453185183,1,1.072975546814817,train,8,2.4000000000000004,3.2
1.6080708915990345,2.8449731894429195,-1.236902297843885,-8.093872448649018,0,-6.187744897298035,train,8,2.4000000000000004,3.2
1.544242220883054,2.6421045133280057,-1.0978622924449517,-6.980716259348218,0,-3.9614325186964354,train,8,2.4000000000000004,3.2
2.1875892633204055,3.176638555850765,-0.9890492925303594,-10.091032514517634,1,-0.09103251451763406,train,8,2.4000000000000004,3.2
1.6950776160218939,2.579874089698644,-0.8847964736767501,-6.655750318698407,0,-3.311500637396813,train,8,2.4000000000000004,3.2
3.540092158594833,2.5110153255637386,1.029076833031094,-6.305197965215968,1,3.694802034784032,train,8,2.4000000000000004,3.2
4.028570641779783,2.8919459802897753,1.1366246614900082,-8.363351552914189,0,-6.726703105828378,train,8,2.4000000000000004,3.2
4.229909429714796,2.793543151427797,1.4363662782869995,-7.803883338889148,1,2.1961166611108522,train,8,2.4000000000000004,3.2
4.82422305267823,2.546522186922577,2.277700865755653,-6.484775248488944,1,3.515224751511056,train,8,2.4000000000000004,3.2
3.1171959774647706,2.48744841213176,0.6297475653330108,-6.1873996030168135,1,3.8126003969831865,train,8,2.4000000000000004,3.2
2.6629650400711946,2.831660419938739,-0.16869537986754443,-8.018300733847637,0,-6.036601467695274,train,8,2.4000000000000004,3.2
1.0816607362999993,2.6314394252385953,-1.549778688938596,-6.924473448700029,1,3.075526551299971,train,8,2.4000000000000004,3.2
1.9130223996308136,2.482443241476899,-0.5694208418460852,-6.162524447154333,0,-2.325048894308665,train,8,2.4000000000000004,3.2
2.7852023472034424,2.7924812385394526,-0.007278891336010085,-7.797951467594835,1,2.202048532405165,train,8,2.4000000000000004,3.2
4.475511195404499,2.905673347785964,1.5698378476185348,-8.442937604033693,0,-6.885875208067386,train,8,2.4000000000000004,3.2
1.6485030977755017,2.4303753735415587,-0.7818722757660571,-5.906724456317272,1,4.093275543682728,train,8,2.4000000000000004,3.2
4.723242442023942,2.8000863363534076,1.9231561056705346,-7.840483491033049,0,-5.6809669820660975,train,8,2.4000000000000004,3.2
4.344268067935788,2.4668347439435565,1.8774333239922314,-6.085273653927072,0,-2.170547307854145,train,8,2.4000000000000004,3.2
2.7233778341600634,3.033054587795501,-0.30967675363543773,-9.199420132547337,0,-8.398840265094673,train,8,2.4000000000000004,3.2
2.575363403003414,3.0064288199382174,-0.4310654169348034,-9.038614249355103,1,0.9613857506448973,train,8,2.4000000000000004,3.2
2.621570220932979,2.6098185766423616,0.011751644290617426,-6.811153002987562,0,-3.6223060059751244,train,8,2.4000000000000004,3.2
1.5327699740440595,2.4806868728361775,-0.947916898792118,-6.153807361061734,1,3.846192638938266,train,8,2.4000000000000004,3.2
1.8091930959447902,3.133754164928347,-1.324561068983557,-9.820415166205763,0,-9.640830332411525,train,8,2.4000000000000004,3.2
2.13744493477893,2.8139681934150644,-0.6765232586361345,-7.9184169935516415,1,2.0815830064483585,train,8,2.4000000000000004,3.2
3.0844498699284904,2.5068317407387473,0.5776181291897432,-6.284205376375258,1,3.715794623624742,train,8,2.4000000000000004,3.2
-0.25082769819267225,2.4900344912346855,-2.7408621894273577,-6.2002717675383785,0,-2.400543535076757,train,8,2.4000000000000004,3.2
3.9052348598311384,3.073312918731262,0.8319219410998767,-9.445252296440467,1,0.5547477035595332,train,8,2.4000000000000004,3.2
4.7862757168284,2.8368597892243375,1.9494159276040626,-8.047773463717952,0,-6.095546927435905,train,8,2.4000000000000004,3.2
4.085092293285737,2.608813266518023,1.4762790267677148,-6.805906659560437,1,3.1940933404395633,train,8,2.4000000000000004,3.2
4.839586143899135,2.8606604142558916,1.9789257296432432,-8.18337800569069,0,-6.36675601138138,train,8,2.4000000000000004,3.2
0.8679625874215038,2.6510820854223383,-1.7831194980008345,-7.028236223647254,1,2.971763776352746,train,8,2.4000000000000004,3.2
1.7410278620698885,3.0332985482453934,-1.292270686175505,-9.20090008278761,1,0.7990999172123896,train,8,2.4000000000000004,3.2
4.695968921476068,2.7944725747223673,1.9014963467537007,-7.809076970875457,0,-5.618153941750913,train,8,2.4000000000000004,3.2
3.6377991904291243,3.1721265467680375,0.4656726436610867,-10.062386828710515,0,-10.12477365742103,train,8,2.4000000000000004,3.2
4.346817733830125,2.816249555597723,1.5305681782324023,-7.931261559404372,0,-5.862523118808744,train,8,2.4000000000000004,3.2
3.375581812076511,3.1224172763978157,0.25316453567869507,-9.749489647947554,1,0.2505103520524461,train,8,2.4000000000000004,3.2
3.3436465362404775,2.599843648481854,0.7438028877586237,-6.7591869965514375,1,3.2408130034485625,train,8,2.4000000000000004,3.2
1.6144347039009077,2.8171898425471524,-1.2027551386462447,-7.9365586089508495,1,2.0634413910491505,train,8,2.4000000000000004,3.2
2.1654632832064373,2.8045965467120038,-0.6391332635055664,-7.8657617898288965,1,2.1342382101711035,train,8,2.4000000000000004,3.2
4.173690273162436,3.050457184582611,1.1232330885798254,-9.30528903497167,0,-8.61057806994334,train,8,2.4000000000000004,3.2
2.673660673870745,2.4585553769846644,0.2151052968860807,-6.044494541700205,0,-2.08898908340041,train,8,2.4000000000000004,3.2
3.0245558856534562,3.0689656005957966,-0.04440971494234025,-9.418549857640318,1,0.5814501423596816,train,8,2.4000000000000004,3.2
4.054580540172029,3.043388508303064,1.0111920318689656,-9.262213612471148,1,0.7377863875288515,train,8,2.4000000000000004,3.2
1.74912656722625,2.725057016682453,-0.975930449456203,-7.42593574417027,1,2.5740642558297298,train,8,2.4000000000000004,3.2
0.4216352422344771,2.4291609986577343,-2.007525756423257,-5.900823157399841,0,-1.8016463147996813,train,8,2.4000000000000004,3.2
1.9931410778653795,3.013803285562061,-1.0206622076966814,-9.083010244064674,0,-8.166020488129348,train,8,2.4000000000000004,3.2
2.605083647613007,2.943142055224482,-0.33805840761147493,-8.662085157230987,1,1.3379148427690133,train,8,2.4000000000000004,3.2
4.959060818837727,3.1351431106059344,1.8239177082317934,-9.829122323979854,1,0.17087767602014559,train,8,2.4000000000000004,3.2
1.6971157300704438,2.848148497841646,-1.151032767771202,-8.111949865757623,1,1.888050134242377,train,8,2.4000000000000004,3.2
4.044643898960333,3.1741751677805916,0.8704687311797406,-10.075387995754946,1,-0.07538799575494615,train,8,2.4000000000000004,3.2
3.3132218375461457,2.6467074808605466,0.6665143566855989,-7.0050604892431805,0,-4.010120978486361,train,8,2.4000000000000004,3.2
3.66681179845951,2.671111972892282,0.995699825567228,-7.134839171728499,0,-4.269678343456999,train,8,2.4000000000000004,3.2
4.747335248697082,2.9847054491575737,1.7626297995395084,-8.908466618230914,0,-7.8169332364618285,train,8,2.4000000000000004,3.2
2.9565091896883,2.9610959247474495,-0.004586735059149606,-8.768089075555954,1,1.2319109244440458,train,8,2.4000000000000004,3.2
4.249263342054954,2.9802791374930018,1.268984204561952,-8.882063737376031,0,-7.764127474752062,train,8,2.4000000000000004,3.2
1.9347562490016794,3.115154195253509,-1.1803979462518295,-9.704185660205537,1,0.2958143397944628,train,8,2.4000000000000004,3.2
4.275752145946553,2.973319269914779,1.3024328760317738,-8.840627480846555,1,1.159372519153445,train,8,2.4000000000000004,3.2
3.384760154464591,2.9457222161371224,0.4390379383274686,-8.677279374643799,0,-7.354558749287598,train,8,2.4000000000000004,3.2
1.7629083700698076,3.07449347364169,-1.3115851035718822,-9.452510119465344,0,-8.905020238930689,train,8,2.4000000000000004,3.2
0.23232915165429047,2.9160951987961385,-2.683766047141848,-8.50361120844189,0,-7.007222416883781,train,8,2.4000000000000004,3.2
2.493972458836912,2.642159110503007,-0.1481866516660954,-6.981004765214042,1,3.018995234785958,train,8,2.4000000000000004,3.2
2.8490661612444286,3.06302496179966,-0.2139588005552314,-9.382121916607808,0,-8.764243833215616,train,8,2.4000000000000004,3.2
5.255480287514063,2.5957756381410797,2.659704649372983,-6.7380511635667295,0,-3.476102327133459,train,8,2.4000000000000004,3.2
5.666602309891216,2.963024554393985,2.7035777554972307,-8.779514509941672,1,1.2204854900583282,train,8,2.4000000000000004,3.2
1.6210613039006885,2.82871059267491,-1.2076492887742216,-8.001603617111241,0,-6.003207234222483,train,8,2.4000000000000004,3.2
3.9092947122106976,2.7046476149988106,1.2046470972118872,-7.315118721318754,1,2.684881278681246,train,8,2.4000000000000004,3.2
2.3938534468522343,2.5428943481270823,-0.14904090127484776,-6.466311665736659,0,-2.9326233314733177,train,8,2.4000000000000004,3.2
2.925703506119729,3.108665283546445,-0.1829617774267157,-9.663799845126897,0,-9.327599690253795,train,8,2.4000000000000004,3.2
0.9028551961795672,2.46418679478783,-1.5613315986082628,-6.072216559606719,1,3.9277834403932808,train,8,2.4000000000000004,3.2
2.7137758623173593,3.0428709176604123,-0.32909505534305283,-9.25906342154352,1,0.7409365784564805,train,8,2.4000000000000004,3.2
2.346053337727731,3.817056514613397,-1.4710031768856657,-14.569920435752573,1,-4.569920435752573,train,9,3.2,4.0
2.9504497958081286,3.2166015594875215,-0.2661517636793927,-10.346525592497555,1,-0.34652559249755477,train,9,3.2,4.0
5.314830159890084,3.7069185879410202,1.607911571949064,-13.741245417622647,1,-3.741245417622647,train,9,3.2,4.0
3.8342147591626934,3.7990431060308896,0.035171653131803704,-14.43272852148083,1,-4.432728521480829,train,9,3.2,4.0
5.981268505149339,3.5988056098420724,2.3824628953072664,-12.95140181743077,0,-15.902803634861542,train,9,3.2,4.0
5.116436037226545,3.379837316424678,1.7365987208018667,-11.42330028549677,1,-1.4233002854967705,train,9,3.2,4.0
3.0132949954270023,3.3584502918076993,-0.34515529638069675,-11.27918836254322,0,-12.55837672508644,train,9,3.2,4.0
2.1772518820319684,3.808424569759167,-1.6311726877271986,-14.504097703545296,0,-19.008195407090593,train,9,3.2,4.0
3.277639078974724,3.3352886692500285,-0.05764959027530477,-11.124150507227625,1,-1.1241505072276254,train,9,3.2,4.0
2.6937270431807803,3.2706718513392086,-0.5769448081584284,-10.697294359142646,1,-0.6972943591426457,train,9,3.2,4.0
4.201591557852648,3.748287854694238,0.4533037031584103,-14.049661841648334,1,-4.049661841648334,train,9,3.2,4.0
5.900004245930507,3.962714676955949,1.9372895689745577,-15.703107610962093,1,-5.703107610962093,train,9,3.2,4.0
1.8554337707930721,3.2031586130623317,-1.3477248422692596,-10.2602251004354,0,-10.520450200870801,train,9,3.2,4.0
3.143280274482848,3.6097538107086216,-0.4664735362257735,-13.030322573925416,1,-3.0303225739254156,train,9,3.2,4.0
4.248916708759511,3.850096769321691,0.39881993943782007,-14.823245133141322,0,-19.646490266282644,train,9,3.2,4.0
5.051988661161797,3.6900208534635106,1.3619678076982868,-13.616253898995575,0,-17.23250779799115,train,9,3.2,4.0
4.390261547622875,3.7774042539454395,0.6128572936774354,-14.268782897725103,0,-18.537565795450206,train,9,3.2,4.0
3.9306580239693174,3.4335008545365064,0.49715716943281113,-11.78892811810292,1,-1.7889281181029197,train,9,3.2,4.0
5.547678606049484,3.9342192980103547,1.613459308039129,-15.47808148483709,1,-5.478081484837089,train,9,3.2,4.0
4.363879007416099,3.7716606267181527,0.5922183806979463,-14.225423883135969,1,-4.225423883135969,train,9,3.2,4.0
3.3496304729808317,3.634035494409009,-0.28440502142817725,-13.206213974624532,0,-16.412427949249064,train,9,3.2,4.0
3.3824782182684436,3.3137360380812217,0.0687421801872217,-10.980846530078232,0,-11.961693060156463,train,9,3.2,4.0
2.650186871560579,3.4986726080411756,-0.8484857364805966,-12.240710018257642,1,-2.2407100182576425,train,9,3.2,4.0
4.3953046970945175,3.7393068920530763,0.6559978050414413,-13.982416032955637,1,-3.982416032955637,train,9,3.2,4.0
4.684467030266565,3.553466539538397,1.131000490728168,-12.62712444761899,0,-15.254248895237978,train,9,3.2,4.0
-0.028304930606725343,3.547211194666635,-3.5755161252733605,-12.582707259568297,0,-15.165414519136593,train,9,3.2,4.0
5.1559922031967105,3.6942135827754536,1.4617786204212568,-13.647213995162653,1,-3.6472139951626534,train,9,3.2,4.0
3.5426857263444043,3.6105105940435127,-0.06782486769910862,-13.035786749700438,0,-16.071573499400877,train,9,3.2,4.0
4.273383888423813,3.7203177455451737,0.5530661428786391,-13.840764127818323,1,-3.840764127818323,train,9,3.2,4.0
4.475679976793195,3.6808311627236354,0.7948488140695597,-13.54851804847743,1,-3.5485180484774297,train,9,3.2,4.0
1.0900545627110492,3.844178557466197,-2.754123994755148,-14.777708781682891,0,-19.555417563365783,train,9,3.2,4.0
2.182202548158686,3.6173177219149073,-1.435115173756221,-13.084987501279654,1,-3.084987501279654,train,9,3.2,4.0
3.5271977100815324,3.9269191046469345,-0.399721394565402,-15.42069365444108,0,-20.84138730888216,train,9,3.2,4.0
2.505719946029904,3.4553888711908365,-0.9496689251609325,-11.939712251149484,1,-1.9397122511494835,train,9,3.2,4.0
3.601374816328854,3.272367479416726,0.3290073369121282,-10.708388920344175,0,-11.41677784068835,train,9,3.2,4.0
2.822668138343461,3.440560045308963,-0.6178919069655021,-11.837453425376413,1,-1.8374534253764132,train,9,3.2,4.0
1.237902052905723,3.29118748949084,-2.053285436585117,-10.831915090981019,1,-0.8319150909810187,train,9,3.2,4.0
4.5977018360444015,3.8629450610461413,0.7347567749982604,-14.922344544660776,1,-4.922344544660776,train,9,3.2,4.0
4.557672304327395,3.2375170555114,1.3201552488159944,-10.481516684727206,0,-10.963033369454411,train,9,3.2,4.0
4.3782527503124555,3.701029718649114,0.6772230316633415,-13.697620978323942,1,-3.6976209783239415,train,9,3.2,4.0
2.7827096005429235,3.638068924735395,-0.8553593241924717,-13.235545501125353,0,-16.471091002250706,train,9,3.2,4.0
3.5423982222710446,3.8554295965360548,-0.31303137426501,-14.864337373846165,0,-19.72867474769233,train,9,3.2,4.0
4.01727171129804,3.35915803174305,0.6581136795549898,-11.28394268222384,1,-1.2839426822238398,train,9,3.2,4.0
4.609319102242897,3.8854802419661865,0.7238388602767103,-15.096956710709614,1,-5.096956710709614,train,9,3.2,4.0
4.689555477895458,3.4813221115456705,1.208233366349787,-12.119603644336806,1,-2.119603644336806,train,9,3.2,4.0
3.4504069443559544,3.803718153223886,-0.3533112088679314,-14.46827178916493,0,-18.93654357832986,train,9,3.2,4.0
1.7317127473186622,3.4367693655037432,-1.705056618185081,-11.811383671665002,0,-13.622767343330004,train,9,3.2,4.0
3.0924130541048998,3.907149183648949,-0.8147361295440491,-15.265814743288647,0,-20.531629486577295,train,9,3.2,4.0
4.10107108143885,3.460409310265799,0.6406617711730501,-11.974432594574223,1,-1.974432594574223,train,9,3.2,4.0
4.224782002718428,3.332012718175319,0.8927692845431096,-11.102308754082078,0,-12.204617508164155,train,9,3.2,4.0
6.184082961745103,3.51402339515727,2.6700595665878333,-12.348360421712627,0,-14.696720843425254,train,9,3.2,4.0
3.4153860038803003,3.2747682996469205,0.1406177042333798,-10.724107416372384,0,-11.448214832744767,train,9,3.2,4.0
4.15042195058753,3.8568845262695426,0.29353742431798774,-14.875558248977434,0,-19.751116497954868,train,9,3.2,4.0
3.10816302853937,3.320921615714051,-0.21275858717468069,-11.028520377716823,0,-12.057040755433647,train,9,3.2,4.0
3.020416125774849,3.5072915589537597,-0.4868754331789104,-12.301094079508294,0,-14.602188159016588,train,9,3.2,4.0
4.893538798241779,3.955408569791041,0.938130228450738,-15.645256953976407,1,-5.645256953976407,train,9,3.2,4.0
4.4142735164861175,3.990100379921498,0.4241731365646199,-15.920901041849682,0,-21.841802083699363,train,9,3.2,4.0
3.316308254810102,3.5650436376758274,-0.2487353828657253,-12.709536138532897,1,-2.709536138532897,train,9,3.2,4.0
2.5652614143235737,3.860898275074192,-1.2956368607506183,-14.906535490470871,0,-19.813070980941742,train,9,3.2,4.0
3.2534155131534797,3.4010993073656475,-0.1476837942121679,-11.567476498563087,0,-13.134952997126174,train,9,3.2,4.0
3.2087186962170238,3.6778973185847077,-0.46917862236768415,-13.526928686052583,0,-17.053857372105167,train,9,3.2,4.0
5.428473886316787,3.922265408265302,1.5062084780514857,-15.384165932874575,1,-5.384165932874575,train,9,3.2,4.0
4.764197652851677,3.627646359041452,1.1365512938102251,-13.159818106266703,1,-3.1598181062667035,train,9,3.2,4.0
2.4453882596554646,3.6721610903883386,-1.2267728307328738,-13.484767073762072,1,-3.4847670737620717,train,9,3.2,4.0
4.632027455865251,3.2314254137803102,1.4006020420849408,-10.44211020482525,1,-0.44211020482524965,train,9,3.2,4.0
2.7993732309623094,3.485745406907629,-0.6863721759453197,-12.150421041777632,1,-2.1504210417776317,train,9,3.2,4.0
3.423455468370041,3.2636904721247717,0.1597649962452696,-10.651675497838015,0,-11.30335099567603,train,9,3.2,4.0
4.887660583438141,3.4443679346742546,1.4432926487638857,-11.86367046941219,1,-1.86367046941219,train,9,3.2,4.0
2.234871889131365,3.4645754495857055,-1.2297035604543405,-12.003283045871994,1,-2.003283045871994,train,9,3.2,4.0
4.011543232499547,3.819064236968477,0.1924789955310705,-14.585251646091614,1,-4.5852516460916135,train,9,3.2,4.0
1.8753970223847731,3.231967366951982,-1.356570344567209,-10.445613061042529,1,-0.44561306104252907,train,9,3.2,4.0
1.2140341255183973,3.5435937427453106,-2.3295596172269133,-12.557056613623718,0,-15.114113227247437,train,9,3.2,4.0
4.6358588777517475,3.451941497474151,1.183917380277597,-11.915900101984084,0,-13.831800203968168,train,9,3.2,4.0
3.74306575521298,3.709192914454036,0.03387284075894384,-13.758112076636024,1,-3.7581120766360243,train,9,3.2,4.0
2.490236602667229,3.4770777200640266,-0.9868411173967977,-12.090069471365648,1,-2.0900694713656485,train,9,3.2,4.0
1.3306157719465777,3.234477884963996,-1.9038621130174183,-10.461847188321164,1,-0.46184718832116367,train,9,3.2,4.0
3.422164756368268,3.9039321396143327,-0.48176738324606483,-15.240686150713742,0,-20.481372301427484,train,9,3.2,4.0
5.421207610820975,3.810592469714945,1.6106151411060299,-14.520614970248243,1,-4.520614970248243,train,9,3.2,4.0
4.385440226366024,3.9024773141798867,0.48296291218613685,-15.229329187688663,1,-5.229329187688663,train,9,3.2,4.0
3.086693615347173,3.5340073150714137,-0.4473136997242408,-12.489207702978263,0,-14.978415405956525,train,9,3.2,4.0
2.8780339277529903,3.6844620515150055,-0.8064281237620151,-13.575260609054164,0,-17.150521218108327,train,9,3.2,4.0
3.7377478012815373,3.610773301926631,0.12697449935490646,-13.037683837906144,0,-16.075367675812288,train,9,3.2,4.0
1.8215028492693444,3.678269318370379,-1.8567664691010348,-13.529665178464894,0,-17.059330356929788,train,9,3.2,4.0
5.023540341659437,3.4097725289055605,1.6137678127538764,-11.626548698879022,0,-13.253097397758044,train,9,3.2,4.0
4.044524065116352,3.440697047152566,0.6038270179637867,-11.838396170284387,1,-1.838396170284387,train,9,3.2,4.0
4.653540548595981,3.220319825640085,1.4332207229558953,-10.370459779410588,1,-0.37045977941058794,train,9,3.2,4.0
2.7662432430854555,3.442450048520828,-0.6762068054353721,-11.85046233656105,1,-1.8504623365610495,train,9,3.2,4.0
4.419455207898023,3.393660700322822,1.025794507575201,-11.516932948915587,0,-13.033865897831173,train,9,3.2,4.0
4.471548221723944,3.6460625509301154,0.8254856707938294,-13.293772125295021,1,-3.293772125295021,train,9,3.2,4.0
1.8127231539623154,3.652405615910534,-1.8396824619482186,-13.340066783134807,1,-3.340066783134807,train,9,3.2,4.0
3.7588586391043064,3.5801057979320405,0.1787528411722659,-12.817157524386612,1,-2.8171575243866123,train,9,3.2,4.0
3.8123717828976074,3.4342383810316073,0.37813340186600014,-11.793993257750595,1,-1.7939932577505946,train,9,3.2,4.0
2.5614996516929245,3.2514008485558596,-0.6899011968629353,-10.571607477989764,1,-0.5716074779897635,train,9,3.2,4.0
3.5508499552907713,3.983055316606114,-0.4322053613153429,-15.864729655144231,1,-5.864729655144231,train,9,3.2,4.0
3.9951886307495776,3.471766274910291,0.5234223558392868,-12.05316106760448,1,-2.0531610676044796,train,9,3.2,4.0
3.5505374462903228,3.5960389047059635,-0.04550145841564083,-12.931495804158866,1,-2.9314958041588657,train,9,3.2,4.0
2.7760049577068306,3.9816645807381454,-1.2056596230313146,-15.853652833504672,1,-5.853652833504672,train,9,3.2,4.0
4.26236276387692,3.5526190599205334,0.7097437039563871,-12.621102184910654,0,-15.242204369821309,train,9,3.2,4.0
3.7279990809974106,3.4546182443831612,0.27338083661424933,-11.934387214424994,0,-13.868774428849989,train,9,3.2,4.0
3.9148519781639064,3.615837588700304,0.2990143894636023,-13.074281467858029,1,-3.074281467858029,train,9,3.2,4.0
3.777425027991236,3.6625091439059743,0.11491588408526188,-13.413973229194873,0,-16.827946458389746,train,9,3.2,4.0
4.421973077232977,3.883147000400389,0.5388260768325878,-15.07883062671854,0,-20.15766125343708,train,9,3.2,4.0
2.911275409638775,3.25447781883036,-0.3432024091915848,-10.591625873258817,0,-11.183251746517634,train,9,3.2,4.0
2.5363146869470543,3.571624646223466,-1.035309959276412,-12.7565026135109,1,-2.7565026135109,train,9,3.2,4.0
2.9353694883708292,3.8255592948953185,-0.8901898065244892,-14.634903918759967,1,-4.634903918759967,train,9,3.2,4.0
5.101572411695479,3.7748822483058,1.3266901633896782,-14.249735988574253,1,-4.249735988574253,train,9,3.2,4.0
1.247555200833241,3.6688175840425408,-2.4212623832093,-13.460222464979745,0,-16.92044492995949,train,9,3.2,4.0
3.8783243863090426,3.2296755305875267,0.6486488557215162,-10.430804032875821,1,-0.43080403287582136,train,9,3.2,4.0
1.7497664538889635,3.4805251130265065,-1.730758659137543,-12.114055062408175,0,-14.22811012481635,train,9,3.2,4.0
1.7199321121884559,3.650552547594196,-1.9306204354057401,-13.326533902746474,1,-3.3265339027464744,train,9,3.2,4.0
2.23190162378444,3.4397838979396504,-1.2078822741552107,-11.832113264524896,1,-1.8321132645248959,train,9,3.2,4.0
3.30082697285708,3.6098673226188396,-0.30904034976175937,-13.03114208691131,1,-3.0311420869113093,train,9,3.2,4.0
4.6153824767952125,3.7387735402277764,0.8766089365674364,-13.97842758510734,0,-17.95685517021468,train,9,3.2,4.0
1.2892731973081788,3.327354986702475,-2.038081789394296,-11.071291207533827,1,-1.071291207533827,train,9,3.2,4.0
5.249272790832652,3.2403821361231984,2.008890654709454,-10.500076388106342,1,-0.5000763881063417,train,9,3.2,4.0
4.866721149853786,3.4702527096517435,1.3964684402020426,-12.042653868845267,0,-14.085307737690535,train,9,3.2,4.0
3.1273627070417556,3.2864510182235622,-0.15908831118180683,-10.80076029518269,0,-11.601520590365379,train,9,3.2,4.0
2.9948272765219155,3.3431222468568724,-0.3482949703349568,-11.176466357429343,1,-1.1764663574293426,train,9,3.2,4.0
2.764422775794397,3.9086616769341647,-1.1442389011397678,-15.277636104733796,1,-5.277636104733796,train,9,3.2,4.0
4.197940689541926,3.4922919769712926,0.7056487125706331,-12.196103252418059,0,-14.392206504836118,train,9,3.2,4.0
3.4575772442343093,3.3750154793436296,0.08256176489068,-11.390729485809109,0,-12.781458971618218,train,9,3.2,4.0
5.496474101483255,3.8019969361748824,1.6944771653083728,-14.455180702683194,0,-18.910361405366388,train,9,3.2,4.0
2.462044929659918,3.2855036675148557,-0.8234587378549375,-10.794534349253567,0,-11.589068698507134,train,9,3.2,4.0
4.453215304829247,3.7956825926204485,0.6575327122087988,-14.407206343921889,1,-4.407206343921889,train,9,3.2,4.0
3.5321691893897382,3.5758282347523958,-0.04365904536265763,-12.786547564452436,1,-2.7865475644524356,train,9,3.2,4.0
2.6621850333694637,3.6786045370232876,-1.016419503653824,-13.532131339808316,0,-17.064262679616633,train,9,3.2,4.0
5.600861003786642,3.3180961538282383,2.282764849958404,-11.009762086049749,0,-12.019524172099498,train,9,3.2,4.0
3.6827543282905344,3.3472278576745214,0.33552647061601315,-11.203934331192366,1,-1.2039343311923663,train,9,3.2,4.0
4.4603631029907564,3.7160577011745937,0.7443054018161626,-13.809084838459006,0,-17.61816967691801,train,9,3.2,4.0
1.956621154849265,3.2389024050107245,-1.2822812501614596,-10.490488789184255,1,-0.49048878918425487,train,9,3.2,4.0
2.5317451260348736,3.398890006242216,-0.8671448802073423,-11.55245327453321,1,-1.5524532745332102,train,9,3.2,4.0
3.734894279452505,3.6339268129824034,0.10096746647010134,-13.205424082112447,1,-3.2054240821124473,train,9,3.2,4.0
2.6800724866655656,3.3814186746160075,-0.7013461879504418,-11.433992253041877,1,-1.4339922530418772,train,9,3.2,4.0
4.227555952828162,3.505129227923706,0.7224267249044561,-12.285930904445035,0,-14.57186180889007,train,9,3.2,4.0
4.463824516526467,3.937786229522837,0.5260382870036299,-15.506160389419682,1,-5.506160389419682,train,9,3.2,4.0
3.0014736651206153,3.9402854982942213,-0.9388118331736058,-15.52584980806774,1,-5.52584980806774,train,9,3.2,4.0
3.8849231206629518,3.65339993966,0.23152318100295177,-13.347331119107691,1,-3.3473311191076913,train,9,3.2,4.0
3.631606602376728,3.626776707991202,0.004829894385525905,-13.153509289627502,1,-3.153509289627502,train,9,3.2,4.0
3.014997670893703,3.2118880197065827,-0.19689034881287978,-10.316224651134673,0,-10.632449302269347,train,9,3.2,4.0
2.603744693432171,3.982319410721604,-1.3785747172894325,-15.858867889010062,0,-21.717735778020124,train,9,3.2,4.0
2.6558129184622477,3.658423123226549,-1.0026102047643015,-13.384059748558697,0,-16.768119497117393,train,9,3.2,4.0
4.0859464710765625,3.833405597021299,0.25254087405526393,-14.694998471274221,0,-19.389996942548443,train,9,3.2,4.0
4.866027445120722,3.6492458882210954,1.2167815568996272,-13.316995552698572,0,-16.633991105397143,train,9,3.2,4.0
2.737630805680457,3.9018681932519477,-1.1642373875714909,-15.224575397511218,1,-5.224575397511218,train,9,3.2,4.0
5.127974533797205,3.6673566628245404,1.4606178709726645,-13.44950489236355,1,-3.4495048923635494,train,9,3.2,4.0
3.986256715378024,3.7670798610951644,0.21917685428285974,-14.190890679868764,1,-4.1908906798687635,train,9,3.2,4.0
1.7950432509217074,3.318826761085167,-1.5237835101634596,-11.014611070095059,1,-1.014611070095059,train,9,3.2,4.0
3.9308285068403155,3.5427605911743174,0.38806791566599813,-12.5511526063778,0,-15.1023052127556,train,9,3.2,4.0
4.818041882199806,3.7551120530739293,1.0629298291258766,-14.1008665311411,1,-4.100866531141101,train,9,3.2,4.0
3.600969425575137,3.2836957956182826,0.3172736299568543,-10.782658078161186,1,-0.7826580781611856,train,9,3.2,4.0
-5.695727118376482,-6.049325777808077,0.35359865943159574,-36.5943423660533,0,-63.188684732106594,test,-1,-6.5,-4.0
-7.706968446129392,-6.451311896280939,-1.2556565498484533,-41.61942518309596,1,-31.619425183095963,test,-1,-6.5,-4.0
-4.556598016054884,-5.341953683754139,0.7853556676992551,-28.536469159374413,1,-18.536469159374413,test,-1,-6.5,-4.0
-4.616419646557435,-4.68766517701963,0.07124553046219508,-21.97420481184248,1,-11.97420481184248,test,-1,-6.5,-4.0
-4.790816970944903,-5.449490988530681,0.6586740175857788,-29.6969520340771,0,-49.3939040681542,test,-1,-6.5,-4.0
-5.9102513838316435,-5.286432254580544,-0.6238191292511001,-27.94636598226953,0,-45.89273196453906,test,-1,-6.5,-4.0
-7.43031244695366,-6.468047963523478,-0.9622644834301812,-41.835644458440214,1,-31.835644458440214,test,-1,-6.5,-4.0
-6.377790845224399,-5.281570981700321,-1.0962198635240779,-27.894992034738895,1,-17.894992034738895,test,-1,-6.5,-4.0
-2.817448833226881,-4.145483369141584,1.3280345359147032,-17.18503236382946,1,-7.18503236382946,test,-1,-6.5,-4.0
-4.635904106586899,-4.373012276558053,-0.26289183002884586,-19.123236370927447,0,-28.246472741854895,test,-1,-6.5,-4.0
-4.951486629090899,-4.675088824447954,-0.27639780464294517,-21.856455516478153,1,-11.856455516478153,test,-1,-6.5,-4.0
-8.375753277975885,-6.228159820327563,-2.147593457648323,-38.789974747542665,1,-28.789974747542665,test,-1,-6.5,-4.0
-4.333785396849722,-4.265239574287297,-0.06854582256242428,-18.192268626066483,1,-8.192268626066483,test,-1,-6.5,-4.0
-8.50945370917334,-4.357114382317926,-4.152339326855413,-18.98444574060172,0,-27.968891481203443,test,-1,-6.5,-4.0
-4.45266438693669,-6.087283456011932,1.634619069075242,-37.05501987383658,0,-64.11003974767316,test,-1,-6.5,-4.0
-5.209253582459753,-4.91916496544126,-0.2900886170184928,-24.19818395722471,1,-14.19818395722471,test,-1,-6.5,-4.0
-6.423685810719012,-6.448790968021918,0.02510515730290701,-41.586904949241074,0,-73.17380989848215,test,-1,-6.5,-4.0
-7.92254075802054,-6.208156828049959,-1.714383929970581,-38.54121120166333,0,-67.08242240332666,test,-1,-6.5,-4.0
-7.024097426544784,-5.709081720968649,-1.3150157055761351,-32.593614096698346,0,-55.18722819339669,test,-1,-6.5,-4.0
-5.379640065921022,-6.105219233312658,0.7255791673916364,-37.2737018868108,1,-27.273701886810798,test,-1,-6.5,-4.0
-4.852796965545967,-4.602551029598737,-0.2502459359472302,-21.183475980060393,0,-32.36695196012079,test,-1,-6.5,-4.0
-3.9392303058096427,-4.454311605339641,0.5150812995299987,-19.840891877463413,1,-9.840891877463413,test,-1,-6.5,-4.0
-4.113442625849016,-5.6384387726019565,1.52499614675294,-31.791991792381058,1,-21.791991792381058,test,-1,-6.5,-4.0
-4.907117525998091,-5.703003007843916,0.795885481845825,-32.524243307476745,0,-55.04848661495349,test,-1,-6.5,-4.0
-8.499577097354814,-6.220846920013349,-2.2787301773414654,-38.69893640223957,1,-28.698936402239568,test,-1,-6.5,-4.0
-7.471507536019798,-6.290117141694857,-1.1813903943249409,-39.56557365624348,0,-69.13114731248696,test,-1,-6.5,-4.0
-6.081056018767024,-4.718185160777892,-1.3628708579891313,-22.261271211384706,1,-12.261271211384706,test,-1,-6.5,-4.0
-6.093098797860945,-5.001141509355861,-1.091957288505084,-25.011416396602222,1,-15.011416396602222,test,-1,-6.5,-4.0
-8.857094603230141,-6.360815801037304,-2.4962788021928373,-40.45997765472583,1,-30.459977654725833,test,-1,-6.5,-4.0
-7.762580838241062,-5.300506795851424,-2.4620740423896383,-28.095372292867133,1,-18.095372292867133,test,-1,-6.5,-4.0
-6.388358333503515,-5.4958087984233694,-0.8925495350801457,-30.20391434882772,1,-20.20391434882772,test,-1,-6.5,-4.0
-5.097651145396811,-4.3800525061325635,-0.7175986392642472,-19.18485995647815,1,-9.18485995647815,test,-1,-6.5,-4.0
-4.0857842891914355,-4.705377051650303,0.6195927624588673,-22.1405731981973,1,-12.140573198197298,test,-1,-6.5,-4.0
-5.384550193345177,-4.9948398718779385,-0.38971032146723855,-24.948425345701622,0,-39.896850691403245,test,-1,-6.5,-4.0
-3.413312309976831,-5.119040446236257,1.7057281362594254,-26.204575090202695,0,-42.40915018040539,test,-1,-6.5,-4.0
-6.319530378533667,-4.127244005633406,-2.192286372900261,-17.03414308203688,0,-24.06828616407376,test,-1,-6.5,-4.0
-5.7033764531390245,-4.033316674103829,-1.6700597790351954,-16.267643393603972,1,-6.267643393603972,test,-1,-6.5,-4.0
-5.355691049036603,-5.65486487587618,0.2991738268395772,-31.977496764418127,1,-21.977496764418127,test,-1,-6.5,-4.0
-6.2291960090333,-5.900313302368817,-0.3288827066644836,-34.813697066110414,0,-59.62739413222083,test,-1,-6.5,-4.0
-5.696703717418079,-4.508910615030135,-1.1877931023879447,-20.330274934331428,1,-10.330274934331428,test,-1,-6.5,-4.0
-5.419356423568304,-6.340783923063362,0.9214274994950582,-40.2055407589788,1,-30.2055407589788,test,-1,-6.5,-4.0
-4.284208798623761,-5.5884608925098975,1.3042520938861364,-31.23089514711252,1,-21.23089514711252,test,-1,-6.5,-4.0
-4.754489578948229,-6.324942993438744,1.5704534144905147,-40.004903870249855,1,-30.004903870249855,test,-1,-6.5,-4.0
-6.182476791991564,-5.701580732372725,-0.4808960596188395,-32.5080228477639,1,-22.508022847763897,test,-1,-6.5,-4.0
-6.335050559375572,-6.324043512232608,-0.011007047142964648,-39.99352634461134,1,-29.99352634461134,test,-1,-6.5,-4.0
-5.503499171017988,-5.77434083216172,0.2708416611437316,-33.3430120459701,0,-56.6860240919402,test,-1,-6.5,-4.0
-4.458437328153211,-4.524747191415527,0.06630986326231574,-20.473337146222697,1,-10.473337146222697,test,-1,-6.5,-4.0
-3.0145783845760574,-4.23649919799982,1.221920813423763,-17.94792545465312,0,-25.89585090930624,test,-1,-6.5,-4.0
-5.110279319475852,-4.518446537300185,-0.5918327821756674,-20.41635911044003,0,-30.83271822088006,test,-1,-6.5,-4.0
-4.653887603167724,-5.095453224637804,0.44156562147008066,-25.9636435644718,0,-41.9272871289436,test,-1,-6.5,-4.0
-7.615208906903871,-4.959954037318371,-2.6552548695855,-24.60114405231081,1,-14.601144052310811,test,-1,-6.5,-4.0
-4.692811615677984,-5.596291144491995,0.9034795288140107,-31.318474573919524,1,-21.318474573919524,test,-1,-6.5,-4.0
-4.1130294590680725,-6.077956753536368,1.9649272944682952,-36.94155829785834,1,-26.941558297858343,test,-1,-6.5,-4.0
-5.44393063172106,-5.409397665837098,-0.03453296588396302,-29.26158310716384,1,-19.26158310716384,test,-1,-6.5,-4.0
-3.4259050938800817,-4.66793665912956,1.242031565249478,-21.789632653645636,0,-33.57926530729127,test,-1,-6.5,-4.0
-8.33976959116022,-6.3427809403482485,-1.9969886508119712,-40.23087005724501,1,-30.230870057245014,test,-1,-6.5,-4.0
-6.85043809334144,-6.448167552797072,-0.40227054054436834,-41.578864788944976,0,-73.15772957788995,test,-1,-6.5,-4.0
-6.426496373714539,-4.573629833962452,-1.852866539752086,-20.91808985811141,1,-10.918089858111411,test,-1,-6.5,-4.0
-5.369737380433678,-5.750119976423614,0.38038259598993546,-33.0638797432659,1,-23.0638797432659,test,-1,-6.5,-4.0
-4.122136738925868,-4.747089312391208,0.6249525734653396,-22.53485693981883,1,-12.53485693981883,test,-1,-6.5,-4.0
-6.310577642807593,-4.663330697738746,-1.647246945068847,-21.74665319647254,1,-11.74665319647254,test,-1,-6.5,-4.0
-5.186078245634823,-4.167738432031635,-1.0183398136031871,-17.370043637833515,1,-7.370043637833515,test,-1,-6.5,-4.0
-6.203870401241247,-5.499178917695479,-0.7046914835457677,-30.240968768826423,1,-20.240968768826423,test,-1,-6.5,-4.0
-2.6988716354991786,-5.603905179129609,2.9050335436304304,-31.403753256675657,0,-52.80750651335131,test,-1,-6.5,-4.0
-4.573438118068893,-4.483583022680698,-0.08985509538819535,-20.102516721270582,1,-10.102516721270582,test,-1,-6.5,-4.0
-4.446337491978783,-4.588772258638821,0.1424347666600385,-21.056830841653227,1,-11.056830841653227,test,-1,-6.5,-4.0
-4.4374617475221045,-4.86846315021104,0.4310014026889359,-23.701933444962805,1,-13.701933444962805,test,-1,-6.5,-4.0
-4.117106253520657,-4.472583565112331,0.3554773115916745,-20.004003746912932,0,-30.008007493825865,test,-1,-6.5,-4.0
-5.1831926493891025,-4.894462853147362,-0.2887297962417402,-23.95576662083942,1,-13.95576662083942,test,-1,-6.5,-4.0
-5.705628241112658,-4.106389867935112,-1.599238373177545,-16.86243774748015,1,-6.862437747480151,test,-1,-6.5,-4.0
-6.482481127517339,-5.665313946372269,-0.8171671811450705,-32.09578211096013,1,-22.09578211096013,test,-1,-6.5,-4.0
-2.694777707824491,-4.654368442878318,1.9595907350538266,-21.663145602061537,0,-33.32629120412307,test,-1,-6.5,-4.0
-3.819715302941036,-4.125416735657047,0.30570143271601097,-17.019063242839245,1,-7.019063242839245,test,-1,-6.5,-4.0
-6.112626552028076,-5.6640896145969,-0.44853693743117573,-32.08191116218446,1,-22.08191116218446,test,-1,-6.5,-4.0
-6.596405210816385,-4.970920008162964,-1.6254852026534203,-24.71004572755488,0,-39.42009145510976,test,-1,-6.5,-4.0
-5.654714662121493,-5.585824581057118,-0.06889008106437522,-31.201436250341924,1,-21.201436250341924,test,-1,-6.5,-4.0
-5.309968096770082,-5.346149271531749,0.0361811747616669,-28.581312033499447,0,-47.162624066998895,test,-1,-6.5,-4.0
-7.097483360321605,-6.312495017228211,-0.7849883430933938,-39.84759334253099,0,-69.69518668506198,test,-1,-6.5,-4.0
-5.38313104184962,-6.451641594254394,1.0685105524047736,-41.623679260713374,1,-31.623679260713374,test,-1,-6.5,-4.0
-5.309226695327478,-4.600876331119566,-0.7083503642079122,-21.168063014256237,0,-32.336126028512474,test,-1,-6.5,-4.0
-5.571862487478254,-5.368102088770006,-0.20376039870824733,-28.8165200354569,1,-18.8165200354569,test,-1,-6.5,-4.0
-3.933279936955813,-4.942914980867526,1.0096350439117128,-24.432408508084613,0,-38.864817016169226,test,-1,-6.5,-4.0
-4.382610564322392,-4.650121205505263,0.2675106411828712,-21.62362722588972,1,-11.62362722588972,test,-1,-6.5,-4.0
-4.107467575779905,-5.453341424545398,1.3458738487654929,-29.73893269266283,0,-49.47786538532566,test,-1,-6.5,-4.0
-5.8575957658354705,-5.5809559373308755,-0.2766398285045947,-31.14706917442875,0,-52.2941383488575,test,-1,-6.5,-4.0
-6.597840777758223,-6.077427973523119,-0.5204128042351037,-36.93513077336133,0,-63.87026154672266,test,-1,-6.5,-4.0
-3.9549628330973836,-4.515318983412982,0.5603561503155983,-20.388105521969646,0,-30.77621104393929,test,-1,-6.5,-4.0
-4.161063708155858,-4.417406478538932,0.256342770383074,-19.513479996637727,1,-9.513479996637727,test,-1,-6.5,-4.0
-3.242792541071275,-4.6644675317366175,1.4216749906653425,-21.757257354625093,0,-33.514514709250186,test,-1,-6.5,-4.0
-3.8254151707952104,-4.3117635499407925,0.4863483791455822,-18.591304910598026,0,-27.182609821196053,test,-1,-6.5,-4.0
-4.912243479053942,-4.879858895060466,-0.032384583993475956,-23.813022835700753,1,-13.813022835700753,test,-1,-6.5,-4.0
-4.221186018265807,-4.7598345630733565,0.5386485448075493,-22.65602506782773,0,-35.31205013565546,test,-1,-6.5,-4.0
-5.2317864897806485,-6.017454799333506,0.785668309552857,-36.20976226202185,0,-62.419524524043695,test,-1,-6.5,-4.0
-5.926526252523493,-4.580919412651729,-1.3456068398717638,-20.984822665209467,0,-31.969645330418935,test,-1,-6.5,-4.0
-5.836907654696929,-5.664792764244153,-0.17211489045277567,-32.08987706183291,0,-54.179754123665816,test,-1,-6.5,-4.0
-5.806588837036711,-5.405101984843054,-0.40148685219365604,-29.215127466554325,1,-19.215127466554325,test,-1,-6.5,-4.0
-4.262619517023159,-5.702824400603562,1.4402048835804033,-32.52220614411938,0,-55.04441228823876,test,-1,-6.5,-4.0
-5.6614372339119035,-5.079275827681834,-0.5821614062300694,-25.799042933672983,0,-41.598085867345965,test,-1,-6.5,-4.0
-3.5770092727125933,-4.853269121417279,1.2762598487046855,-23.554221164902447,0,-37.108442329804895,test,-1,-6.5,-4.0
-6.5790982010498,-5.0611036473619135,-1.5179945536878867,-25.614770129340066,1,-15.614770129340066,test,-1,-6.5,-4.0
-5.771154335250269,-5.704532015032381,-0.06662232021788839,-32.5416855105294,1,-22.541685510529398,test,-1,-6.5,-4.0
-4.674393182305945,-5.9549915618237,1.2805983795177556,-35.46192450139147,0,-60.923849002782944,test,-1,-6.5,-4.0
-4.700632850188812,-4.38765367281956,-0.3129791773692516,-19.251504752606976,0,-28.503009505213953,test,-1,-6.5,-4.0
-4.361518550993799,-5.744588280530973,1.3830697295371737,-33.0002945128138,1,-23.000294512813802,test,-1,-6.5,-4.0
-7.837215998675742,-5.4044483228066404,-2.4327676758691017,-29.20806167388751,0,-48.41612334777502,test,-1,-6.5,-4.0
-6.238851882872578,-6.271463532685875,0.03261164981329632,-39.33125484180879,0,-68.66250968361759,test,-1,-6.5,-4.0
-5.5540114012586965,-5.747552075397666,0.19354067413896947,-33.03435485940801,0,-56.068709718816024,test,-1,-6.5,-4.0
-6.436369196694403,-6.285762984966533,-0.15060621172786973,-39.51081630317538,1,-29.510816303175382,test,-1,-6.5,-4.0
-7.450782274550557,-5.640716732599239,-1.8100655419513179,-31.817685257425037,0,-53.635370514850074,test,-1,-6.5,-4.0
-3.9273887954762916,-4.72674745557141,0.7993586600951187,-22.342141508750803,1,-12.342141508750803,test,-1,-6.5,-4.0
-6.861453431360352,-4.065079360586852,-2.7963740707735,-16.52487020786921,1,-6.52487020786921,test,-1,-6.5,-4.0
-3.7987262854164925,-4.936937899821699,1.1382116144052066,-24.373355826695892,0,-38.746711653391785,test,-1,-6.5,-4.0
-5.476655301249659,-5.826741149553639,0.3500858483039803,-33.95091242390166,0,-57.901824847803326,test,-1,-6.5,-4.0
-3.6736725707751967,-4.8582279845283445,1.184555413753148,-23.60237914965434,1,-13.60237914965434,test,-1,-6.5,-4.0
-5.237162631982508,-4.932505452021723,-0.30465717996078506,-24.32961003422402,1,-14.329610034224022,test,-1,-6.5,-4.0
-5.769024720108297,-4.435869427319375,-1.3331552927889228,-19.67693757622672,0,-29.35387515245344,test,-1,-6.5,-4.0
-5.784843786023154,-5.165765045259117,-0.619078740764037,-26.685128502820927,1,-16.685128502820927,test,-1,-6.5,-4.0
-4.778776946899486,-4.222195837998183,-0.5565811089013031,-17.826937694409178,0,-25.653875388818356,test,-1,-6.5,-4.0
-4.742789935668587,-5.4612408269379,0.7184508912693125,-29.825151369813355,0,-49.65030273962671,test,-1,-6.5,-4.0
-6.158169015037583,-5.784888326262026,-0.37328068877555726,-33.464932947322666,1,-23.464932947322666,test,-1,-6.5,-4.0
-4.704091472486433,-5.202480646030852,0.49838917354441886,-27.065804872325597,1,-17.065804872325597,test,-1,-6.5,-4.0
-3.611675424651244,-4.193874404322825,0.5821989796715813,-17.58858251923413,1,-7.58858251923413,test,-1,-6.5,-4.0
-2.983184287414133,-4.690221843450965,1.7070375560368323,-21.99818094078457,1,-11.998180940784572,test,-1,-6.5,-4.0
-7.64769896885948,-5.265217497166235,-2.3824814716932443,-27.722515292465474,0,-45.44503058493095,test,-1,-6.5,-4.0
-5.737068223545242,-5.256259118129344,-0.4808091054158983,-27.628259916917866,0,-45.25651983383573,test,-1,-6.5,-4.0
-4.047223625292752,-4.878194504288249,0.8309708789954979,-23.796781621668075,1,-13.796781621668075,test,-1,-6.5,-4.0
-4.545922973233488,-5.380572099085722,0.834649125852234,-28.95055611345973,1,-18.95055611345973,test,-1,-6.5,-4.0
-5.786835539863199,-5.1234013226190775,-0.6634342172441215,-26.249241112614914,0,-42.49848222522983,test,-1,-6.5,-4.0
-4.379025570858151,-4.0720619909225135,-0.3069635799356382,-16.581688857915825,1,-6.581688857915825,test,-1,-6.5,-4.0
-4.269623824720596,-4.168965702653407,-0.10065812206718901,-17.380275029900414,0,-24.760550059800828,test,-1,-6.5,-4.0
-4.228064992876054,-4.398286424028388,0.17022143115233374,-19.344923467792427,1,-9.344923467792427,test,-1,-6.5,-4.0
-6.843544653485721,-6.182379347221501,-0.6611653062642198,-38.22181439295096,0,-66.44362878590192,test,-1,-6.5,-4.0
-5.864326314601654,-5.10869723532064,-0.7556290792810142,-26.098787442172746,1,-16.098787442172746,test,-1,-6.5,-4.0
-6.908628897309754,-5.5839319723962895,-1.3246969249134641,-31.180296272349516,1,-21.180296272349516,test,-1,-6.5,-4.0
-4.658769349379225,-4.220511289310065,-0.4382580600691595,-17.812715543193708,0,-25.625431086387415,test,-1,-6.5,-4.0
-4.033536796651912,-5.715802117241614,1.6822653205897016,-32.670393843463714,1,-22.670393843463714,test,-1,-6.5,-4.0
-5.291333977305358,-4.1730851938518265,-1.1182487834535313,-17.414640035145336,1,-7.414640035145336,test,-1,-6.5,-4.0
-4.728434721713671,-5.904134746900072,1.1757000251864005,-34.85880710955277,1,-24.85880710955277,test,-1,-6.5,-4.0
-3.100936475743547,-5.449023062885871,2.348086587142324,-29.69185233986212,0,-49.38370467972424,test,-1,-6.5,-4.0
-3.831776374299599,-4.100093381648795,0.2683170073491965,-16.810765738240256,0,-23.621531476480513,test,-1,-6.5,-4.0
-2.1556916054833963,-5.0112832738423645,2.855591668358968,-25.112960050692248,1,-15.112960050692248,test,-1,-6.5,-4.0
-4.309168886778175,-4.1696284458269455,-0.13954044095122947,-17.38580137624923,0,-24.77160275249846,test,-1,-6.5,-4.0
-3.122399234247846,-5.1528742702873105,2.0304750360394643,-26.552113245388984,0,-43.10422649077797,test,-1,-6.5,-4.0
-5.95317976584577,-5.929907834514357,-0.023271931331412834,-35.163806925834756,1,-25.163806925834756,test,-1,-6.5,-4.0
-6.1361813394513005,-4.717592699417413,-1.418588640033888,-22.255680877596472,0,-34.511361755192944,test,-1,-6.5,-4.0
-4.7428612074722025,-5.196066271510492,0.45320506403828964,-26.99910469792895,0,-43.9982093958579,test,-1,-6.5,-4.0
-2.9358916184937534,-5.236317078451073,2.3004254599573195,-27.419016546078378,0,-44.838033092156756,test,-1,-6.5,-4.0
-6.824224598100412,-6.158788716861141,-0.6654358812392717,-37.93067845893609,0,-65.86135691787219,test,-1,-6.5,-4.0
-5.519851263559255,-6.137701345238724,0.617850081679468,-37.67137780334524,0,-65.34275560669047,test,-1,-6.5,-4.0
-5.3271306422384,-4.175987214124389,-1.1511434281140114,-17.43886921253037,1,-7.438869212530371,test,-1,-6.5,-4.0
-5.125879574711533,-4.109854339879282,-1.0160252348322505,-16.89090269502457,1,-6.890902695024572,test,-1,-6.5,-4.0
-3.4931661385781076,-4.085172758251709,0.592006619673601,-16.688636464761874,0,-23.37727292952375,test,-1,-6.5,-4.0
-5.7794711889598895,-5.605526896760456,-0.1739442921994333,-31.42193179030491,0,-52.84386358060982,test,-1,-6.5,-4.0
-5.658976317173933,-6.385324487022967,0.7263481698490334,-40.77236880457511,0,-71.54473760915022,test,-1,-6.5,-4.0
-3.538813321627017,-5.115181817946035,1.5763684963190185,-26.165085030645706,0,-42.33017006129141,test,-1,-6.5,-4.0
-6.022380459017576,-4.659226320544822,-1.3631541384727544,-21.70838990605764,0,-33.41677981211528,test,-1,-6.5,-4.0
-5.651789740188564,-4.8798838170685075,-0.7719059231200563,-23.813266068087106,0,-37.62653213617421,test,-1,-6.5,-4.0
-6.260213754504427,-6.367667877213157,0.10745412270872993,-40.54719419449231,1,-30.547194194492313,test,-1,-6.5,-4.0
-3.0833412132237417,-5.917792918426779,2.834451705203037,-35.02027302538213,1,-25.02027302538213,test,-1,-6.5,-4.0
-5.0669602555136475,-4.735289353436722,-0.3316709020769251,-22.42296526077117,1,-12.422965260771171,test,-1,-6.5,-4.0
-6.881426340147846,-6.362287919735535,-0.519138420412311,-40.47870757361272,1,-30.478707573612724,test,-1,-6.5,-4.0
-3.797017825154835,-4.383757557131603,0.5867397319767682,-19.21733031970844,1,-9.217330319708442,test,-1,-6.5,-4.0
-1.4342380225054687,-4.02729709605161,2.5930590735461414,-16.219121899865733,0,-22.438243799731467,test,-1,-6.5,-4.0
-6.510493102943172,-5.880500893791995,-0.629992209151177,-34.58029076188845,0,-59.1605815237769,test,-1,-6.5,-4.0
-6.661087127803528,-6.364711738811965,-0.2963753889915629,-40.50955551817083,0,-71.01911103634166,test,-1,-6.5,-4.0
-3.9278085576745347,-4.050766729202486,0.12295817152795133,-16.40871109441381,1,-6.40871109441381,test,-1,-6.5,-4.0
-3.599773172400631,-4.581959288464565,0.9821861160639336,-20.994350921146697,1,-10.994350921146697,test,-1,-6.5,-4.0
-2.6699667306256667,-5.3645054996822426,2.694538769056576,-28.777919256121027,1,-18.777919256121027,test,-1,-6.5,-4.0
-6.720082946861297,-5.304358399417908,-1.4157245474433884,-28.136218029475312,0,-46.272436058950625,test,-1,-6.5,-4.0
-6.123565970895239,-4.21124248975335,-1.9123234811418888,-17.734563307503997,1,-7.734563307503997,test,-1,-6.5,-4.0
-5.337707207356635,-5.610424800343495,0.2727175929868596,-31.47686644030934,0,-52.95373288061868,test,-1,-6.5,-4.0
-5.638404156314481,-6.367050428052511,0.7286462717380299,-40.53933115336366,0,-71.07866230672732,test,-1,-6.5,-4.0
-7.552065235351574,-4.965074176941591,-2.5869910584099833,-24.651961582532213,0,-39.303923165064425,test,-1,-6.5,-4.0
-6.362656995859313,-5.718638101796991,-0.6440188940623223,-32.70282173932429,0,-55.405643478648585,test,-1,-6.5,-4.0
-3.5497737642144043,-4.7961023925044275,1.2463286282900232,-23.002598159386693,1,-13.002598159386693,test,-1,-6.5,-4.0
-4.664831864528368,-4.130124925619615,-0.5347069389087536,-17.057931901224432,1,-7.057931901224432,test,-1,-6.5,-4.0
-4.919208466831751,-5.598550304008094,0.6793418371763423,-31.34376550650912,0,-52.68753101301824,test,-1,-6.5,-4.0
-5.572601974724649,-5.882504618199061,0.30990264347441193,-34.603860583133276,1,-24.603860583133276,test,-1,-6.5,-4.0
-5.483754867781036,-6.367620329728882,0.8838654619478459,-40.54658866357656,1,-30.546588663576557,test,-1,-6.5,-4.0
-3.7957089593154025,-4.420850151173804,0.6251411918584014,-19.543916059133444,0,-29.08783211826689,test,-1,-6.5,-4.0
-5.884206382604734,-6.30405048071085,0.4198440981061156,-39.7410524633507,1,-29.741052463350698,test,-1,-6.5,-4.0
-2.516144153821372,-4.119561299264394,1.603417145443022,-16.97078529839694,0,-23.94157059679388,test,-1,-6.5,-4.0
-5.297486961102317,-4.734630930430666,-0.5628560306716507,-22.416730047390754,1,-12.416730047390754,test,-1,-6.5,-4.0
-3.960491589595646,-4.221167883077292,0.26067629348164584,-17.818258297123222,1,-7.818258297123222,test,-1,-6.5,-4.0
-2.994992549148173,-4.463897822712374,1.4689052735642008,-19.926383771616273,0,-29.852767543232545,test,-1,-6.5,-4.0
-6.579318809264249,-6.023195967867785,-0.5561228413964634,-36.278889667338746,1,-26.278889667338746,test,-1,-6.5,-4.0
-6.387532538106608,-6.060241295685106,-0.32729124242150237,-36.72652456192709,0,-63.453049123854186,test,-1,-6.5,-4.0
-4.880636020209941,-4.096530570607315,-0.784105449602627,-16.78156271592029,0,-23.563125431840582,test,-1,-6.5,-4.0
-6.778613832808684,-5.772405060491679,-1.0062087723170052,-33.32066018238995,0,-56.6413203647799,test,-1,-6.5,-4.0
-1.9746934314536237,-4.5234661850674796,2.548772753613856,-20.46174632744894,1,-10.461746327448939,test,-1,-6.5,-4.0
-5.385528212783152,-6.073024630429588,0.6874964176464357,-36.88162816180443,0,-63.76325632360886,test,-1,-6.5,-4.0
-3.376347908827653,-5.752274424270037,2.3759265154423836,-33.088661052111185,0,-56.17732210422237,test,-1,-6.5,-4.0
-3.8125688207825013,-4.816274640699511,1.0037058199170101,-23.196501414645205,1,-13.196501414645205,test,-1,-6.5,-4.0
-5.660628756293861,-5.878950794392136,0.21832203809827405,-34.56206244288392,1,-24.56206244288392,test,-1,-6.5,-4.0
-4.8315446588968,-4.620332077092864,-0.21121258180393668,-21.34746850261326,1,-11.34746850261326,test,-1,-6.5,-4.0
-3.8580736271438996,-4.301859842369003,0.4437862152251038,-18.505998103387068,1,-8.505998103387068,test,-1,-6.5,-4.0
-5.625040155747594,-5.699068875777046,0.07402872002945235,-32.47938605085064,1,-22.479386050850643,test,-1,-6.5,-4.0
-4.532440965441415,-5.7532303090852706,1.220789343643855,-33.099658989377396,0,-56.19931797875479,test,-1,-6.5,-4.0
-7.349700817625453,-6.4306683481041125,-0.9190324695213405,-41.353495403308074,1,-31.353495403308074,test,-1,-6.5,-4.0
-5.114087281720284,-5.4433500633841225,0.32926278166383843,-29.63005991254393,0,-49.26011982508786,test,-1,-6.5,-4.0
-5.65435461663683,-6.336383543224513,0.682028926587683,-40.149756406846436,0,-70.29951281369287,test,-1,-6.5,-4.0
-5.2130370151208805,-5.063360140498476,-0.14967687462240412,-25.63761591238875,0,-41.2752318247775,test,-1,-6.5,-4.0
-4.931823570127434,-4.780159382821406,-0.15166418730602813,-22.849923725175525,1,-12.849923725175525,test,-1,-6.5,-4.0
-4.292823904392232,-5.079235422680231,0.7864115182879995,-25.798632479009626,1,-15.798632479009626,test,-1,-6.5,-4.0
-4.19243737312857,-4.990683631518095,0.7982462583895259,-24.906923109902642,0,-39.813846219805285,test,-1,-6.5,-4.0
-4.998142608717907,-5.00087473938454,0.0027321306666332314,-25.008748159014388,0,-40.017496318028776,test,-1,-6.5,-4.0
-4.133613067204815,-4.243381427452438,0.10976836024762375,-18.006285938848293,0,-26.012571877696587,test,-1,-6.5,-4.0
-5.714084050602712,-5.172426485215151,-0.5416575653875604,-26.753995744955166,0,-43.50799148991033,test,-1,-6.5,-4.0
-3.554992792592839,-4.346518281466639,0.7915254888738003,-18.892221171123705,1,-8.892221171123705,test,-1,-6.5,-4.0
-5.64064495767797,-5.620071015240015,-0.020573942437955066,-31.58519821634093,1,-21.58519821634093,test,-1,-6.5,-4.0
-7.904896030155463,-6.148435286866299,-1.756460743289164,-37.803256476782664,0,-65.60651295356533,test,-1,-6.5,-4.0
-6.198410933493769,-5.945307272411094,-0.2531036610826751,-35.346678563384245,0,-60.69335712676849,test,-1,-6.5,-4.0
-3.663023606796823,-4.516794844380413,0.8537712375835896,-20.401435666221477,0,-30.802871332442955,test,-1,-6.5,-4.0
-5.4734950813701495,-5.925790690418284,0.45229560904813493,-35.114995306648005,1,-25.114995306648005,test,-1,-6.5,-4.0
-5.520616534176401,-4.568655631454136,-0.9519609027222653,-20.87261427881759,0,-31.74522855763518,test,-1,-6.5,-4.0
-3.2532803686319767,-4.2429079186481164,0.98962755001614,-18.002267606126892,1,-8.002267606126892,test,-1,-6.5,-4.0
-4.307561806474669,-5.1390320218036285,0.8314702153289597,-26.40965012112309,1,-16.40965012112309,test,-1,-6.5,-4.0
-5.308882024480496,-6.141943347590614,0.8330613231101177,-37.723468085012605,0,-65.44693617002521,test,-1,-6.5,-4.0
-3.012274998784672,-4.941258491356788,1.9289834925721157,-24.416035478405558,0,-38.832070956811116,test,-1,-6.5,-4.0
-5.851448125404949,-5.551257029033661,-0.3001910963712873,-30.816454602395634,0,-51.63290920479127,test,-1,-6.5,-4.0
-3.4116623545128317,-4.228880142848651,0.8172177883358197,-17.88342726257963,0,-25.76685452515926,test,-1,-6.5,-4.0
-6.156219723657443,-5.940903798870518,-0.21531592478692543,-35.29433794743415,1,-25.29433794743415,test,-1,-6.5,-4.0
-4.642156271017786,-5.91427872015519,1.2721224491374044,-34.978692779680514,1,-24.978692779680514,test,-1,-6.5,-4.0
-3.8163869378717044,-5.29409726104408,1.4777103231723763,-28.027465809394435,1,-18.027465809394435,test,-1,-6.5,-4.0
-4.595988153867307,-5.266114094122345,0.6701259402550387,-27.731957652314012,0,-45.463915304628024,test,-1,-6.5,-4.0
-5.056310590493837,-6.0305857142030685,0.9742751237092315,-36.36796405635013,1,-26.367964056350132,test,-1,-6.5,-4.0
-6.456905394592621,-5.564161079075361,-0.8927443155172601,-30.959888513897084,1,-20.959888513897084,test,-1,-6.5,-4.0
-4.005898707389737,-4.8295724443307195,0.8236737369409824,-23.3247699950386,1,-13.3247699950386,test,-1,-6.5,-4.0
-6.675333396390372,-5.323699876961994,-1.3516335194283784,-28.34178037996515,1,-18.34178037996515,test,-1,-6.5,-4.0
-3.6879051547471007,-6.350700680676387,2.6627955259292864,-40.33139913554353,1,-30.331399135543528,test,-1,-6.5,-4.0
-4.0117651573223725,-5.461731210967872,1.4499660536455,-29.83050782086058,0,-49.66101564172116,test,-1,-6.5,-4.0
-7.231274854198602,-5.4604761103077895,-1.7707987438908124,-29.816799351242086,0,-49.63359870248417,test,-1,-6.5,-4.0
-8.512631239138003,-5.380988057179067,-3.1316431819589354,-28.955032471503753,0,-47.910064943007505,test,-1,-6.5,-4.0
-4.827656770726871,-6.440400489977852,1.6127437192509817,-41.47875847130696,1,-31.47875847130696,test,-1,-6.5,-4.0
-6.791355948567352,-5.815019020480627,-0.9763369280867247,-33.81444620855147,1,-23.814446208551473,test,-1,-6.5,-4.0
-3.4271381731127084,-4.123971836043763,0.6968336629310546,-17.007143704482168,0,-24.014287408964336,test,-1,-6.5,-4.0
-5.807654120415579,-4.292483079273009,-1.5151710411425703,-18.425410985845097,1,-8.425410985845097,test,-1,-6.5,-4.0
-4.025263884969779,-4.148227519074034,0.12296363410425466,-17.207791550003115,0,-24.41558310000623,test,-1,-6.5,-4.0
-5.342290801443965,-4.602774740943157,-0.7395160605008079,-21.185535315864342,0,-32.371070631728685,test,-1,-6.5,-4.0
-4.665612283338676,-5.415019843531708,0.7494075601930316,-29.32243990584216,0,-48.64487981168432,test,-1,-6.5,-4.0
-4.527031446372435,-4.156239539068088,-0.3707919073043469,-17.274327106112914,0,-24.548654212225827,test,-1,-6.5,-4.0
-3.9381124643688064,-5.748347314253867,1.810234849885061,-33.043496845289646,1,-23.043496845289646,test,-1,-6.5,-4.0
-5.899260355845537,-5.016960351027193,-0.8823000048183441,-25.169891163778896,0,-40.33978232755779,test,-1,-6.5,-4.0
-3.4715895594958246,-5.031414440506969,1.559824881011145,-25.31513127214206,1,-15.315131272142061,test,-1,-6.5,-4.0
-5.394373768210779,-5.39811504096013,0.0037412727493512815,-29.139645995439988,1,-19.139645995439988,test,-1,-6.5,-4.0
-5.227180824943006,-5.874079464421639,0.6468986394786328,-34.50480955434001,1,-24.504809554340007,test,-1,-6.5,-4.0
-7.563084891494521,-5.673794727834511,-1.8892901636600095,-32.19194661360269,0,-54.38389322720538,test,-1,-6.5,-4.0
-6.9752783753359395,-4.892701820408302,-2.082576554927638,-23.938531103426712,1,-13.938531103426712,test,-1,-6.5,-4.0
-4.511302316755954,-5.789946032548112,1.2786437157921586,-33.523475059819624,1,-23.523475059819624,test,-1,-6.5,-4.0
-7.0897747016984205,-5.634510715111299,-1.4552639865871217,-31.74771099870404,0,-53.49542199740808,test,-1,-6.5,-4.0
-6.006440683860446,-5.614743419047174,-0.3916972648132724,-31.525343661733547,1,-21.525343661733544,test,-1,-6.5,-4.0
-6.057365110021364,-5.687985324021996,-0.369379785999368,-32.353177046289616,1,-22.353177046289616,test,-1,-6.5,-4.0
-5.495808261485779,-4.4286745668983025,-1.067133694587477,-19.613158419491867,0,-29.226316838983735,test,-1,-6.5,-4.0
-4.879979138647886,-5.135536662334009,0.25555752368612356,-26.373736810176734,1,-16.373736810176734,test,-1,-6.5,-4.0
-8.13294189940973,-6.4540752639253185,-1.6788666354844108,-41.65508751241267,0,-73.31017502482534,test,-1,-6.5,-4.0
-6.060324968598322,-4.646053423617991,-1.4142715449803311,-21.585812415112454,0,-33.17162483022491,test,-1,-6.5,-4.0
-4.127035394163091,-5.244575542410817,1.1175401482477263,-27.505572620053716,0,-45.01114524010743,test,-1,-6.5,-4.0
-5.506836611424646,-4.552766920996084,-0.9540696904285615,-20.72768663691616,0,-31.455373273832322,test,-1,-6.5,-4.0
-4.364539598569717,-5.263590911282352,0.899051312712634,-27.705389281334178,1,-17.705389281334178,test,-1,-6.5,-4.0
-4.919549012678132,-5.722905617534686,0.803356604856554,-32.75164870721007,1,-22.751648707210073,test,-1,-6.5,-4.0
-2.574667786253028,-4.401778973495293,1.8271111872422647,-19.375658131505272,1,-9.375658131505272,test,-1,-6.5,-4.0
-5.5142641462918744,-6.066637443313362,0.5523732970214875,-36.80408986861168,1,-26.804089868611683,test,-1,-6.5,-4.0
-7.995317744010748,-5.804308575576581,-2.1910091684341677,-33.68999804051184,1,-23.68999804051184,test,-1,-6.5,-4.0
-6.0630402279580204,-5.28963029360572,-0.7734099343523002,-27.980188643031337,0,-45.96037728606267,test,-1,-6.5,-4.0
-4.83890098800823,-4.350322035081524,-0.4885789529267063,-18.92530180891585,0,-27.850603617831702,test,-1,-6.5,-4.0
-4.73412616631255,-6.211969945365096,1.477843779052546,-38.58857060211924,1,-28.58857060211924,test,-1,-6.5,-4.0
-5.235157560854579,-5.65327882405995,0.4181212632053717,-31.959561462564654,1,-21.959561462564654,test,-1,-6.5,-4.0
-5.751368106651704,-5.169399552233133,-0.5819685544185706,-26.722691730628117,1,-16.722691730628117,test,-1,-6.5,-4.0
-4.2791990069779615,-4.804126102730277,0.5249270957523154,-23.0796276109344,1,-13.079627610934399,test,-1,-6.5,-4.0
-6.663576956137806,-6.237014826902162,-0.4265621292356439,-38.900353950997406,0,-67.80070790199481,test,-1,-6.5,-4.0
-3.952268894262275,-4.611790918190137,0.6595220239278621,-21.26861547310103,1,-11.268615473101029,test,-1,-6.5,-4.0
-4.9232511695203,-5.107697261137628,0.184446091617328,-26.088571311432826,0,-42.17714262286565,test,-1,-6.5,-4.0
-3.876382684241901,-5.207139001852103,1.330756317610202,-27.114296584609317,0,-44.228593169218634,test,-1,-6.5,-4.0
-5.145304984081944,-5.547823845819547,0.4025188617376025,-30.778349424243988,1,-20.778349424243988,test,-1,-6.5,-4.0
-4.518523632302037,-5.713382199674112,1.194858567372076,-32.642736159552996,0,-55.28547231910599,test,-1,-6.5,-4.0
-4.286612232740965,-4.273738448027789,-0.012873784713175926,-18.264840322150974,0,-26.529680644301948,test,-1,-6.5,-4.0
-3.1610013539680355,-4.015558826527895,0.8545574725598598,-16.12471268930609,0,-22.24942537861218,test,-1,-6.5,-4.0
-6.243885607766582,-6.0619628381124,-0.18192276965418167,-36.74739345065574,0,-63.494786901311485,test,-1,-6.5,-4.0
-5.198787637956606,-5.97124705465969,0.7724594167030842,-35.655791387782024,0,-61.31158277556405,test,-1,-6.5,-4.0
-4.563543058980217,-4.832414764571734,0.2688717055915171,-23.352232456850885,0,-36.70446491370177,test,-1,-6.5,-4.0
-4.73732052507925,-4.588592753883281,-0.14872777119596883,-21.055183460990158,0,-32.110366921980315,test,-1,-6.5,-4.0
-4.9459598818112855,-4.442585485178045,-0.503374396633241,-19.736565793114643,0,-29.473131586229286,test,-1,-6.5,-4.0
-6.072351091748773,-5.7438861544396875,-0.32846493730908605,-32.99222815516394,1,-22.992228155163943,test,-1,-6.5,-4.0
-5.408962989139103,-5.977249235905372,0.568286246766269,-35.72750842813136,0,-61.455016856262716,test,-1,-6.5,-4.0
-9.068718626333526,-6.318576889593956,-2.7501417367395695,-39.92441390971083,0,-69.84882781942166,test,-1,-6.5,-4.0
-4.070308126241915,-5.559169332676356,1.4888612064344398,-30.90436366936928,0,-51.80872733873856,test,-1,-6.5,-4.0
-7.93469156786362,-5.093788160534586,-2.8409034073290345,-25.946677824402318,1,-15.946677824402318,test,-1,-6.5,-4.0
-4.546217735843352,-4.318621627423042,-0.2275961084203101,-18.650492760846042,1,-8.650492760846042,test,-1,-6.5,-4.0
-6.812813153290225,-6.417388957376312,-0.395424195913913,-41.18288103025543,0,-72.36576206051086,test,-1,-6.5,-4.0
-5.388564974140624,-6.27586171500022,0.8872967408595959,-39.3864402658055,0,-68.772880531611,test,-1,-6.5,-4.0
-4.584210515257939,-4.867137187839712,0.28292667258177334,-23.689024405252262,1,-13.689024405252262,test,-1,-6.5,-4.0
-4.873522290886059,-4.821697352932216,-0.05182493795384289,-23.24876536327354,0,-36.49753072654708,test,-1,-6.5,-4.0
-6.0889867500451125,-6.189671270074904,0.10068452002979177,-38.31203043159068,1,-28.312030431590678,test,-1,-6.5,-4.0
-5.123588860333942,-6.2590857410181915,1.1354968806842496,-39.17615431341724,0,-68.35230862683449,test,-1,-6.5,-4.0
-3.6207922928645195,-6.430059217498968,2.8092669246344486,-41.34566154054344,0,-72.69132308108688,test,-1,-6.5,-4.0
-4.42568547224905,-4.878164813788202,0.45247934153915237,-23.796491950481286,0,-37.59298390096257,test,-1,-6.5,-4.0
-8.271561698614503,-5.800358046265602,-2.4712036523489007,-33.644153464878116,1,-23.644153464878116,test,-1,-6.5,-4.0
-6.400567278863685,-5.897517620319099,-0.5030496585445862,-34.780714081974246,1,-24.780714081974246,test,-1,-6.5,-4.0
-4.334947388957291,-4.838627518051535,0.5036801290942442,-23.412316258445557,1,-13.412316258445557,test,-1,-6.5,-4.0
-2.219880011206137,-6.197498833085281,3.977618821879144,-38.408991786093424,1,-28.408991786093424,test,-1,-6.5,-4.0
-6.077474601634238,-5.15896686140437,-0.918507740229868,-26.61493907706846,0,-43.22987815413692,test,-1,-6.5,-4.0
-6.719182451155433,-6.272687895838271,-0.44649455531716215,-39.34661343859595,0,-68.6932268771919,test,-1,-6.5,-4.0
-5.664568378161791,-6.335626478061333,0.6710580998995422,-40.140162869511855,0,-70.28032573902371,test,-1,-6.5,-4.0
-4.440731459280629,-4.828667067515401,0.3879356082347714,-23.31602564890778,1,-13.316025648907779,test,-1,-6.5,-4.0
-6.1095992515086985,-4.520963803075987,-1.5886354484327116,-20.439113708723294,1,-10.439113708723294,test,-1,-6.5,-4.0
-4.20740047245577,-5.343930579871168,1.1365301074153977,-28.5575940424822,0,-47.1151880849644,test,-1,-6.5,-4.0
-7.073918319754336,-5.494634854401857,-1.5792834653524785,-30.191012183207718,0,-50.382024366415436,test,-1,-6.5,-4.0
-5.065998661678949,-4.746128003678166,-0.3198706580007839,-22.525731027298093,0,-35.051462054596186,test,-1,-6.5,-4.0
-4.720183110717914,-6.309896555183198,1.5897134444652836,-39.81479453711279,1,-29.81479453711279,test,-1,-6.5,-4.0
-7.3868575848722715,-5.804292812042865,-1.5825647728294066,-33.68981504793247,0,-57.37963009586494,test,-1,-6.5,-4.0
-4.650098762549998,-4.2368314781541025,-0.4132672843958955,-17.950740974277476,0,-25.901481948554952,test,-1,-6.5,-4.0
-2.1234738498961656,-4.127610482733293,2.0041366328371275,-17.037168297169767,0,-24.074336594339535,test,-1,-6.5,-4.0
-6.716718514241613,-6.404009769378445,-0.3127087448631684,-41.01134112629456,1,-31.01134112629456,test,-1,-6.5,-4.0
-7.750735777717436,-6.4923396936943085,-1.2583960840231279,-42.15047469831871,0,-74.30094939663742,test,-1,-6.5,-4.0
-5.278879635705651,-4.5802896943113,-0.6985899413943509,-20.9790536838143,1,-10.9790536838143,test,-1,-6.5,-4.0
-4.366545715168226,-5.370304309505572,1.003758594337346,-28.84016837669412,1,-18.84016837669412,test,-1,-6.5,-4.0
-6.476866774570024,-4.593923859584057,-1.8829429149859678,-21.104136427655675,1,-11.104136427655675,test,-1,-6.5,-4.0
-5.652718740654908,-4.892542351018663,-0.7601763896362457,-23.936970656511225,0,-37.87394131302245,test,-1,-6.5,-4.0
-7.130816043265786,-5.380084024432632,-1.7507320188331539,-28.945304109955227,0,-47.890608219910455,test,-1,-6.5,-4.0
-6.115219816223707,-4.725047586167746,-1.390172230055961,-22.326074691549646,1,-12.326074691549646,test,-1,-6.5,-4.0
-3.443962503295076,-4.9886819018136,1.5447193985185246,-24.88694711748256,0,-39.77389423496512,test,-1,-6.5,-4.0
-6.562056074402858,-6.460709854814527,-0.1013462195883313,-41.74077182809755,0,-73.4815436561951,test,-1,-6.5,-4.0
-5.8625113090617385,-5.334698707258389,-0.5278126018033495,-28.459010297224328,1,-18.459010297224328,test,-1,-6.5,-4.0
-3.784733497904575,-4.294988376330271,0.5102548784256961,-18.44692515281214,1,-8.446925152812138,test,-1,-6.5,-4.0
-5.408220153511045,-4.549288889509027,-0.858931264002018,-20.69602940021028,0,-31.392058800420557,test,-1,-6.5,-4.0
-6.309747356935765,-4.862679698465275,-1.44706765847049,-23.64565384986634,1,-13.645653849866338,test,-1,-6.5,-4.0
-3.569650330356989,-4.94605319145068,1.376402861093691,-24.46344217265946,1,-14.463442172659459,test,-1,-6.5,-4.0
-3.4047985971149712,-4.458469102799545,1.0536705056845737,-19.877946740618178,0,-29.755893481236356,test,-1,-6.5,-4.0
-6.789733361707292,-5.771643851134051,-1.0180895105732404,-33.311872744333506,0,-56.62374548866701,test,-1,-6.5,-4.0
-4.669495593530833,-5.51473714547608,0.8452415519452473,-30.412325783693667,0,-50.824651567387335,test,-1,-6.5,-4.0
-3.171157494748206,-4.923359335607088,1.7522018408588826,-24.239467147509473,1,-14.239467147509473,test,-1,-6.5,-4.0
-3.858469391148241,-4.447610544702105,0.5891411535538641,-19.781239557345355,0,-29.56247911469071,test,-1,-6.5,-4.0
-5.096334986343262,-5.696528306980401,0.600193320637139,-32.45043475222899,1,-22.450434752228993,test,-1,-6.5,-4.0
-7.572081454252432,-6.078804716210196,-1.4932767380422358,-36.95186677781932,0,-63.90373355563864,test,-1,-6.5,-4.0
-5.981231736668079,-5.819359301705699,-0.16187243496237977,-33.86494268234864,1,-23.86494268234864,test,-1,-6.5,-4.0
-7.652994879574519,-5.4025591158196535,-2.250435763754865,-29.187644999926036,1,-19.187644999926036,test,-1,-6.5,-4.0
-4.9157914578976065,-6.25384255533401,1.3380510974364033,-39.11054670690662,1,-29.110546706906618,test,-1,-6.5,-4.0
-5.138849535006996,-4.929161224602958,-0.20968831040403724,-24.296630378129333,0,-38.593260756258665,test,-1,-6.5,-4.0
-2.6678172449401774,-4.258799931430893,1.5909826864907157,-18.13737685595578,0,-26.274753711911558,test,-1,-6.5,-4.0
-6.578274883983242,-5.644505469510366,-0.9337694144728758,-31.86044199533244,1,-21.86044199533244,test,-1,-6.5,-4.0
-3.0572113095444413,-4.109052645910201,1.0518413363657595,-16.884313646861624,1,-6.884313646861624,test,-1,-6.5,-4.0
-7.363362590608681,-5.450929732172093,-1.9124328584365877,-29.712634945077728,1,-19.712634945077728,test,-1,-6.5,-4.0
-5.651613114262447,-5.160640515363265,-0.490972598899182,-26.632210528808823,0,-43.264421057617646,test,-1,-6.5,-4.0
-3.402297636186188,-4.058172789901871,0.6558751537156827,-16.468766392699933,1,-6.4687663926999335,test,-1,-6.5,-4.0
-4.2980742365481746,-4.724916266659701,0.4268420301115261,-22.324833726945446,1,-12.324833726945446,test,-1,-6.5,-4.0
-5.309748510558838,-5.23622681170072,-0.07352169885811795,-27.41807122357349,0,-44.83614244714698,test,-1,-6.5,-4.0
-6.6030037272700195,-4.613604958441341,-1.9893987688286787,-21.28535071255453,0,-32.57070142510906,test,-1,-6.5,-4.0
-3.722878690852908,-5.316731681079627,1.5938529902267193,-28.2676357685958,0,-46.5352715371916,test,-1,-6.5,-4.0
-3.9014829256049977,-4.696065046331362,0.7945821207263644,-22.053026919375174,1,-12.053026919375174,test,-1,-6.5,-4.0
-4.5704647506856375,-5.944127305581736,1.3736625548960983,-35.33264942496238,0,-60.66529884992477,test,-1,-6.5,-4.0
-4.949810982749785,-6.307761126417047,1.3579501436672619,-39.787850427938054,0,-69.57570085587611,test,-1,-6.5,-4.0
-5.45864391446145,-5.002106934918177,-0.45653697954327305,-25.02107378835652,0,-40.04214757671304,test,-1,-6.5,-4.0
-4.719528601289248,-5.1907899015414145,0.4712613002521668,-26.94429980194433,1,-16.94429980194433,test,-1,-6.5,-4.0
-2.152860373937559,-5.348284661197458,3.195424287259899,-28.60414881720001,0,-47.20829763440002,test,-1,-6.5,-4.0
-7.220901210321999,-6.20630642736031,-1.0145947829616886,-38.5182394702939,0,-67.0364789405878,test,-1,-6.5,-4.0
-3.6735520685981404,-4.163640092355494,0.4900880237573534,-17.335898818670067,1,-7.335898818670067,test,-1,-6.5,-4.0
-6.900684538134104,-6.220653891888755,-0.6800306462453491,-38.696534842670715,0,-67.39306968534143,test,-1,-6.5,-4.0
-1.967235049420145,-4.081337611661018,2.1141025622408733,-16.657316700358866,1,-6.657316700358866,test,-1,-6.5,-4.0
-5.4968338643728964,-5.704702231608509,0.20786836723561275,-32.543627551319105,0,-55.08725510263821,test,-1,-6.5,-4.0
-7.056444847737688,-5.795425106679652,-1.2610197410580364,-33.58695216713285,0,-57.1739043342657,test,-1,-6.5,-4.0
-4.884897338915768,-4.15002694585692,-0.7348703930588473,-17.22272365133852,1,-7.222723651338519,test,-1,-6.5,-4.0
-5.8063794470465835,-4.098515827133604,-1.707863619912979,-16.79783198526465,0,-23.5956639705293,test,-1,-6.5,-4.0
-7.513059400444293,-4.748346490563741,-2.764712909880551,-22.546794394448998,0,-35.093588788897996,test,-1,-6.5,-4.0
-7.40222909010162,-4.111912397664068,-3.2903166924375515,-16.907823566063467,0,-23.815647132126934,test,-1,-6.5,-4.0
-6.948100706774871,-6.06255481974707,-0.8855458870278012,-36.75457094243843,1,-26.754570942438427,test,-1,-6.5,-4.0
-5.7331865323122,-4.358395848410466,-1.3747906839017343,-18.995614371441587,1,-8.995614371441587,test,-1,-6.5,-4.0
-4.77740314101593,-4.954503133131857,0.17709999211592695,-24.54710129621339,1,-14.547101296213391,test,-1,-6.5,-4.0
-6.768049339724611,-5.761101877883518,-1.0069474618410927,-33.190294847352995,0,-56.38058969470599,test,-1,-6.5,-4.0
-4.740485610015722,-5.008918472777345,0.26843286276162254,-25.08926426693013,0,-40.17852853386026,test,-1,-6.5,-4.0
-4.081068611134512,-6.2267713943119505,2.145702783177438,-38.77268199702159,0,-67.54536399404319,test,-1,-6.5,-4.0
-5.9524145006899785,-4.520025497980972,-1.4323890027090063,-20.430630502398138,1,-10.430630502398138,test,-1,-6.5,-4.0
-6.370696229218886,-4.895306689357705,-1.475389539861181,-23.964027582870294,1,-13.964027582870294,test,-1,-6.5,-4.0
-5.042986015635147,-6.232398084329419,1.1894120686942713,-38.84278588155301,0,-67.68557176310603,test,-1,-6.5,-4.0
-3.107258215518468,-5.950853039703029,2.843594824184561,-35.41265190014278,1,-25.412651900142777,test,-1,-6.5,-4.0
-6.835929965263574,-5.770646635542327,-1.065283329721247,-33.30036259229598,1,-23.300362592295983,test,-1,-6.5,-4.0
-7.372004287936531,-5.315711370048262,-2.0562929178882694,-28.256787369660366,0,-46.51357473932073,test,-1,-6.5,-4.0
-6.28132681876578,-5.923434621462889,-0.3578921973028914,-35.08707771474519,0,-60.17415542949038,test,-1,-6.5,-4.0
-6.252960011275229,-5.756100702992228,-0.4968593082830005,-33.13269530298762,0,-56.26539060597524,test,-1,-6.5,-4.0
-4.262684743412614,-5.121292983173786,0.858608239761172,-26.22764181950506,1,-16.22764181950506,test,-1,-6.5,-4.0
-7.427746761819249,-6.132535927885131,-1.295210833934118,-37.60799690680195,0,-65.2159938136039,test,-1,-6.5,-4.0
-4.941142056655979,-4.616701643892109,-0.3244404127638697,-21.313934068716105,0,-32.62786813743221,test,-1,-6.5,-4.0
-5.7568310414055714,-5.373579101624731,-0.3832519397808401,-28.875352361418052,0,-47.750704722836105,test,-1,-6.5,-4.0
-7.404871653575965,-5.482246060755045,-1.9226255928209193,-30.055021870664213,0,-50.110043741328425,test,-1,-6.5,-4.0
-6.980993185459914,-5.066300539639161,-1.9146926458207525,-25.667401157948053,1,-15.667401157948053,test,-1,-6.5,-4.0
-5.568931529984097,-6.10578907977407,0.5368575497899727,-37.28066028668828,1,-27.28066028668828,test,-1,-6.5,-4.0
-3.612375947468429,-4.271184588541516,0.6588086410730868,-18.243017789394557,1,-8.243017789394557,test,-1,-6.5,-4.0
-7.18558744755456,-6.212101634486889,-0.9734858130676706,-38.59020671719468,0,-67.18041343438937,test,-1,-6.5,-4.0
-3.2351636679804967,-5.132203507602666,1.8970398396221695,-26.33951284344911,1,-16.33951284344911,test,-1,-6.5,-4.0
-2.955935055631647,-4.087636969313284,1.1317019136816369,-16.708775992896687,1,-6.708775992896687,test,-1,-6.5,-4.0
-5.593144541990795,-6.152021885333092,0.5588773433422964,-37.84737327761733,0,-65.69474655523466,test,-1,-6.5,-4.0
-4.016179832400918,-4.7529742219761335,0.7367943895752156,-22.59076395476963,1,-12.590763954769631,test,-1,-6.5,-4.0
-3.6419661443188462,-4.062010976490689,0.4200448321718429,-16.49993317313084,0,-22.999866346261683,test,-1,-6.5,-4.0
-3.136826844009924,-4.010429265114209,0.8736024211042851,-16.083542890484495,1,-6.083542890484495,test,-1,-6.5,-4.0
-4.583369174379872,-5.630656970877548,1.0472877964976766,-31.70429792369193,0,-53.40859584738386,test,-1,-6.5,-4.0
-4.857643492376582,-4.935591652920512,0.07794816054392986,-24.36006496437863,1,-14.36006496437863,test,-1,-6.5,-4.0
-6.650307276159115,-4.144060094243514,-2.506247181915601,-17.17323406470156,0,-24.34646812940312,test,-1,-6.5,-4.0
-5.142620835088193,-4.938655255946188,-0.2039655791420056,-24.390315737084904,1,-14.390315737084904,test,-1,-6.5,-4.0
-5.341039219818629,-4.317950635828679,-1.0230885839899497,-18.644697693453296,1,-8.644697693453296,test,-1,-6.5,-4.0
-6.213166152351479,-4.756061185242403,-1.4571049671090763,-22.620117997769366,0,-35.24023599553873,test,-1,-6.5,-4.0
-5.687838443007766,-6.407748353955149,0.7199099109473835,-41.059238967614924,1,-31.059238967614924,test,-1,-6.5,-4.0
-7.81817662639104,-5.636180496748487,-2.1819961296425525,-31.766530591928024,1,-21.766530591928024,test,-1,-6.5,-4.0
-3.2602561091513613,-4.265431870927427,1.0051757617760653,-18.193909045523448,0,-26.387818091046896,test,-1,-6.5,-4.0
-6.11748147962787,-5.327998598395974,-0.7894828812318961,-28.38756906450946,0,-46.77513812901892,test,-1,-6.5,-4.0
-6.923310073985698,-5.4150751787071645,-1.5082348952785336,-29.32303919105043,0,-48.64607838210086,test,-1,-6.5,-4.0
-6.810352845245128,-5.737699594777216,-1.0726532504679123,-32.921196639906626,1,-22.921196639906626,test,-1,-6.5,-4.0
-3.2587486421458602,-6.100658782129711,2.841910139983851,-37.218037575976375,0,-64.43607515195275,test,-1,-6.5,-4.0
-3.039149197756684,-4.827816824520005,1.7886676267633208,-23.30781529111842,1,-13.30781529111842,test,-1,-6.5,-4.0
-5.868193349937081,-5.511647582185846,-0.3565457677512351,-30.378259070215083,0,-50.75651814043017,test,-1,-6.5,-4.0
-3.001754758768373,-4.294735339403528,1.2929805806351546,-18.444751635521534,1,-8.444751635521534,test,-1,-6.5,-4.0
-4.22711539214686,-6.392024600697167,2.164909208550306,-40.85797849591778,0,-71.71595699183555,test,-1,-6.5,-4.0
-5.39101306829483,-4.314126673938195,-1.0768863943566351,-18.61168895878503,0,-27.223377917570062,test,-1,-6.5,-4.0
-6.63077740059191,-6.269076691309854,-0.36170070928205583,-39.30132256152451,0,-68.60264512304902,test,-1,-6.5,-4.0
-3.3282231408178147,-4.441204689151289,1.1129815483334744,-19.724299090939397,1,-9.724299090939397,test,-1,-6.5,-4.0
-4.875455355187203,-5.354937336868522,0.47948198168131945,-28.67535388178854,1,-18.67535388178854,test,-1,-6.5,-4.0
-5.116113317651819,-4.6495626506685355,-0.4665506669832834,-21.618432842491817,0,-33.236865684983634,test,-1,-6.5,-4.0
-3.3934576136541725,-5.3727804224704485,1.979322808816276,-28.86676946808173,0,-47.73353893616346,test,-1,-6.5,-4.0
-5.491682642471796,-6.103660528583797,0.6119778861120014,-37.25467184819183,1,-27.254671848191833,test,-1,-6.5,-4.0
-3.1711181714760777,-4.1295258466114895,0.9584076751354118,-17.05298371783234,0,-24.10596743566468,test,-1,-6.5,-4.0
-1.9760002608506189,-4.893804974650784,2.9178047138001655,-23.949327129916764,0,-37.89865425983353,test,-1,-6.5,-4.0
-5.37319828624858,-5.9629575904558765,0.5897593042072964,-35.556863225575356,1,-25.556863225575356,test,-1,-6.5,-4.0
-1.7772029048519307,-5.008714370603439,3.2315114657515083,-25.0872196462894,1,-15.087219646289402,test,-1,-6.5,-4.0
-5.6107414931689625,-5.9759262097349835,0.3651847165660213,-35.71169406419752,1,-25.711694064197523,test,-1,-6.5,-4.0
-5.701522808038151,-5.495157672389659,-0.2063651356484916,-30.19675784442294,1,-20.19675784442294,test,-1,-6.5,-4.0
-4.862779020394629,-5.011937540080855,0.14915851968622656,-25.119517905671735,1,-15.119517905671735,test,-1,-6.5,-4.0
-3.913540974185328,-4.974329938621776,1.0607889644364479,-24.74395833826892,0,-39.48791667653784,test,-1,-6.5,-4.0
-5.4353901015936295,-6.230155877149509,0.7947657755558798,-38.81484225358057,1,-28.814842253580572,test,-1,-6.5,-4.0
-5.571205682386106,-6.018582723702398,0.4473770413162925,-36.223338002048976,0,-62.44667600409795,test,-1,-6.5,-4.0
-7.184021249604604,-5.354380102884994,-1.8296411467196105,-28.669386286170717,1,-18.669386286170717,test,-1,-6.5,-4.0
-6.553594858153286,-5.209606233835824,-1.3439886243174612,-27.13999711162108,0,-44.27999422324216,test,-1,-6.5,-4.0
-4.693514632453727,-4.356889307671867,-0.33662532478185964,-18.982484439305445,0,-27.96496887861089,test,-1,-6.5,-4.0
-4.176327003799011,-5.058170062506415,0.8818430587074043,-25.585084381236147,0,-41.170168762472294,test,-1,-6.5,-4.0
-2.709899546252113,-4.471203911430227,1.7613043651781142,-19.991664417588964,0,-29.98332883517793,test,-1,-6.5,-4.0
-8.531418244816114,-5.575731993652027,-2.955686251164088,-31.088787265034803,1,-21.088787265034803,test,-1,-6.5,-4.0
-6.226509719756395,-6.030685764506445,-0.1958239552499505,-36.369170790220686,0,-62.73834158044137,test,-1,-6.5,-4.0
-6.377977572783656,-5.800771257780813,-0.5772063150028431,-33.64894718509599,0,-57.29789437019198,test,-1,-6.5,-4.0
-6.587523838027416,-6.4375636451362945,-0.14996019289112142,-41.442225685180496,0,-72.88445137036099,test,-1,-6.5,-4.0
-5.3482029118388255,-5.589672403312945,0.24146949147411947,-31.244437576358315,1,-21.244437576358315,test,-1,-6.5,-4.0
-5.975115391379996,-4.9112490536481666,-1.063866337731829,-24.120367266960013,0,-38.240734533920026,test,-1,-6.5,-4.0
-6.036899800788213,-4.395069536542464,-1.6418302642457485,-19.316636231043592,1,-9.316636231043592,test,-1,-6.5,-4.0
-4.689478831027485,-5.913016633445615,1.2235378024181294,-34.96376570740451,0,-59.927531414809025,test,-1,-6.5,-4.0
-3.831503415849639,-4.735583223622797,0.9040798077731581,-22.42574846785768,0,-34.85149693571536,test,-1,-6.5,-4.0
-5.149862005341517,-4.618901136480814,-0.5309608688607032,-21.33424770858376,1,-11.33424770858376,test,-1,-6.5,-4.0
-4.940165941978596,-4.77195255572229,-0.1682133862563058,-22.771531194064497,1,-12.771531194064497,test,-1,-6.5,-4.0
-4.96013216140828,-4.091553435154839,-0.8685787262534412,-16.74080951272736,1,-6.74080951272736,test,-1,-6.5,-4.0
-6.798802132367202,-5.050293068872819,-1.7485090634943823,-25.50546008150484,1,-15.50546008150484,test,-1,-6.5,-4.0
-4.615464857659073,-5.391109872377651,0.7756450147185786,-29.064065656047774,0,-48.12813131209555,test,-1,-6.5,-4.0
-5.997670099118785,-5.158003068712744,-0.8396670304060404,-26.604995656850082,0,-43.209991313700165,test,-1,-6.5,-4.0
-7.883830366356854,-6.4880954071933585,-1.3957349591634955,-42.09538201284355,0,-74.1907640256871,test,-1,-6.5,-4.0
-7.243000785344213,-6.4831931322930965,-0.7598076530511171,-42.03179319061237,0,-74.06358638122474,test,-1,-6.5,-4.0
-3.2770224737820923,-5.2659981124253585,1.9889756386432664,-27.73073612006744,1,-17.73073612006744,test,-1,-6.5,-4.0
-5.036420504186591,-5.558517497175291,0.5220969929887007,-30.897116766403865,0,-51.79423353280773,test,-1,-6.5,-4.0
-5.894990509579592,-6.162547237457117,0.2675567278775254,-37.97698845389034,1,-27.976988453890343,test,-1,-6.5,-4.0
-5.524344639875403,-5.614281445392144,0.08993680551674084,-31.5201561480745,0,-53.040312296149,test,-1,-6.5,-4.0
-3.8602027502076153,-4.8963633532326725,1.0361606030250574,-23.9743740868799,1,-13.974374086879902,test,-1,-6.5,-4.0
-4.316420824863628,-5.193036814883536,0.8766159900199076,-26.96763136073574,1,-16.96763136073574,test,-1,-6.5,-4.0
-7.131823490456604,-5.508983107813051,-1.622840382643553,-30.34889488216954,1,-20.34889488216954,test,-1,-6.5,-4.0
-4.892548490264049,-4.574889310232198,-0.3176591800318503,-20.929612200876836,0,-31.85922440175367,test,-1,-6.5,-4.0
-7.187684319641017,-6.366615035122002,-0.8210692845190154,-40.533787005441525,1,-30.533787005441525,test,-1,-6.5,-4.0
-4.046803022392096,-4.284649061023371,0.23784603863127513,-18.358217576128457,0,-26.716435152256913,test,-1,-6.5,-4.0
-4.905555533423524,-4.802169088828251,-0.10338644459527317,-23.06082795769755,1,-13.060827957697551,test,-1,-6.5,-4.0
-7.929663427850329,-5.451282417929135,-2.4783810099211943,-29.716480000023314,0,-49.43296000004663,test,-1,-6.5,-4.0
-3.3894425837121966,-4.770670858962974,1.3812282752507767,-22.759300444558516,0,-35.51860088911703,test,-1,-6.5,-4.0
-3.861355139631828,-4.151892709130723,0.2905375694988953,-17.238213068132858,1,-7.238213068132858,test,-1,-6.5,-4.0
-7.021475058901336,-4.862902988572485,-2.1585720703288502,-23.647825476267208,0,-37.295650952534416,test,-1,-6.5,-4.0
-3.4602213452602086,-4.8291408791349735,1.3689195338747648,-23.320601630532504,0,-36.64120326106501,test,-1,-6.5,-4.0
-4.627870932860614,-4.744757101778875,0.11688616891826048,-22.51271995488107,1,-12.51271995488107,test,-1,-6.5,-4.0
-3.667512926240643,-4.210795208756749,0.5432822825161058,-17.730796290088794,1,-7.730796290088794,test,-1,-6.5,-4.0
-4.277957945785074,-4.276685596724361,-0.0012723490607131993,-18.290039693229605,0,-26.58007938645921,test,-1,-6.5,-4.0
-5.643435716734175,-5.801592702987025,0.15815698625284996,-33.6584778913523,0,-57.316955782704596,test,-1,-6.5,-4.0
-7.105115988636523,-6.443928883839262,-0.6611871047972614,-41.524219459977914,1,-31.524219459977914,test,-1,-6.5,-4.0
-7.890262011009171,-5.805462092274539,-2.0847999187346327,-33.703390104836664,0,-57.40678020967333,test,-1,-6.5,-4.0
-6.395043746404921,-5.5899332873036265,-0.8051104591012945,-31.24735415650513,0,-52.49470831301026,test,-1,-6.5,-4.0
-5.7098337807062,-5.881363876122183,0.1715300954159829,-34.59044104335495,0,-59.1808820867099,test,-1,-6.5,-4.0
-5.361059902428797,-5.356741636416667,-0.004318266012129487,-28.694680959319914,0,-47.38936191863983,test,-1,-6.5,-4.0
-3.4110328652763156,-4.155030755987571,0.7439978907112558,-17.26428058320265,0,-24.528561166405296,test,-1,-6.5,-4.0
-6.19926845052832,-6.026615239807755,-0.17265321072056597,-36.32009124868308,1,-26.320091248683077,test,-1,-6.5,-4.0
-8.353817962563927,-5.5462506131868885,-2.8075673493770386,-30.760895864275938,1,-20.760895864275938,test,-1,-6.5,-4.0
-3.5807595724364094,-4.417395740811264,0.8366361683748543,-19.513385130937493,1,-9.513385130937493,test,-1,-6.5,-4.0
-7.226447748888909,-6.172343695346958,-1.0541040535419508,-38.097826693489345,1,-28.097826693489345,test,-1,-6.5,-4.0
-7.329256698551909,-5.619055555494281,-1.710201143057628,-31.573785335731145,0,-53.14757067146229,test,-1,-6.5,-4.0
-5.584484319831582,-5.12276813742125,-0.46171618241033197,-26.242753389778386,0,-42.48550677955677,test,-1,-6.5,-4.0
-6.318379697311695,-4.576592606669506,-1.741787090642188,-20.94519988742199,1,-10.945199887421989,test,-1,-6.5,-4.0
-3.979553491079561,-4.345393948723194,0.36584045764363254,-18.88244856960015,1,-8.88244856960015,test,-1,-6.5,-4.0
-7.0680569863719835,-5.860049706021767,-1.2080072803502162,-34.3401825570458,1,-24.3401825570458,test,-1,-6.5,-4.0
-1.824229434622393,-4.1191243772090465,2.2948949425866534,-16.967185634917815,0,-23.93437126983563,test,-1,-6.5,-4.0
-5.799168180228136,-5.412869333555683,-0.3862988466724529,-29.299154422147545,0,-48.59830884429509,test,-1,-6.5,-4.0
-6.9357284137253465,-6.1725732922479954,-0.7631551214773507,-38.10066104817326,1,-28.100661048173258,test,-1,-6.5,-4.0
-6.986501655664845,-6.102553278634963,-0.8839483770298815,-37.24115651857834,0,-64.48231303715669,test,-1,-6.5,-4.0
-8.132978252402234,-5.40658118529554,-2.726397067106694,-29.231120113191725,1,-19.231120113191725,test,-1,-6.5,-4.0
-5.620415365956756,-4.470410285089365,-1.150005080867391,-19.984568117032776,1,-9.984568117032776,test,-1,-6.5,-4.0
-7.342454954091757,-6.327539313649693,-1.0149156404420636,-40.037753765782426,0,-70.07550753156485,test,-1,-6.5,-4.0
-6.449118631635088,-5.956236659761097,-0.49288197187399074,-35.47675514708203,1,-25.47675514708203,test,-1,-6.5,-4.0
-7.29833796805171,-4.495651634283644,-2.8026863337680656,-20.210883616837197,0,-30.421767233674395,test,-1,-6.5,-4.0
-4.480080941506618,-4.441586732672034,-0.038494208834583876,-19.727692703848238,0,-29.455385407696475,test,-1,-6.5,-4.0
-4.51239905135539,-5.99993706881652,1.4875380174611295,-35.99924482975857,1,-25.999244829758567,test,-1,-6.5,-4.0
-6.968243736335247,-6.359429740404132,-0.6088139959311148,-40.442346623136565,1,-30.442346623136565,test,-1,-6.5,-4.0
-5.012714155296957,-4.864916907318169,-0.14779724797878835,-23.66741651511018,1,-13.66741651511018,test,-1,-6.5,-4.0
-4.074622286050336,-4.515144187601081,0.4405219015507446,-20.38652703482782,1,-10.386527034827822,test,-1,-6.5,-4.0
-7.433112711345375,-6.375578993273952,-1.057533718071423,-40.6480074994761,1,-30.6480074994761,test,-1,-6.5,-4.0
-5.8065423043053155,-5.1934761409121455,-0.6130661633931703,-26.972194426223712,1,-16.972194426223712,test,-1,-6.5,-4.0
5.6991611165060485,4.385407105949181,1.3137540105568675,-19.23179548490957,1,-9.231795484909568,test,-1,4.0,6.5
4.3930888393572065,5.850124241288512,-1.4570354019313052,-34.22395363851149,1,-24.22395363851149,test,-1,4.0,6.5
5.810245405145634,4.658287537962837,1.151957867182797,-21.699642786339865,0,-33.39928557267973,test,-1,4.0,6.5
3.9329880413659173,5.334348483450745,-1.4013604420848274,-28.455273742893258,1,-18.455273742893258,test,-1,4.0,6.5
3.6355295332560082,4.036437406213549,-0.40090787295754116,-16.292826934279965,1,-6.292826934279965,test,-1,4.0,6.5
7.289776588676022,6.296867520249712,0.9929090684263098,-39.65054056757576,0,-69.30108113515152,test,-1,4.0,6.5
7.289807542266591,6.25178713529253,1.0380204069740613,-39.08484238500918,1,-29.084842385009182,test,-1,4.0,6.5
3.057067636656458,4.083553569065861,-1.0264859324094031,-16.675409751430536,1,-6.675409751430536,test,-1,4.0,6.5
6.478553551686104,6.392373340687792,0.08618021099831188,-40.862436926736,1,-30.862436926736002,test,-1,4.0,6.5
2.991877500501224,4.343023303390191,-1.351145802888967,-18.861851413790244,0,-27.72370282758049,test,-1,4.0,6.5
4.461999644519845,4.709570882394865,-0.24757123787502003,-22.18005789630155,1,-12.180057896301548,test,-1,4.0,6.5
6.0211044077893785,5.515207960897072,0.5058964468923058,-30.417518851942443,0,-50.835037703884886,test,-1,4.0,6.5
5.69781514056844,6.360562840132605,-0.6627476995641656,-40.45675964327575,0,-70.9135192865515,test,-1,4.0,6.5
7.90910122338056,6.131838852773212,1.7772623706073476,-37.5994477163791,0,-65.1988954327582,test,-1,4.0,6.5
4.600759179652429,4.005648083796284,0.5951110958561452,-16.045216571220838,0,-22.090433142441675,test,-1,4.0,6.5
6.122273062290324,5.303065068050732,0.8192079942395913,-28.122499115979917,1,-18.122499115979917,test,-1,4.0,6.5
4.701641983203198,5.380094083161416,-0.6784520999582178,-28.94541234366848,1,-18.94541234366848,test,-1,4.0,6.5
5.055276971055999,5.213443534156775,-0.15816656310077548,-27.17999348384108,0,-44.35998696768216,test,-1,4.0,6.5
6.281384037217901,5.920335385161056,0.36104865205684494,-35.05037107279011,0,-60.10074214558021,test,-1,4.0,6.5
5.443103409368454,4.401791882813925,1.0413115265545283,-19.375771779606563,1,-9.375771779606563,test,-1,4.0,6.5
6.761196090176194,5.911401125847197,0.8497949643289963,-34.94466327066751,0,-59.88932654133502,test,-1,4.0,6.5
3.5659249845603176,4.052024494880166,-0.48609951031984805,-16.41890250710886,1,-6.418902507108861,test,-1,4.0,6.5
3.3310221376391,4.338025445922792,-1.0070033082836918,-18.81846476947364,0,-27.636929538947278,test,-1,4.0,6.5
2.8694200573313764,4.290682543504224,-1.4212624861728478,-18.409956689131878,1,-8.409956689131878,test,-1,4.0,6.5
7.342196232612144,4.774743961225073,2.5674522713870713,-22.7981798952553,1,-12.798179895255299,test,-1,4.0,6.5
7.041299945295351,5.6786316130300065,1.3626683322653446,-32.24685699650377,1,-22.246856996503773,test,-1,4.0,6.5
6.923715018933569,5.178074445625035,1.7456405733085343,-26.812454964435016,1,-16.812454964435016,test,-1,4.0,6.5
5.863746079160354,6.0404207451150675,-0.17667466595471407,-36.486682778016466,1,-26.486682778016466,test,-1,4.0,6.5
7.156906013297627,4.7239669588263835,2.4329390544712433,-22.31586382808339,1,-12.31586382808339,test,-1,4.0,6.5
6.449947299225356,5.832814944031677,0.6171323551936793,-34.021730171319255,1,-24.021730171319255,test,-1,4.0,6.5
6.042118757772387,5.756555888138116,0.28556286963427197,-33.13793569325761,1,-23.13793569325761,test,-1,4.0,6.5
4.188143066300285,4.818923690658558,-0.6307806243582724,-23.222025536390294,0,-36.44405107278059,test,-1,4.0,6.5
3.1425168613309435,4.836618822765139,-1.6941019614341957,-23.39288163672604,0,-36.78576327345208,test,-1,4.0,6.5
7.2646437097504215,6.445145197541297,0.8194985122091238,-41.539896617389644,0,-73.07979323477929,test,-1,4.0,6.5
5.65111844745894,5.561455279338381,0.08966316812055944,-30.929784824080752,0,-51.859569648161504,test,-1,4.0,6.5
6.371426050465325,6.375783811748813,-0.00435776128348816,-40.650619214158226,0,-71.30123842831645,test,-1,4.0,6.5
4.29999094801241,5.918689126551222,-1.6186981785388113,-35.03088097675566,0,-60.06176195351132,test,-1,4.0,6.5
3.659895952180802,6.062523133036934,-2.402627180856132,-36.75418673860796,0,-63.508373477215926,test,-1,4.0,6.5
3.6847790648653422,5.016600754516654,-1.3318216896513115,-25.166283130217064,1,-15.166283130217064,test,-1,4.0,6.5
6.192373428659014,5.128271028553286,1.0641024001057278,-26.299163742298976,1,-16.299163742298976,test,-1,4.0,6.5
7.2863044256569065,5.001579068404184,2.284725357252722,-25.015793177498868,1,-15.015793177498868,test,-1,4.0,6.5
5.704991653745035,6.487845400846396,-0.7828537471013615,-42.09213794528373,1,-32.09213794528373,test,-1,4.0,6.5
4.04861252851963,4.443910439844723,-0.3952979113250928,-19.74833999736092,1,-9.748339997360919,test,-1,4.0,6.5
4.522438959529621,6.406492257569626,-1.884053298040005,-41.04314304629956,0,-72.08628609259912,test,-1,4.0,6.5
3.833924163145496,5.048125675647766,-1.2142015125022703,-25.483572837134215,0,-40.96714567426843,test,-1,4.0,6.5
5.4438488471111075,5.060131116377497,0.3837177307336107,-25.604926914931774,0,-41.20985382986355,test,-1,4.0,6.5
4.230004586752577,5.157872174318364,-0.9278675875657868,-26.60364536660765,0,-43.2072907332153,test,-1,4.0,6.5
5.056739850190199,4.934307872059788,0.12243197813041012,-24.347394176271198,1,-14.347394176271198,test,-1,4.0,6.5
6.642781848609426,5.163770250431277,1.4790115981781489,-26.664523199239092,1,-16.664523199239092,test,-1,4.0,6.5
3.8627912756961544,4.087920653677012,-0.22512937798085722,-16.711095270759085,0,-23.42219054151817,test,-1,4.0,6.5
2.81869404220964,4.2106816743296145,-1.3919876321199742,-17.729840162535247,0,-25.459680325070494,test,-1,4.0,6.5
7.8277552512474475,5.831301745354875,1.996453505892572,-34.004080045378814,1,-24.004080045378814,test,-1,4.0,6.5
6.318831322208525,5.590499984582169,0.7283313376263564,-31.253690077613232,1,-21.253690077613232,test,-1,4.0,6.5
4.315894825905015,4.069769472153832,0.24612535375118313,-16.563023556475276,1,-6.563023556475276,test,-1,4.0,6.5
5.129487245410744,4.750425149559966,0.37906209585077827,-22.566539101571827,0,-35.133078203143654,test,-1,4.0,6.5
4.29128951581736,4.552131302072214,-0.26084178625485366,-20.721899391305666,1,-10.721899391305666,test,-1,4.0,6.5
4.967318436697592,4.1375499833505005,0.8297684533470915,-17.119319864723728,1,-7.119319864723728,test,-1,4.0,6.5
3.6395674129878914,5.30811517694573,-1.6685477639578383,-28.176086731721597,1,-18.176086731721597,test,-1,4.0,6.5
5.015815699132596,5.040924143236525,-0.025108444103929525,-25.410916217864898,0,-40.821832435729796,test,-1,4.0,6.5
2.6999166057681556,4.120546874563926,-1.4206302687957708,-16.97890654547854,1,-6.978906545478541,test,-1,4.0,6.5
5.346224971271078,5.431011288824023,-0.08478631755294506,-29.495883619333977,0,-48.991767238667954,test,-1,4.0,6.5
6.779259448189935,6.008791626693441,0.7704678214964938,-36.1055768130212,0,-62.2111536260424,test,-1,4.0,6.5
4.07792484524366,4.284004298849543,-0.2060794536058826,-18.352692832561363,1,-8.352692832561363,test,-1,4.0,6.5
6.800450498210289,4.692793036062991,2.1076574621472983,-22.0223064793213,1,-12.022306479321301,test,-1,4.0,6.5
5.567556655351069,5.604195229213557,-0.03663857386248833,-31.407004167139995,1,-21.407004167139995,test,-1,4.0,6.5
4.403005757831814,5.231843263591269,-0.8288375057594554,-27.372183934785344,0,-44.74436786957069,test,-1,4.0,6.5
5.654140009903763,5.266390189170237,0.3877498207335259,-27.734865624588526,1,-17.734865624588526,test,-1,4.0,6.5
5.44396096641461,5.153600650164888,0.29036031624972225,-26.55959966137996,1,-16.559599661379956,test,-1,4.0,6.5
6.643670125749606,6.236857684819727,0.4068124409298789,-38.89839378069488,0,-67.79678756138976,test,-1,4.0,6.5
5.581357696444819,5.5144442328389625,0.06691346360585597,-30.409095197090892,0,-50.818190394181784,test,-1,4.0,6.5
5.399615970671784,5.508389007918884,-0.1087730372471008,-30.342349462561593,0,-50.684698925123186,test,-1,4.0,6.5
6.2456076274754855,5.109679640478173,1.135927986997313,-26.108826028317146,1,-16.108826028317146,test,-1,4.0,6.5
3.2549285954678098,5.200116958317226,-1.945188362849416,-27.041216380178398,0,-44.082432760356795,test,-1,4.0,6.5
7.129817178781143,6.221118818074232,0.9086983607069109,-38.70231934859733,1,-28.702319348597328,test,-1,4.0,6.5
3.8383953068990015,4.52125122115045,-0.682855914251449,-20.44171260475444,0,-30.88342520950888,test,-1,4.0,6.5
6.240039432078235,6.361453655390812,-0.12141422331257677,-40.46809260968512,0,-70.93618521937024,test,-1,4.0,6.5
3.125629392389634,4.183675109855664,-1.05804571746603,-17.503137424825802,0,-25.006274849651604,test,-1,4.0,6.5
7.012452918778237,5.487881141590226,1.5245717771880112,-30.11683942422165,1,-20.11683942422165,test,-1,4.0,6.5
1.6083754518701117,4.077877677129416,-2.469502225259304,-16.6290863496304,0,-23.258172699260797,test,-1,4.0,6.5
4.189868713398393,5.663143581326973,-1.4732748679285796,-32.071195222724896,1,-22.071195222724896,test,-1,4.0,6.5
5.088332569386013,5.5934637378524235,-0.5051311684664105,-31.286836586670006,1,-21.286836586670006,test,-1,4.0,6.5
6.979435100954279,6.156162905744037,0.8232721952102422,-37.898341722058866,1,-27.898341722058866,test,-1,4.0,6.5
4.7707757214692945,6.354094280849142,-1.5833185593798478,-40.374514129919774,0,-70.74902825983955,test,-1,4.0,6.5
5.742011648678805,5.114067633526564,0.6279440151522404,-26.15368776028399,0,-42.30737552056798,test,-1,4.0,6.5
6.980197469982993,5.674894081089388,1.3053033888936056,-32.204422831583365,1,-22.204422831583365,test,-1,4.0,6.5
5.23284557730716,6.310826749079979,-1.0779811717728192,-39.82653425690338,1,-29.82653425690338,test,-1,4.0,6.5
2.478273059456175,5.548558666919367,-3.070285607463192,-30.78650328024602,1,-20.78650328024602,test,-1,4.0,6.5
5.710674945708969,4.806464331772035,0.9042106139369344,-23.102099372596793,0,-36.20419874519359,test,-1,4.0,6.5
4.594655974254998,4.798690777333953,-0.20403480307895497,-23.02743317646994,1,-13.027433176469941,test,-1,4.0,6.5
4.6177749661376915,4.728641712516632,-0.11086674637894026,-22.360052445352228,1,-12.360052445352228,test,-1,4.0,6.5
7.683488647569444,6.393543559347643,1.2899450882218013,-40.877399245275726,1,-30.877399245275726,test,-1,4.0,6.5
5.9249197123935025,5.0148958573991065,0.9100238549943958,-25.149180460558718,0,-40.298360921117435,test,-1,4.0,6.5
5.68478491281785,6.366389555907007,-0.681604643089157,-40.530915977561826,1,-30.530915977561826,test,-1,4.0,6.5
6.324419229545801,6.142976397079859,0.1814428324659419,-37.73615901508024,1,-27.73615901508024,test,-1,4.0,6.5
4.663145740431503,5.722319165081144,-1.0591734246496407,-32.74493662705496,0,-55.48987325410992,test,-1,4.0,6.5
4.544597407412671,4.008219921880849,0.5363774855318217,-16.065826942162523,0,-22.131653884325047,test,-1,4.0,6.5
6.163793002811477,6.250258749142456,-0.0864657463309792,-39.06573443123182,0,-68.13146886246363,test,-1,4.0,6.5
6.910762537486287,6.299662177405809,0.6111003600804776,-39.6857435494373,0,-69.3714870988746,test,-1,4.0,6.5
3.243809497188628,4.014773389671211,-0.7709638924825827,-16.118405370412063,1,-6.118405370412063,test,-1,4.0,6.5
5.871684545623506,5.607315371089614,0.2643691745338918,-31.441985670857854,0,-52.88397134171571,test,-1,4.0,6.5
5.3619988895077,4.963042450607685,0.3989564389000148,-24.631790366533938,1,-14.631790366533938,test,-1,4.0,6.5
6.171136458246319,5.489354735717266,0.6817817225290529,-30.13301541454158,1,-20.13301541454158,test,-1,4.0,6.5
5.626572236945592,5.5270176387610235,0.09955459818456928,-30.54792397917548,1,-20.54792397917548,test,-1,4.0,6.5
3.06451017286896,5.499047970993344,-2.4345377981243845,-30.239528587286017,1,-20.239528587286017,test,-1,4.0,6.5
5.389487546510974,4.780709992108129,0.6087775544028455,-22.855188028642505,0,-35.71037605728501,test,-1,4.0,6.5
2.750688281270488,4.1746841869077205,-1.4239959056372327,-17.427988060417377,0,-24.855976120834754,test,-1,4.0,6.5
7.227366834093349,6.001835585538819,1.2255312485545302,-36.0220303958401,0,-62.044060791680195,test,-1,4.0,6.5
6.255661043830996,6.278585125333298,-0.022924081502302684,-39.420631176056546,0,-68.84126235211309,test,-1,4.0,6.5
4.483548334921371,4.4866865726063425,-0.003138237684970893,-20.13035640080605,1,-10.13035640080605,test,-1,4.0,6.5
3.746578740597652,4.52651909713221,-0.7799403565345583,-20.4893751367026,0,-30.978750273405197,test,-1,4.0,6.5
7.04846385360765,4.943601955901611,2.104861897706039,-24.439200298394237,0,-38.878400596788474,test,-1,4.0,6.5
4.073971660297191,5.007118025431684,-0.9331463651344927,-25.071230920602883,1,-15.071230920602883,test,-1,4.0,6.5
7.8805603284220656,6.212944236081987,1.6676160923400785,-38.600676080664385,0,-67.20135216132877,test,-1,4.0,6.5
6.475692847726011,4.505385858425181,1.97030698930083,-20.298501733297606,1,-10.298501733297606,test,-1,4.0,6.5
8.847405267781971,5.047537068709376,3.799868199072595,-25.47763045999524,1,-15.47763045999524,test,-1,4.0,6.5
7.280644589172854,5.619897933348153,1.6607466558247006,-31.583252781250845,0,-53.16650556250169,test,-1,4.0,6.5
5.186327838639942,5.279107381983327,-0.09277954334338515,-27.868974750510862,0,-45.737949501021724,test,-1,4.0,6.5
3.7403896127356937,4.834581213786508,-1.094191601050814,-23.373175512697422,0,-36.746351025394844,test,-1,4.0,6.5
5.088639237072839,5.946183584648361,-0.857544347575522,-35.35709922234164,0,-60.71419844468328,test,-1,4.0,6.5
2.585354740950946,4.338587836419027,-1.7532330954680808,-18.823344414323135,0,-27.64668882864627,test,-1,4.0,6.5
6.165094185953854,4.479276930638889,1.6858172553149648,-20.06392182135375,0,-30.127843642707496,test,-1,4.0,6.5
5.460678018081291,5.006472869739912,0.4542051483413795,-25.064770595441786,0,-40.12954119088357,test,-1,4.0,6.5
4.690885833923257,5.967111163119312,-1.2762253291960544,-35.606415633023104,0,-61.21283126604621,test,-1,4.0,6.5
5.593750555618611,4.634520484819223,0.9592300707993879,-21.478780124209006,1,-11.478780124209006,test,-1,4.0,6.5
4.4481242151440155,4.273713553328797,0.17441066181521872,-18.26462753590625,1,-8.26462753590625,test,-1,4.0,6.5
7.627727968728294,6.326690035954716,1.3010379327735788,-40.027006811048686,1,-30.027006811048686,test,-1,4.0,6.5
4.814477264060284,4.315968209436494,0.49850905462378997,-18.627581584866455,1,-8.627581584866455,test,-1,4.0,6.5
4.2698547902825945,5.512513475908909,-1.2426586856263142,-30.38780482207732,0,-50.77560964415464,test,-1,4.0,6.5
4.992459453165162,4.725304841469568,0.2671546116955931,-22.32850584481574,1,-12.32850584481574,test,-1,4.0,6.5
6.733725915612167,5.566323479806425,1.1674024358057422,-30.983957081844313,0,-51.967914163688626,test,-1,4.0,6.5
5.852385930171176,5.648689884602041,0.20369604556913534,-31.907697412405415,1,-21.907697412405415,test,-1,4.0,6.5
4.3672669821457655,4.169315404064237,0.19795157808152838,-17.383190938567335,0,-24.76638187713467,test,-1,4.0,6.5
3.469486513593898,4.888607312002557,-1.4191207984086587,-23.898481450964862,1,-13.898481450964862,test,-1,4.0,6.5
4.140259106541853,4.836810193691932,-0.6965510871500787,-23.394732849802182,0,-36.789465699604364,test,-1,4.0,6.5
4.585292023721394,4.443765918041839,0.14152610567955512,-19.747055534350228,1,-9.747055534350228,test,-1,4.0,6.5
5.054867137814667,4.020008349455703,1.0348587883589637,-16.16046712969357,1,-6.1604671296935685,test,-1,4.0,6.5
3.39826254420236,4.026096005236803,-0.6278334610344428,-16.209449043383742,0,-22.418898086767484,test,-1,4.0,6.5
5.116626081906813,5.493647011597808,-0.3770209296909955,-30.18015748803753,1,-20.18015748803753,test,-1,4.0,6.5
6.851393045081689,4.211596300880304,2.639796744201386,-17.73754340158866,1,-7.73754340158866,test,-1,4.0,6.5
3.6978825255470396,4.789170592321664,-1.0912880667746243,-22.93615496235864,0,-35.87230992471728,test,-1,4.0,6.5
6.204582415885872,6.421545822424917,-0.21696340653904458,-41.2362507495029,1,-31.2362507495029,test,-1,4.0,6.5
5.086668900030972,6.183956378092533,-1.0972874780615605,-38.24131648615131,1,-28.241316486151312,test,-1,4.0,6.5
6.33612398751986,6.2819599854270605,0.054164002092799986,-39.46302125850676,1,-29.463021258506757,test,-1,4.0,6.5
5.46065842871216,4.4247456523297135,1.0359127763824458,-19.5783740878107,0,-29.156748175621402,test,-1,4.0,6.5
5.838305808942491,4.792019751722613,1.0462860572198782,-22.96345330089965,0,-35.9269066017993,test,-1,4.0,6.5
5.147449185147182,4.604450589285157,0.5429985958620255,-21.200965229168425,1,-11.200965229168425,test,-1,4.0,6.5
6.796371228222416,5.227387424562457,1.568983803659958,-27.325579286473722,0,-44.651158572947445,test,-1,4.0,6.5
5.39933627918996,5.359858523921284,0.03947775526867607,-28.728083396451648,1,-18.728083396451648,test,-1,4.0,6.5
5.850558811531175,5.013635967712526,0.8369228438186488,-25.136545616740715,1,-15.136545616740715,test,-1,4.0,6.5
4.698525665176538,5.856025782941984,-1.1575001177654456,-34.29303797048128,0,-58.58607594096256,test,-1,4.0,6.5
6.883396017912371,5.609332539413007,1.2740634784993647,-31.464611537717573,1,-21.464611537717573,test,-1,4.0,6.5
4.943708422566866,5.6483583767866765,-0.7046499542198107,-31.90395235261622,1,-21.90395235261622,test,-1,4.0,6.5
5.962144353342576,4.373059213169333,1.5890851401732424,-19.12364688188519,1,-9.12364688188519,test,-1,4.0,6.5
4.65086689537374,5.866459474514389,-1.2155925791406497,-34.41534676611965,0,-58.830693532239295,test,-1,4.0,6.5
6.017697642187584,5.603618989039041,0.41407865314854314,-31.40054577431892,1,-21.40054577431892,test,-1,4.0,6.5
5.1404442011834455,4.745577573079092,0.3948666281043539,-22.520506502111242,0,-35.041013004222485,test,-1,4.0,6.5
5.330993791428313,4.939569738298649,0.39142405312966366,-24.39934919951579,1,-14.39934919951579,test,-1,4.0,6.5
6.325080904016678,6.471569662937869,-0.14648875892119015,-41.88121390225776,1,-31.881213902257763,test,-1,4.0,6.5
6.776760923729248,4.861487350699795,1.9152735730294532,-23.63405926101411,0,-37.26811852202822,test,-1,4.0,6.5
5.372959757000905,4.858612501628188,0.5143472553727172,-23.606115440977717,0,-37.212230881955435,test,-1,4.0,6.5
4.183550566122152,5.534133635937758,-1.3505830698156065,-30.626635100417673,0,-51.253270200835345,test,-1,4.0,6.5
4.955058029184945,5.54598178184835,-0.5909237526634049,-30.757913924593797,0,-51.515827849187595,test,-1,4.0,6.5
5.555099262321948,4.033383555478115,1.5217157068438336,-16.26818290560128,1,-6.268182905601279,test,-1,4.0,6.5
4.387253371537911,5.436081987067672,-1.048828615529761,-29.550987370121607,0,-49.101974740243215,test,-1,4.0,6.5
8.17533524133773,5.944198630199054,2.2311366111386777,-35.333497355260306,0,-60.66699471052061,test,-1,4.0,6.5
5.960735525275903,6.374705192844376,-0.413969667568472,-40.636866295677045,0,-71.27373259135409,test,-1,4.0,6.5
3.5820402851789725,5.757455432750028,-2.1754151475710555,-33.148293060102816,1,-23.148293060102816,test,-1,4.0,6.5
5.3903184548282415,4.290514333619562,1.0998041212086789,-18.408513246994914,1,-8.408513246994914,test,-1,4.0,6.5
3.5501356779922513,4.616503695307728,-1.0663680173154764,-21.312106368789905,0,-32.62421273757981,test,-1,4.0,6.5
0.5945313612234386,5.0473467017939315,-4.452815340570493,-25.475708728110078,0,-40.951417456220156,test,-1,4.0,6.5
5.618338479872566,5.580078866784599,0.03825961308796726,-31.137280159536097,0,-52.274560319072194,test,-1,4.0,6.5
2.6912050207599405,4.2386756336621785,-1.5474706129022382,-17.96637112740147,0,-25.93274225480294,test,-1,4.0,6.5
5.2032439353581825,4.975773023557831,0.2274709118003523,-24.758317181965836,0,-39.51663436393167,test,-1,4.0,6.5
5.637098944879371,4.804918968826817,0.8321799760525548,-23.08724629699176,0,-36.17449259398352,test,-1,4.0,6.5
7.39065418997663,6.428313234818945,0.9623409551576845,-41.32321104494841,1,-31.32321104494841,test,-1,4.0,6.5
6.147283121438617,6.422955949028603,-0.27567282758998624,-41.25436312316192,0,-72.50872624632385,test,-1,4.0,6.5
3.933549403133685,5.8585449205637845,-1.9249955174301,-34.32254858626372,0,-58.64509717252744,test,-1,4.0,6.5
6.84437437605526,5.294223237588671,1.550151138466589,-28.02879968942387,1,-18.02879968942387,test,-1,4.0,6.5
4.51902955215619,4.4111998902972775,0.1078296618589119,-19.458684472158712,0,-28.917368944317424,test,-1,4.0,6.5
6.425668193550078,6.373453925962434,0.05221426758764339,-40.620914946365964,0,-71.24182989273193,test,-1,4.0,6.5
4.434079305184978,6.304564886709711,-1.8704855815247332,-39.74753841073303,1,-29.74753841073303,test,-1,4.0,6.5
5.348230290590553,6.206426750847627,-0.8581964602570742,-38.51973301363704,1,-28.519733013637037,test,-1,4.0,6.5
4.2851360578994235,4.127596500062676,0.15753955783674714,-17.037052867329653,0,-24.074105734659305,test,-1,4.0,6.5
5.667564011991806,5.937350538586823,-0.2697865265950164,-35.25213141805723,1,-25.252131418057232,test,-1,4.0,6.5
4.439132300854183,4.2647378810586485,0.1743944197955343,-18.187989194136613,0,-26.375978388273225,test,-1,4.0,6.5
5.045798933981678,6.2634896665741335,-1.2176907325924555,-39.23130280328095,1,-29.231302803280947,test,-1,4.0,6.5
3.3899728792058665,5.469716211779007,-2.0797433325731403,-29.917795437398087,0,-49.835590874796175,test,-1,4.0,6.5
6.842616675698942,6.470224394237297,0.3723922814616451,-41.8638037117834,0,-73.7276074235668,test,-1,4.0,6.5
4.865941651529565,5.071653391290445,-0.20571173976088,-25.72166812138787,0,-41.44333624277574,test,-1,4.0,6.5
6.8634863151726435,5.574624947377851,1.2888613677947922,-31.076443303927505,0,-52.15288660785501,test,-1,4.0,6.5
7.5451507328297645,5.940703335663298,1.6044473971664666,-35.291956122361036,0,-60.58391224472207,test,-1,4.0,6.5
4.444073548852146,4.649543719419035,-0.205470170566889,-21.618256798788995,1,-11.618256798788995,test,-1,4.0,6.5
5.144446914445649,5.5972826731553935,-0.4528357587097445,-31.329573323205587,0,-52.65914664641117,test,-1,4.0,6.5
7.611878277959724,6.066999937901689,1.544878340058035,-36.808488246499095,0,-63.61697649299819,test,-1,4.0,6.5
6.39204417783035,5.303263145801074,1.0887810320292766,-28.124599993611902,1,-18.124599993611902,test,-1,4.0,6.5
3.9848715368971606,5.061212847193882,-1.0763413102967219,-25.615875484600405,1,-15.615875484600405,test,-1,4.0,6.5
7.566094657282653,5.327507594510705,2.238587062771947,-28.38233716956924,1,-18.38233716956924,test,-1,4.0,6.5
6.686890569983889,6.364945306675151,0.321945263308739,-40.51252875696603,1,-30.512528756966027,test,-1,4.0,6.5
6.3048028813370705,6.498184155360607,-0.19338127402353694,-42.22639731697965,1,-32.22639731697965,test,-1,4.0,6.5
4.085380086229003,5.677308972120653,-1.5919288858916498,-32.23183716492167,1,-22.23183716492167,test,-1,4.0,6.5
5.533854556708432,5.973940342605706,-0.4400857858972745,-35.68796321701198,1,-25.687963217011983,test,-1,4.0,6.5
7.133166321151085,6.453968886734092,0.6791974344169938,-41.6537143909317,0,-73.3074287818634,test,-1,4.0,6.5
4.800209463633593,4.353896030381542,0.4463134332520503,-18.956410643372152,0,-27.912821286744304,test,-1,4.0,6.5
5.775466598900584,4.0657175497169655,1.7097490491836187,-16.530059194076525,0,-23.06011838815305,test,-1,4.0,6.5
7.047223986992972,5.866106903060368,1.1811170839326033,-34.4112101981325,0,-58.822420396265,test,-1,4.0,6.5
4.37168900591026,5.541470185101176,-1.1697811791909158,-30.707891812365258,0,-51.415783624730516,test,-1,4.0,6.5
3.9948650452519603,4.248011748190182,-0.25314670293822145,-18.045603812761804,0,-26.09120762552361,test,-1,4.0,6.5
4.8769277230901436,5.3047566883928905,-0.42782896530274717,-28.140443523049107,1,-18.140443523049107,test,-1,4.0,6.5
4.387846452873438,5.268579953696656,-0.8807335008232179,-27.757934728494256,0,-45.51586945698851,test,-1,4.0,6.5
3.8334481073551445,4.714232564806521,-0.8807844574513762,-22.223988675082264,0,-34.44797735016453,test,-1,4.0,6.5
3.485948064918614,4.621096223187021,-1.1351481582684073,-21.354530303953354,1,-11.354530303953354,test,-1,4.0,6.5
3.296005452395152,4.450872950492354,-1.1548674980972016,-19.81027002142451,1,-9.810270021424511,test,-1,4.0,6.5
5.337102976042785,5.459557667437781,-0.12245469139499543,-29.80676992407866,0,-49.61353984815732,test,-1,4.0,6.5
4.786713308634414,4.384796518377413,0.40191679025700094,-19.22644050757468,1,-9.22644050757468,test,-1,4.0,6.5
7.236365180627799,5.779318969263171,1.4570462113646283,-33.400527748485125,1,-23.400527748485125,test,-1,4.0,6.5
5.112091130368778,6.146881013630088,-1.0347898832613096,-37.78414619572605,0,-65.5682923914521,test,-1,4.0,6.5
5.051753075286081,5.7161034269954625,-0.6643503517093817,-32.67383838810927,0,-55.347676776218535,test,-1,4.0,6.5
0.8768075920234097,4.662824022030479,-3.7860164300070696,-21.741927860424497,0,-33.48385572084899,test,-1,4.0,6.5
4.760798351360418,4.99258176716838,-0.23178341580796125,-24.925872701862144,0,-39.85174540372429,test,-1,4.0,6.5
5.492297034302062,5.282540063030608,0.20975697127145368,-27.905229517523424,1,-17.905229517523424,test,-1,4.0,6.5
4.180855341277204,4.860510552011984,-0.6796552107347801,-23.624562826219844,1,-13.624562826219844,test,-1,4.0,6.5
5.391933695175567,5.3640058174950145,0.027927877680552646,-28.772558410120357,0,-47.545116820240715,test,-1,4.0,6.5
4.7098147197119715,5.7152918370760775,-1.0054771173641055,-32.66456078294844,1,-22.664560782948442,test,-1,4.0,6.5
3.79774953823014,4.7492322374835325,-0.9514826992533926,-22.555206845552842,1,-12.555206845552842,test,-1,4.0,6.5
2.7960125391507056,4.538394558661768,-1.7423820195110622,-20.597025170090742,1,-10.597025170090742,test,-1,4.0,6.5
4.6188347091089454,5.970771974829782,-1.3519372657208373,-35.65011797541274,1,-25.65011797541274,test,-1,4.0,6.5
3.6725466276988774,5.939622364868517,-2.2670757371696393,-35.27911383724627,1,-25.27911383724627,test,-1,4.0,6.5
5.486372730526299,4.104314876554674,1.3820578539716255,-16.845400605908008,0,-23.690801211816016,test,-1,4.0,6.5
6.582311427089762,5.613713423860701,0.9685980032290606,-31.513778405233833,1,-21.513778405233833,test,-1,4.0,6.5
4.37480227851457,4.320482756265215,0.05431952224935552,-18.666571247185068,0,-27.333142494370136,test,-1,4.0,6.5
5.1838596339226415,5.369131257355769,-0.1852716234331277,-28.827570458714742,1,-18.827570458714742,test,-1,4.0,6.5
6.5167481499359114,4.728808616639866,1.787939533296045,-22.361630932807444,1,-12.361630932807444,test,-1,4.0,6.5
6.688120304762351,6.064612790493257,0.6235075142690939,-36.77952829861441,1,-26.77952829861441,test,-1,4.0,6.5
3.3919889031219324,4.2433809298614635,-0.8513920267395313,-18.00628171591194,0,-26.012563431823878,test,-1,4.0,6.5
6.31372405332585,6.243779778396387,0.06994427492946319,-38.98478592111164,0,-67.96957184222327,test,-1,4.0,6.5
5.257199688906215,4.854972864961957,0.40222682394425724,-23.570761519516914,0,-37.14152303903383,test,-1,4.0,6.5
4.671322939812842,4.330213262603772,0.34110967720907,-18.750746899629604,0,-27.501493799259208,test,-1,4.0,6.5
5.519249037446899,5.143957371036901,0.37529166640999795,-26.46029743504487,0,-42.92059487008974,test,-1,4.0,6.5
2.198993797236152,4.211094520159356,-2.0121007229232037,-17.733317057716153,1,-7.733317057716153,test,-1,4.0,6.5
4.906633046728466,5.850566483111116,-0.9439334363826499,-34.229128173303174,1,-24.229128173303174,test,-1,4.0,6.5
2.5020166196293863,4.909344546952878,-2.4073279273234913,-24.101663880695956,0,-38.20332776139191,test,-1,4.0,6.5
5.209602125723479,4.83390290554058,0.3756992201828984,-23.366617300193667,0,-36.733234600387334,test,-1,4.0,6.5
3.775921908956292,4.2660616588658815,-0.49013974990958975,-18.199282077245517,1,-8.199282077245517,test,-1,4.0,6.5
2.9289899871668235,4.465364050189984,-1.5363740630231604,-19.939476100729095,1,-9.939476100729095,test,-1,4.0,6.5
7.940645914482701,5.298122011911734,2.6425239025709675,-28.07009685310364,0,-46.14019370620728,test,-1,4.0,6.5
5.8311864515868725,4.281555697608965,1.549630753977907,-18.331719191727792,0,-26.663438383455585,test,-1,4.0,6.5
4.621524894233055,5.209813973660399,-0.5882890794273445,-27.142161640147158,1,-17.142161640147158,test,-1,4.0,6.5
7.3312040195187365,6.328720942510906,1.0024830770078306,-40.05270876817613,1,-30.05270876817613,test,-1,4.0,6.5
4.264290594428353,4.99713798607065,-0.7328473916422973,-24.971388051830235,1,-14.971388051830235,test,-1,4.0,6.5
5.610593292831847,4.45097996133387,1.1596133314979777,-19.811222616195657,1,-9.811222616195657,test,-1,4.0,6.5
6.9918390757277775,6.013730100715226,0.9781089750125517,-36.164949724248366,1,-26.164949724248366,test,-1,4.0,6.5
5.068500187671897,5.651838654977689,-0.5833384673057914,-31.943280181900008,0,-53.886560363800015,test,-1,4.0,6.5
6.265737557096762,5.533587786347306,0.7321497707494563,-30.62059378921208,1,-20.62059378921208,test,-1,4.0,6.5
6.5085120642488405,4.3097053873130795,2.1988066769357615,-18.57356052543538,0,-27.14712105087076,test,-1,4.0,6.5
6.132130522870191,4.8788538669228885,1.2532766559473025,-23.80321505478842,0,-37.60643010957684,test,-1,4.0,6.5
3.821327807447786,5.182749504024315,-1.3614216965765291,-26.860892421464282,1,-16.860892421464282,test,-1,4.0,6.5
5.517064146431281,4.945963251562124,0.5711008948691574,-24.462552485802977,0,-38.925104971605954,test,-1,4.0,6.5
5.575701351476417,4.554809165557033,1.0208921859193847,-20.74628653464235,1,-10.746286534642351,test,-1,4.0,6.5
4.939451524008471,4.5672007237987,0.3722508002097712,-20.859322451467367,1,-10.859322451467367,test,-1,4.0,6.5
5.811313934977573,4.357070362381707,1.4542435725958656,-18.98406214274506,0,-27.96812428549012,test,-1,4.0,6.5
5.116811605568836,5.823562802921283,-0.7067511973524468,-33.91388371956839,0,-57.82776743913678,test,-1,4.0,6.5
1.6212318482566443,4.30752902352494,-2.6862971752682956,-18.554806288509724,0,-27.109612577019448,test,-1,4.0,6.5
6.775295383730919,4.799444935180802,1.9758504485501165,-23.034671685832656,0,-36.06934337166531,test,-1,4.0,6.5
3.76545574588637,4.979149051632426,-1.2136933057460557,-24.791925278372087,0,-39.583850556744174,test,-1,4.0,6.5
4.089822607868665,4.094853048629863,-0.0050304407611985015,-16.767821489873285,1,-6.767821489873285,test,-1,4.0,6.5
2.659551452255605,4.38752821726313,-1.7279767650075248,-19.25040385728018,1,-9.25040385728018,test,-1,4.0,6.5
5.562174681355788,4.426622515542255,1.135552165813533,-19.59498689510564,1,-9.594986895105642,test,-1,4.0,6.5
4.787459649874593,5.925780513904526,-1.138320864029932,-35.11487469897058,1,-25.11487469897058,test,-1,4.0,6.5
4.893906268549133,4.597996352605849,0.2959099159432838,-21.141570458576687,1,-11.141570458576687,test,-1,4.0,6.5
6.009696035341815,5.867925218084865,0.141770817256949,-34.432546365036316,0,-58.86509273007263,test,-1,4.0,6.5
6.781633999558583,4.868735461610238,1.912898537948345,-23.704584995141058,1,-13.704584995141058,test,-1,4.0,6.5
8.100873114446049,5.653033420500213,2.4478396939458364,-31.95678685329234,1,-21.95678685329234,test,-1,4.0,6.5
6.714914636487282,5.636384999580964,1.0785296369063173,-31.768835863501305,0,-53.53767172700261,test,-1,4.0,6.5
5.973308733507333,4.5824398572307485,1.390868876276585,-20.998755045136964,1,-10.998755045136964,test,-1,4.0,6.5
5.5039212574656124,5.052436925020493,0.45148433244511893,-25.52711888131054,1,-15.527118881310539,test,-1,4.0,6.5
6.100139977790821,5.691358788874873,0.40878118891594817,-32.391564863703266,0,-54.78312972740653,test,-1,4.0,6.5
4.607152774155378,5.513363215639769,-0.9062104414843907,-30.397173947569694,1,-20.397173947569694,test,-1,4.0,6.5
6.3037202542162705,5.521701266354151,0.7820189878621191,-30.489184874857038,0,-50.978369749714076,test,-1,4.0,6.5
1.7727132045943033,4.098708554439163,-2.32599534984486,-16.799411814232776,1,-6.799411814232776,test,-1,4.0,6.5
7.406404920440573,6.263589886937397,1.142815033503176,-39.23255827174443,1,-29.23255827174443,test,-1,4.0,6.5
6.443762926027934,6.222640952248711,0.2211219737792228,-38.721260420602746,1,-28.721260420602746,test,-1,4.0,6.5
4.503008713517677,4.446703206781913,0.05630550673576443,-19.773169409204545,0,-29.54633881840909,test,-1,4.0,6.5
6.437012903140814,4.969758820643538,1.4672540824972762,-24.698502735364247,0,-39.397005470728494,test,-1,4.0,6.5
4.098689555946022,6.269086485372225,-2.1703969294262024,-39.301445361076674,1,-29.301445361076674,test,-1,4.0,6.5
4.041950175169729,5.1303288754335465,-1.0883787002638172,-26.32027437010724,1,-16.32027437010724,test,-1,4.0,6.5
5.8187767734743385,5.083232841978931,0.7355439314954074,-25.839256125773197,0,-41.678512251546394,test,-1,4.0,6.5
5.430553522970759,5.774030673417329,-0.3434771504465701,-33.33943021756417,0,-56.67886043512834,test,-1,4.0,6.5
5.170768202680552,4.402255344628132,0.7685128580524201,-19.37985211930695,1,-9.37985211930695,test,-1,4.0,6.5
5.925185810596931,6.159379564598278,-0.23419375400134743,-37.93795662079087,0,-65.87591324158174,test,-1,4.0,6.5
2.683779318595921,4.034656453620088,-1.350877135024167,-16.278452698738228,0,-22.556905397476456,test,-1,4.0,6.5
4.754993839039969,4.185233023582531,0.5697608154574376,-17.516175461685773,0,-25.032350923371546,test,-1,4.0,6.5
5.228345437960155,4.939789357587711,0.28855608037244423,-24.401518897336807,0,-38.803037794673614,test,-1,4.0,6.5
5.3195392747211665,4.623408807251301,0.696130467469866,-21.375908998968896,1,-11.375908998968896,test,-1,4.0,6.5
5.95339079139899,5.281558362200185,0.6718324291988046,-27.8948587333267,1,-17.8948587333267,test,-1,4.0,6.5
6.8420407309908775,4.358700642299829,2.483340088691049,-18.99827128918494,0,-27.996542578369883,test,-1,4.0,6.5
4.487652471768168,5.604138753339304,-1.116486281571135,-31.406371166679406,1,-21.406371166679406,test,-1,4.0,6.5
4.671678145751274,5.347763759496311,-0.6760856137450363,-28.598577227382115,0,-47.19715445476423,test,-1,4.0,6.5
7.85487678261448,6.074785439424978,1.780091343189502,-36.90301813504972,1,-26.90301813504972,test,-1,4.0,6.5
3.688258582580373,4.672812269883188,-0.984553687302815,-21.835174509570873,1,-11.835174509570873,test,-1,4.0,6.5
4.59835627695714,4.427639304081778,0.17071697287536178,-19.603989807049768,1,-9.603989807049768,test,-1,4.0,6.5
6.700165479158939,5.316081911043616,1.384083568115323,-28.260726884925145,0,-46.52145376985029,test,-1,4.0,6.5
5.122724905939701,4.6046385218315455,0.5180863841081551,-21.202695916735,0,-32.40539183347,test,-1,4.0,6.5
5.768354795559283,5.140535280671186,0.6278195148880972,-26.425102971825186,0,-42.85020594365037,test,-1,4.0,6.5
4.257625692844849,4.2912050283672984,-0.03357933552244935,-18.414440595484788,0,-26.828881190969575,test,-1,4.0,6.5
3.3580929809891624,5.499516570172125,-2.141423589182963,-30.244682505597776,1,-20.244682505597776,test,-1,4.0,6.5
7.006530498468303,6.091587231679674,0.9149432667886285,-37.107435001162834,1,-27.107435001162834,test,-1,4.0,6.5
7.354182691008387,6.280829778234179,1.0733529127742079,-39.448822703153205,1,-29.448822703153205,test,-1,4.0,6.5
6.936996223457966,6.376567680100227,0.5604285433577385,-40.6606153788988,1,-30.660615378898797,test,-1,4.0,6.5
4.982582491801551,5.453823423216285,-0.47124093141473355,-29.744189931622596,1,-19.744189931622596,test,-1,4.0,6.5
5.588424521777522,5.286725764702284,0.30169875707523836,-27.949469311166954,0,-45.89893862233391,test,-1,4.0,6.5
6.8529456990369,5.941790529802164,0.9111551692347363,-35.30487470004668,0,-60.609749400093364,test,-1,4.0,6.5
5.274114850758703,5.680243315205186,-0.4061284644464837,-32.2651641199332,1,-22.265164119933203,test,-1,4.0,6.5
3.842492433165098,4.409468851658426,-0.5669764184933278,-19.44341555374588,1,-9.44341555374588,test,-1,4.0,6.5
3.7983931664035087,5.0688958879814345,-1.270502721577926,-25.693705523195096,1,-15.693705523195096,test,-1,4.0,6.5
4.969706729917579,4.385981651659037,0.5837250782585423,-19.236835048689734,0,-28.47367009737947,test,-1,4.0,6.5
3.9605225654558827,5.416753993260875,-1.4562314278049926,-29.341223823507637,0,-48.68244764701527,test,-1,4.0,6.5
4.722000579800994,5.272757724208685,-0.5507571444076906,-27.801974018202355,1,-17.801974018202355,test,-1,4.0,6.5
6.7881543365300425,5.134446290225133,1.6537080463049094,-26.362538707206635,1,-16.362538707206635,test,-1,4.0,6.5
4.04470389049769,6.477528179912422,-2.4328242894147327,-41.95837132155954,0,-73.91674264311908,test,-1,4.0,6.5
5.3268632416000665,6.25036638083815,-0.9235031392380835,-39.067079894711796,1,-29.067079894711796,test,-1,4.0,6.5
5.507360998744021,4.3785644480730195,1.128796550671002,-19.171826625928986,1,-9.171826625928986,test,-1,4.0,6.5
5.215897837760836,5.519186879591265,-0.30328904183042926,-30.461423811852367,0,-50.92284762370473,test,-1,4.0,6.5
6.643215678771342,5.195510783457204,1.4477048953141385,-26.993332301020086,1,-16.993332301020086,test,-1,4.0,6.5
4.663336635177256,6.071561116147912,-1.4082244809706554,-36.863854387119275,1,-26.863854387119275,test,-1,4.0,6.5
5.232334025065304,6.3235636273799125,-1.0912296023146077,-39.9874569495222,0,-69.9749138990444,test,-1,4.0,6.5
7.461956147057087,6.0719127703907,1.390043376666387,-36.86812469123367,0,-63.736249382467335,test,-1,4.0,6.5
2.876210616311498,4.066917592297564,-1.1907069759860658,-16.539818702539414,1,-6.539818702539414,test,-1,4.0,6.5
6.288054890442863,6.22567704560632,0.06237784483654318,-38.759054676189436,0,-67.51810935237887,test,-1,4.0,6.5
4.104812459867964,4.410746199756017,-0.3059337398880525,-19.454682038662142,0,-28.909364077324284,test,-1,4.0,6.5
6.502482513881787,4.8349306865138955,1.6675518273678915,-23.37655474339373,1,-13.37655474339373,test,-1,4.0,6.5
3.6250981222163636,4.943252898653531,-1.3181547764371675,-24.43574922004654,1,-14.435749220046539,test,-1,4.0,6.5
6.168792529357585,6.0457023353194925,0.12309019403809242,-36.550516727287565,0,-63.10103345457513,test,-1,4.0,6.5
5.571263937709922,4.4951327172990485,1.076131220410874,-20.20621814613233,0,-30.41243629226466,test,-1,4.0,6.5
6.019633675334792,4.440065117445689,1.579568557889103,-19.714178247158003,0,-29.428356494316006,test,-1,4.0,6.5
6.707422350965474,6.481090132475981,0.22633221848949214,-42.004529305277536,1,-32.004529305277536,test,-1,4.0,6.5
5.139955585291892,4.111746860860228,1.0282087244316642,-16.906462247793936,0,-23.812924495587872,test,-1,4.0,6.5
4.066366961932965,4.777122214474099,-0.7107552525411343,-22.820896652021922,0,-35.641793304043844,test,-1,4.0,6.5
7.4423046338689876,5.0289589279572295,2.413345705911758,-25.29042789908073,0,-40.58085579816145,test,-1,4.0,6.5
5.242108057172885,4.563158134289096,0.6789499228837896,-20.822412158528742,1,-10.822412158528742,test,-1,4.0,6.5
5.749127172543438,4.676507202053633,1.0726199704898047,-21.8697196108595,0,-33.739439221719,test,-1,4.0,6.5
6.572813422493038,4.268044316773187,2.3047691057198505,-18.2162022899399,0,-26.4324045798798,test,-1,4.0,6.5
6.500579296430281,6.027551664624168,0.47302763180611285,-36.33137906971358,0,-62.662758139427154,test,-1,4.0,6.5
4.800644662590797,4.614950219264529,0.1856944433262683,-21.29776552628972,0,-32.59553105257944,test,-1,4.0,6.5
6.622534465445024,5.584629289309141,1.037905176135883,-31.188084299009518,0,-52.376168598019035,test,-1,4.0,6.5
6.6787386220387015,4.901094725382129,1.7776438966565724,-24.02072950716853,0,-38.04145901433706,test,-1,4.0,6.5
2.454238326517638,4.012156719436551,-1.5579183929189135,-16.09740154131987,1,-6.097401541319869,test,-1,4.0,6.5
2.695755015810197,4.618052244853203,-1.9222972290430065,-21.32640653619371,0,-32.65281307238742,test,-1,4.0,6.5
6.962486604662091,6.074767987999322,0.8877186166627692,-36.90280610802133,1,-26.90280610802133,test,-1,4.0,6.5
4.915567398716524,5.027900805736904,-0.11233340702037996,-25.279786512329807,0,-40.55957302465961,test,-1,4.0,6.5
4.3783560000786315,4.224786459961391,0.15356954011724075,-17.8488206322731,0,-25.6976412645462,test,-1,4.0,6.5
8.995047116012046,6.436843749623457,2.5582033663885895,-41.43295745706657,0,-72.86591491413314,test,-1,4.0,6.5
5.506467764301811,5.630905660079938,-0.12443789577812651,-31.70709855272028,0,-53.41419710544056,test,-1,4.0,6.5
5.633429327283279,5.640388965778319,-0.0069596384950396965,-31.81398768527382,0,-53.62797537054764,test,-1,4.0,6.5
7.922006285828511,6.318790677100027,1.6032156087284837,-39.927115621006216,1,-29.927115621006216,test,-1,4.0,6.5
5.430204655814206,6.332556546919133,-0.9023518911049271,-40.10127241992838,0,-70.20254483985676,test,-1,4.0,6.5
6.473010340824518,6.195641472216978,0.27736886860754056,-38.385973252254956,0,-66.77194650450991,test,-1,4.0,6.5
4.843866395333742,5.00381328073856,-0.1599468854048178,-25.03814734849559,0,-40.07629469699118,test,-1,4.0,6.5
4.981430634607596,4.6973741527573125,0.28405648185028354,-22.06532393099248,1,-12.06532393099248,test,-1,4.0,6.5
5.557418940923856,5.202312491667194,0.3551064492566623,-27.06405526095653,1,-17.06405526095653,test,-1,4.0,6.5
4.515872899183848,5.892052078408348,-1.3761791792245,-34.71627769467613,1,-24.71627769467613,test,-1,4.0,6.5
4.763939814374543,5.272206450412045,-0.5082666360375029,-27.796160855766377,0,-45.592321711532755,test,-1,4.0,6.5
4.244118419842767,4.938182971606894,-0.6940645517641267,-24.385651061068295,1,-14.385651061068295,test,-1,4.0,6.5
3.8981295643821063,5.494379160174153,-1.5962495957920468,-30.188202355756037,0,-50.37640471151207,test,-1,4.0,6.5
6.121773019522953,5.605407963296345,0.5163650562266081,-31.420598434986083,1,-21.420598434986083,test,-1,4.0,6.5
5.663523489892833,6.446324614205538,-0.7828011243127049,-41.55510103171218,0,-73.11020206342435,test,-1,4.0,6.5
4.141489280365105,5.553845488080561,-1.4123562077154557,-30.8451997054728,0,-51.6903994109456,test,-1,4.0,6.5
3.032150760327129,4.983501078994575,-1.9513503186674457,-24.83528300434009,1,-14.835283004340091,test,-1,4.0,6.5
5.721391726983058,6.337095929267936,-0.6157042022848781,-40.158784816744244,1,-30.158784816744244,test,-1,4.0,6.5
4.380298213248059,5.829551865750426,-1.4492536525023678,-33.98367495547428,1,-23.983674955474278,test,-1,4.0,6.5
5.506988966656914,5.076424079457495,0.43056488719941954,-25.770081434495875,0,-41.54016286899175,test,-1,4.0,6.5
6.264308659712444,5.148792816980051,1.1155158427323937,-26.51006747218537,0,-43.02013494437074,test,-1,4.0,6.5
5.877399243793643,6.4969760221865975,-0.6195767783929548,-42.21069743286758,1,-32.21069743286758,test,-1,4.0,6.5
5.487764553755522,6.408995460415517,-0.9212309066599951,-41.07522281162671,0,-72.15044562325342,test,-1,4.0,6.5
3.4506942038007917,4.016299007337875,-0.5656048035370838,-16.1306577163432,1,-6.130657716343201,test,-1,4.0,6.5
6.910339589107595,6.114887926524081,0.7954516625835144,-37.391854353949974,0,-64.78370870789995,test,-1,4.0,6.5
3.9920640460553676,4.906202834766708,-0.9141387887113401,-24.070826255872877,0,-38.141652511745754,test,-1,4.0,6.5
5.637692566197218,4.993216537386364,0.6444760288108546,-24.932211389228673,0,-39.864422778457346,test,-1,4.0,6.5
3.933537012380408,4.736149114944073,-0.8026121025636651,-22.431108438985525,1,-12.431108438985525,test,-1,4.0,6.5
2.611691785110535,5.536990416631735,-2.9252986315212,-30.65826287387167,1,-20.65826287387167,test,-1,4.0,6.5
6.388093816646878,4.441588948591974,1.946504868054903,-19.727712388254357,0,-29.455424776508714,test,-1,4.0,6.5
5.517216110908022,4.520954626485017,0.9962614844230048,-20.43903073473628,0,-30.878061469472563,test,-1,4.0,6.5
4.250757591525109,4.540720561262644,-0.289962969737535,-20.61814321547334,0,-31.236286430946677,test,-1,4.0,6.5
5.565054934489441,5.403567060819002,0.16148787367043888,-29.198536980768107,1,-19.198536980768107,test,-1,4.0,6.5
4.460395640702547,4.257718318335022,0.20267732236752548,-18.128165278285607,1,-8.128165278285607,test,-1,4.0,6.5
6.782341379323734,4.778314942258742,2.004026437064992,-22.832293687413166,1,-12.832293687413166,test,-1,4.0,6.5
5.617619208511501,6.017203926082201,-0.3995847175706996,-36.20674308805905,1,-26.20674308805905,test,-1,4.0,6.5
5.56304373928997,5.215087663534306,0.3479560757556636,-27.197139338347707,0,-44.394278676695414,test,-1,4.0,6.5
6.095763985098108,6.389335783578446,-0.2935717984803376,-40.82361175531599,0,-71.64722351063197,test,-1,4.0,6.5
5.07780413776353,5.786392521329839,-0.7085883835663093,-33.48233841090189,0,-56.96467682180378,test,-1,4.0,6.5
4.873566057507343,4.288113335999256,0.5854527215080867,-18.38791598237467,1,-8.387915982374668,test,-1,4.0,6.5
5.726060260055061,5.119654487825649,0.6064057722294123,-26.210862074713308,1,-16.210862074713308,test,-1,4.0,6.5
4.7252519521852845,5.316923699641086,-0.5916717474558011,-28.26967762780505,1,-18.26967762780505,test,-1,4.0,6.5
9.170141346324794,6.240842157542992,2.9292991887818025,-38.94811083536587,0,-67.89622167073173,test,-1,4.0,6.5
2.912365334846759,6.300632880165137,-3.3882675453183775,-39.697974690618025,1,-29.697974690618025,test,-1,4.0,6.5
5.9513778329053295,4.13320911972105,1.8181687131842792,-17.083417627345256,0,-24.16683525469051,test,-1,4.0,6.5
4.925560410542426,6.274251669300275,-1.3486912587578497,-39.36623400971729,0,-68.73246801943458,test,-1,4.0,6.5
4.833938894064521,5.722683649048815,-0.8887447549842934,-32.74910814709066,0,-55.49821629418132,test,-1,4.0,6.5
6.252301679734198,5.436102010115763,0.8161996696184347,-29.551205064384643,1,-19.551205064384643,test,-1,4.0,6.5
7.4882068711776135,6.295816523950423,1.1923903472271908,-39.637305703247186,0,-69.27461140649437,test,-1,4.0,6.5
6.734735084567194,5.012576563706205,1.7221585208609886,-25.12592380701671,0,-40.25184761403342,test,-1,4.0,6.5
4.035998838551187,5.681126500264978,-1.6451276617137907,-32.275198312012996,0,-54.55039662402599,test,-1,4.0,6.5
8.673163611382835,6.063713991713886,2.6094496196689483,-36.76862737330675,0,-63.5372547466135,test,-1,4.0,6.5
4.911557708664187,6.040020913866694,-1.128463205202506,-36.48185263994705,1,-26.48185263994705,test,-1,4.0,6.5
5.9150844625848045,5.400906384641923,0.5141780779428817,-29.169789775665883,1,-19.169789775665883,test,-1,4.0,6.5
7.106573849647003,5.399224093422266,1.7073497562247368,-29.15162081099149,1,-19.15162081099149,test,-1,4.0,6.5
6.339848765927366,6.145031596779378,0.1948171691479872,-37.76141332541692,0,-65.52282665083384,test,-1,4.0,6.5
4.557149822615306,4.513836544223575,0.04331327839173176,-20.374720347968225,0,-30.74944069593645,test,-1,4.0,6.5
6.956608233020749,5.789352291512148,1.1672559415086003,-33.516599955236956,1,-23.516599955236956,test,-1,4.0,6.5
6.195019520135927,6.039678856555163,0.1553406635807637,-36.47772069031948,1,-26.47772069031948,test,-1,4.0,6.5
3.0661495566096715,4.298191308461789,-1.232041751852117,-18.474448524136463,0,-26.948897048272926,test,-1,4.0,6.5
7.623020746202384,6.12168040473536,1.5013403414670234,-37.474970977720886,0,-64.94994195544177,test,-1,4.0,6.5
5.828404449579477,4.313055670230638,1.515348779348838,-18.60244921450866,1,-8.60244921450866,test,-1,4.0,6.5
5.055074595861214,4.134285881667109,0.9207887141941049,-17.092319751351987,0,-24.184639502703973,test,-1,4.0,6.5
5.8637008530912,5.176576644956906,0.6871242081342936,-26.796945761113303,0,-43.593891522226606,test,-1,4.0,6.5
7.944774360185875,6.346876614165483,1.5978977460203923,-40.282842755440704,1,-30.282842755440704,test,-1,4.0,6.5
7.811318520206946,6.368845779649799,1.442472740557147,-40.56219656496306,1,-30.56219656496306,test,-1,4.0,6.5
7.175344985006298,5.466932502681281,1.7084124823250164,-29.88735098887302,1,-19.88735098887302,test,-1,4.0,6.5
6.7594373338744305,6.032838980143353,0.7265983537310775,-36.39514616033709,0,-62.79029232067418,test,-1,4.0,6.5
2.521171009600089,4.628136428975649,-2.1069654193755603,-21.419646805211475,0,-32.83929361042295,test,-1,4.0,6.5
6.702504194398596,5.602828913975229,1.0996752804233665,-31.39169183927685,0,-52.7833836785537,test,-1,4.0,6.5
5.462923852090822,4.414450894393053,1.0484729576977687,-19.48737669900763,0,-28.97475339801526,test,-1,4.0,6.5
5.952800518181453,4.633306739824908,1.3194937783565446,-21.46753134530692,0,-32.93506269061384,test,-1,4.0,6.5
8.39095090815102,6.328388751951606,2.0625621561994127,-40.04850419582761,0,-70.09700839165522,test,-1,4.0,6.5
4.800834260677536,6.243329007570772,-1.442494746893236,-38.979157096774635,0,-67.95831419354927,test,-1,4.0,6.5
2.5033948064955918,5.857265815568547,-3.353871009072955,-34.30756283422787,0,-58.61512566845575,test,-1,4.0,6.5
6.61560778478989,5.183758408504975,1.4318493762849152,-26.87135123774603,0,-43.74270247549206,test,-1,4.0,6.5
7.271783994691537,6.201375754569329,1.070408240122208,-38.45706124936032,0,-66.91412249872064,test,-1,4.0,6.5
4.681365565056949,4.426747009303791,0.2546185557531578,-19.59608908438006,1,-9.596089084380061,test,-1,4.0,6.5
3.9871500360972663,5.269669315061474,-1.2825192789642081,-27.769414690100465,1,-17.769414690100465,test,-1,4.0,6.5
7.830735410241809,5.497951618200688,2.332783792041121,-30.227471996075558,0,-50.454943992151115,test,-1,4.0,6.5
3.8602085854622072,4.093109910403643,-0.23290132494143614,-16.753548738644522,0,-23.507097477289044,test,-1,4.0,6.5
8.800101367458767,6.038845663471808,2.7612557039869587,-36.467656947232264,0,-62.93531389446453,test,-1,4.0,6.5
5.321898434934368,4.703975673988555,0.6179227609458121,-22.127387141476085,0,-34.25477428295217,test,-1,4.0,6.5
7.872458692698126,6.313252732704418,1.5592059599937083,-39.8571600669998,0,-69.7143201339996,test,-1,4.0,6.5
3.3470109414144003,6.3326031033100705,-2.9855921618956702,-40.101862064052334,0,-70.20372412810467,test,-1,4.0,6.5
6.843761855650993,5.969543761269495,0.8742180943814982,-35.63545271771155,1,-25.63545271771155,test,-1,4.0,6.5
5.327409794505008,6.06727577905682,-0.7398659845518126,-36.81183537912955,0,-63.623670758259095,test,-1,4.0,6.5
3.2946278538252383,4.757657379473474,-1.4630295256482355,-22.635303740458404,0,-35.27060748091681,test,-1,4.0,6.5
4.1223057587391585,4.396375588647617,-0.2740698299084581,-19.328118316456678,1,-9.328118316456678,test,-1,4.0,6.5
8.478503307846271,4.9161242739033195,3.562379033942952,-24.168277876461442,1,-14.168277876461442,test,-1,4.0,6.5
4.381248223162472,4.983138731837698,-0.6018905086752261,-24.831671620741023,1,-14.831671620741023,test,-1,4.0,6.5
4.297279249152217,6.33958381080922,-2.0423045616570032,-40.19032289427435,1,-30.190322894274352,test,-1,4.0,6.5
7.598528387214704,6.074700746500952,1.5238276407137519,-36.90198915953922,1,-26.90198915953922,test,-1,4.0,6.5
5.131804471809264,6.1012249688791504,-0.9694204970698856,-37.22494612087439,0,-64.44989224174878,test,-1,4.0,6.5
5.737524892115425,5.733487845478034,0.004037046637391454,-32.87288287424435,0,-55.745765748488694,test,-1,4.0,6.5
8.132211533349794,5.994794182591187,2.1374173507586076,-35.93755729162914,0,-61.87511458325828,test,-1,4.0,6.5
6.578886703946676,5.161423479206272,1.4174632247404042,-26.64029233170178,1,-16.64029233170178,test,-1,4.0,6.5
7.215615891147308,6.249780520263843,0.9658353708834644,-39.05975655146939,1,-29.05975655146939,test,-1,4.0,6.5
7.91269494703632,6.425875809079907,1.4868191379564135,-41.29187991371835,1,-31.291879913718347,test,-1,4.0,6.5
5.067137976274069,5.027974587452112,0.03916338882195692,-25.28052845206424,0,-40.56105690412848,test,-1,4.0,6.5
4.850892785889381,6.263974568490026,-1.413081782600645,-39.23737739468981,1,-29.23737739468981,test,-1,4.0,6.5
5.72120825295114,5.781455514615171,-0.060247261664031555,-33.42522786747417,0,-56.85045573494834,test,-1,4.0,6.5
5.135844162384556,5.604992551249492,-0.4691483888649356,-31.415941499562283,0,-52.831882999124566,test,-1,4.0,6.5
5.3973464494523595,5.314527735009879,0.08281871444248116,-28.244205046189233,1,-18.244205046189233,test,-1,4.0,6.5
6.331593162420019,6.360535483784507,-0.028942321364488464,-40.45641164048182,0,-70.91282328096364,test,-1,4.0,6.5
5.58488349415941,4.906331373302497,0.6785521208569131,-24.07208754465237,0,-38.14417508930474,test,-1,4.0,6.5
5.602803408191939,4.349726337840479,1.25307707035146,-18.920119214103142,0,-27.840238428206284,test,-1,4.0,6.5
3.518009175576307,4.150710762333737,-0.6327015867574296,-17.22839983255311,0,-24.456799665106217,test,-1,4.0,6.5
5.73347343882672,6.020274047769517,-0.2868006089427972,-36.24369961024716,1,-26.243699610247162,test,-1,4.0,6.5
5.788537208595318,5.344587985460397,0.4439492231349209,-28.56462073432762,1,-18.56462073432762,test,-1,4.0,6.5
6.132473095850317,4.598256572899317,1.5342165229509999,-21.143963510211776,1,-11.143963510211776,test,-1,4.0,6.5
4.496335423931112,4.855457712145877,-0.35912228821476494,-23.57546959443687,1,-13.575469594436871,test,-1,4.0,6.5
3.2853990733482306,5.644139181568283,-2.3587401082200525,-31.85630710091429,0,-53.71261420182858,test,-1,4.0,6.5
7.1175698954120925,5.871529451475434,1.2460404439366584,-34.474858099543404,0,-58.94971619908681,test,-1,4.0,6.5
2.6729995057347162,4.213398970814723,-1.5403994650800066,-17.75273088726256,0,-25.505461774525124,test,-1,4.0,6.5
5.122770182370479,5.5555771278152095,-0.4328069454447309,-30.864437223103494,1,-20.864437223103494,test,-1,4.0,6.5
4.971432645205738,5.510272987118351,-0.5388403419126137,-30.363108392566197,1,-20.363108392566197,test,-1,4.0,6.5
6.78288776721823,5.9879777023299905,0.7949100648882395,-35.855876963601155,1,-25.855876963601155,test,-1,4.0,6.5
2.4164811547451195,4.560753128203328,-2.1442719734582085,-20.800469096416442,0,-31.600938192832885,test,-1,4.0,6.5
6.098312836270018,4.403877383249579,1.6944354530204386,-19.39413600669716,0,-28.78827201339432,test,-1,4.0,6.5
5.45904617981999,5.8764183182104475,-0.41737213839045767,-34.532292250599305,1,-24.532292250599305,test,-1,4.0,6.5
6.5074876745214425,4.96968931829131,1.5377983562301323,-24.69781192033875,0,-39.3956238406775,test,-1,4.0,6.5
4.043246548061764,4.3038474548355685,-0.26060090677380465,-18.5231029144946,0,-27.0462058289892,test,-1,4.0,6.5
8.743827703417084,5.094246541834939,3.649581161582146,-25.951347828997232,0,-41.902695657994464,test,-1,4.0,6.5
6.304915628739266,5.995576160951109,0.3093394677881575,-35.94693350176524,0,-61.893867003530474,test,-1,4.0,6.5
4.612565069642105,4.864564593914241,-0.2519995242721356,-23.663988688364025,0,-37.32797737672805,test,-1,4.0,6.5
3.780589228396759,4.4971699410755654,-0.7165807126788065,-20.224537478913604,0,-30.449074957827207,test,-1,4.0,6.5
3.048980814449312,5.914050007806562,-2.8650691933572503,-34.975987494836794,1,-24.975987494836794,test,-1,4.0,6.5
6.3672540362213255,4.164168381624169,2.203085654597156,-17.34029831051845,0,-24.680596621036898,test,-1,4.0,6.5
2.6113695738695943,4.238964592284401,-1.627595018414807,-17.96882081464086,1,-7.968820814640861,test,-1,4.0,6.5
4.472753672558515,4.068747886794352,0.4040057857641629,-16.554709366293505,0,-23.10941873258701,test,-1,4.0,6.5
7.184927394822179,6.004220293103558,1.1807071017186201,-36.05066132811658,0,-62.101322656233165,test,-1,4.0,6.5
5.92687717972669,4.88356545912721,1.0433117205994793,-23.849211593580357,1,-13.849211593580357,test,-1,4.0,6.5
4.60029934706949,4.515719975928204,0.08457937114128615,-20.391726900997018,0,-30.783453801994035,test,-1,4.0,6.5
3.2773977077998664,4.006385491197665,-0.7289877833977981,-16.051124704079154,0,-22.102249408158308,test,-1,4.0,6.5
5.544957887509969,4.669658209485872,0.8752996780240963,-21.805707793418804,1,-11.805707793418804,test,-1,4.0,6.5
4.373591653083521,4.355929464433456,0.017662188650065188,-18.974121499119533,0,-27.948242998239067,test,-1,4.0,6.5
4.3574013060370005,6.186468660120216,-1.8290673540832152,-38.27239448264962,1,-28.272394482649617,test,-1,4.0,6.5
3.1895305202472786,4.279464381221934,-1.0899338609746552,-18.31381539014723,1,-8.31381539014723,test,-1,4.0,6.5
6.801797496235368,5.913071820683114,0.8887256755522537,-34.96441835655671,1,-24.964418356556713,test,-1,4.0,6.5
6.5268185314629115,5.292254336206994,1.2345641952559183,-28.007955959101725,0,-46.01591191820345,test,-1,4.0,6.5
1.1908779595575534,4.098324960572318,-2.907447001014765,-16.796267482450094,0,-23.59253496490019,test,-1,4.0,6.5
4.972595725433614,4.497893688083036,0.47470203735057764,-20.23104762929722,1,-10.231047629297219,test,-1,4.0,6.5
4.645607609425951,4.857399343210256,-0.2117917337843049,-23.594328379419423,1,-13.594328379419423,test,-1,4.0,6.5
6.1410306822503316,4.9117949062674455,1.229235775982886,-24.125729201234822,0,-38.251458402469645,test,-1,4.0,6.5
4.940856817537403,4.742677888196085,0.1981789293413185,-22.492993551184078,0,-34.985987102368156,test,-1,4.0,6.5
5.411344370697266,5.605172225984706,-0.19382785528743998,-31.417955682950346,1,-21.417955682950346,test,-1,4.0,6.5
5.485644316842121,4.230124477429948,1.2555198394121732,-17.89395309455199,0,-25.78790618910398,test,-1,4.0,6.5
5.681146659241049,4.207126931813191,1.4740197274278586,-17.699917020387872,1,-7.699917020387872,test,-1,4.0,6.5
6.891946444396197,5.347799651201467,1.5441467931947301,-28.598961109390533,0,-47.197922218781066,test,-1,4.0,6.5
