X_obs,X_true,x_noise,x_bias,a,y,split,domain_id,env_range_start,env_range_end
-4.490252788385994,-3.6663823962379407,-0.8238703921480534,1.0020621057516548,0,2.505155264379137,train,0,-4.0,-3.2
-3.2346447700208985,-3.4237404052462734,0.18909563522537506,0.5568382359905121,1,3.787401396890944,train,0,-4.0,-3.2
-3.492212111595104,-3.999908500146124,0.5076963885510201,1.513485367688312,1,1.3975167623503166,train,0,-4.0,-3.2
-4.27384350639372,-3.758133941894528,-0.5157095644991918,1.1564334396917144,0,2.891083599229286,train,0,-4.0,-3.2
-3.672267700147845,-3.8825952873463097,0.21032758719846442,1.350055972174048,0,3.37513993043512,train,0,-4.0,-3.2
-4.713499170927421,-3.926129124184962,-0.787370046742459,1.4129944198393234,1,1.7475880092806269,train,0,-4.0,-3.2
-3.874209136457494,-3.8509918308978635,-0.023217305559630672,1.3027560247462195,1,2.094317963952064,train,0,-4.0,-3.2
-4.693014831187539,-3.723551418365562,-0.9694634128219769,1.099322636002778,1,2.6543798637744414,train,0,-4.0,-3.2
-3.009735395674066,-3.682586020615464,0.6728506249413984,1.0299755147313034,1,2.825684922581262,train,0,-4.0,-3.2
-3.323606290035218,-3.5689466127973146,0.24534032276209666,0.8289283708339693,1,3.2752118501640926,train,0,-4.0,-3.2
-3.679414562002831,-3.664644388477364,-0.014770173525467013,0.9990523481157018,1,2.899235138179071,train,0,-4.0,-3.2
-3.9169213711840882,-3.4518243996825926,-0.46509697150149576,0.6105586556671055,1,3.6942456547899853,train,0,-4.0,-3.2
-3.07218464211952,-3.836438200214786,0.764253558095266,1.280533606813444,0,3.20133401703361,train,0,-4.0,-3.2
-2.1172450013344033,-3.297506050887244,1.1802610495528407,0.31056496365695896,1,4.168237169573821,train,0,-4.0,-3.2
-5.0928790441097105,-3.978089925441659,-1.1147891186680512,1.4846012317524797,1,1.5019207671159562,train,0,-4.0,-3.2
-2.721927573585586,-3.4636259918572785,0.7416984182716921,0.6329920514092824,1,3.6542255715421423,train,0,-4.0,-3.2
-2.689565706216955,-3.6661561581062987,0.9765904518893438,1.0016704938917638,1,2.893073442167778,train,0,-4.0,-3.2
-3.3502411192987136,-3.553048137243399,0.20280701794468545,0.7998875193313557,0,1.9997187983283893,train,0,-4.0,-3.2
-4.607251268524925,-3.887690449123813,-0.7195608194011115,1.3575567559588861,1,1.9263244697907547,train,0,-4.0,-3.2
-3.3235116182056843,-3.841518808732097,0.5180071905264129,1.2883224116375651,1,2.1372332007358943,train,0,-4.0,-3.2
-3.467956526306461,-3.3594043450595708,-0.10855218124689027,0.4321870751100898,0,1.0804676877752244,train,0,-4.0,-3.2
-3.5877431161004365,-3.225390739424482,-0.3623523766759544,0.16740009381061588,0,0.4185002345265397,train,0,-4.0,-3.2
-4.487295538872782,-3.7492606574726057,-0.738034881400177,1.1419089763059165,1,2.5445782734995275,train,0,-4.0,-3.2
-3.1158194098788194,-3.4461419074645487,0.33032249758572924,0.5997264038005633,0,1.4993160095014082,train,0,-4.0,-3.2
-2.823204558611561,-3.2988886781631694,0.4756841195516086,0.3132963782531934,1,4.164415082312464,train,0,-4.0,-3.2
-3.6584331070047975,-3.2843146691969225,-0.37411843780787496,0.2844759554979005,0,0.7111898887447512,train,0,-4.0,-3.2
-3.619618828660155,-3.9319646309041776,0.3123458022440225,1.4212300755141196,1,1.7202211084375987,train,0,-4.0,-3.2
-4.6553610071875795,-3.968756173413694,-0.6866048337738856,1.4720282668129514,1,1.5463682161303816,train,0,-4.0,-3.2
-3.383019045225538,-3.864135664348345,0.4811166191228068,1.3225887757619008,0,3.306471939404752,train,0,-4.0,-3.2
-3.2695456182019824,-3.29748599725647,0.027940379054487322,0.3105253428297064,0,0.776313357074266,train,0,-4.0,-3.2
-4.0332643960779695,-3.92132253293356,-0.11194186314440926,1.4061747222277636,1,1.7700849279201658,train,0,-4.0,-3.2
-3.7241614235134453,-3.6631138999959583,-0.06104752351748713,0.9963994584105358,1,2.9054663791215845,train,0,-4.0,-3.2
-2.7123566816760776,-3.2336883758795985,0.5213316942035208,0.18393118127348837,1,4.335864017107163,train,0,-4.0,-3.2
-3.1232207881025817,-3.5734677720215866,0.45024698391900486,0.8371489739768412,1,3.258097672265869,train,0,-4.0,-3.2
-3.128819114227996,-3.4464983088396215,0.3176791946116255,0.6004063668410168,1,3.7121386598789137,train,0,-4.0,-3.2
-3.664966769196718,-3.7475874951951496,0.08262072599843165,1.1391601079529232,1,2.5517761359559907,train,0,-4.0,-3.2
-3.4041065811071096,-3.450799257854733,0.04669267674762355,0.6086059262327007,1,3.697697779138312,train,0,-4.0,-3.2
-2.9612713052829873,-3.332299462482102,0.3710281571991147,0.3791058741388501,0,0.9477646853471253,train,0,-4.0,-3.2
-3.8458726426174037,-3.9853693781246466,0.13949673550724273,1.4943172531023816,0,3.735793132755954,train,0,-4.0,-3.2
-2.990353703925335,-3.3998845480440263,0.40953084411869106,0.5108589631632815,0,1.2771474079082037,train,0,-4.0,-3.2
-3.3949811929856404,-3.2089111288748042,-0.186070064110836,0.1345352828343013,0,0.33633820708575324,train,0,-4.0,-3.2
-4.862370134960412,-3.4014674764961286,-1.4609026584642832,0.5139191599790495,1,3.8591612947174037,train,0,-4.0,-3.2
-3.1523500452328275,-3.7756448063484758,0.6232947611156484,1.1848283260478412,0,2.9620708151196027,train,0,-4.0,-3.2
-2.056388749054255,-3.3685765372388095,1.3121877881845545,0.4500795998062511,0,1.1251989995156277,train,0,-4.0,-3.2
-3.652600528596737,-3.9174191947378865,0.26481866614114924,1.4006126692969654,1,1.7883241674530508,train,0,-4.0,-3.2
-3.701778319029376,-3.641685179059276,-0.060093139970099865,0.959013470580928,1,2.991990076765807,train,0,-4.0,-3.2
-3.3549904438631435,-3.2731235975255237,-0.08186684633761981,0.2623040315545191,1,4.234323319733587,train,0,-4.0,-3.2
-3.8365411939659424,-3.7651086813010566,-0.07143251266488593,1.1677863646856361,0,2.91946591171409,train,0,-4.0,-3.2
-3.7593340841509186,-3.769779729130921,0.010445644980002758,1.175357795484248,0,2.93839448871062,train,0,-4.0,-3.2
-4.569188379553511,-3.895977142305378,-0.673211237248133,1.3696805590411814,1,1.8880237160877031,train,0,-4.0,-3.2
-4.294763108455899,-3.9845064337037623,-0.31025667475213664,1.4931695921543335,1,1.4712891437819609,train,0,-4.0,-3.2
-4.055147670238245,-3.4569315736480872,-0.5982160965901576,0.6202773947835737,0,1.5506934869589342,train,0,-4.0,-3.2
-3.681418010367291,-3.830697507199953,0.14927949683266228,1.2716930984073533,0,3.1792327460183833,train,0,-4.0,-3.2
-3.965547363924737,-3.787562672502219,-0.17798469142251763,1.203946594869037,0,3.0098664871725926,train,0,-4.0,-3.2
-3.3096146781889533,-3.6067414725757296,0.29712679438677625,0.8971116281970298,1,3.1301193834948964,train,0,-4.0,-3.2
-4.062131859751836,-3.9573099639063356,-0.10482189584550057,1.4564347836239417,0,3.6410869590598542,train,0,-4.0,-3.2
-2.9489048029136447,-3.54070591560639,0.5918011126927452,0.7772028990932642,0,1.9430072477331606,train,0,-4.0,-3.2
-3.754496799274087,-3.882617140075352,0.12812034080126505,1.350088217394435,1,1.9497079799173187,train,0,-4.0,-3.2
-2.2141357330955325,-3.528555570477373,1.31441983738184,0.7547552807033059,0,1.8868882017582647,train,0,-4.0,-3.2
-4.5780098657179105,-3.440193311983255,-1.1378165537346554,0.5883661513254594,1,3.7331841476332963,train,0,-4.0,-3.2
-4.306282469890684,-3.918132456937739,-0.38815001295294493,1.4016306266014198,0,3.5040765665035494,train,0,-4.0,-3.2
-3.1278630747551186,-3.6687552097443454,0.5408921349892267,1.006166285665272,0,2.51541571416318,train,0,-4.0,-3.2
-1.9274844497339654,-3.444479873817804,1.5169954240838388,0.5965544758635188,1,3.7188921056548754,train,0,-4.0,-3.2
-3.817837451007754,-3.668656584378478,-0.14918086662927602,1.0059958091906747,1,2.8828676576279206,train,0,-4.0,-3.2
-3.9338358369360966,-3.9600372328431304,0.02620139590703352,1.4601676093848976,0,3.650419023462244,train,0,-4.0,-3.2
-3.7070714207757542,-3.571282875267591,-0.1357885455081634,0.8331784090936717,1,3.266376612057909,train,0,-4.0,-3.2
-2.6700900162716144,-3.468964283824169,0.7988742675525551,0.6431107257361238,1,3.6359555120010487,train,0,-4.0,-3.2
-3.760473428438965,-3.5880887103533534,-0.17238471808561132,0.8636155097314702,1,3.2022981404664987,train,0,-4.0,-3.2
-2.8362822912804866,-3.2443241952073496,0.4080419039268628,0.20510187221959536,1,4.309135699400415,train,0,-4.0,-3.2
-3.7226369269376085,-3.530755967598406,-0.19188095933920277,0.7588288473711279,1,3.4170713379779616,train,0,-4.0,-3.2
-4.04081372091729,-3.2772784677696936,-0.7635352531475965,0.2705397069724461,0,0.6763492674311153,train,0,-4.0,-3.2
-3.701891604404951,-3.89002023668301,0.1881286322780593,1.3609747957510117,1,1.9155695415661054,train,0,-4.0,-3.2
-3.5866680341381976,-3.888578922199393,0.30191088806119565,1.3588611082666753,0,3.397152770666688,train,0,-4.0,-3.2
-2.5781514395130243,-3.354086969032381,0.7759355295193571,0.42179753290538186,1,4.005402855022833,train,0,-4.0,-3.2
-3.7481267462619634,-3.6818585304115734,-0.0662682158503898,1.0287280366727591,0,2.571820091681898,train,0,-4.0,-3.2
-4.23813388053387,-3.867716642306454,-0.3704172382274166,1.3279526570093512,0,3.319881642523378,train,0,-4.0,-3.2
-2.920336477711757,-3.257993135683173,0.33765665797141575,0.2322756140335503,0,0.5806890350838757,train,0,-4.0,-3.2
-3.5773450568609557,-3.721787312203595,0.14444225534263933,1.0963735021358396,0,2.740933755339599,train,0,-4.0,-3.2
-3.230951271217492,-3.3993503174910757,0.16839904627358343,0.5098258725306125,0,1.2745646813265312,train,0,-4.0,-3.2
-3.463069233968006,-3.419201611719639,-0.04386762224836666,0.5481138739753474,1,3.8021782739617223,train,0,-4.0,-3.2
-2.5971519850390905,-3.2933551270353525,0.6962031419962618,0.3023611644785175,1,4.179663940564989,train,0,-4.0,-3.2
-3.279366604530079,-3.501062234355513,0.22169562982543423,0.7035555321331352,1,3.5239357714284916,train,0,-4.0,-3.2
-2.256450827773542,-3.3992460527781305,1.1427952250045887,0.5096242293101085,1,3.8662139640374167,train,0,-4.0,-3.2
-3.054247307281423,-3.720881326417726,0.6666340191363028,1.0948575991688754,0,2.7371439979221885,train,0,-4.0,-3.2
-3.388627808927853,-3.784057686587979,0.3954298776601261,1.198341634952649,1,2.3932988565638027,train,0,-4.0,-3.2
-4.2597540298129015,-3.283291025443147,-0.9764630043697544,0.2824493351174946,0,0.7061233377937365,train,0,-4.0,-3.2
-3.296135479925587,-3.6575270481029643,0.3613915681773774,0.9866956612959378,1,2.9281548498667256,train,0,-4.0,-3.2
-2.975958640093056,-3.2281279622812917,0.25216932218823573,0.17285469573915607,1,4.349642551816987,train,0,-4.0,-3.2
-2.9826757980631085,-3.469246801745242,0.4865710036821334,0.6436457272927294,0,1.6091143182318235,train,0,-4.0,-3.2
-2.8759781670083475,-3.5026434238327027,0.6266652568243553,0.7065149023014313,0,1.7662872557535783,train,0,-4.0,-3.2
-4.148730136710656,-3.9082032216373,-0.24052691507335597,1.387395870480357,0,3.4684896762008925,train,0,-4.0,-3.2
-2.746005221964099,-3.2404085930343434,0.49440337107024457,0.19731040350864068,0,0.4932760087716017,train,0,-4.0,-3.2
-3.9774535518275016,-3.6400702932160476,-0.33738325861145385,0.9561779732993193,0,2.390444933248298,train,0,-4.0,-3.2
-2.364361463484874,-3.537288308490295,1.1729268450054207,0.7709003654567761,0,1.9272509136419402,train,0,-4.0,-3.2
-4.472661557701324,-3.6734905577909753,-0.7991709999103489,1.0143399098204793,0,2.535849774551198,train,0,-4.0,-3.2
-4.866791552044848,-3.810378415805578,-1.05641313623927,1.2400675672101578,1,2.2769351668390136,train,0,-4.0,-3.2
-4.267729143044657,-3.277296383550197,-0.9904327594944597,0.27057520915478306,0,0.6764380228869576,train,0,-4.0,-3.2
-4.07538976116,-3.5410564106621716,-0.5343333504978289,0.7778487477969951,1,3.3792925279006356,train,0,-4.0,-3.2
-4.669172977510909,-3.9977037383750726,-0.6714692391358368,1.5105991292483254,0,3.7764978231208133,train,0,-4.0,-3.2
-2.332636726881236,-3.506284069103421,1.1736473422221851,0.7133220427706017,0,1.7833051069265045,train,0,-4.0,-3.2
-3.9345837774292334,-3.738684078582323,-0.19589969884691052,1.1244790757109944,0,2.8111976892774857,train,0,-4.0,-3.2
-4.383958991820374,-3.5783535181939126,-0.8056054736264615,0.8460132451555313,0,2.1150331128888284,train,0,-4.0,-3.2
-2.6226165344835053,-3.2912463205513807,0.6686297860678752,0.29819135885286624,1,4.185441543232609,train,0,-4.0,-3.2
-4.066098555290956,-3.714184191998,-0.3519143632929555,1.083624105804305,0,2.7090602645107627,train,0,-4.0,-3.2
-4.0152839051889995,-3.2731718792641606,-0.7421120259248384,0.2623997606367003,1,4.234194931612271,train,0,-4.0,-3.2
-2.975808550776978,-3.5013119073665577,0.5255033565895797,0.7040229397942057,0,1.7600573494855143,train,0,-4.0,-3.2
-3.613325699775935,-3.987343005722755,0.37401730594681964,1.496937867494684,1,1.4577283136543773,train,0,-4.0,-3.2
-3.5174242227781276,-3.256450213004991,-0.2609740097731366,0.22921037499211797,0,0.573025937480295,train,0,-4.0,-3.2
-2.602758465841724,-3.447282465986461,0.8445240001447372,0.601902158327127,1,3.7095108819069154,train,0,-4.0,-3.2
-3.1246807718123804,-3.2021417196388158,0.07746094782643527,0.12102415087944095,0,0.30256037719860235,train,0,-4.0,-3.2
-2.8919578340093572,-3.8621275933237373,0.9701697593143801,1.3195734967281776,1,2.043630058052723,train,0,-4.0,-3.2
-3.5886468710969552,-3.890291400296898,0.30164452919994256,1.3613721412924915,0,3.403430353231229,train,0,-4.0,-3.2
-2.3186403051983535,-3.253923629570269,0.9352833243719155,0.22418977658355824,1,4.284593266386843,train,0,-4.0,-3.2
-3.376903852952823,-3.44254547080808,0.0656416178552569,0.5928606668682618,1,3.7253501725469333,train,0,-4.0,-3.2
-4.679046500009769,-3.94719986182235,-0.7318466381874195,1.4425027458708637,1,1.6484983742197576,train,0,-4.0,-3.2
-1.9260083684811888,-3.395629557918027,1.469621189436838,0.5026266789222553,1,3.877654934976387,train,0,-4.0,-3.2
-3.7243635500205436,-3.396899049231003,-0.32746450078954065,0.5050837692110266,0,1.2627094230275664,train,0,-4.0,-3.2
-3.3808830892961512,-3.2615803715628133,-0.11930271773333803,0.23940002715487807,0,0.5985000678871952,train,0,-4.0,-3.2
-3.8510192960499756,-3.4307801930972226,-0.4202391029527528,0.5703471910439883,0,1.425867977609971,train,0,-4.0,-3.2
-4.022619899801003,-3.900583230422268,-0.12203666937873506,1.3763788559796093,1,1.8666783381778997,train,0,-4.0,-3.2
-3.8384942282790866,-3.9840958929281634,0.14560166464907676,1.492623208771279,1,1.4732508423587927,train,0,-4.0,-3.2
-3.857933103173422,-3.9790312104978245,0.12109810732440242,1.485862021998038,1,1.4974310278273517,train,0,-4.0,-3.2
-3.580742637024149,-3.9773548095833644,0.3966121725592157,1.483615676937538,1,1.5054261957971604,train,0,-4.0,-3.2
-2.727736220532223,-3.803031145917563,1.07529492538534,1.2285052299929802,1,2.309579551551969,train,0,-4.0,-3.2
-3.3842563841267945,-3.31197764105369,-0.07227874307310446,0.33912354859956084,1,4.127839023684892,train,0,-4.0,-3.2
-4.308807589794534,-3.568935148526678,-0.739872441267856,0.8289075043022877,0,2.072268760755719,train,0,-4.0,-3.2
-4.267133292957167,-3.5577424170513874,-0.7093908759057802,0.8084836619251441,0,2.02120915481286,train,0,-4.0,-3.2
-3.7258279970317916,-3.3263752861123157,-0.39945271091947593,0.36746574162158613,0,0.9186643540539653,train,0,-4.0,-3.2
-4.90517883247543,-3.9006613479040713,-1.0045174845713591,1.3764922050978396,0,3.4412305127445992,train,0,-4.0,-3.2
-3.2816351621276967,-3.7766530567910883,0.4950178946633915,1.186452284362809,1,2.425739291441749,train,0,-4.0,-3.2
-3.8303207210120167,-3.53139258283337,-0.29892813817864683,0.7600067205200361,0,1.9000168013000904,train,0,-4.0,-3.2
-3.410914388325971,-3.2243234013442605,-0.18659098698171053,0.16527281329244572,0,0.4131820332311143,train,0,-4.0,-3.2
-3.552310714298234,-3.551175824595432,-0.0011348897028022208,0.7964540216334823,1,3.34182851281754,train,0,-4.0,-3.2
-4.823054423258905,-3.9850821685016458,-0.8379722547572591,1.4939354061584615,0,3.734838515396154,train,0,-4.0,-3.2
-3.876283678321132,-3.359493861855507,-0.5167898164656252,0.4323618768836541,1,3.989162731041894,train,0,-4.0,-3.2
-3.4087936655144,-3.8136205809271835,0.4048269154127834,1.2451484848645542,0,3.1128712121613855,train,0,-4.0,-3.2
-2.983192365033201,-3.3543158435049767,0.37112347847177596,0.42224497506768255,1,4.004717778570452,train,0,-4.0,-3.2
-3.9556146431690453,-3.6897114847486625,-0.2659031584203827,1.0421651249356556,0,2.605412812339139,train,0,-4.0,-3.2
-2.222845567877183,-3.309166516352457,1.0863209484752738,0.33358137918764197,1,4.135754332850547,train,0,-4.0,-3.2
-4.185738839344895,-3.4023026858102523,-0.7834361535346425,0.5155333101069458,0,1.2888332752673646,train,0,-4.0,-3.2
-3.7620001389006523,-3.555007812807665,-0.2069923260929875,0.8034782219551689,0,2.008695554887922,train,0,-4.0,-3.2
-4.029339665352734,-3.890835819471452,-0.13850384588128156,1.3621695955112323,1,1.9118021312703168,train,0,-4.0,-3.2
-5.627916848478154,-3.9520658483902307,-1.675851000087924,1.449226720685156,1,1.6255094027342105,train,0,-4.0,-3.2
-2.7404079472377623,-3.90292523540741,1.1625172881696477,1.379773472857879,0,3.4494336821446976,train,0,-4.0,-3.2
-3.7445592884401555,-3.9643584971641905,0.21979920872403494,1.46605989574511,1,1.567263554526728,train,0,-4.0,-3.2
-4.540758325859801,-3.914004696715126,-0.6267536291446749,1.3957296868075404,1,1.8042568569280442,train,0,-4.0,-3.2
-2.58872846339925,-3.8194325291137163,1.2307040657144666,1.2542238088923012,0,3.135559522230753,train,0,-4.0,-3.2
-3.0782116155904293,-3.4296088156938587,0.35139720010342945,0.5681013262790918,1,3.768180096459903,train,0,-4.0,-3.2
-3.2945107303435073,-3.552226414356686,0.2577156840131787,0.7983809661805193,0,1.9959524154512984,train,0,-4.0,-3.2
-4.354154254792735,-3.9899552158727074,-0.36419903892002764,1.5003974343207178,1,1.4452297159808185,train,0,-4.0,-3.2
-2.1857181094694083,-2.851204078286397,0.6654859688169887,-0.5726491068240954,0,-1.4316227670602386,train,1,-3.2,-2.4
-4.238209651503141,-3.179259014537687,-1.0589506369654533,0.07531491004990035,1,4.464907186414182,train,1,-3.2,-2.4
-2.828922795915105,-2.7602700176970325,-0.06865277821807242,-0.7442968595929738,0,-1.8607421489824345,train,1,-3.2,-2.4
-3.150646602258434,-2.8517420859053786,-0.29890451635305526,-0.5716180586229922,1,4.951530293438861,train,1,-3.2,-2.4
-3.500185180128268,-2.863705758330009,-0.6364794217982592,-0.5486484445602838,1,4.942867219694296,train,1,-3.2,-2.4
-2.5807322307602933,-2.935732143196901,0.3549999124366074,-0.4088191531694942,0,-1.0220478829237354,train,1,-3.2,-2.4
-3.1462350370374748,-3.036281092769726,-0.10995394426774881,-0.21023401731089403,1,4.740019515056823,train,1,-3.2,-2.4
-2.0926703892979264,-2.704583226919469,0.6119128376215424,-0.8464636764111808,1,4.9998476763055235,train,1,-3.2,-2.4
-3.8497555477539844,-2.9602762610603817,-0.8894792866936025,-0.36064908483975006,1,4.847164770188741,train,1,-3.2,-2.4
-2.478751044812459,-2.986538179917707,0.5077871351052479,-0.3088678393564189,1,4.8132794076495715,train,1,-3.2,-2.4
-2.4043288447644717,-2.703092933784564,0.29876408902009244,-0.8491632104256972,0,-2.122908026064243,train,1,-3.2,-2.4
-2.700783819394465,-2.776686324578369,0.07590250518390373,-0.7137235852297944,0,-1.784308963074486,train,1,-3.2,-2.4
-3.9436223744131738,-3.0923360437240532,-0.8512863306891205,-0.09847338887785903,1,4.643421347831599,train,1,-3.2,-2.4
-2.9402019740092973,-2.789137502987403,-0.15106447102189444,-0.6904061463344031,0,-1.7260153658360078,train,1,-3.2,-2.4
-3.9804528742411174,-3.052448107482468,-0.9280047667586497,-0.1780530495458608,0,-0.44513262386465197,train,1,-3.2,-2.4
-3.8213230431936305,-2.5717318817466612,-1.2495911614469695,-1.079029654366135,1,4.950620444258081,train,1,-3.2,-2.4
-0.5489725252215696,-2.516819765888409,1.9678472406668395,-1.169826156308449,1,4.904686079513488,train,1,-3.2,-2.4
-2.222093738070294,-2.804610530094458,0.582516792024164,-0.6612809213518811,0,-1.6532023033797028,train,1,-3.2,-2.4
-1.4471951002750554,-2.5227508117140256,1.0755557114389702,-1.1601843422426685,0,-2.9004608556066716,train,1,-3.2,-2.4
-3.3936916094986582,-3.1362836183927514,-0.2574079911059069,-0.010618020514255746,1,4.557469700084474,train,1,-3.2,-2.4
-2.3780843401357785,-2.7958031279026367,0.41771878776685833,-0.6778791500128072,0,-1.694697875032018,train,1,-3.2,-2.4
-2.72932103312434,-3.1477707964904975,0.4184497633661577,0.012356207196120335,1,4.53354537460744,train,1,-3.2,-2.4
-2.496592649721769,-2.8575021379220886,0.3609094882003198,-0.5605690757937694,0,-1.4014226894844235,train,1,-3.2,-2.4
-3.1205795730428285,-3.12277526747151,0.0021956944286816243,-0.037632551234587884,1,4.5848338837950635,train,1,-3.2,-2.4
-3.235220557555399,-3.0982720226389784,-0.13694853491642056,-0.08661416483284738,1,4.632332183938618,train,1,-3.2,-2.4
-3.9643711104163932,-2.722603752817123,-1.2417673575992703,-0.8136740425273816,0,-2.034185106318454,train,1,-3.2,-2.4
-2.653103947672617,-3.0191903995166114,0.3660864518439944,-0.24419367633099343,1,4.766522256600739,train,1,-3.2,-2.4
-2.86034531228629,-3.1144434525520137,0.25409814026572364,-0.05429173195167494,1,4.601295007939033,train,1,-3.2,-2.4
-2.353022994273047,-3.0237550343435524,0.670732040070505,-0.23513019759032222,0,-0.5878254939758055,train,1,-3.2,-2.4
-3.084684225315476,-2.9201389719973605,-0.16454525331811554,-0.4392960723182248,0,-1.098240180795562,train,1,-3.2,-2.4
-1.7806826992508193,-2.82577001233416,1.0450873130833405,-0.6211970612680044,0,-1.5529926531700111,train,1,-3.2,-2.4
-3.3071059447036153,-3.038605418988028,-0.26850052571558747,-0.20561055532541428,0,-0.5140263883135356,train,1,-3.2,-2.4
-3.4409309508355834,-2.6876746198280683,-0.753256331007515,-0.8769803373227378,1,4.998473078678314,train,1,-3.2,-2.4
-2.2506459287941123,-2.813544131558599,0.5628982027644865,-0.6443924635096719,1,4.974440893806756,train,1,-3.2,-2.4
-3.0768183797201,-2.795810623985161,-0.28100775573493914,-0.6778650452427831,0,-1.6946626131069578,train,1,-3.2,-2.4
-3.6433180633728655,-2.8904858791051526,-0.7528321842677128,-0.4969523501061922,0,-1.2423808752654806,train,1,-3.2,-2.4
-2.4901958486152314,-2.565090036446738,0.07489418783150674,-1.0901903219964646,0,-2.7254758049911616,train,1,-3.2,-2.4
-2.282095371066223,-2.7359966568977545,0.45390128583153155,-0.7891329446932024,1,4.998606758732985,train,1,-3.2,-2.4
-2.9252973438931336,-3.070161121198149,0.1448637773050154,-0.1427416035051446,0,-0.35685400876286144,train,1,-3.2,-2.4
-2.340942733359433,-2.639398122714275,0.29845538935484234,-0.9627005292764621,0,-2.4067513231911555,train,1,-3.2,-2.4
0.03685643835452446,-2.428359135928596,2.4652155742831203,-1.3085650712049033,1,4.799669837285528,train,1,-3.2,-2.4
-2.3073207846766794,-2.7999933110638264,0.492672526387147,-0.6699889052270178,0,-1.6749722630675445,train,1,-3.2,-2.4
-1.5693277590529102,-2.488383948843084,0.9190561897901737,-1.2154753675674685,0,-3.0386884189186714,train,1,-3.2,-2.4
-4.118216542138699,-2.926709077863112,-1.191507464275587,-0.4264673661767464,1,4.885606119189907,train,1,-3.2,-2.4
-2.527252588033328,-2.7462846978978326,0.2190321098645044,-0.7701848252048744,0,-1.9254620630121861,train,1,-3.2,-2.4
-2.3935140093202927,-2.857963229363112,0.46444922004281936,-0.559683797242748,1,4.947113840480701,train,1,-3.2,-2.4
-3.069289644546156,-2.8506021895785607,-0.2186874549675952,-0.5738023815201352,1,4.952318748711542,train,1,-3.2,-2.4
-3.104340338601557,-2.57875265200232,-0.525587686599237,-1.0671805167558357,0,-2.6679512918895893,train,1,-3.2,-2.4
-2.53360456598985,-2.771516661201875,0.23791209521202508,-0.7233725614041432,0,-1.808431403510358,train,1,-3.2,-2.4
-2.625776679837665,-2.4370062184441066,-0.18877046139355852,-1.2954375967112357,0,-3.2385939917780893,train,1,-3.2,-2.4
-3.1208868216110823,-2.764633471881518,-0.35625334972956424,-0.7361897169666619,1,4.993177834733281,train,1,-3.2,-2.4
-2.4446237215491906,-3.13432406217998,0.6897003406307896,-0.014537054814203611,0,-0.03634263703550903,train,1,-3.2,-2.4
-2.1055863776555506,-2.9069260786599838,0.8013397010044331,-0.46503742382612484,0,-1.162593559565312,train,1,-3.2,-2.4
-2.337741995089539,-2.5193195967963984,0.1815776017068594,-1.165767299714539,0,-2.9144182492863475,train,1,-3.2,-2.4
-3.1475166783913053,-2.8749799655616393,-0.27253671282966613,-0.5269306400305428,0,-1.317326600076357,train,1,-3.2,-2.4
-2.8696156768048513,-3.1782381072841206,0.3086224304792691,0.07327450489443105,1,4.467202377797133,train,1,-3.2,-2.4
-2.504583150434081,-3.0022582088021172,0.49767505836803627,-0.2777680807380341,1,4.791406308720222,train,1,-3.2,-2.4
-2.7679113230441645,-3.1462845034104365,0.37837318036627215,0.00938366521338325,0,0.023459163033458123,train,1,-3.2,-2.4
-3.2769370006570546,-2.4049183908629814,-0.8720186097940732,-1.3436564695155773,0,-3.3591411737889434,train,1,-3.2,-2.4
-2.6263464157119976,-2.423535749298261,-0.2028106664137367,-1.3158451952238832,1,4.792855832401194,train,1,-3.2,-2.4
-2.3443133200176476,-2.5597933190939304,0.21547999907628274,-1.099056249876098,1,4.9418992834803905,train,1,-3.2,-2.4
-2.3452140541948667,-2.7185463028756263,0.37333224868075976,-0.8210802916882561,1,4.999905218748808,train,1,-3.2,-2.4
-2.011562944732718,-2.588032111638655,0.5764691669059369,-1.0514387173454924,1,4.961388221230577,train,1,-3.2,-2.4
-2.609597434432596,-3.0646196427326577,0.4550222083000618,-0.15379404903786087,1,4.693027435817053,train,1,-3.2,-2.4
-3.6461725043628195,-2.9655814145444483,-0.680591089818371,-0.3502076846542799,0,-0.8755192116356998,train,1,-3.2,-2.4
-3.2051990322979806,-2.7807464997597084,-0.42445253253827203,-0.7061320395050331,0,-1.7653300987625828,train,1,-3.2,-2.4
-3.6475580741592544,-2.914700575101793,-0.7328574990574612,-0.4499006972711376,1,4.89802358398819,train,1,-3.2,-2.4
-2.080770842855845,-3.1634568278036803,1.0826859849478356,0.04372486451236035,0,0.10931216128090088,train,1,-3.2,-2.4
-2.3052313595673017,-2.4134772437142296,0.1082458841469278,-1.330928206523908,0,-3.3273205163097703,train,1,-3.2,-2.4
-2.5150175000214356,-2.846916064516123,0.33189856449468724,-0.5808607893139236,1,4.954824351443775,train,1,-3.2,-2.4
-2.176982208940105,-2.7967996484966777,0.6198174395565728,-0.6760037443563213,0,-1.6900093608908031,train,1,-3.2,-2.4
-3.1385684067926647,-2.941166945972241,-0.19740146082042376,-0.39817306917646794,1,4.869721321469896,train,1,-3.2,-2.4
-3.6828059642869797,-2.9922041978022906,-0.6906017664846891,-0.29766685467436954,0,-0.7441671366859238,train,1,-3.2,-2.4
-3.146401574256552,-2.89048809174339,-0.2559134825131618,-0.49694806361398636,1,4.920911151834484,train,1,-3.2,-2.4
-2.6232747949987805,-2.534386480292399,-0.08888831470638106,-1.1411505456255102,1,4.9209967066814855,train,1,-3.2,-2.4
-1.709740205816363,-2.6106023549703097,0.9008621491539467,-1.0127750596598666,1,4.97412106206098,train,1,-3.2,-2.4
-2.374872627919723,-2.8966315464466903,0.521758918526967,-0.48503718638595794,0,-1.2125929659648949,train,1,-3.2,-2.4
-3.8418404755498243,-3.1895861306443596,-0.6522543449054649,0.09595010937957203,1,4.441428673139444,train,1,-3.2,-2.4
-2.163543200736547,-2.562076048773925,0.398532848037378,-1.0952390615246448,1,4.943621328040038,train,1,-3.2,-2.4
-2.5435581612783884,-2.9844889619229593,0.4409308006445711,-0.3129164555524803,0,-0.7822911388812008,train,1,-3.2,-2.4
-3.3706715355352754,-2.7338520891767724,-0.6368194463585028,-0.7930722737264139,1,4.99884838161266,train,1,-3.2,-2.4
-3.2446693408716363,-3.179559246520246,-0.06511009435139069,0.07591494470639643,1,4.464231322883576,train,1,-3.2,-2.4
-3.780480768860225,-2.6702383845853395,-1.1102423842748859,-0.9081865860026039,0,-2.2704664650065096,train,1,-3.2,-2.4
-2.6916884209020226,-2.8899812593013747,0.1982928383993521,-0.49792987463544613,1,4.921359469605601,train,1,-3.2,-2.4
-2.9917568871940543,-2.80234096101239,-0.18941592618166417,-0.6655630570447457,1,4.979785238876222,train,1,-3.2,-2.4
-3.6780765916995772,-2.8680753301002504,-0.8100012615993266,-0.5402393475411119,1,4.939526696655525,train,1,-3.2,-2.4
-3.3382050775084235,-2.919302478958688,-0.41890259854973566,-0.4409280488243516,0,-1.102320122060879,train,1,-3.2,-2.4
-2.6152469567767325,-2.7592176757404645,0.14397071896373184,-0.7462499583737708,1,4.9945186850148655,train,1,-3.2,-2.4
-2.7534411118380735,-2.42167144810014,-0.3317696637379333,-1.3186508635206227,1,4.790192244498985,train,1,-3.2,-2.4
-2.930062939901448,-3.109779027809543,0.17971608790809498,-0.06361651917479161,1,4.610371095951531,train,1,-3.2,-2.4
-2.61779495989371,-2.9493931772562294,0.33159821736251943,-0.3820366629776505,1,4.860228626311528,train,1,-3.2,-2.4
-3.67082763964265,-3.166561832147752,-0.504265807494898,0.04993316818400382,1,4.493121106658407,train,1,-3.2,-2.4
-2.796642594898466,-2.6092801931032796,-0.18736240179518623,-1.0150543900444138,1,4.973444983939855,train,1,-3.2,-2.4
-1.3871832364061425,-2.6739900898727647,1.2868068534666222,-0.9014950154740112,0,-2.2537375386850282,train,1,-3.2,-2.4
-2.95562805393304,-3.028291402880037,0.07266334894699719,-0.2261179899109383,1,4.752582032253344,train,1,-3.2,-2.4
-3.3746944990088665,-2.8665972478437305,-0.508097251165136,-0.5430850306549871,1,4.940667244234961,train,1,-3.2,-2.4
-2.6486489832796964,-2.684926452681444,0.03627746940174725,-0.8819167728626501,0,-2.2047919321566254,train,1,-3.2,-2.4
-3.4739682665487606,-2.6708149386276467,-0.8031533279211138,-0.9071590686893686,1,4.99567961996282,train,1,-3.2,-2.4
-2.3839706476529745,-3.0636182932129836,0.6796476455600091,-0.15579074072739915,1,4.694752372427033,train,1,-3.2,-2.4
-2.272495305752817,-2.494678211401161,0.22218290564834406,-1.205454332327571,0,-3.0136358308189277,train,1,-3.2,-2.4
-1.9261096297399671,-2.577593472153225,0.651483842413258,-1.0691405361123811,1,4.954644165484395,train,1,-3.2,-2.4
-2.5515289961982934,-3.0928366334626474,0.5413076372643539,-0.09747341139630585,0,-0.2436835284907646,train,1,-3.2,-2.4
-2.2706888289678795,-2.504866698854337,0.23417786988645722,-1.1891322949179197,0,-2.9728307372947995,train,1,-3.2,-2.4
-2.0156720500413776,-2.6009776973785166,0.585305647337139,-1.0293266953704894,1,4.969000899584448,train,1,-3.2,-2.4
-2.4461872887560685,-2.5611314767207354,0.11494418796466684,-1.0968192714523641,0,-2.7420481786309105,train,1,-3.2,-2.4
-3.162649222609427,-2.7653238155328776,-0.3973254070765493,-0.7349057948239723,0,-1.8372644870599308,train,1,-3.2,-2.4
-3.6374386588296486,-3.0233296679508306,-0.6141089908788179,-0.2359750093979369,0,-0.5899375234948422,train,1,-3.2,-2.4
-2.7341379767349405,-2.4652330827283193,-0.2689048940066211,-1.251916330565029,1,4.84806072109188,train,1,-3.2,-2.4
-4.2296072171115355,-2.726332337866899,-1.5032748792446369,-0.8068562717770025,1,4.999513964829852,train,1,-3.2,-2.4
-1.8274129981550815,-2.923009672435883,1.0955966742808014,-0.433693078739763,1,4.889506684661069,train,1,-3.2,-2.4
-4.017417623233604,-2.9889771765759843,-1.0284404466576198,-0.30404745283893486,0,-0.7601186320973372,train,1,-3.2,-2.4
-2.5148513566663153,-2.468867618267894,-0.045983738398421355,-1.246239240911514,0,-3.115598102278785,train,1,-3.2,-2.4
-3.6547519928069656,-2.8642116309545433,-0.7905403618524225,-0.5476754424704724,0,-1.369188606176181,train,1,-3.2,-2.4
-3.9832029425670474,-2.7678467874662953,-1.2153561551007521,-0.7302105204296334,1,4.992313049532393,train,1,-3.2,-2.4
-2.7625934987758387,-2.7132462737559604,-0.049347225019878184,-0.8307342981242967,0,-2.0768357453107416,train,1,-3.2,-2.4
-2.721800088162468,-2.539000137252674,-0.1827999509097942,-1.13356053908733,1,4.925028881079523,train,1,-3.2,-2.4
-2.7969839304231274,-2.7011494523502955,-0.09583447807283187,-0.8526808205567435,1,4.999684185848585,train,1,-3.2,-2.4
-2.7292623348388876,-3.058630270732459,0.32936793589357133,-0.16573449456637462,1,4.70327463718977,train,1,-3.2,-2.4
-3.098019408929771,-2.7269941178771635,-0.3710252910526073,-0.8056450227644931,0,-2.0141125569112326,train,1,-3.2,-2.4
-2.581310386979928,-2.8085870664041126,0.22727667942418472,-0.6537699464592409,1,4.97688265633045,train,1,-3.2,-2.4
-2.453722909342099,-2.7616737759276986,0.3079508665855998,-0.7416902654924287,1,4.993928751387365,train,1,-3.2,-2.4
-2.8412899794421924,-2.6403835041675614,-0.20090647527463115,-0.9609726326462649,0,-2.4024315816156623,train,1,-3.2,-2.4
-3.173462778694682,-3.0033510688766953,-0.17011170981798648,-0.2756033777223511,0,-0.6890084443058777,train,1,-3.2,-2.4
-2.7276437258564443,-3.050698283530816,0.3230545576743714,-0.1815385268739951,0,-0.45384631718498775,train,1,-3.2,-2.4
-3.0771829138504048,-3.1115334817630713,0.03435056791266635,-0.060109290702692664,1,4.606969018826287,train,1,-3.2,-2.4
-2.885299505981026,-2.9807525979711573,0.09545309199013173,-0.32029495225614235,1,4.82103040218005,train,1,-3.2,-2.4
-4.61644157892008,-3.1917999684803275,-1.4246416104397521,0.10037244799212217,0,0.25093111998030543,train,1,-3.2,-2.4
-2.6614002605679317,-2.6965122217363344,0.035111961168402823,-0.8610609551144462,1,4.999369834574448,train,1,-3.2,-2.4
-2.7379346092037817,-2.963862155824206,0.22592754662042464,-0.35359255765041026,1,4.8427345050858,train,1,-3.2,-2.4
-3.131458622820391,-3.050170764238482,-0.08128785858190928,-0.18258918489895143,1,4.717460459854463,train,1,-3.2,-2.4
-2.9222245211257416,-3.1237695581913574,0.20154503706561586,-0.0356443035824689,1,4.582848188929624,train,1,-3.2,-2.4
-1.8303698085196445,-2.9729953540277965,1.142625545508152,-0.33559940579442404,0,-0.8389985144860601,train,1,-3.2,-2.4
-2.976841832641854,-3.028060492695444,0.05121866005359015,-0.22657684318338978,1,4.752940594922331,train,1,-3.2,-2.4
-2.5723164461179424,-2.9715170128712782,0.399200566753336,-0.3385137978457229,1,4.833068883046735,train,1,-3.2,-2.4
-3.3328694156532963,-2.822872114024257,-0.5099973016290396,-0.6267035886227368,0,-1.566758971556842,train,1,-3.2,-2.4
-3.271807621142324,-2.7604025431292736,-0.5114050780130507,-0.7440508399404667,1,4.994237851566827,train,1,-3.2,-2.4
-2.811900574459829,-2.5239095075402385,-0.2879910669195906,-1.1582959305272793,1,4.911451324434639,train,1,-3.2,-2.4
-3.020981699058226,-2.4091922393726684,-0.6117894596855576,-1.3373128785378419,0,-3.343282196344605,train,1,-3.2,-2.4
-3.1654662140644967,-3.1609055310165193,-0.0045606830479773975,0.038623353745984426,1,4.505456803455447,train,1,-3.2,-2.4
-3.574603795701205,-3.014305398851069,-0.5602983968501362,-0.2538876282053507,1,4.773841973893208,train,1,-3.2,-2.4
-2.7903489644422677,-2.685350858201412,-0.10499810624085595,-0.8811548621677341,1,4.998172461212792,train,1,-3.2,-2.4
-3.9331128090251264,-3.070826749686659,-0.8622860593384677,-0.14141370990592264,1,4.682230075086301,train,1,-3.2,-2.4
-3.495203460049747,-2.5038832853047985,-0.9913201747449484,-1.1907131404959448,1,4.891706626583576,train,1,-3.2,-2.4
-3.4314751323564776,-3.0260780589559793,-0.40539707340049824,-0.23051573760693983,1,4.756008534350132,train,1,-3.2,-2.4
-3.2468362431632345,-2.6065959688932407,-0.6402402742699939,-1.019676374748683,1,4.97204568383034,train,1,-3.2,-2.4
-3.0693422764980864,-2.677583589415119,-0.39175868708296724,-0.8950737232291213,0,-2.237684308072803,train,1,-3.2,-2.4
-2.9281484408969822,-2.560891590796296,-0.36725685010068615,-1.0972204298239385,1,4.942731012085065,train,1,-3.2,-2.4
-3.385759426843455,-3.175001950187791,-0.21075747665566374,0.06680616361456604,0,0.1670154090364151,train,1,-3.2,-2.4
-2.3890539844214205,-3.016340777004524,0.6272867925831033,-0.24984928157624714,1,4.770805984105712,train,1,-3.2,-2.4
-1.8148883860630516,-2.6362980007036327,0.821409614640581,-0.9681305840057067,0,-2.420326460014267,train,1,-3.2,-2.4
-2.411362554098823,-1.9593616779403393,-0.4520008761584834,-1.8509070894254271,0,-4.627267723563568,train,2,-2.4,-1.5999999999999996
-2.879947892290172,-1.8334817419055158,-1.0464661503846564,-1.9313922528581589,1,3.189964987002662,train,2,-2.4,-1.5999999999999996
-2.0318260491221523,-2.1672762088696444,0.13545015974749205,-1.6546362108805959,1,4.275344112748288,train,2,-2.4,-1.5999999999999996
-1.8191168170249747,-1.9913379158418694,0.17222109881689465,-1.8257359356298266,1,3.755561290730361,train,2,-2.4,-1.5999999999999996
-1.7321070128578395,-1.6856424365218758,-0.0464645763359636,-1.9868248619009126,1,2.588026500183951,train,2,-2.4,-1.5999999999999996
-1.5173244305075433,-1.6829655288532492,0.1656410983457059,-1.9874312566580885,1,2.576565168984511,train,2,-2.4,-1.5999999999999996
-2.68857828461282,-2.299531751628931,-0.38904653298388897,-1.4920342261531925,0,-3.730085565382981,train,2,-2.4,-1.5999999999999996
-2.6766845999647053,-2.2342056974894504,-0.44247890247525506,-1.5757946031295158,1,4.439161903494758,train,2,-2.4,-1.5999999999999996
-2.4596802965324844,-2.358826237359336,-0.10085405917314867,-1.4104868166485067,0,-3.526217041621267,train,2,-2.4,-1.5999999999999996
-0.9017860395195514,-2.047352125079491,1.1455660855599394,-1.7771602385372398,1,3.9344702134566574,train,2,-2.4,-1.5999999999999996
-1.887210306546351,-2.376099031297146,0.48888872475079515,-1.3857860091785696,0,-3.464465022946424,train,2,-2.4,-1.5999999999999996
-2.346528472942769,-2.034533420484231,-0.3119950524585381,-1.7887743372992064,1,3.8945966940556644,train,2,-2.4,-1.5999999999999996
-1.545456838999737,-1.8806847619081912,0.33522792290845416,-1.904735195582279,1,3.3680859218096693,train,2,-2.4,-1.5999999999999996
-2.4642289701475457,-2.1772101738816194,-0.28701879626592625,-1.6433942664399956,0,-4.108485666099989,train,2,-2.4,-1.5999999999999996
-2.133352550698879,-1.8589960784158948,-0.27435647228298404,-1.9175142149625024,0,-4.793785537406256,train,2,-2.4,-1.5999999999999996
-1.4117393411081136,-1.927309746066919,0.5155704049588054,-1.8742387305046542,0,-4.685596826261635,train,2,-2.4,-1.5999999999999996
-2.6959732811916477,-2.3808144940982676,-0.31515878709338013,-1.378970548986277,0,-3.447426372465692,train,2,-2.4,-1.5999999999999996
-2.9582975101180513,-1.9529167296072942,-1.005380780510757,-1.8557520953436992,1,3.6259974377036737,train,2,-2.4,-1.5999999999999996
-2.7364948628186245,-2.1925980424740277,-0.543896820344597,-1.625660552145344,1,4.3396151975589685,train,2,-2.4,-1.5999999999999996
-2.0148699186707404,-2.067919042391944,0.053049123721203566,-1.7579167419280006,1,3.997091635596413,train,2,-2.4,-1.5999999999999996
-2.0963752419132846,-2.173179934582945,0.0768046926696605,-1.6479747707610573,0,-4.119936926902643,train,2,-2.4,-1.5999999999999996
-1.100519754454479,-1.8454896653496027,0.7449699108951238,-1.9250168506985095,0,-4.812542126746274,train,2,-2.4,-1.5999999999999996
-2.4772525043738596,-2.0476370258634082,-0.42961547851045145,-1.7768987862128574,0,-4.442246965532143,train,2,-2.4,-1.5999999999999996
-1.8356263677279658,-2.274505809220029,0.43887944149206326,-1.5248944327372806,1,4.528256382045756,train,2,-2.4,-1.5999999999999996
-1.7087007356646535,-1.964280785574524,0.2555800499098705,-1.8471573936256074,1,3.664885432591747,train,2,-2.4,-1.5999999999999996
-1.865156451720207,-1.775748188390906,-0.08940826332930105,-1.9581415655665841,1,2.9624872395126833,train,2,-2.4,-1.5999999999999996
-1.6534028327898724,-2.154909174099056,0.5015063413091837,-1.6684032858222686,0,-4.1710082145556715,train,2,-2.4,-1.5999999999999996
-1.9271623511059763,-2.2224336928542545,0.29527134174827807,-1.5901836403485679,1,4.411769502869168,train,2,-2.4,-1.5999999999999996
-2.607008086117605,-2.089622993955481,-0.5173850921621241,-1.7368031759185634,0,-4.342007939796408,train,2,-2.4,-1.5999999999999996
-1.007882722241979,-1.6508930801116553,0.6430103578696763,-1.9935879392506,1,2.4378328928212816,train,2,-2.4,-1.5999999999999996
-2.3517448139593324,-1.6192036620216526,-0.73254115193768,-1.9976571874367368,0,-4.994142968591842,train,2,-2.4,-1.5999999999999996
-1.8263237994155512,-1.8620930592697489,0.035769259854197724,-1.915744532858801,0,-4.789361332147003,train,2,-2.4,-1.5999999999999996
-1.67626621597574,-1.6777327131692812,0.0014664971935410848,-1.988575502462953,0,-4.971438756157383,train,2,-2.4,-1.5999999999999996
-1.468617870449542,-1.7233993029654562,0.2547814325159141,-1.9767574895552296,0,-4.941893723888074,train,2,-2.4,-1.5999999999999996
-2.5328648551759962,-2.0976047669368887,-0.4352600882391074,-1.728832226796443,0,-4.322080566991108,train,2,-2.4,-1.5999999999999996
-2.347192424233875,-2.3262263929026203,-0.02096603133125436,-1.455953512823938,1,4.631805930427992,train,2,-2.4,-1.5999999999999996
-1.9616432941907218,-1.8772712779811709,-0.08437201620955094,-1.9068059948310827,0,-4.767014987077706,train,2,-2.4,-1.5999999999999996
-1.3554743698330483,-1.9537273900892391,0.5982530202561909,-1.8551469132455982,1,3.6287871019972933,train,2,-2.4,-1.5999999999999996
-2.5882970054839713,-2.110748189549937,-0.47754881593403414,-1.7154668589204969,1,4.122040220741717,train,2,-2.4,-1.5999999999999996
-2.1763090786372734,-2.219956396128134,0.04364731749086077,-1.5931836645971753,1,4.405927060133933,train,2,-2.4,-1.5999999999999996
-2.231528357702212,-2.0747840668990007,-0.15674429080321112,-1.751327529658444,0,-4.37831882414611,train,2,-2.4,-1.5999999999999996
-2.8036757836423543,-2.0248478010406648,-0.7788279826016894,-1.7973549307110495,0,-4.493387326777624,train,2,-2.4,-1.5999999999999996
-0.5789440568069375,-2.184611537399151,1.6056674805922133,-1.6349128956338554,1,4.31964257617177,train,2,-2.4,-1.5999999999999996
-2.2092971969159905,-2.1665657806196537,-0.042731416296336616,-1.655433936241474,0,-4.138584840603685,train,2,-2.4,-1.5999999999999996
-2.925845723094074,-2.0338508805416176,-0.8919948425524565,-1.7893845121307228,0,-4.4734612803268075,train,2,-2.4,-1.5999999999999996
-0.8663966943330826,-1.7115728696424586,0.8451761753093759,-1.9802146729130228,1,2.698076962519048,train,2,-2.4,-1.5999999999999996
-2.5733489759172445,-1.9309976764257426,-0.6423512994915019,-1.8716517488403517,0,-4.6791293721008795,train,2,-2.4,-1.5999999999999996
-1.9506877268360758,-2.173209710054232,0.222521983218156,-1.6479410279814934,1,4.29065179551959,train,2,-2.4,-1.5999999999999996
-1.659918737723459,-2.177617994701119,0.5176992569776598,-1.6429292757186122,0,-4.1073231892965305,train,2,-2.4,-1.5999999999999996
-2.4253615532480772,-2.0363023395824422,-0.3890592136656349,-1.78718908702723,0,-4.467972717568075,train,2,-2.4,-1.5999999999999996
-2.494205757547371,-2.23567172431601,-0.2585340332313611,-1.5739873322340796,1,4.442530217687829,train,2,-2.4,-1.5999999999999996
-2.563059189439874,-2.2388970311655414,-0.32416215827433253,-1.569999374787866,0,-3.924998436969665,train,2,-2.4,-1.5999999999999996
-2.0663885579966785,-1.9887719521460463,-0.07761660585063244,-1.8278250574231079,1,3.747079017355108,train,2,-2.4,-1.5999999999999996
-3.303693207257127,-2.3302165049753563,-0.9734767022817709,-1.4504706811236603,0,-3.6261767028091505,train,2,-2.4,-1.5999999999999996
-2.754513548582404,-2.013131574118731,-0.7413819744636735,-1.8075090463037764,1,3.826601841870289,train,2,-2.4,-1.5999999999999996
-2.1947308954005074,-2.110259030089733,-0.0844718653107742,-1.715969602239725,1,4.120655416358925,train,2,-2.4,-1.5999999999999996
-1.2104794321347896,-1.8338507025474629,0.6233712704126734,-1.9312005018533083,0,-4.8280012546332705,train,2,-2.4,-1.5999999999999996
-1.423556515060944,-1.8026030215183961,0.37904650645745214,-1.9465058406929736,0,-4.866264601732434,train,2,-2.4,-1.5999999999999996
-0.80947520498921,-1.8471256625153882,1.0376504575261782,-1.924126740649419,0,-4.810316851623547,train,2,-2.4,-1.5999999999999996
-1.432224305754414,-1.8486556689960685,0.4164313632416545,-1.9232896375126591,0,-4.808224093781648,train,2,-2.4,-1.5999999999999996
-2.4077972962126055,-2.101119900680857,-0.3066773955317484,-1.7252868959238874,0,-4.313217239809719,train,2,-2.4,-1.5999999999999996
-1.9391981995796093,-1.8654921562117857,-0.07370604336782358,-1.9137810651357037,1,3.3115565980925337,train,2,-2.4,-1.5999999999999996
-3.346357201101524,-2.1281210688345453,-1.2182361322669788,-1.6973462750399084,0,-4.243365687599771,train,2,-2.4,-1.5999999999999996
-2.51822997023326,-1.9417649041048997,-0.5764650661283602,-1.863953311661524,0,-4.65988327915381,train,2,-2.4,-1.5999999999999996
-2.7515698408304914,-2.1393542735481,-0.6122155672823912,-1.6853565553334666,1,4.201297379453507,train,2,-2.4,-1.5999999999999996
-1.8815279056067753,-2.043883960589174,0.16235605498239888,-1.7803313870910853,1,3.923745756928858,train,2,-2.4,-1.5999999999999996
-1.9620789768901337,-2.3507768553360484,0.38869787844591475,-1.4218544635075583,1,4.676638488177688,train,2,-2.4,-1.5999999999999996
-2.5420837135830268,-2.2058596622525295,-0.33622405133049715,-1.6100682513788687,1,4.372167778943589,train,2,-2.4,-1.5999999999999996
-1.975818886868803,-1.6227179150611455,-0.35310097180765737,-1.9973047542520213,0,-4.993261885630053,train,2,-2.4,-1.5999999999999996
-3.143466130202587,-2.2155326365159405,-0.9279334936866467,-1.5985165386866929,0,-3.996291346716732,train,2,-2.4,-1.5999999999999996
-1.9234752259736512,-1.8468179912421356,-0.07665723473151553,-1.9242945310728707,1,3.2410271642030013,train,2,-2.4,-1.5999999999999996
-1.7307176971409144,-1.879618513429008,0.14890081628809368,-1.9053844227648584,0,-4.763461056912146,train,2,-2.4,-1.5999999999999996
-1.5533801132581284,-1.8208486884500141,0.2674685751918856,-1.9377989318032143,1,3.141071815309834,train,2,-2.4,-1.5999999999999996
-2.489554537560933,-2.0199291114924547,-0.46962542606847835,-1.8016479449528753,1,3.848389425883134,train,2,-2.4,-1.5999999999999996
-0.7295751724321788,-1.9226689803185095,1.1930938078863307,-1.8774578746500354,1,3.5202209346408986,train,2,-2.4,-1.5999999999999996
-1.6293894592709735,-2.346424460853739,0.7170350015827655,-1.4279627552962557,1,4.668895210726537,train,2,-2.4,-1.5999999999999996
-2.399092848962588,-2.341950289742213,-0.05714255922037453,-1.4342137550434386,0,-3.5855343876085968,train,2,-2.4,-1.5999999999999996
-2.557131846562713,-2.240819178962337,-0.31631266760037596,-1.5676149496008647,1,4.45428124208601,train,2,-2.4,-1.5999999999999996
-2.471462018248477,-2.278511202393167,-0.19295081585531007,-1.5196988318930096,1,4.536711935895684,train,2,-2.4,-1.5999999999999996
-2.2292383013430492,-2.319916524334844,0.090678222991795,-1.4645765861433127,1,4.619831173334347,train,2,-2.4,-1.5999999999999996
-2.307741537647092,-2.2965649083129165,-0.011176629334175426,-1.495979054590615,0,-3.7399476364765376,train,2,-2.4,-1.5999999999999996
-1.6672605421088929,-1.957377814553877,0.29011727244498414,-1.8524066634681107,0,-4.631016658670276,train,2,-2.4,-1.5999999999999996
-1.7883690454458856,-2.2497481400608974,0.46137909461501186,-1.5564627679573761,0,-3.89115691989344,train,2,-2.4,-1.5999999999999996
-0.8185732994396819,-1.638319005575033,0.819745706135351,-1.9954424198643828,0,-4.988606049660957,train,2,-2.4,-1.5999999999999996
-1.1663517010864917,-1.8547105769540584,0.6883588758675666,-1.9199327072112007,0,-4.799831768028001,train,2,-2.4,-1.5999999999999996
-2.033321754553337,-1.9671842613121828,-0.06613749324115416,-1.8449231739081917,1,3.6747454660917938,train,2,-2.4,-1.5999999999999996
-1.6013052707827449,-1.8342555193536816,0.23295024857093674,-1.930989813728223,1,3.1929432380446325,train,2,-2.4,-1.5999999999999996
-2.421166971944767,-2.188890663237989,-0.23227630870677768,-1.6299684714038103,0,-4.074921178509526,train,2,-2.4,-1.5999999999999996
-2.010951639994005,-1.6586194525970175,-0.3523321873969872,-1.9922920547040215,0,-4.980730136760053,train,2,-2.4,-1.5999999999999996
-0.5821494429462037,-1.7286455537600232,1.1464961108138194,-1.9751353140898573,1,2.769548726086037,train,2,-2.4,-1.5999999999999996
-2.094852091388429,-1.81894440125757,-0.27590769013085936,-1.9387378673094484,0,-4.846844668273621,train,2,-2.4,-1.5999999999999996
-0.8213653477383245,-2.0158080351316716,1.1944426873933471,-1.80521125077687,1,3.8352016403060696,train,2,-2.4,-1.5999999999999996
-1.9357386870882003,-1.7263174512986823,-0.20942123578951793,-1.9758618907354626,0,-4.939654726838657,train,2,-2.4,-1.5999999999999996
-1.6525030865275827,-1.8041981412605124,0.15169505473292974,-1.945770450938229,0,-4.864426127345572,train,2,-2.4,-1.5999999999999996
-1.2180935459685303,-1.8717392748803097,0.6536457289117794,-1.9101148084692385,1,3.3348944313386095,train,2,-2.4,-1.5999999999999996
-1.6544665733099004,-1.6688197863952494,0.014353213085348896,-1.9903990926681636,1,2.515694756902028,train,2,-2.4,-1.5999999999999996
-1.6571923802151,-1.89306754896994,0.23587516875484002,-1.897037039715873,1,3.4135859138732028,train,2,-2.4,-1.5999999999999996
-2.2520784120035264,-2.1072475321179125,-0.14483087988561374,-1.719055679285548,1,4.112108194973007,train,2,-2.4,-1.5999999999999996
-2.2430392561675916,-1.9577243414796432,-0.28531491468794856,-1.8521452540505694,0,-4.630363135126424,train,2,-2.4,-1.5999999999999996
-2.342361752518753,-2.2428955386398903,-0.09946621387886276,-1.5650327173392813,1,4.458987935416352,train,2,-2.4,-1.5999999999999996
-2.636172615333332,-2.2463421628851172,-0.38983045244821474,-1.560731486680954,0,-3.901828716702385,train,2,-2.4,-1.5999999999999996
-0.8406345284785868,-1.819464300853743,0.9788297723751562,-1.9384822210753487,1,3.1356832603243463,train,2,-2.4,-1.5999999999999996
-1.8726697989149732,-1.7720506372550948,-0.1006191616598784,-1.959633227840314,0,-4.899083069600785,train,2,-2.4,-1.5999999999999996
-0.5887197903449677,-1.622321309052987,1.0336015187080194,-1.9973457634921123,1,2.3121268329618374,train,2,-2.4,-1.5999999999999996
-3.3302880730465736,-1.7192228663667983,-1.6110652066797753,-1.9780099776769309,1,2.730200806630858,train,2,-2.4,-1.5999999999999996
-1.9540720618945508,-1.9651245387233416,0.01105247682879081,-1.8465097312418948,0,-4.616274328104737,train,2,-2.4,-1.5999999999999996
-1.9909963009282965,-2.328167304381548,0.33717100345325157,-1.4532893872606136,1,4.635452293051293,train,2,-2.4,-1.5999999999999996
-2.185194147009675,-2.0089014043071094,-0.17629274270256598,-1.8111143212963685,1,3.81295391094912,train,2,-2.4,-1.5999999999999996
-1.0008590744310473,-1.657650921950299,0.6567918475192518,-1.9924610204182291,1,2.4672778815693026,train,2,-2.4,-1.5999999999999996
-1.3860900272753498,-1.7699054403972185,0.3838154131218687,-1.9604863613867487,1,2.938903026807707,train,2,-2.4,-1.5999999999999996
-2.176684691349871,-2.0119246191567295,-0.1647600721931416,-1.8085410063655465,0,-4.5213525159138666,train,2,-2.4,-1.5999999999999996
-1.7747709559122442,-2.0357765108152908,0.26100555490304655,-1.7876609027366368,1,3.8984915436018595,train,2,-2.4,-1.5999999999999996
-0.5384843602689926,-2.225611385272517,1.6871270250035242,-1.5863211467527916,1,4.419224110633723,train,2,-2.4,-1.5999999999999996
-2.107032219348605,-2.258229295358541,0.15119707600993598,-1.545754966080557,1,4.49314998876829,train,2,-2.4,-1.5999999999999996
-2.161399665900336,-2.341101064624514,0.17970139872417798,-1.435396995076097,0,-3.5884924876902424,train,2,-2.4,-1.5999999999999996
-1.9500802366671048,-1.6860854499303257,-0.26399478673677906,-1.9867231337446567,0,-4.966807834361642,train,2,-2.4,-1.5999999999999996
-1.8077604818670687,-1.8878587064807526,0.08009822461368384,-1.9003107962154553,1,3.394509635069954,train,2,-2.4,-1.5999999999999996
-3.0588908623099815,-2.285334146022943,-0.7735567162870388,-1.5107923486327715,0,-3.7769808715819284,train,2,-2.4,-1.5999999999999996
-2.1876726182248127,-2.068698464227034,-0.11897415399777846,-1.7571727978248604,1,3.9994317061599842,train,2,-2.4,-1.5999999999999996
-0.8861602847071903,-2.360712860481701,1.4745525757745106,-1.4078092075383382,0,-3.5195230188458453,train,2,-2.4,-1.5999999999999996
-1.5921719899403262,-2.232501320382109,0.6403293304417828,-1.5778914468966971,0,-3.9447286172417426,train,2,-2.4,-1.5999999999999996
-1.4305811073403403,-1.815433500696769,0.3848523933564288,-1.9404505337596367,1,3.1199596919615304,train,2,-2.4,-1.5999999999999996
-1.2167487848837228,-1.8791017836467203,0.6623529987629976,-1.9056982747181987,0,-4.764245686795497,train,2,-2.4,-1.5999999999999996
-0.8877643674339264,-2.0168173620984176,1.1290529946644912,-1.804341364576712,0,-4.510853411441779,train,2,-2.4,-1.5999999999999996
-1.824022726728816,-2.1801755956034885,0.3561528688746724,-1.6400069132310595,0,-4.100017283077649,train,2,-2.4,-1.5999999999999996
-0.6356943844814005,-1.878221499947052,1.2425271154656514,-1.9062317706560752,1,3.358972969216078,train,2,-2.4,-1.5999999999999996
-0.9929613758718995,-1.6348403909460953,0.6418790150741959,-1.9958997596110297,0,-4.989749399027574,train,2,-2.4,-1.5999999999999996
-1.9516718490488856,-2.0515835550598456,0.09991170601095996,-1.7732622446994981,1,3.9474907773659496,train,2,-2.4,-1.5999999999999996
-1.312208062756682,-2.343893995929864,1.031685933173182,-1.4315016640890998,1,4.664352631765373,train,2,-2.4,-1.5999999999999996
-3.769343652549293,-2.353814809741626,-1.4155288428076669,-1.4175749313060442,0,-3.5439373282651103,train,2,-2.4,-1.5999999999999996
-2.6765125621192194,-2.333703184961954,-0.3428093771572654,-1.4456607085312783,0,-3.6141517713281957,train,2,-2.4,-1.5999999999999996
-1.4727620221486197,-1.6322342501974227,0.15947222804880304,-1.9962265687306326,1,2.355959465177629,train,2,-2.4,-1.5999999999999996
-2.5146458789311357,-1.9673913310508047,-0.5472545478803312,-1.8447632397106373,0,-4.611908099276593,train,2,-2.4,-1.5999999999999996
-1.8236650955619214,-1.7300300538642217,-0.09363504169769965,-1.9746981495111777,1,2.7753095826292897,train,2,-2.4,-1.5999999999999996
-2.647247702436874,-2.263973164610292,-0.38327453782658205,-1.5384399023757749,0,-3.846099755939437,train,2,-2.4,-1.5999999999999996
-2.584373068768268,-2.1917239418168677,-0.39264912695140003,-1.6266782592756,1,4.337442716694188,train,2,-2.4,-1.5999999999999996
-0.21926218978372258,-1.8464179905017255,1.627155800718003,-1.9245124015830324,0,-4.811281003957581,train,2,-2.4,-1.5999999999999996
-1.3070594040423855,-1.6835437374864128,0.37648433344402726,-1.9873014818776167,1,2.579042367999273,train,2,-2.4,-1.5999999999999996
-2.1598179219461646,-2.127449212431872,-0.03236870951429247,-1.698056605354268,1,4.1687267223697795,train,2,-2.4,-1.5999999999999996
-1.5591611070428453,-2.3482614416077734,0.7891003345649281,-1.425387969296344,1,4.672174150105263,train,2,-2.4,-1.5999999999999996
-1.85110674979014,-1.7087042644714847,-0.1424024853186551,-1.9810115238833559,0,-4.95252880970839,train,2,-2.4,-1.5999999999999996
-1.6360982382339444,-2.167302043336419,0.5312038051024748,-1.654607186147089,0,-4.136517965367722,train,2,-2.4,-1.5999999999999996
-1.596644570302821,-1.8071340748803497,0.21048950457752877,-1.9444039719527613,1,3.087425478836012,train,2,-2.4,-1.5999999999999996
-1.2976289132635759,-2.273573076238805,0.9759441629752289,-1.5261008197692967,0,-3.8152520494232416,train,2,-2.4,-1.5999999999999996
-2.6959520356842086,-1.844029251887299,-0.8519227837969098,-1.9258070770904825,1,3.2303969310107714,train,2,-2.4,-1.5999999999999996
-1.2674316615608063,-1.7268643047750811,0.4594326432142749,-1.9756921856148333,0,-4.939230464037083,train,2,-2.4,-1.5999999999999996
-1.744928489783598,-1.8182783370026323,0.07334984721903438,-1.9390646202270196,0,-4.847661550567549,train,2,-2.4,-1.5999999999999996
-2.807144005507751,-2.1127139801092065,-0.6944300253985441,-1.713442340627413,0,-4.283605851568533,train,2,-2.4,-1.5999999999999996
-1.1793960898582418,-1.8186481988078413,0.6392521089495995,-1.9388832823418627,1,3.132503869297109,train,2,-2.4,-1.5999999999999996
-2.81185169745169,-2.2884263006540317,-0.5234253967976581,-1.5067327502659105,0,-3.766831875664776,train,2,-2.4,-1.5999999999999996
-0.39541149541502946,-0.8263761287890585,0.43096463337402907,-1.4709617364192575,0,-3.6774043410481436,train,3,-1.5999999999999996,-0.7999999999999998
-0.8522784211909289,-1.1622142006594218,0.30993577946849293,-1.8353701570026,0,-4.5884253925065,train,3,-1.5999999999999996,-0.7999999999999998
-0.41757161712753166,-0.8218525120280924,0.40428089490056074,-1.4648167948465662,0,-3.6620419871164156,train,3,-1.5999999999999996,-0.7999999999999998
-0.4122742237370357,-1.028147205060508,0.6158729813234723,-1.7126873289900433,1,-0.5660113352128443,train,3,-1.5999999999999996,-0.7999999999999998
-1.4505059977625763,-1.041816940322183,-0.4086890574403932,-1.7266451504388212,1,-0.4980512395235887,train,3,-1.5999999999999996,-0.7999999999999998
-2.606737236199681,-1.4271284035356986,-1.1796088326639826,-1.9793950058334593,1,1.4083577479958367,train,3,-1.5999999999999996,-0.7999999999999998
-0.19443661610199814,-0.8189804361790064,0.6245438200770083,-1.4608997635394612,0,-3.652249408848653,train,3,-1.5999999999999996,-0.7999999999999998
-1.8402059831937851,-1.5950157958363278,-0.24519018735745735,-1.9994134459920607,1,2.1902266908441255,train,3,-1.5999999999999996,-0.7999999999999998
-2.1220543865923,-1.3976141100932444,-0.7244402764990553,-1.9700828053239432,0,-4.925207013309858,train,3,-1.5999999999999996,-0.7999999999999998
-1.9531409433361726,-1.252166774076443,-0.7009741692597294,-1.8993312468875168,0,-4.748328117218792,train,3,-1.5999999999999996,-0.7999999999999998
-0.2994696636410473,-0.9764936625649978,0.6770239989239505,-1.6570783205140607,1,-0.8217498837471071,train,3,-1.5999999999999996,-0.7999999999999998
-1.333351952343764,-1.4418519403197971,0.10849998797603315,-1.983396369570162,0,-4.958490923925405,train,3,-1.5999999999999996,-0.7999999999999998
-0.7278641907242731,-0.909605411520622,0.18174122079634897,-1.5785230024626544,0,-3.946307506156636,train,3,-1.5999999999999996,-0.7999999999999998
-0.30304733569996845,-0.8132794582597496,0.5102321225597811,-1.4530889137057414,0,-3.6327222842643536,train,3,-1.5999999999999996,-0.7999999999999998
-1.87506677394984,-1.4689262068762408,-0.4061405670735992,-1.9896314499763454,0,-4.974078624940864,train,3,-1.5999999999999996,-0.7999999999999998
-1.7972015992780195,-1.1221328448537125,-0.6750687544243071,-1.8020552744909328,1,-0.09729290286230326,train,3,-1.5999999999999996,-0.7999999999999998
-2.1045818899419464,-1.5928111218659557,-0.5117707680759906,-1.999515368371562,1,2.1803118858966135,train,3,-1.5999999999999996,-0.7999999999999998
-1.9534877425220798,-1.2907429738850962,-0.6627447686369837,-1.9220813851298986,0,-4.805203462824746,train,3,-1.5999999999999996,-0.7999999999999998
-1.7393294327105364,-1.5646719536548,-0.1746574790557364,-1.9999624921708778,1,2.0528509512025233,train,3,-1.5999999999999996,-0.7999999999999998
-1.3692630651444078,-0.834677625828611,-0.5345854393157967,-1.4821602057245788,0,-3.7054005143114472,train,3,-1.5999999999999996,-0.7999999999999998
-1.2279015547085712,-1.2510826824961616,0.02318112778759049,-1.8986509141816268,1,0.5463569885289988,train,3,-1.5999999999999996,-0.7999999999999998
-1.1293276401050973,-0.8408181545747496,-0.28850948553034783,-1.4903779169018656,1,-1.481300125617628,train,3,-1.5999999999999996,-0.7999999999999998
-1.018942904726168,-0.9709552112519511,-0.04798769347421692,-1.6508506348092367,0,-4.127126587023092,train,3,-1.5999999999999996,-0.7999999999999998
-0.5170943594720273,-0.9069685611346411,0.3898742016626138,-1.575279164407138,1,-1.1623869679576777,train,3,-1.5999999999999996,-0.7999999999999998
-0.6207015265393391,-1.4614676628032413,0.8407661362639022,-1.988059144186815,1,1.5722395623885441,train,3,-1.5999999999999996,-0.7999999999999998
-0.6064783813228088,-1.540041130389514,0.9335627490667052,-1.9990541924494623,1,1.9399441333618972,train,3,-1.5999999999999996,-0.7999999999999998
-1.0504525150090127,-1.1194058228977843,0.06895330788877171,-1.7996828215394074,1,-0.11092505236033266,train,3,-1.5999999999999996,-0.7999999999999998
-1.3382000806008911,-1.4656222530252767,0.12742217242438553,-1.9889486070044642,0,-4.97237151751116,train,3,-1.5999999999999996,-0.7999999999999998
-1.3183240030211374,-1.0132958659915439,-0.3050281370295936,-1.6971603673168325,1,-0.6397255744592484,train,3,-1.5999999999999996,-0.7999999999999998
-0.6696557164936446,-1.273244911878388,0.6035891953847433,-1.912114461761979,1,0.6563614064200549,train,3,-1.5999999999999996,-0.7999999999999998
-0.2585984236450296,-1.1776729412656635,0.9190745176206339,-1.8474341506103824,0,-4.618585376525956,train,3,-1.5999999999999996,-0.7999999999999998
-1.2061038150684757,-0.8499427328392463,-0.3561610822292295,-1.5024852170949616,1,-1.437664308134097,train,3,-1.5999999999999996,-0.7999999999999998
-0.7241797029931586,-1.1826431020440333,0.45846339905087474,-1.8512192095521731,1,0.20519460069084963,train,3,-1.5999999999999996,-0.7999999999999998
-1.71118521702992,-1.5134452936902152,-0.19773992333970483,-1.9967117604403641,0,-4.99177940110091,train,3,-1.5999999999999996,-0.7999999999999998
-1.576090271201242,-1.4734212742521602,-0.10266899694908176,-1.9905255889783455,1,1.6288621911576993,train,3,-1.5999999999999996,-0.7999999999999998
-1.0532670240617412,-1.1638378786374295,0.11057085457568834,-1.836657939453866,1,0.11121695208977815,train,3,-1.5999999999999996,-0.7999999999999998
-1.4211828264934807,-1.180476735945221,-0.24070609054825962,-1.8495750157728623,1,0.19437142244885267,train,3,-1.5999999999999996,-0.7999999999999998
-0.5528491783666619,-1.089911804699205,0.537062626332543,-1.7731722439304418,1,-0.2582892307273727,train,3,-1.5999999999999996,-0.7999999999999998
-2.1763150638517885,-1.2788036451277813,-0.8975114187240074,-1.9153443232917449,0,-4.7883608082293625,train,3,-1.5999999999999996,-0.7999999999999998
-1.4973940580384149,-1.080155912784526,-0.417238145253889,-1.7640625645653356,1,-0.30699049772021164,train,3,-1.5999999999999996,-0.7999999999999998
-1.354126862563178,-1.2824799976786136,-0.07164686488456426,-1.917447933062624,1,0.7021086095156603,train,3,-1.5999999999999996,-0.7999999999999998
-1.7277613314906222,-1.1008671091614213,-0.626894222329201,-1.7832006846498107,0,-4.458001711624527,train,3,-1.5999999999999996,-0.7999999999999998
-0.7696932360684392,-0.9860760263279007,0.21638279025946153,-1.6677330063659526,0,-4.169332515914881,train,3,-1.5999999999999996,-0.7999999999999998
-2.3657634514862727,-1.456820871967095,-0.9089425795191778,-1.9870236521592644,1,1.5501672618213826,train,3,-1.5999999999999996,-0.7999999999999998
-1.2664328428875533,-1.299539385129966,0.03310654224241266,-1.9268697385323987,0,-4.817174346330997,train,3,-1.5999999999999996,-0.7999999999999998
-2.062132478753389,-1.1979735525384523,-0.8641589262149368,-1.8626057476288826,0,-4.656514369072207,train,3,-1.5999999999999996,-0.7999999999999998
-1.137814378280076,-1.050666336066923,-0.08714804221315299,-1.7355091650699437,0,-4.338772912674859,train,3,-1.5999999999999996,-0.7999999999999998
-1.0922123010325888,-1.397056281070893,0.3048439800383043,-1.9698902510404956,1,1.2634700840225395,train,3,-1.5999999999999996,-0.7999999999999998
0.1659311015921774,-1.1562073096459529,1.3221384112381303,-1.8305638947046858,1,0.07307067904385503,train,3,-1.5999999999999996,-0.7999999999999998
-0.45347472661095334,-1.1000553247487215,0.6465805981377681,-1.7824649075778907,1,-0.20762692734277746,train,3,-1.5999999999999996,-0.7999999999999998
0.0867456588365364,-0.883599067155083,0.9703447259916194,-1.546054063819379,1,-1.2757052888389904,train,3,-1.5999999999999996,-0.7999999999999998
-1.2689338132271177,-1.3097171292534986,0.04078331602638096,-1.9322239494549192,1,0.8366678218888386,train,3,-1.5999999999999996,-0.7999999999999998
0.17948716287807187,-1.0899543415850104,1.2694415044630822,-1.7732115943530313,1,-0.25807683003202236,train,3,-1.5999999999999996,-0.7999999999999998
-1.5915980826401446,-1.446842878304829,-0.14475520433531558,-1.9846552047476689,1,1.5026592094381277,train,3,-1.5999999999999996,-0.7999999999999998
-1.353083212798496,-1.2017647083061551,-0.15131850449234074,-1.8653541801978193,1,0.30067875350907924,train,3,-1.5999999999999996,-0.7999999999999998
-2.223293373295821,-1.4540436763430342,-0.7692496969527866,-1.9863842956707969,1,1.5369595451673146,train,3,-1.5999999999999996,-0.7999999999999998
-0.7319425207770097,-0.8652935686881896,0.13335104791117988,-1.5225713025198517,1,-1.363984897567034,train,3,-1.5999999999999996,-0.7999999999999998
-0.6223821005831764,-1.2545423429270177,0.6321602423438413,-1.900814253214045,1,0.5635484035878982,train,3,-1.5999999999999996,-0.7999999999999998
-1.3161644044233793,-0.9358495183213228,-0.3803148861020566,-1.610206494703936,1,-1.0214733918770416,train,3,-1.5999999999999996,-0.7999999999999998
-1.4889402702376866,-1.2665789562573098,-0.22236131398037676,-1.9081633574203367,0,-4.7704083935508415,train,3,-1.5999999999999996,-0.7999999999999998
-1.1543929113462648,-0.8762659290053062,-0.2781269823409587,-1.536708687021878,0,-3.8417717175546953,train,3,-1.5999999999999996,-0.7999999999999998
-1.4750113592084044,-1.2761398261512749,-0.19887153305712948,-1.9138039096460684,0,-4.784509774115171,train,3,-1.5999999999999996,-0.7999999999999998
-1.6892904293396236,-1.3350603975271016,-0.3542300318125219,-1.9446854440546886,0,-4.8617136101367215,train,3,-1.5999999999999996,-0.7999999999999998
-1.9523128181956309,-1.1422889837818009,-0.8100238344138299,-1.8191739639214792,1,0.0034816506786757677,train,3,-1.5999999999999996,-0.7999999999999998
-0.09506420282296735,-0.9236450807247092,0.8285808779017418,-1.5956091862043544,0,-3.989022965510886,train,3,-1.5999999999999996,-0.7999999999999998
-2.0942403964389196,-0.9111885505975422,-1.1830518458413775,-1.5804652994966755,0,-3.951163248741689,train,3,-1.5999999999999996,-0.7999999999999998
-1.679698823100579,-1.1234495063453322,-0.5562493167552468,-1.8031959467487946,0,-4.507989866871986,train,3,-1.5999999999999996,-0.7999999999999998
-1.3260258410370285,-1.5322707111836715,0.20624487014664317,-1.9985159605092013,1,1.9040773464433984,train,3,-1.5999999999999996,-0.7999999999999998
-0.5152496690495404,-1.1221867141446598,0.6069370450951194,-1.8021020047447351,1,-0.0970236072635368,train,3,-1.5999999999999996,-0.7999999999999998
-1.5287975213562874,-1.403637033133518,-0.12516048822276948,-1.9721227739873233,1,1.2952784059309164,train,3,-1.5999999999999996,-0.7999999999999998
-1.1838730156833925,-1.0139252411280255,-0.1699477745553671,-1.6978259941098186,1,-0.6366044356660137,train,3,-1.5999999999999996,-0.7999999999999998
-0.8545930403582075,-0.8842789661466087,0.029685925788401204,-1.5469163256496496,0,-3.8672908141241242,train,3,-1.5999999999999996,-0.7999999999999998
-1.3450000486760243,-1.1882128232694837,-0.15678722540654055,-1.8554065262444563,1,0.23301641911416662,train,3,-1.5999999999999996,-0.7999999999999998
-0.5911037024233133,-1.1171491917118346,0.5260454892885212,-1.797709478251595,0,-4.494273695628987,train,3,-1.5999999999999996,-0.7999999999999998
-1.8376729617398264,-1.5479457500937537,-0.2897272116460727,-1.999477873863982,0,-4.998694684659955,train,3,-1.5999999999999996,-0.7999999999999998
-1.7591912929160627,-1.1679402162857546,-0.5912510766303081,-1.839890033962524,0,-4.59972508490631,train,3,-1.5999999999999996,-0.7999999999999998
-1.7802482623850777,-1.4966505730636495,-0.28359768932142826,-1.9945049253693372,1,1.738223363220125,train,3,-1.5999999999999996,-0.7999999999999998
-1.0505889565623647,-1.108349722919734,0.05776076635736946,-1.789927303248963,1,-0.1661840412823422,train,3,-1.5999999999999996,-0.7999999999999998
-0.57155168529591,-1.3090797223641293,0.7375280370682192,-1.9318944977832249,0,-4.829736244458062,train,3,-1.5999999999999996,-0.7999999999999998
-0.02586706404473882,-0.9857935725354032,0.9599265084906644,-1.6674211299669686,0,-4.1685528249174215,train,3,-1.5999999999999996,-0.7999999999999998
-1.8008212566273418,-1.5611726908643577,-0.23964856576298416,-1.9999073863462593,1,2.036884768964077,train,3,-1.5999999999999996,-0.7999999999999998
-2.390655642382178,-1.5121455055057245,-0.8785101368764533,-1.996561067135845,0,-4.991402667839612,train,3,-1.5999999999999996,-0.7999999999999998
-1.8831011957916954,-1.0527814279010976,-0.8303197678905978,-1.7376076529321955,1,-0.44347261472559985,train,3,-1.5999999999999996,-0.7999999999999998
0.08691624935629494,-1.1882770423330746,1.2751932916893696,-1.8554544707394165,0,-4.638636176848541,train,3,-1.5999999999999996,-0.7999999999999998
-1.3844087713372377,-1.1426869027082005,-0.24172186862903722,-1.8195045013121782,1,0.005471244500175345,train,3,-1.5999999999999996,-0.7999999999999998
-0.6502906748430535,-0.9250344048074755,0.27474372996442203,-1.5972829374588662,1,-1.0743477047136891,train,3,-1.5999999999999996,-0.7999999999999998
-0.05943897691672273,-1.2098098886802604,1.1503709117635377,-1.8710977433237344,0,-4.677744358309336,train,3,-1.5999999999999996,-0.7999999999999998
-1.3599542066345005,-0.9518844622990839,-0.40806974433541665,-1.6290204393866197,0,-4.072551098466549,train,3,-1.5999999999999996,-0.7999999999999998
-1.3085494925014105,-1.1918050965640477,-0.11674439593736274,-1.8580766727143783,1,0.2509567280855393,train,3,-1.5999999999999996,-0.7999999999999998
-1.2069805483611311,-0.8586234454077989,-0.34835710295333217,-1.5138874587344093,0,-3.784718646836023,train,3,-1.5999999999999996,-0.7999999999999998
-1.7240073847620532,-1.066457782768299,-0.657549601993754,-1.7509886005386617,0,-4.377471501346654,train,3,-1.5999999999999996,-0.7999999999999998
-1.0011652063963452,-1.4810185284527542,0.47985332205640885,-1.9919453591751866,0,-4.979863397937966,train,3,-1.5999999999999996,-0.7999999999999998
-0.6689375980631201,-1.308357459739395,0.6394198616762748,-1.9315202387800863,1,0.8299645574060133,train,3,-1.5999999999999996,-0.7999999999999998
-2.031623129725343,-0.9073800672447204,-1.1242430624806228,-1.5757861186857847,1,-1.160385711679452,train,3,-1.5999999999999996,-0.7999999999999998
-0.730745433750912,-1.319771831315587,0.589026397564675,-1.9373168980726723,0,-4.843292245181681,train,3,-1.5999999999999996,-0.7999999999999998
-1.590359662300664,-1.4487793924350758,-0.14158026986558805,-1.9851303299386016,1,1.5118913487793761,train,3,-1.5999999999999996,-0.7999999999999998
-1.111727161418991,-1.2219029526673812,0.11017579124839026,-1.8795031943352907,1,0.4011199838344967,train,3,-1.5999999999999996,-0.7999999999999998
-1.1670536592483587,-1.2857750601422957,0.1187214008939371,-1.9193113463250908,0,-4.7982783658127275,train,3,-1.5999999999999996,-0.7999999999999998
-1.8887792620789354,-1.104856058684725,-0.7839232033942104,-1.7867990657862824,0,-4.466997664465707,train,3,-1.5999999999999996,-0.7999999999999998
-1.437109515804604,-1.250586966448389,-0.186522549356215,-1.8983390790309296,1,0.5438931831179779,train,3,-1.5999999999999996,-0.7999999999999998
-1.9858102066532464,-1.3912622741644032,-0.5945479324888431,-1.9678540086885086,1,1.235419185145338,train,3,-1.5999999999999996,-0.7999999999999998
-0.12087128700918415,-1.2700222306697944,1.1491509436606102,-1.9102148837418749,0,-4.775537209354687,train,3,-1.5999999999999996,-0.7999999999999998
0.0467361181228354,-1.2647727723581594,1.3115088904809948,-1.9070781731084523,0,-4.767695432771131,train,3,-1.5999999999999996,-0.7999999999999998
-0.8276424796792325,-0.8780625152990871,0.05042003561985458,-1.5390059249196044,0,-3.847514812299011,train,3,-1.5999999999999996,-0.7999999999999998
-1.523680602650039,-0.8163069903676116,-0.7073736122824273,-1.457242800338039,1,-1.5978974089248816,train,3,-1.5999999999999996,-0.7999999999999998
-0.40751129075290715,-1.1011449284744685,0.6936336377215614,-1.7834522218775704,1,-0.2021834857329427,train,3,-1.5999999999999996,-0.7999999999999998
-1.6474538026305061,-1.5334527019433106,-0.11400110068719554,-1.9986056157386967,0,-4.996514039346741,train,3,-1.5999999999999996,-0.7999999999999998
0.03366567792754971,-1.0136010259232038,1.0472667038507535,-1.697483188262891,0,-4.243707970657227,train,3,-1.5999999999999996,-0.7999999999999998
0.1241799551797671,-1.0570516780168127,1.1812316331965798,-1.7418206812205381,1,-0.4222015333746735,train,3,-1.5999999999999996,-0.7999999999999998
0.06456215073774685,-0.9391817063798241,1.003743857117571,-1.6141504206172053,0,-4.035376051543013,train,3,-1.5999999999999996,-0.7999999999999998
-1.559194601323075,-1.322038930631155,-0.23715567069191992,-1.93843819741793,1,0.8973431121778961,train,3,-1.5999999999999996,-0.7999999999999998
-2.1517407975938267,-1.5528959246735012,-0.5988448729203256,-1.9996795841597839,0,-4.999198960399459,train,3,-1.5999999999999996,-0.7999999999999998
-1.5083725516971764,-1.1105425468357661,-0.3978300048614103,-1.791879607078981,1,-0.15522558856316798,train,3,-1.5999999999999996,-0.7999999999999998
-1.558595447819553,-1.500788305349382,-0.05780714247017103,-1.995100878356895,1,1.7576066621821684,train,3,-1.5999999999999996,-0.7999999999999998
-1.546660777626717,-0.9923763766693346,-0.5542844009573824,-1.674655021138058,1,-0.7433158197234251,train,3,-1.5999999999999996,-0.7999999999999998
-0.24844023929746395,-0.964461345938686,0.7160211066412221,-1.6434841569071894,0,-4.108710392267973,train,3,-1.5999999999999996,-0.7999999999999998
-0.8786200749322968,-1.2730985706000815,0.39447849566778465,-1.912028632586246,1,0.6556360249329586,train,3,-1.5999999999999996,-0.7999999999999998
-0.8653411663681385,-0.8449619952935634,-0.02037917107457507,-1.4958917734445865,1,-1.4614984011905934,train,3,-1.5999999999999996,-0.7999999999999998
-1.7012119565245123,-1.460976164995779,-0.24023579152873314,-1.98795164843111,0,-4.969879121077775,train,3,-1.5999999999999996,-0.7999999999999998
-0.4563426323950521,-0.8459313202184157,0.3895886878233636,-1.4971778681390375,0,-3.742944670347594,train,3,-1.5999999999999996,-0.7999999999999998
-0.40055652723762847,-1.2276082601459712,0.8270517329083428,-1.8833733945735682,1,0.42954789365124846,train,3,-1.5999999999999996,-0.7999999999999998
-2.1474822938613807,-0.9896050869797068,-1.157877206881674,-1.6716184572887012,1,-0.7570154219376213,train,3,-1.5999999999999996,-0.7999999999999998
-0.8574196892741102,-0.9977438436156695,0.14032415434155932,-1.6804996754016117,1,-0.7167661244464294,train,3,-1.5999999999999996,-0.7999999999999998
-0.9953112487712874,-0.8150320646949912,-0.18027918407629615,-1.455495180772567,0,-3.638737951931417,train,3,-1.5999999999999996,-0.7999999999999998
-1.2679154251408773,-0.8213776046968553,-0.446537820444022,-1.464169933573702,0,-3.660424833934255,train,3,-1.5999999999999996,-0.7999999999999998
-1.7726806970212938,-1.567927100287065,-0.2047535967342289,-1.9999917675448946,0,-4.999979418862236,train,3,-1.5999999999999996,-0.7999999999999998
-1.5065127030792447,-1.587222977974751,0.08071027489550636,-1.9997301711985322,1,2.155133661317007,train,3,-1.5999999999999996,-0.7999999999999998
-0.043628436044261365,-1.1653677479811724,1.121739311936911,-1.8378668893355377,0,-4.594667223338844,train,3,-1.5999999999999996,-0.7999999999999998
-1.5386636076736122,-1.5728979056812724,0.0342342980076601,-1.9999955833678098,0,-4.999988958419524,train,3,-1.5999999999999996,-0.7999999999999998
-1.3318723441792084,-1.0740122913317818,-0.2578600528474265,-1.7582396731992804,0,-4.395599182998201,train,3,-1.5999999999999996,-0.7999999999999998
-1.9083920074051537,-1.1720779186684376,-0.7363140887367161,-1.8431186256763874,0,-4.607796564190968,train,3,-1.5999999999999996,-0.7999999999999998
-0.6023537279019847,-1.0667532831197917,0.46439955521780696,-1.7512741124367253,0,-4.378185281091813,train,3,-1.5999999999999996,-0.7999999999999998
-1.698049891265608,-1.2469274365018637,-0.45112245476374424,-1.896022586777108,1,0.5257005103273984,train,3,-1.5999999999999996,-0.7999999999999998
-1.450269881282701,-1.3820228330210107,-0.06824704826169031,-1.9644702660934874,1,1.1906022701891865,train,3,-1.5999999999999996,-0.7999999999999998
-0.41241276815687145,-0.8402648480417246,0.4278520798848532,-1.4896397401496735,0,-3.7240993503741837,train,3,-1.5999999999999996,-0.7999999999999998
-0.985962086444802,-1.0173844478454022,0.0314223614006002,-1.7014724357734197,0,-4.253681089433549,train,3,-1.5999999999999996,-0.7999999999999998
-1.8266780348465512,-1.5949408501876134,-0.23173718465893778,-1.9994170703095917,1,2.189889821659318,train,3,-1.5999999999999996,-0.7999999999999998
-1.6241697057263673,-1.52053778808466,-0.10363191764170729,-1.9974746109315675,1,1.8497032346776048,train,3,-1.5999999999999996,-0.7999999999999998
-0.555636792863715,-1.0946462039000162,0.5390094110363012,-1.7775322762997692,0,-4.443830690749423,train,3,-1.5999999999999996,-0.7999999999999998
-1.381352270889155,-1.369570538401833,-0.011781732487321998,-1.959644630079068,1,1.1300409658871848,train,3,-1.5999999999999996,-0.7999999999999998
-1.1282987394809147,-1.2739026581666737,0.14560391868575906,-1.9124997243606692,1,0.6596215361188523,train,3,-1.5999999999999996,-0.7999999999999998
-0.7210660208638103,-0.974775100881832,0.2537090800180216,-1.6551513220710272,0,-4.137878305177568,train,3,-1.5999999999999996,-0.7999999999999998
-1.517407182090199,-1.3166835694565073,-0.20072361263369168,-1.9357734353498453,0,-4.839433588374613,train,3,-1.5999999999999996,-0.7999999999999998
-0.6625896542735886,-0.8593531221765925,0.1967634679030039,-1.5148407140708864,1,-1.3925363378908193,train,3,-1.5999999999999996,-0.7999999999999998
-1.1897237977711113,-1.0236383028603067,-0.1660854949108045,-1.7080130836191065,1,-0.5884050998254401,train,3,-1.5999999999999996,-0.7999999999999998
-0.4781528535551999,-1.1584588474149,0.6803059938597001,-1.8323731541889805,1,0.08432697093176948,train,3,-1.5999999999999996,-0.7999999999999998
-1.1541419790777359,-1.4552281311799178,0.3010861521021818,-1.9866588507913117,1,1.5425940011851744,train,3,-1.5999999999999996,-0.7999999999999998
-2.310529652486017,-1.2723268882658803,-1.038202764220137,-1.9115753635940236,0,-4.778938408985059,train,3,-1.5999999999999996,-0.7999999999999998
-1.1141069308622695,-0.9896945681253411,-0.12441236273692854,-1.671716704469087,1,-0.7565731708248025,train,3,-1.5999999999999996,-0.7999999999999998
-0.14185780015779748,-0.8073625451863541,0.6655047450285566,-1.4449322727746816,1,-1.6402098947423258,train,3,-1.5999999999999996,-0.7999999999999998
-1.1302866332551766,-0.6224054631282083,-0.5078811701269684,-1.1659824645205408,1,-2.480873010401496,train,4,-0.7999999999999998,0.0
1.409070425434896,-0.10341415505809885,1.512484580492995,-0.2064598533991414,0,-0.5161496334978535,train,4,-0.7999999999999998,0.0
-1.3740563446104228,-0.6346246757284587,-0.7394316688819641,-1.185750619269867,0,-2.9643765481746676,train,4,-0.7999999999999998,0.0
0.37106068276421716,-0.06511127364966275,0.4361719564138799,-0.1301305541985126,0,-0.3253263854962815,train,4,-0.7999999999999998,0.0
-0.38169791450276236,-0.4092710489641366,0.027573134461374223,-0.795881371930776,0,-1.98970342982694,train,4,-0.7999999999999998,0.0
-0.6028844969846001,-0.31060490967788335,-0.2922795873067168,-0.6112693127768694,1,-3.692988077239736,train,4,-0.7999999999999998,0.0
0.3024057018782361,-0.1872737148157475,0.4896794166939836,-0.37236194567419995,0,-0.9309048641854999,train,4,-0.7999999999999998,0.0
-0.554123682428646,-0.3852656097016453,-0.1688580727270006,-0.7516105803044502,1,-3.431272566309599,train,4,-0.7999999999999998,0.0
-1.9639326913053643,-0.5625595987390223,-1.4013730925663421,-1.066706177244609,1,-2.7360743360978694,train,4,-0.7999999999999998,0.0
-1.3501900868971024,-0.6498230170709985,-0.7003670698261037,-1.2100910060325267,0,-3.025227515081317,train,4,-0.7999999999999998,0.0
-0.4608121420363083,-0.7354069849881,0.27459484295179165,-1.3417780281459335,1,-1.9755411700588974,train,4,-0.7999999999999998,0.0
1.1335316040009373,-0.20924776304082396,1.3427793670417614,-0.4154482598692189,1,-4.015097954983563,train,4,-0.7999999999999998,0.0
-1.335708142568843,-0.4469526216832374,-0.8887555208856057,-0.864439031455669,1,-3.2005446161040014,train,4,-0.7999999999999998,0.0
-0.6835192964664945,-0.6733521058298789,-0.010167190636615517,-1.2472198928104807,0,-3.118049732026202,train,4,-0.7999999999999998,0.0
0.7743897510721686,-0.09605037503897688,0.8704401261111454,-0.19180550980038572,1,-4.325982907081697,train,4,-0.7999999999999998,0.0
-0.21660863892110838,-0.5807308304062202,0.3641221914851118,-1.0972702054446204,1,-2.6595809233058625,train,4,-0.7999999999999998,0.0
-0.6939844911823009,-0.46861198473515886,-0.225372506447142,-0.9032966782411264,0,-2.2582416956028157,train,4,-0.7999999999999998,0.0
-1.4162907832721492,-0.5631360538130815,-0.8531547294590677,-1.067681238250814,0,-2.669203095627035,train,4,-0.7999999999999998,0.0
-1.3656604517006254,-0.2969696728964133,-1.0686907788042121,-0.5852477443468017,0,-1.4631193608670043,train,4,-0.7999999999999998,0.0
-0.7848732242362123,-0.33612975184836386,-0.44874347238784845,-0.6596718182587717,1,-3.6057570407812767,train,4,-0.7999999999999998,0.0
-0.5411023612910664,-0.3200566427000099,-0.22104571859105648,-0.6292406547369745,0,-1.5731016368424364,train,4,-0.7999999999999998,0.0
-1.9368155830376814,-0.587344705971594,-1.3494708770660873,-1.108305344695525,1,-2.631519907990655,train,4,-0.7999999999999998,0.0
-1.5884563199922224,-0.5722512954869088,-1.0162050245053136,-1.0830520949645503,0,-2.707630237411376,train,4,-0.7999999999999998,0.0
-0.414940356196026,-0.5971294353809699,0.18218907918494384,-1.1245419421370233,1,-2.5897949954030732,train,4,-0.7999999999999998,0.0
-0.7833442446716785,-0.5379488418490126,-0.24539540282266598,-1.0247512303698183,0,-2.561878075924546,train,4,-0.7999999999999998,0.0
-1.1375669137240147,-0.6846685594772635,-0.4528983542467514,-1.264832605833687,1,-2.205949190102067,train,4,-0.7999999999999998,0.0
-0.9120212101602951,-0.6675097110389857,-0.24451149912130948,-1.2380642421573453,1,-2.2826136123443646,train,4,-0.7999999999999998,0.0
-0.5164304334094291,-0.02885557674564651,-0.48757485666378253,-0.0577031450141211,0,-0.14425786253530273,train,4,-0.7999999999999998,0.0
0.5246910969787381,-0.031818627771444945,0.556509724750183,-0.06362651809426326,1,-4.4779909039470915,train,4,-0.7999999999999998,0.0
0.3347041642080041,-0.6492682755232517,0.9839724397312558,-1.2092074595448399,0,-3.0230186488620996,train,4,-0.7999999999999998,0.0
0.4636145664976453,-0.7805547506964102,1.2441693171940555,-1.4073473814878985,0,-3.5183684537197464,train,4,-0.7999999999999998,0.0
-0.21047684701975283,-0.6363555628960393,0.4258787158762865,-1.1885365886903239,0,-2.9713414717258098,train,4,-0.7999999999999998,0.0
0.20816644662706454,-0.24012510869875395,0.4482915553258185,-0.4756482947932374,1,-3.921191531562286,train,4,-0.7999999999999998,0.0
0.7014689562484384,-0.17638833155557615,0.8778572878040146,-0.35095019257677723,0,-0.8773754814419431,train,4,-0.7999999999999998,0.0
0.2614157624938732,-0.7816535260487346,1.0430692885426078,-1.4089079425666238,0,-3.5222698564165595,train,4,-0.7999999999999998,0.0
0.5412532171636892,-0.3378697134961951,0.8791229306598843,-0.6629559988348394,0,-1.6573899970870984,train,4,-0.7999999999999998,0.0
-0.07131621850055603,-0.7986862618271636,0.7273700433266076,-1.4328803638365046,0,-3.5822009095912617,train,4,-0.7999999999999998,0.0
-0.7684134102456535,-0.3876219104756851,-0.3807914997699683,-0.7559756512180051,0,-1.8899391280450129,train,4,-0.7999999999999998,0.0
-1.2479829614282583,-0.2881638590953142,-0.959819102332944,-0.5683845465710861,0,-1.4209613664277152,train,4,-0.7999999999999998,0.0
0.5147912095553968,-0.011500477756648928,0.5262916873120458,-0.02300044849513153,1,-4.522257566299594,train,4,-0.7999999999999998,0.0
-0.649021392070741,-0.5927219228711152,-0.05629946919962583,-1.1172414311171797,1,-2.6086208305138374,train,4,-0.7999999999999998,0.0
-0.19140511260245213,-0.1580024917897038,-0.03340262081274833,-0.314691790957673,1,-4.1624590751096076,train,4,-0.7999999999999998,0.0
-0.6372659708657956,-0.10361353039881346,-0.5336524404669821,-0.2068564696569868,0,-0.5171411741424671,train,4,-0.7999999999999998,0.0
-0.84237117986079,-0.06180030884346407,-0.7805708710173259,-0.12352195518657616,1,-4.409299570296526,train,4,-0.7999999999999998,0.0
0.04307134225146292,-0.798228629974045,0.8412999722255079,-1.4322416814414451,1,-1.6832832407021359,train,4,-0.7999999999999998,0.0
-0.14534870636572095,-0.42440930259393805,0.2790605962282171,-0.8235651232483091,1,-3.286322431484474,train,4,-0.7999999999999998,0.0
-0.6538445815443955,-0.014825009915191598,-0.6390195716292039,-0.02964893375755046,0,-0.07412233439387615,train,4,-0.7999999999999998,0.0
-0.24659179205078735,-0.48084415687771953,0.23425236482693218,-0.9250555475700362,1,-3.0685399337876467,train,4,-0.7999999999999998,0.0
0.034346085394531295,-0.14901401793046545,0.18336010332499675,-0.2969262988778241,1,-4.187190343774202,train,4,-0.7999999999999998,0.0
-0.049725107432219195,-0.3628348016220177,0.3131096941897985,-0.7098517922018257,1,-3.5119790850958656,train,4,-0.7999999999999998,0.0
1.1566457579591194,-0.18331673028782033,1.3399624882469396,-0.364583453785947,1,-4.091007794241162,train,4,-0.7999999999999998,0.0
-0.43287640074762856,-0.4120551400092335,-0.020821260738395103,-0.800986593141878,1,-3.332624653275915,train,4,-0.7999999999999998,0.0
-1.5444846584205805,-0.7767107490618257,-0.7677739093587548,-1.4018744918962136,1,-1.7841948810077632,train,4,-0.7999999999999998,0.0
-0.7088538643858839,-0.7307794492782358,0.02192558489235187,-1.334900516039163,0,-3.337251290097907,train,4,-0.7999999999999998,0.0
-1.0986509014118644,-0.7108369500975812,-0.38781395131428326,-1.3049365073870396,0,-3.262341268467599,train,4,-0.7999999999999998,0.0
-0.26986320853361745,-0.5990039106475618,0.3291407021139443,-1.1276401707907415,1,-2.5817732685255557,train,4,-0.7999999999999998,0.0
0.0982577076380654,-0.028067765978908005,0.1263254736169734,-0.056128161657591026,0,-0.14032040414397756,train,4,-0.7999999999999998,0.0
-0.08668610752421188,-0.2945871578098036,0.20790105028559172,-0.5806896341323724,1,-3.7465035869719943,train,4,-0.7999999999999998,0.0
-0.48690253886802626,-0.14667183790771046,-0.3402307009603158,-0.2922930409841473,1,-4.193579237250022,train,4,-0.7999999999999998,0.0
-0.09892711811992516,-0.34713440312579485,0.2482072850058697,-0.6804090795065191,0,-1.7010226987662977,train,4,-0.7999999999999998,0.0
-0.597868669180257,-0.29171503553448547,-0.30615363364577164,-0.575190452108314,1,-3.7559981474677286,train,4,-0.7999999999999998,0.0
0.15987752577405712,-0.15047808705567145,0.31035561282972857,-0.29982166806128974,1,-4.183185052749796,train,4,-0.7999999999999998,0.0
-0.2392569848353889,-0.05865390780490055,-0.18060307703048836,-0.11724056520593158,1,-4.416695553718463,train,4,-0.7999999999999998,0.0
-0.7409424478057964,-0.06989858903697346,-0.671043858768823,-0.1396833687408997,1,-4.3900630330214625,train,4,-0.7999999999999998,0.0
0.15896275052195866,-0.14015142364917962,0.2991141741711383,-0.279386110326971,0,-0.6984652758174276,train,4,-0.7999999999999998,0.0
-1.1482941362205463,-0.7246378142581417,-0.4236563219624046,-1.3257286067125833,1,-2.0248903212425047,train,4,-0.7999999999999998,0.0
0.3551673967967319,-0.5111612652289527,0.8663286620256846,-0.9783808106862438,0,-2.4459520267156094,train,4,-0.7999999999999998,0.0
-0.5058190180733741,-0.7715927745917356,0.2657737565183615,-1.394555649988506,1,-1.8080765957576974,train,4,-0.7999999999999998,0.0
-0.08229019239009466,-0.3629133211673544,0.28062312877725976,-0.7099986049857009,1,-3.511699628482029,train,4,-0.7999999999999998,0.0
-0.10227894922996697,-0.16308582331519658,0.06080687408522961,-0.32472770442032517,1,-4.14832357888941,train,4,-0.7999999999999998,0.0
-0.7946969460456104,-0.7590857575189222,-0.03561118852668817,-1.376516962832476,1,-1.8662368358559536,train,4,-0.7999999999999998,0.0
-2.0810844579931396,-0.6490658113655136,-1.432018646627626,-1.2088848986637903,0,-3.0222122466594756,train,4,-0.7999999999999998,0.0
0.22568454845658126,-0.507617785670268,0.7333023341268493,-0.9721935983762845,0,-2.4304839959407114,train,4,-0.7999999999999998,0.0
-1.0929145110816063,-0.6045673064336732,-0.4883472046479331,-1.1368122633223874,0,-2.8420306583059682,train,4,-0.7999999999999998,0.0
0.40982709276528717,-0.16393002166317436,0.5737571144284616,-0.32639358179634226,0,-0.8159839544908556,train,4,-0.7999999999999998,0.0
-0.9014303846392062,-0.5183240513869051,-0.3831063332523011,-0.9908500407095349,0,-2.4771251017738374,train,4,-0.7999999999999998,0.0
-0.37477370494599427,-0.2888978543517077,-0.08587585059428662,-0.5697918546492163,1,-3.765280985951611,train,4,-0.7999999999999998,0.0
-0.5397818580261058,-0.4052679584825921,-0.13451389954351362,-0.7885300550118133,0,-1.9713251375295333,train,4,-0.7999999999999998,0.0
-0.9562973490895705,-0.3332002050239547,-0.6230971440656159,-0.6541377867527312,0,-1.6353444668818278,train,4,-0.7999999999999998,0.0
-0.15158594749169557,-0.04856051842811872,-0.10302542906357685,-0.0970828707826886,1,-4.440125773459412,train,4,-0.7999999999999998,0.0
0.24063977142079113,-0.04516793438729633,0.28580770580808745,-0.09030515556992436,0,-0.2257628889248109,train,4,-0.7999999999999998,0.0
-0.9591530176058846,-0.7106460582531428,-0.24850695935274178,-1.3046471618028983,0,-3.2616179045072458,train,4,-0.7999999999999998,0.0
-0.8836060329979182,-0.12515602711182097,-0.7584500058860972,-0.24965908320680671,1,-4.251188338261224,train,4,-0.7999999999999998,0.0
-0.867106812203535,-0.523177478595238,-0.34392933360829697,-0.9992702034616271,1,-2.8987228823175855,train,4,-0.7999999999999998,0.0
-0.5694477921571517,-0.7193381817098837,0.1498903895527321,-1.3177739376385211,0,-3.294434844096303,train,4,-0.7999999999999998,0.0
0.19504850182264216,-0.4932727471463077,0.6883212489689499,-0.9470220299127459,0,-2.3675550747818646,train,4,-0.7999999999999998,0.0
0.10985021193472105,-0.39171616212860155,0.5015663740633226,-0.7635502967544929,0,-1.9088757418862323,train,4,-0.7999999999999998,0.0
0.14132465259516136,-0.031117534427896124,0.1724421870230575,-0.06222502562934351,1,-4.479549258912753,train,4,-0.7999999999999998,0.0
-1.100147687085495,-0.502789907737594,-0.5973577793479008,-0.963744087968524,1,-2.981173505518038,train,4,-0.7999999999999998,0.0
-0.24597079018015233,-0.7901044707197137,0.5441336805395613,-1.4208535995354459,0,-3.552133998838615,train,4,-0.7999999999999998,0.0
-0.09770804377777143,-0.11223449040944675,0.014526446631675329,-0.22399802059746762,1,-4.284841914685268,train,4,-0.7999999999999998,0.0
-0.8551004411823321,-0.7111114003677076,-0.14398904081462446,-1.3053524238796899,0,-3.2633810596992245,train,4,-0.7999999999999998,0.0
0.12873757353351373,-0.41732876481057196,0.5460663383440857,-0.8106398517316595,1,-3.3129214211333258,train,4,-0.7999999999999998,0.0
0.2506908764125215,-0.12001597409104511,0.37070685050356667,-0.23945613297836923,0,-0.5986403324459231,train,4,-0.7999999999999998,0.0
-0.088438800080262,-0.38820962639945666,0.29977082631919466,-0.7570637478183819,0,-1.8926593695459548,train,4,-0.7999999999999998,0.0
-1.1336402848274094,-0.44271373766214933,-0.6909265471652601,-0.8567863046568125,0,-2.141965761642031,train,4,-0.7999999999999998,0.0
-0.5259287037818303,-0.15961886339954423,-0.36630984038228603,-0.3178838532020093,1,-4.15797598835765,train,4,-0.7999999999999998,0.0
-1.8060181417534933,-0.7836868972414793,-1.0223312445120138,-1.4117913970341558,0,-3.5294784925853895,train,4,-0.7999999999999998,0.0
-0.22524265427394213,-0.34190508095376054,0.11666242667981841,-0.6705650196880838,0,-1.6764125492202095,train,4,-0.7999999999999998,0.0
-0.4539483582893281,-0.47089310737649864,0.01694474908717055,-0.9073647417355556,0,-2.268411854338889,train,4,-0.7999999999999998,0.0
0.5476457419468288,-0.01189056184335637,0.5595363037901852,-0.023780563306485175,1,-4.521425218847367,train,4,-0.7999999999999998,0.0
-0.03165278440933822,-0.1588787756711439,0.12722599126180567,-0.3164224069099691,0,-0.7910560172749227,train,4,-0.7999999999999998,0.0
-0.9775970594146228,-0.7568303182838824,-0.22076674113074052,-1.3732409775076797,0,-3.433102443769199,train,4,-0.7999999999999998,0.0
0.6192752613883498,-0.6476177812355978,1.2668930426239475,-1.2065764891228214,1,-2.37064660787427,train,4,-0.7999999999999998,0.0
-1.0558090198875216,-0.43806492334641955,-0.6177440965411021,-0.8483758097366334,0,-2.1209395243415834,train,4,-0.7999999999999998,0.0
-1.0394145238385417,-0.2376463383056174,-0.8017681855329244,-0.47083153830230434,1,-3.9288693632677054,train,4,-0.7999999999999998,0.0
-0.9007018950460792,-0.5343614803714579,-0.36634041467462125,-1.018583274254906,0,-2.546458185637265,train,4,-0.7999999999999998,0.0
-0.19719688637898314,-0.5120134438629538,0.31481655748397064,-0.9798669564884374,0,-2.4496673912210936,train,4,-0.7999999999999998,0.0
-0.27240842256185127,-0.0628235472326584,-0.20958487532919287,-0.1255644601553728,1,-4.406884919088004,train,4,-0.7999999999999998,0.0
-0.30153867300720283,-0.037095595418122324,-0.2644430775890805,-0.0741741764650705,0,-0.18543544116267627,train,4,-0.7999999999999998,0.0
-1.146623977596994,-0.47385141705828504,-0.672772560538709,-0.9126334385662102,0,-2.2815835964155253,train,4,-0.7999999999999998,0.0
0.8025637617399276,-0.08114307609222136,0.883706837832149,-0.16210812342203917,1,-4.362875900322833,train,4,-0.7999999999999998,0.0
-0.909820740948196,-0.5357973984323948,-0.3740233425158011,-1.0210537082453632,1,-2.8470799768687987,train,4,-0.7999999999999998,0.0
-1.3822303160837612,-0.7338091447360097,-0.6484211713477517,-1.339406534594201,0,-3.3485163364855026,train,4,-0.7999999999999998,0.0
-0.45214400324960125,-0.3786259476331268,-0.07351805561647445,-0.7392881716428137,0,-1.8482204291070343,train,4,-0.7999999999999998,0.0
-0.7559703445638639,-0.27132448723329167,-0.48464585733057225,-0.536015409209393,0,-1.3400385230234824,train,4,-0.7999999999999998,0.0
-0.22514629880498468,-0.0856125645157613,-0.1395337342892234,-0.17101603958882688,1,-4.351916084648479,train,4,-0.7999999999999998,0.0
0.7732162395870137,-0.02787396238852748,0.8010902019755411,-0.055740706093519304,0,-0.13935176523379827,train,4,-0.7999999999999998,0.0
-0.45192789450245474,-0.1840538584869482,-0.2678740360155065,-0.36603290908484115,1,-4.088887691952163,train,4,-0.7999999999999998,0.0
-0.22259391595546893,-0.1927207053685392,-0.029873210586929728,-0.3830598737719615,1,-4.0637940937445425,train,4,-0.7999999999999998,0.0
-0.45308762956495735,-0.23196076211644923,-0.22112686744850812,-0.45977242450715783,1,-3.9463888058052743,train,4,-0.7999999999999998,0.0
-0.3538014750059333,-0.23875773393490207,-0.11504374107103121,-0.47299156623860306,0,-1.1824789155965076,train,4,-0.7999999999999998,0.0
0.3056730569399603,-0.18613489510577322,0.49180795204573347,-0.3701238887367077,0,-0.9253097218417693,train,4,-0.7999999999999998,0.0
0.29845981768461516,-0.020520416891484844,0.31898023457610003,-0.041037953546531704,1,-4.502835396879084,train,4,-0.7999999999999998,0.0
-0.7059974076224498,-0.5010283860832244,-0.20496902153922536,-0.9606555572474835,0,-2.401638893118709,train,4,-0.7999999999999998,0.0
-1.2920967338853417,-0.7335564455692439,-0.5585402883160979,-1.3390311684753677,0,-3.347577921188419,train,4,-0.7999999999999998,0.0
-0.6888178448788024,-0.60828764831022,-0.08053019656858239,-1.1429261905040347,0,-2.8573154762600868,train,4,-0.7999999999999998,0.0
-0.12325762415100605,-0.6228137919656037,0.49955616781459766,-1.1666458840560225,0,-2.916614710140056,train,4,-0.7999999999999998,0.0
-0.5195321239279598,-0.5091201625567151,-0.010411961371244666,-0.9748183694666784,0,-2.437045923666696,train,4,-0.7999999999999998,0.0
-0.2283435474822692,-0.15174861431011855,-0.07659493317215064,-0.3023337647679247,1,-4.1797019718366695,train,4,-0.7999999999999998,0.0
-1.836673038636523,-0.75192306410692,-1.084749974529603,-1.3660891666954227,1,-1.899413973475819,train,4,-0.7999999999999998,0.0
0.1561762324402607,-0.44020515368275503,0.5963813861230157,-0.8522501384738174,0,-2.1306253461845435,train,4,-0.7999999999999998,0.0
-1.0441408933042757,-0.149463578013324,-0.8946773152909517,-0.29781542490547924,1,-4.1859614253127635,train,4,-0.7999999999999998,0.0
-1.3578737884046266,-0.5886093003674808,-0.7692644880371456,-1.1104097927490735,0,-2.7760244818726836,train,4,-0.7999999999999998,0.0
-0.9747036602898744,-0.749279214421305,-0.2254244458685694,-1.3622223844354175,0,-3.405555961088544,train,4,-0.7999999999999998,0.0
-0.5855275367345768,-0.606313862195252,0.020786325460675187,-1.139684478902951,0,-2.8492111972573775,train,4,-0.7999999999999998,0.0
-0.704896735749509,-0.7319436305998274,0.02704689485031845,-1.3366334364922383,1,-1.9914370755774111,train,4,-0.7999999999999998,0.0
-0.6120261874299251,-0.15377805172211834,-0.4582481357078067,-0.30634537069228013,0,-0.7658634267307003,train,4,-0.7999999999999998,0.0
-0.8516830438075129,-0.6637999394895341,-0.18788310431797886,-1.2322286817371357,0,-3.080571704342839,train,4,-0.7999999999999998,0.0
-1.0079180208957814,-0.643724299550049,-0.3641937213457325,-1.2003570753193902,0,-3.0008926882984754,train,4,-0.7999999999999998,0.0
-1.2340171280479209,-0.14828639075371172,-1.085730737294209,-0.2954870932639593,0,-0.7387177331598982,train,4,-0.7999999999999998,0.0
-0.3050822220166316,-0.15177157665400345,-0.15331064536262817,-0.3023791616212643,1,-4.179638959739224,train,4,-0.7999999999999998,0.0
-0.7447805055030944,-0.32850089741300587,-0.4162796080900885,-0.6452489005784091,0,-1.6131222514460228,train,4,-0.7999999999999998,0.0
0.18330612667806984,-0.06821252790603037,0.2515186545841002,-0.1363192839522775,1,-4.394091851548584,train,4,-0.7999999999999998,0.0
-0.839262802533528,-0.7521426905962921,-0.08712011193723594,-1.3664099538786838,1,-1.8983981171350552,train,4,-0.7999999999999998,0.0
0.5502780921455167,-0.028002687783734177,0.5782807799292509,-0.05599805641368209,1,-4.486446150403013,train,4,-0.7999999999999998,0.0
0.07451336642066758,-0.3432198265153553,0.4177331929360229,-0.6730417293787321,1,-3.5811073971829765,train,4,-0.7999999999999998,0.0
-0.018342232574146355,-0.5579855099996844,0.5396432774255381,-1.058956668609728,0,-2.64739167152432,train,4,-0.7999999999999998,0.0
0.5855915050898559,-0.13943533880131942,0.7250268438911753,-0.277967911752908,0,-0.6949197793822701,train,4,-0.7999999999999998,0.0
0.1434860468700611,-0.27246617571734294,0.41595222258740405,-0.5382149030565989,0,-1.3455372576414972,train,4,-0.7999999999999998,0.0
0.7452186877530325,0.7142881211488019,0.030930566604230558,1.310159431418674,1,-4.798189530334599,train,5,0.0,0.8000000000000007
0.13383149171925982,0.265583844240942,-0.1317523525216822,0.5249453743541743,1,-4.933220560419657,train,5,0.0,0.8000000000000007
0.3250293997582727,0.656983298446266,-0.3319538986879933,1.2214617899333273,1,-4.870850950052082,train,5,0.0,0.8000000000000007
-0.1909892213467829,0.03335730058019995,-0.22434652192698284,0.06670222952028318,1,-4.613352713462205,train,5,0.0,0.8000000000000007
-0.6245247712080692,0.08612534394877444,-0.7106501151568436,0.1720378197988178,1,-4.708618086284652,train,5,0.0,0.8000000000000007
0.15913774463797736,0.4760416513649926,-0.31690390672701524,0.9165290637482384,0,2.291322659370596,train,5,0.0,0.8000000000000007
0.02573355725312565,0.42385388975425764,-0.398120332501132,0.8225527206802119,1,-4.999928449713221,train,5,0.0,0.8000000000000007
0.07480405250607547,0.33504594284532374,-0.26024189033924827,0.657625116847383,1,-4.977852174747327,train,5,0.0,0.8000000000000007
0.0011798348299603134,0.2683262794186636,-0.2671464445887033,0.5302359613086216,1,-4.935435592977266,train,5,0.0,0.8000000000000007
0.4128400101947288,0.49801554575687257,-0.08517553556214377,0.9553661466119356,0,2.388415366529839,train,5,0.0,0.8000000000000007
0.6219537064293059,0.35051314088709956,0.27144056554220636,0.6867595856733257,1,-4.9845274868558285,train,5,0.0,0.8000000000000007
0.4030281454947532,0.5887056850789527,-0.1856775395841995,1.1105701165429216,0,2.776425291357304,train,5,0.0,0.8000000000000007
0.4689073079632881,0.41442912959941536,0.05447817836387276,0.8053349037903007,1,-4.999454292079969,train,5,0.0,0.8000000000000007
0.6252468335939794,0.4630868801809261,0.1621599534130533,0.893423988234455,0,2.2335599705861373,train,5,0.0,0.8000000000000007
0.32758898067137787,0.5162840767164755,-0.1886950960450976,0.9873039305829905,1,-4.981054484832827,train,5,0.0,0.8000000000000007
0.7051940709343663,0.7921794170987339,-0.0869853461643676,1.4237711133616202,0,3.5594277834040504,train,5,0.0,0.8000000000000007
0.8691088961601078,0.6558865575374737,0.2132223386226341,1.2197241729215484,0,3.049310432303871,train,5,0.0,0.8000000000000007
-0.688791004769419,0.3305607478529449,-1.0193517526223639,0.6491469372685024,1,-4.975693652049069,train,5,0.0,0.8000000000000007
1.0953686659235866,0.7010141241653025,0.39435454175828405,1.2899860015547937,0,3.224965003886984,train,5,0.0,0.8000000000000007
0.37558216833170377,0.6590075460564176,-0.2834253777247139,1.2246650384946975,0,3.0616625962367436,train,5,0.0,0.8000000000000007
-2.1705617884784063,0.04357960625788375,-2.21414139473629,0.08713162659965575,1,-4.6328193908459046,train,5,0.0,0.8000000000000007
0.8952147390746044,0.5749097892513559,0.3203049498232485,1.087518168610059,0,2.7187954215251473,train,5,0.0,0.8000000000000007
-0.07907438677818113,0.6417364499395809,-0.720810836717762,1.1971746788874196,0,2.992936697218549,train,5,0.0,0.8000000000000007
1.1241169548784797,0.5891253150491517,0.534991639829328,1.1112679977396147,0,2.778169994349037,train,5,0.0,0.8000000000000007
-0.023531357638856942,0.5673054006249344,-0.5908367582637913,1.074723013081978,1,-4.952395514155011,train,5,0.0,0.8000000000000007
0.3063732995950106,0.4327494834420229,-0.12637618384701232,0.8387368197177418,1,-4.999968568107342,train,5,0.0,0.8000000000000007
0.4995540940484072,0.09985933950448792,0.3996947545439193,0.19938691576148856,0,0.4984672894037214,train,5,0.0,0.8000000000000007
0.2883688873681343,0.7661178363757354,-0.47774894900760106,1.3866859063056698,1,-4.718896310057148,train,5,0.0,0.8000000000000007
-0.27464685563493335,0.3226050389879362,-0.5972518946228695,0.634076571465021,1,-4.971618718578243,train,5,0.0,0.8000000000000007
0.10508463240921714,0.17356092825884822,-0.06847629584963108,0.34538173133035915,0,0.8634543283258979,train,5,0.0,0.8000000000000007
1.3959295911335776,0.5738206771626561,0.8221089139709216,1.0856894681651454,0,2.7142236704128635,train,5,0.0,0.8000000000000007
1.4551579546748343,0.7953659507375508,0.6597920039372835,1.4282396537113187,1,-4.668541280820865,train,5,0.0,0.8000000000000007
1.0448401186038947,0.20449124448066822,0.8403488741232265,0.40613806180352724,1,-4.874291128714068,train,5,0.0,0.8000000000000007
0.7678723722396933,0.5370475455514248,0.2308248266882685,1.0232028173269774,0,2.5580070433174433,train,5,0.0,0.8000000000000007
0.7721751992429478,0.47920473051129364,0.29297046873165417,0.9221472591803611,1,-4.993751037755615,train,5,0.0,0.8000000000000007
1.2160515550203708,0.573865716444411,0.6421858385759599,1.0857651180209669,1,-4.947773407784298,train,5,0.0,0.8000000000000007
1.091011669205505,0.7498796277159243,0.3411320414895807,1.3631013600497397,0,3.4077534001243492,train,5,0.0,0.8000000000000007
-0.20153152871676727,0.2814478148317619,-0.48297934354852917,0.5554935775037602,0,1.3887339437594004,train,5,0.0,0.8000000000000007
0.6724855101406447,0.20290727797711697,0.4695782321635278,0.4030356263134099,0,1.0075890657835247,train,5,0.0,0.8000000000000007
0.02592688226052231,0.3219780072294187,-0.2960511249688964,0.6328870770770761,0,1.5822176926926903,train,5,0.0,0.8000000000000007
0.10527699679208524,0.5972085737479885,-0.4919315769559033,1.1246728260441903,1,-4.929601703887492,train,5,0.0,0.8000000000000007
0.6624846671827193,0.5792564539293511,0.08322821325336814,1.0948036736842703,0,2.7370091842106756,train,5,0.0,0.8000000000000007
0.27705084748252806,0.32488623684671175,-0.04783538936418371,0.6384019521122494,1,-4.972819343210752,train,5,0.0,0.8000000000000007
1.3151031709003698,0.7915038786240026,0.5235992922763671,1.4228219333160328,0,3.557054833290082,train,5,0.0,0.8000000000000007
0.5275095056775367,0.3603994245961331,0.1671100810814036,0.7052960507501066,0,1.7632401268752664,train,5,0.0,0.8000000000000007
0.04252266773478314,0.2990467472802826,-0.25652407954549944,0.5892187908490547,1,-4.957707692740885,train,5,0.0,0.8000000000000007
0.531647320998767,0.5677028849353621,-0.03605556393659515,1.0753933665481372,1,-4.952121528198358,train,5,0.0,0.8000000000000007
-0.27512613225383664,0.06596684264936685,-0.3410929749032035,0.13183801847728005,0,0.3295950461932001,train,5,0.0,0.8000000000000007
0.12450295292364791,0.31869833504902684,-0.19419538212537893,0.6266614160021833,1,-4.969502479416589,train,5,0.0,0.8000000000000007
1.3763667958297838,0.6167047730463043,0.7596620227834794,1.1567001931503633,1,-4.912365540433176,train,5,0.0,0.8000000000000007
0.8599387926688065,0.6118007868003742,0.24813800586843227,1.148685083555395,0,2.8717127088884875,train,5,0.0,0.8000000000000007
0.0030614332603689787,0.22708750684615808,-0.2240260735857891,0.450281527825034,0,1.125703819562585,train,5,0.0,0.8000000000000007
-0.040466023994105954,0.15163375229630457,-0.19209977629041053,0.3021066786759517,0,0.7552666966898792,train,5,0.0,0.8000000000000007
0.021083270488838568,0.37700077178825236,-0.3559175012994138,0.7362670562646354,1,-4.993188689736104,train,5,0.0,0.8000000000000007
0.1552503627494501,0.26784483560209904,-0.11259447285264897,0.529307468250353,0,1.3232686706258825,train,5,0.0,0.8000000000000007
-0.3040472227054488,0.5877880349709212,-0.8918352576763701,1.1090433032202736,1,-4.937259155139025,train,5,0.0,0.8000000000000007
0.5184223419204882,0.15128569242789164,0.36713664949259656,0.30141852820042686,0,0.7535463205010672,train,5,0.0,0.8000000000000007
0.10297682109471903,0.26488325929687034,-0.1619064382021513,0.5235932015758825,1,-4.932648755775363,train,5,0.0,0.8000000000000007
1.0908785999746111,0.6753827366580557,0.41549586331655547,1.2503921522400534,0,3.1259803806001334,train,5,0.0,0.8000000000000007
1.0688192228836266,0.4920192274579013,0.5767999954257255,0.944813116518496,0,2.3620327912962398,train,5,0.0,0.8000000000000007
0.8972626469309277,0.708211263789898,0.18905138314102973,1.300952439202,0,3.252381098005,train,5,0.0,0.8000000000000007
0.1724431144869668,0.7812424163261431,-0.6087993018391763,1.4083242535377687,0,3.520810633844422,train,5,0.0,0.8000000000000007
-0.06401855526619649,0.6695268743257466,-0.7335454295919431,1.241230142786053,0,3.1030753569651326,train,5,0.0,0.8000000000000007
0.6383472579118068,0.14465970086875157,0.49368755704305517,0.28831138670105505,1,-4.7989488422119075,train,5,0.0,0.8000000000000007
0.996613316916753,0.49472840676367114,0.5018849101530819,0.9495852804085274,1,-4.9892701131102895,train,5,0.0,0.8000000000000007
-0.4459695276382294,0.38088709861867565,-0.826856626256905,0.7434882809471282,0,1.8587207023678203,train,5,0.0,0.8000000000000007
-0.24393196042259924,0.3233253237381828,-0.567257284160782,0.635442661331331,1,-4.972000609075418,train,5,0.0,0.8000000000000007
1.2482788333676345,0.5935069500392078,0.6547718833284267,1.1185433262639537,1,-4.932662771629949,train,5,0.0,0.8000000000000007
0.7052052709038935,0.6607466313353475,0.04445863956854598,1.2274130279596058,1,-4.866567381791491,train,5,0.0,0.8000000000000007
1.7650400738632308,0.5465838643901137,1.218456209473117,1.0395436906891922,1,-4.965594257862318,train,5,0.0,0.8000000000000007
0.4215541079583267,0.11141728439277801,0.3101368235655487,0.22237381714950966,1,-4.749647099552169,train,5,0.0,0.8000000000000007
1.1195744637318494,0.5622600459187295,0.5573144178131199,1.0661993502973812,1,-4.955805263919185,train,5,0.0,0.8000000000000007
-0.003432775434484614,0.0470698321313105,-0.05050260756579512,0.09410490595816072,1,-4.639355183056047,train,5,0.0,0.8000000000000007
-0.11500703881197955,0.15413237980097283,-0.2691394186129524,0.30704564506353976,0,0.7676141126588494,train,5,0.0,0.8000000000000007
-0.13012174458896186,0.7398350119641577,-0.8699567565531195,1.3483321279484972,1,-4.760703923814386,train,5,0.0,0.8000000000000007
-1.300076508003985,0.3240819658911936,-1.6241584738951786,0.6368773514690802,1,-4.972398997919935,train,5,0.0,0.8000000000000007
0.7880494927826533,0.11863322608075466,0.6694162667018987,0.23671030189136036,0,0.5917757547284009,train,5,0.0,0.8000000000000007
1.0222916590670188,0.5458297045396675,0.47646195452735135,1.038254829952551,0,2.5956370748813775,train,5,0.0,0.8000000000000007
-0.17176918889602674,0.13079100061169488,-0.3025601895077216,0.2608368560949924,0,0.6520921402374811,train,5,0.0,0.8000000000000007
1.1500861530184796,0.5185801928532089,0.6315059601652706,0.9912950031317331,0,2.478237507829333,train,5,0.0,0.8000000000000007
-0.6789407176839892,0.2012913145363826,-0.8802320322203718,0.39986947804413686,0,0.9996736951103422,train,5,0.0,0.8000000000000007
0.9775628956892588,0.033100401040721414,0.9444624946485374,0.06618871407394208,0,0.16547178518485522,train,5,0.0,0.8000000000000007
1.0503805105654362,0.7669780802527797,0.28340243031265666,1.3879251898986602,1,-4.717472682910889,train,5,0.0,0.8000000000000007
1.0591344092817292,0.052976384650745306,1.0061580246309838,0.10590321689473309,0,0.26475804223683275,train,5,0.0,0.8000000000000007
-0.6043743931219387,0.41035214886851107,-1.0147265419904499,0.7978645326445072,0,1.994661331611268,train,5,0.0,0.8000000000000007
1.1297217375006643,0.273037272975937,0.8566844645247272,0.5393148743705964,0,1.348287185926491,train,5,0.0,0.8000000000000007
1.0851441297960216,0.5280078549163186,0.5571362748797029,1.0076270046759224,1,-4.975614182282008,train,5,0.0,0.8000000000000007
0.8792239336066602,0.675541869695032,0.20368206391162816,1.2506405328049595,1,-4.849059342004331,train,5,0.0,0.8000000000000007
-0.038175986991474675,0.48309324536568493,-0.5212692323571596,0.9290413098241161,0,2.3226032745602905,train,5,0.0,0.8000000000000007
0.6826735507315763,0.46977095278058867,0.21290259795098762,0.9053641245274499,1,-4.995886303776623,train,5,0.0,0.8000000000000007
0.25131170723490515,0.09362642842771356,0.15768527880719158,0.1869794031806565,1,-4.721101860063534,train,5,0.0,0.8000000000000007
0.20293939409625839,0.568360268354222,-0.36542087425796366,1.0765016644429335,0,2.6912541611073335,train,5,0.0,0.8000000000000007
-0.6590126480097462,0.1636186062761064,-0.8226312542858526,0.3257790851630568,1,-4.824695506308528,train,5,0.0,0.8000000000000007
-0.24888063025255475,0.39229423460572804,-0.6411748648582828,0.7646187421423216,1,-4.996594619979688,train,5,0.0,0.8000000000000007
-0.2891336085827641,0.02928682434880863,-0.31842043293157274,0.058565275777118064,1,-4.605466856996154,train,5,0.0,0.8000000000000007
0.9344882221384245,0.252322860471017,0.6821653616674075,0.49930787627747364,0,1.248269690693684,train,5,0.0,0.8000000000000007
1.402659238378259,0.6904243256794741,0.7122349126987849,1.2737287687930345,0,3.1843219219825865,train,5,0.0,0.8000000000000007
1.4613107917759767,0.4467732945793355,1.0145374971966412,0.8641155945183239,0,2.16028898629581,train,5,0.0,0.8000000000000007
0.7315350803100915,0.43736626102118886,0.29416881928890265,0.8471102216366472,0,2.117775554091618,train,5,0.0,0.8000000000000007
-0.5730583830482676,0.29425972714729004,-0.8673181101955577,0.5800629517473549,1,-4.954544369826641,train,5,0.0,0.8000000000000007
0.21666486231036552,0.6625253480791583,-0.4458604857687928,1.2302198003557594,0,3.0755495008893985,train,5,0.0,0.8000000000000007
-0.4713462828545112,0.2210803675461114,-0.6924266504006226,0.4385676469004268,1,-4.892102038529563,train,5,0.0,0.8000000000000007
-0.054077767583813385,0.10052667333329932,-0.1546044409171127,0.20071488987367822,0,0.5017872246841956,train,5,0.0,0.8000000000000007
1.2763132897070184,0.4502248635941414,0.8260884261128769,0.8703360017691474,0,2.1758400044228683,train,5,0.0,0.8000000000000007
0.10648276532551534,0.21387120429915527,-0.10738843897363992,0.42448897171980027,1,-4.884527044133863,train,5,0.0,0.8000000000000007
0.36164999431796097,0.6200279426450872,-0.25837794832712624,1.1621158044546542,1,-4.90924115461303,train,5,0.0,0.8000000000000007
0.46096856032785827,0.14352507643163137,0.3174434838962269,0.28606565498741576,0,0.7151641374685394,train,5,0.0,0.8000000000000007
1.066623815669798,0.626605337069997,0.440018478599801,1.1727967752208392,1,-4.902897392884096,train,5,0.0,0.8000000000000007
1.0664265669171233,0.48639705666743455,0.5800295102496889,0.9348876902354867,1,-4.991824521140766,train,5,0.0,0.8000000000000007
-0.5277653603358755,0.033399100922842644,-0.5611644612587181,0.0667857836399451,1,-4.613433298245627,train,5,0.0,0.8000000000000007
-0.07790485286621518,0.44902010575328144,-0.5269249586194966,0.868165964984015,0,2.1704149124600374,train,5,0.0,0.8000000000000007
0.2610732316209475,0.5345101878615541,-0.27343695624060665,1.0188392165382183,1,-4.972301955493758,train,5,0.0,0.8000000000000007
1.196559629092406,0.7507140853332682,0.4458455437591379,1.3643221489576511,0,3.410805372394128,train,5,0.0,0.8000000000000007
0.74478339197113,0.6288046870495712,0.11597870492155882,1.1763569831005019,1,-4.900728830716399,train,5,0.0,0.8000000000000007
0.017550371922713803,0.6003443772166704,-0.5827940052939566,1.1298533333784475,0,2.8246333334461187,train,5,0.0,0.8000000000000007
1.5357640912686195,0.39764078066764297,1.1381233106009765,0.7744885513734655,1,-4.997509666289533,train,5,0.0,0.8000000000000007
-0.29179636809004744,0.03418600132230217,-0.3259823694123496,0.06835868589349335,1,-4.614948819668901,train,5,0.0,0.8000000000000007
0.5792171887498075,0.6534939971565953,-0.07427680840678776,1.2159284410923583,1,-4.8747609741222,train,5,0.0,0.8000000000000007
-0.0470483125153993,0.010898995353471285,-0.05794730786887059,0.021797559152523474,0,0.054493897881308685,train,5,0.0,0.8000000000000007
-0.0519758155031933,0.44003294857208436,-0.49200876407527766,0.851938550220373,1,-4.999706819852763,train,5,0.0,0.8000000000000007
0.43209138161689,0.45343741706004137,-0.021346035443151397,0.8761163410178359,0,2.1902908525445897,train,5,0.0,0.8000000000000007
0.1241449116869319,0.0903346678297172,0.0338102438572147,0.18042371499626703,0,0.4510592874906676,train,5,0.0,0.8000000000000007
0.2074138657624784,0.05022099186501143,0.15719287389746697,0.10039976746236137,1,-4.6452074963576235,train,5,0.0,0.8000000000000007
0.6491227178212255,0.45977937997361956,0.18934333784760596,0.887500818074589,1,-4.997662997464404,train,5,0.0,0.8000000000000007
0.06871400600342514,0.38838821263255213,-0.319674206629127,0.7573943303843167,1,-4.995835823586204,train,5,0.0,0.8000000000000007
-0.314043781415273,0.24113767770811204,-0.555181459123385,0.47761508383857704,1,-4.9118382615609715,train,5,0.0,0.8000000000000007
0.6881883110283357,0.031836446437302816,0.6563518645910329,0.06366213737733413,1,-4.6104152542164005,train,5,0.0,0.8000000000000007
0.3763052899326659,0.5071153091792909,-0.13081001924662503,0.9713152422736958,0,2.4282881056842394,train,5,0.0,0.8000000000000007
0.7581111026181145,0.09946854656043502,0.6586425560576795,0.1986092083741795,1,-4.730640703527085,train,5,0.0,0.8000000000000007
0.28133642893369365,0.009284675532309902,0.27205175340138377,0.018569084270000164,1,-4.565609834311762,train,5,0.0,0.8000000000000007
1.831010433022238,0.22133327094282526,1.6096771620794128,0.4390611288880972,0,1.0976528222202429,train,5,0.0,0.8000000000000007
0.18369167921724472,0.24123643207532922,-0.057544752858084504,0.4778068757072045,1,-4.911930552867398,train,5,0.0,0.8000000000000007
-0.8482510284517828,0.1442541052026755,-0.9925051336544582,0.28750864455403846,1,-4.798379153844506,train,5,0.0,0.8000000000000007
-0.13564801513528593,0.053582370465173716,-0.18923038560045966,0.10711346870483406,0,0.2677836717620851,train,5,0.0,0.8000000000000007
1.3503747321205424,0.6233871628208222,0.7269875692997202,1.16757712209456,1,-4.90602777446496,train,5,0.0,0.8000000000000007
1.4613052978286336,0.32059877938265324,1.1407065184459804,0.6302697735759022,0,1.5756744339397555,train,5,0.0,0.8000000000000007
1.247136791684924,0.19665188104540246,1.0504849106395215,0.39077368781799554,1,-4.865407371486081,train,5,0.0,0.8000000000000007
0.8203717905141779,0.41901775028480126,0.40135404022937654,0.8137267502912687,0,2.0343168757281718,train,5,0.0,0.8000000000000007
1.166223005087744,0.2039885551145722,0.9622344499731719,0.4051535794432031,0,1.012883948608008,train,5,0.0,0.8000000000000007
0.09361255974343963,0.6815267694435424,-0.5879142097001028,1.2599589299168026,1,-4.841675322599725,train,5,0.0,0.8000000000000007
0.056068180480430274,0.38680286247226253,-0.33073468199183226,0.7544588312274848,1,-4.995506101455188,train,5,0.0,0.8000000000000007
-0.04809189559239535,0.4985199609088605,-0.5466118565012559,0.9562523149732113,1,-4.9879929393773885,train,5,0.0,0.8000000000000007
1.1512963617302918,0.7784580039034136,0.3728383578268782,1.4043647152447332,0,3.510911788111833,train,5,0.0,0.8000000000000007
1.0833162185337293,0.28379802363348733,0.799518194900242,0.5600075156920158,1,-4.94723605584706,train,5,0.0,0.8000000000000007
0.2219321136490402,0.17971650737656455,0.04221560627247564,0.35750130761182164,0,0.8937532690295541,train,5,0.0,0.8000000000000007
1.0540641161371807,0.7829710445011774,0.2710930716360034,1.4107769357849185,0,3.526942339462296,train,5,0.0,0.8000000000000007
0.2165782886940577,0.46965953680065065,-0.25308124810659294,0.905165425889791,0,2.2629135647244776,train,5,0.0,0.8000000000000007
0.5873380173768883,0.7853451109900013,-0.19800709361311297,1.414138532948809,0,3.5353463323720224,train,5,0.0,0.8000000000000007
0.8733873029114632,0.774932864252356,0.09845443865910725,1.3993362211590048,0,3.498340552897512,train,5,0.0,0.8000000000000007
1.5146650562194006,0.564083148577111,0.9505819076422897,1.0692824576398845,1,-4.954587727273329,train,5,0.0,0.8000000000000007
0.8743934746235027,0.8610466314991664,0.01334684312433628,1.5170500185829607,1,-4.540979654792017,train,6,0.8000000000000007,1.6000000000000005
1.1664938776584972,1.4239350337920922,-0.25744115613359503,1.978470498503818,0,4.946176246259545,train,6,0.8000000000000007,1.6000000000000005
0.7618642094172994,1.1507273851527153,-0.3888631757354159,1.8261216529342938,1,-3.754000722470578,train,6,0.8000000000000007,1.6000000000000005
2.42731848587394,1.3787721422647536,1.0485463436091864,1.9632398766622965,0,4.908099691655742,train,6,0.8000000000000007,1.6000000000000005
1.3481597207803446,1.5823916095972828,-0.23423188881693813,1.9998655509231391,1,-2.027877683578362,train,6,0.8000000000000007,1.6000000000000005
0.723243114051663,1.2307966963283477,-0.5075535822766847,1.8855095775258357,0,4.713773943814589,train,6,0.8000000000000007,1.6000000000000005
1.5831640706154153,1.200896370927951,0.3822676996874642,1.8647270368852236,0,4.661817592213059,train,6,0.8000000000000007,1.6000000000000005
0.9360146930451618,0.8576409066878099,0.07837378635735189,1.5126025892749575,1,-4.548080555930614,train,6,0.8000000000000007,1.6000000000000005
0.9692628642979468,1.0147511840814976,-0.045488319783550696,1.6986984904730629,1,-4.167048128871064,train,6,0.8000000000000007,1.6000000000000005
1.668687087290744,1.1999060006604485,0.46878108663029544,1.8640100409199671,1,-3.587107888503657,train,6,0.8000000000000007,1.6000000000000005
1.6365592464323642,1.343383996896753,0.2931752495356113,1.948506130234976,1,-3.0522000764264674,train,6,0.8000000000000007,1.6000000000000005
1.6603052294541565,1.442991228883501,0.2173140005706556,1.9836880785315527,0,4.959220196328882,train,6,0.8000000000000007,1.6000000000000005
1.6832731971536767,1.1047529065188313,0.5785202906348454,1.7867063713701115,0,4.4667659284252785,train,6,0.8000000000000007,1.6000000000000005
1.0229309318255988,0.8527490775247247,0.17018185430087412,1.5061838176326725,0,3.7654595440816814,train,6,0.8000000000000007,1.6000000000000005
0.6603633099921118,1.0305164794463955,-0.3701531694542836,1.715129536372279,1,-4.122968188714897,train,6,0.8000000000000007,1.6000000000000005
1.3103054851238574,1.5276748221756915,-0.21736933705183412,1.998140823955431,0,4.995352059888577,train,6,0.8000000000000007,1.6000000000000005
0.6581248816813459,0.9707082828639331,-0.31258340118258715,1.6505717967358098,0,4.126429491839525,train,6,0.8000000000000007,1.6000000000000005
1.2875324036401075,1.1616991694541472,0.12583323418596035,1.8349606609788482,0,4.58740165244712,train,6,0.8000000000000007,1.6000000000000005
0.8981738792007946,1.544964815751218,-0.6467909365504233,1.9993327701401418,0,4.998331925350355,train,6,0.8000000000000007,1.6000000000000005
-0.2795361979968666,0.8199193820402791,-1.0994555800371457,1.4621816561383878,0,3.6554541403459693,train,6,0.8000000000000007,1.6000000000000005
1.333332088730336,1.2804391339712986,0.052892954759037415,1.9162833486051543,0,4.790708371512886,train,6,0.8000000000000007,1.6000000000000005
0.7581912703575004,1.560103600330917,-0.8019123299734165,1.9998856666901252,0,4.9997141667253135,train,6,0.8000000000000007,1.6000000000000005
-0.18694455591030257,0.9842423032167725,-1.171186859127075,1.665705897339588,0,4.16426474334897,train,6,0.8000000000000007,1.6000000000000005
1.462790405678838,1.238791935388825,0.22399847029001294,1.890781868999799,1,-3.4489829545910005,train,6,0.8000000000000007,1.6000000000000005
1.100670782235261,1.5273026999093855,-0.42663191767412434,1.9981086026108876,0,4.995271506527219,train,6,0.8000000000000007,1.6000000000000005
1.2042108099508464,0.9065355566074008,0.2976752533434455,1.5747454371686596,1,-4.441119224059263,train,6,0.8000000000000007,1.6000000000000005
0.90021781338423,1.2187300645390133,-0.3185122511547834,1.8773243825150043,1,-3.5209083308369586,train,6,0.8000000000000007,1.6000000000000005
0.7271504543582806,1.4003278872816285,-0.6731774329233479,1.9710108141580587,0,4.927527035395147,train,6,0.8000000000000007,1.6000000000000005
0.5891000843935222,1.3352105927071316,-0.7461105083136094,1.9447555808789492,0,4.861888952197373,train,6,0.8000000000000007,1.6000000000000005
0.8652459541737587,1.1742022877959852,-0.3089563336222266,1.8447639854284956,1,-3.6754442082448198,train,6,0.8000000000000007,1.6000000000000005
0.7998495884907689,0.9638792722382368,-0.16402968374746785,1.642820477965546,0,4.107051194913865,train,6,0.8000000000000007,1.6000000000000005
0.6985366608631409,1.192612711272857,-0.4940760504097161,1.8586736748801351,1,-3.6124162200317156,train,6,0.8000000000000007,1.6000000000000005
0.9292430038199965,1.0979077515080478,-0.16866474768805126,1.7805127486435175,1,-3.9231287834484663,train,6,0.8000000000000007,1.6000000000000005
0.26025954615378666,1.1819209238812713,-0.9216613777274847,1.8506720673526467,0,4.6266801683816166,train,6,0.8000000000000007,1.6000000000000005
1.101405675610241,1.092712308624475,0.008693366985765952,1.7757561093498742,1,-3.939180849022352,train,6,0.8000000000000007,1.6000000000000005
0.3941451503671818,1.470334395447409,-1.0761892450802273,1.9899158858754278,1,-2.5262239709470147,train,6,0.8000000000000007,1.6000000000000005
1.2986042150430694,1.414918005215608,-0.11631379017253861,1.9757511086378503,1,-2.7613387025831004,train,6,0.8000000000000007,1.6000000000000005
1.4695722076378759,1.0511957417701303,0.4183764658677455,1.7360351436354406,1,-4.0635969033902715,train,6,0.8000000000000007,1.6000000000000005
1.9132635474620576,1.258100266115164,0.6551632813468938,1.9030153063107553,0,4.757538265776889,train,6,0.8000000000000007,1.6000000000000005
2.049467386786012,1.0208392386645568,1.028628148121455,1.7050939015216167,1,-4.150148016099975,train,6,0.8000000000000007,1.6000000000000005
0.22850175792790572,1.162274346037121,-0.9337725881092153,1.8354179462304183,0,4.588544865576046,train,6,0.8000000000000007,1.6000000000000005
1.5376178130882079,1.0823826927555165,0.4552351203326913,1.7661566659318995,1,-3.9707793985013633,train,6,0.8000000000000007,1.6000000000000005
2.0496888866933154,1.3259195702238071,0.7237693164695082,1.940334422156101,1,-3.1208956887679786,train,6,0.8000000000000007,1.6000000000000005
1.6846150572932088,1.0962808663904289,0.5883341909027798,1.7790284316145155,0,4.447571079036289,train,6,0.8000000000000007,1.6000000000000005
0.6096800932494026,1.1672743823131457,-0.5575942890637431,1.8393675491986154,0,4.598418872996539,train,6,0.8000000000000007,1.6000000000000005
1.622537396676821,1.3754592980072338,0.24707809866958735,1.9619646178652534,1,-2.9236236874716615,train,6,0.8000000000000007,1.6000000000000005
2.2464268666273557,1.1303934632910684,1.1160334033362873,1.809159988678289,1,-3.820375811462205,train,6,0.8000000000000007,1.6000000000000005
0.6267744299175141,1.5251386153314714,-0.8983641854139574,1.9979157354977701,0,4.994789338744425,train,6,0.8000000000000007,1.6000000000000005
1.2301639155164974,0.944361295362146,0.28580262015435137,1.620245303602617,0,4.050613259006543,train,6,0.8000000000000007,1.6000000000000005
2.0602693897260616,1.392895098330612,0.6673742913954493,1.9684345356956743,0,4.921086339239186,train,6,0.8000000000000007,1.6000000000000005
0.7199446255193509,1.137899234914513,-0.4179546093951621,1.8155084476221353,1,-3.796057537403267,train,6,0.8000000000000007,1.6000000000000005
1.4909450401195277,1.1411628581479545,0.3497821819715732,1.8182369696662433,0,4.5455924241656085,train,6,0.8000000000000007,1.6000000000000005
0.6649683901101493,1.3075038949070716,-0.6425355047969223,1.93107664315186,1,-3.1923015417223146,train,6,0.8000000000000007,1.6000000000000005
0.7309998119636336,1.218324960822677,-0.4873251488590433,1.8770448381168172,1,-3.522346200281683,train,6,0.8000000000000007,1.6000000000000005
0.6416606346542468,1.1319087827515553,-0.49024814809730843,1.810449884351862,0,4.526124710879655,train,6,0.8000000000000007,1.6000000000000005
0.9165261237415587,0.8011415044502073,0.11538461929135144,1.436301834333898,0,3.590754585834745,train,6,0.8000000000000007,1.6000000000000005
0.8192211170577417,0.8738098766774024,-0.054588759619660726,1.5335601870674858,1,-4.513900541119216,train,6,0.8000000000000007,1.6000000000000005
1.9399846396134097,1.3675155149801708,0.5724691246332391,1.9588190154868732,1,-2.9557523491052966,train,6,0.8000000000000007,1.6000000000000005
0.6553090088687936,1.2194764774121585,-0.5641674685433649,1.8778386426492515,1,-3.518257510512967,train,6,0.8000000000000007,1.6000000000000005
1.2781629807580766,1.3569283708135758,-0.07876539005549917,1.9544345736525401,1,-2.998281804946277,train,6,0.8000000000000007,1.6000000000000005
2.141020536570445,1.5643746584023412,0.5766458781681036,1.999958762316769,0,4.999896905791922,train,6,0.8000000000000007,1.6000000000000005
1.682797386841302,1.3463310835003346,0.3364663033409673,1.9498265506161347,0,4.874566376540336,train,6,0.8000000000000007,1.6000000000000005
0.04771815118962819,0.8425029525383667,-0.7947848013487385,1.4926228269849364,0,3.731557067462341,train,6,0.8000000000000007,1.6000000000000005
1.4462043588656652,1.0470821478910384,0.3991222109746269,1.7319353927299146,1,-4.0755465247977405,train,6,0.8000000000000007,1.6000000000000005
0.9870250219759595,1.274075749858699,-0.28705072788273944,1.9126009720725448,1,-3.3191348001176877,train,6,0.8000000000000007,1.6000000000000005
1.2193282485427617,0.9880963258059721,0.23123192273678952,1.6699598752698965,0,4.174899688174741,train,6,0.8000000000000007,1.6000000000000005
1.7523850486426469,1.571976799628902,0.18040824901374494,1.99999860648405,1,-2.0753657296620838,train,6,0.8000000000000007,1.6000000000000005
2.287629909415413,1.5560385790342357,0.7315913303811773,1.9997822128337517,1,-2.147601079001872,train,6,0.8000000000000007,1.6000000000000005
1.5486566685113727,1.4787207046701516,0.0699359638412212,1.9915280677121825,1,-2.4899496398426257,train,6,0.8000000000000007,1.6000000000000005
0.06557567412609866,1.1778591970307224,-1.1122835229046237,1.847576818569414,1,-3.6630232718194433,train,6,0.8000000000000007,1.6000000000000005
0.6512655405312018,1.4731813719187183,-0.8219158313875166,1.990478884492649,1,-2.5139293868410633,train,6,0.8000000000000007,1.6000000000000005
1.3435811451347663,0.9048885138783318,0.43869263125643443,1.5727125733915985,1,-4.44489654567728,train,6,0.8000000000000007,1.6000000000000005
0.8919971258957022,1.046986925838269,-0.15498979994256662,1.731840143792585,0,4.3296003594814625,train,6,0.8000000000000007,1.6000000000000005
1.853184551379972,1.1703971153235342,0.6827874360564379,1.8418109206859081,1,-3.6883165471254937,train,6,0.8000000000000007,1.6000000000000005
1.5575410513053887,1.393477760546774,0.16406329075861464,1.9686404223897584,0,4.921601055974396,train,6,0.8000000000000007,1.6000000000000005
0.7392207413998022,1.188660182967118,-0.44943944156731575,1.8557403558178367,0,4.639350889544592,train,6,0.8000000000000007,1.6000000000000005
1.5589449508718902,0.9095008950379614,0.6494440558339288,1.578394635637409,0,3.9459865890935224,train,6,0.8000000000000007,1.6000000000000005
0.590390614845991,1.0748292237634873,-0.48443860891749635,1.7590177876913635,1,-3.99361765299654,train,6,0.8000000000000007,1.6000000000000005
-0.1720403692272514,1.059540935737955,-1.2315813049652065,1.744261933462562,1,-4.039143829538421,train,6,0.8000000000000007,1.6000000000000005
2.2786124540921415,1.0403351234544325,1.2382773306377088,1.725147650188281,0,4.312869125470702,train,6,0.8000000000000007,1.6000000000000005
-0.21404820620068665,0.9324011203726307,-1.1464493265733173,1.6061062000769304,0,4.015265500192326,train,6,0.8000000000000007,1.6000000000000005
1.5137691334461936,1.1319214180586021,0.38184771538759144,1.810460622517754,1,-3.815442727614392,train,6,0.8000000000000007,1.6000000000000005
1.7218075873773828,1.1584965260021793,0.5633110613752036,1.8324033524258059,1,-3.7282289549389174,train,6,0.8000000000000007,1.6000000000000005
1.5081598185121694,1.4199203006512142,0.08823951786095525,1.9772795736793165,0,4.943198934198291,train,6,0.8000000000000007,1.6000000000000005
0.42707445444318615,1.4371125606260393,-1.0100381061828532,1.9821552502401099,0,4.955388125600274,train,6,0.8000000000000007,1.6000000000000005
1.8269210636778244,1.2179121024012902,0.609008961276534,1.8767596255939318,0,4.691899063984829,train,6,0.8000000000000007,1.6000000000000005
0.3035780069475432,1.1685042369306222,-0.864926229983079,1.840331986944275,0,4.600829967360688,train,6,0.8000000000000007,1.6000000000000005
0.616393742300838,1.4225708812351179,-0.8061771389342799,1.978069414114482,1,-2.7293584098409185,train,6,0.8000000000000007,1.6000000000000005
1.2928301738832086,1.5098311614821884,-0.21700098759897987,1.9962843996625173,0,4.990710999156293,train,6,0.8000000000000007,1.6000000000000005
1.813037760363629,1.3399350158934307,0.47310274447019834,1.9469393486860174,1,-3.065840938090911,train,6,0.8000000000000007,1.6000000000000005
1.6204515826372476,1.4403832391987714,0.18006834343847616,1.9830165177184513,1,-2.6543072877533374,train,6,0.8000000000000007,1.6000000000000005
2.0377500544582596,1.5512890829857489,0.48646097147251094,1.9996194795059032,1,-2.1690221099741676,train,6,0.8000000000000007,1.6000000000000005
0.5663383492211231,0.8325246475493493,-0.2661862983282261,1.4792656820096508,0,3.698164205024127,train,6,0.8000000000000007,1.6000000000000005
1.3972274079624913,1.500537379896067,-0.10330997193357577,1.9950657106508551,0,4.987664276627138,train,6,0.8000000000000007,1.6000000000000005
0.3389683850617887,1.021250457960908,-0.6822820728991194,1.70552360540367,0,4.263809013509175,train,6,0.8000000000000007,1.6000000000000005
0.9904923276057904,1.180611599539396,-0.19011927193360553,1.8496776258286836,1,-3.6536422341637955,train,6,0.8000000000000007,1.6000000000000005
1.7932856566314597,1.4374087655455223,0.3558768910859374,1.982234123184867,0,4.955585307962168,train,6,0.8000000000000007,1.6000000000000005
1.1938969534351127,1.3737937858201845,-0.17989683238507173,1.9613153545992896,0,4.903288386498224,train,6,0.8000000000000007,1.6000000000000005
1.2029937904421244,0.9177180575533551,0.28527573288876934,1.5884342061076109,0,3.971085515269027,train,6,0.8000000000000007,1.6000000000000005
0.9830340562336052,1.3269986071633169,-0.3439645509297117,1.9408564889077462,0,4.852141222269365,train,6,0.8000000000000007,1.6000000000000005
0.4999667003340182,0.8554016560078691,-0.3554349556738509,1.509668858735747,1,-4.552720630610317,train,6,0.8000000000000007,1.6000000000000005
1.1091576925188538,1.0856565026823037,0.023501189836549984,1.7692195065811074,1,-3.9608104347982023,train,6,0.8000000000000007,1.6000000000000005
1.3333347384459913,1.4502636401309656,-0.1169289016849744,1.98548945180661,0,4.963723629516525,train,6,0.8000000000000007,1.6000000000000005
1.497595011982916,1.142163866422041,0.35543114556087496,1.8190699737624958,1,-3.782145011189855,train,6,0.8000000000000007,1.6000000000000005
1.3868576949983338,1.2798835500347576,0.10697414496357617,1.915964931634944,1,-3.2973610762573937,train,6,0.8000000000000007,1.6000000000000005
2.426736803753402,1.3825290265177077,1.0442077772356944,1.9646599931971753,1,-2.894874921950738,train,6,0.8000000000000007,1.6000000000000005
1.3252853839386476,1.456982086645248,-0.1316967027066005,1.9870602958576276,0,4.967650739644069,train,6,0.8000000000000007,1.6000000000000005
1.2720605061304466,1.408412095984227,-0.13635158985378046,1.9736892527705252,0,4.934223131926313,train,6,0.8000000000000007,1.6000000000000005
0.1816359819520822,0.8057146202231995,-0.6240786382711173,1.442651540409564,1,-4.649765707906002,train,6,0.8000000000000007,1.6000000000000005
1.1498722473895402,1.1362054669380286,0.013666780451511653,1.8140847646068134,1,-3.801563983068355,train,6,0.8000000000000007,1.6000000000000005
1.5802063376338378,1.1705089744305184,0.4096973632033195,1.8418981113927828,1,-3.6879389051837377,train,6,0.8000000000000007,1.6000000000000005
0.40022221764636184,0.8443996024901789,-0.444177384843817,1.4951449495529907,0,3.7378623738824768,train,6,0.8000000000000007,1.6000000000000005
1.2033503480203998,1.2331537056761763,-0.029803357655776658,1.8870764013498171,1,-3.4693385079894217,train,6,0.8000000000000007,1.6000000000000005
1.7173506572629964,1.2862166011550944,0.43113405610790206,1.9195594623382097,0,4.798898655845524,train,6,0.8000000000000007,1.6000000000000005
1.3866170665904858,1.4627625559969009,-0.07614548940641497,1.9883400515469714,0,4.970850128867428,train,6,0.8000000000000007,1.6000000000000005
1.2419650338642236,1.5534474145531594,-0.3114823806889358,1.9996990227932714,0,4.999247556983178,train,6,0.8000000000000007,1.6000000000000005
1.4863741736703089,0.902518283202187,0.5838558904681219,1.5697796281676515,0,3.924449070419129,train,6,0.8000000000000007,1.6000000000000005
1.042556278861935,0.9843445395281762,0.05821173933375868,1.6658190630701804,0,4.164547657675451,train,6,0.8000000000000007,1.6000000000000005
1.5652654211021788,1.3273267176564494,0.23793870344572945,1.941014789466719,1,-3.115395711214739,train,6,0.8000000000000007,1.6000000000000005
1.6088152611797106,0.9059791910533995,0.7028360701263111,1.5740592200631416,1,-4.442396538715087,train,6,0.8000000000000007,1.6000000000000005
1.666452460638836,0.9792629095570562,0.6871895510817797,1.6601731378557167,1,-4.262467792395693,train,6,0.8000000000000007,1.6000000000000005
1.0515675605869064,1.2598900700713198,-0.20832250948441353,1.9041134348136919,0,4.7602835870342295,train,6,0.8000000000000007,1.6000000000000005
0.6203611471692168,0.935618978852968,-0.3152578316837512,1.6099329700039393,0,4.024832425009849,train,6,0.8000000000000007,1.6000000000000005
1.596369481058302,1.4257841210590232,0.17058535999927882,1.9790082843245076,0,4.947520710811269,train,6,0.8000000000000007,1.6000000000000005
1.405907979746129,1.4855805008894087,-0.07967252114327975,1.9927426563536867,0,4.981856640884217,train,6,0.8000000000000007,1.6000000000000005
-0.31297742796712935,0.8269393636022793,-1.1399167915694086,1.4717247374760192,0,3.679311843690048,train,6,0.8000000000000007,1.6000000000000005
1.9913328847544722,1.2261158439549396,0.7652170407995326,1.8823669284175129,1,-3.4945922875449886,train,6,0.8000000000000007,1.6000000000000005
1.449177882454406,1.437561085954852,0.011616796499553942,1.9822746150934778,1,-2.6662549921763814,train,6,0.8000000000000007,1.6000000000000005
2.021938524914773,1.5801117449256932,0.4418267799890797,1.9999132236125674,0,4.999783059031419,train,6,0.8000000000000007,1.6000000000000005
0.3156569359874357,1.0194068745555376,-0.7037499385681019,1.7035949008405098,0,4.258987252101274,train,6,0.8000000000000007,1.6000000000000005
1.7082029859473433,0.9352808506923074,0.7729221352550361,1.6095316413874066,1,-4.373264101533703,train,6,0.8000000000000007,1.6000000000000005
1.1484030605079247,1.5013607441453087,-0.35295768363738395,1.9951806366287494,1,-2.3911546489080546,train,6,0.8000000000000007,1.6000000000000005
1.4627457269246829,1.5273459710086794,-0.06460024408399657,1.9981123635877422,0,4.995280908969356,train,6,0.8000000000000007,1.6000000000000005
0.11717150973730006,0.9580263115737262,-0.8408548018364261,1.6361160474388314,0,4.090290118597078,train,6,0.8000000000000007,1.6000000000000005
1.0530539521231599,1.1532237941621124,-0.1001698420389525,1.8281521486040335,0,4.570380371510084,train,6,0.8000000000000007,1.6000000000000005
1.237503353739407,1.3753857133538698,-0.137882359614463,1.9619360474083043,1,-2.9239221505983366,train,6,0.8000000000000007,1.6000000000000005
1.3650598035201476,1.4762761270111793,-0.11121632349103173,1.9910725813168422,1,-2.5005416680275863,train,6,0.8000000000000007,1.6000000000000005
1.1977230899472877,0.9346202442937962,0.2631028456534914,1.6087470283282805,1,-4.374864291523703,train,6,0.8000000000000007,1.6000000000000005
1.368182679044911,1.3319751703238094,0.036207508721101546,1.943235028139102,1,-3.0971829771218213,train,6,0.8000000000000007,1.6000000000000005
2.0317379424939053,1.4462683674368562,0.585469575057049,1.9845128164528243,0,4.961282041132061,train,6,0.8000000000000007,1.6000000000000005
0.9588763852497508,1.2397712966405825,-0.28089491139083167,1.891419385428172,1,-3.4454359976134667,train,6,0.8000000000000007,1.6000000000000005
0.3341637817945926,0.931773327023211,-0.5976095452286184,1.6053576701241021,1,-4.3817385409508915,train,6,0.8000000000000007,1.6000000000000005
0.8169592088922545,0.8284230438642914,-0.011463834972036978,1.4737324090802866,0,3.684331022700716,train,6,0.8000000000000007,1.6000000000000005
1.4022478760610657,1.0252270542787956,0.3770208217822702,1.7096640621292762,0,4.274160155323191,train,6,0.8000000000000007,1.6000000000000005
2.193081740943537,1.4462966771628418,0.7467850637806951,1.9845198481537303,1,-2.6292040551341715,train,6,0.8000000000000007,1.6000000000000005
1.324165870014475,0.835813008676112,0.48835286133836286,1.4836838799087646,0,3.7092096997719115,train,6,0.8000000000000007,1.6000000000000005
-0.25269119656354566,0.8065732040314504,-1.059264400594996,1.443840311842468,1,-4.648185582138086,train,6,0.8000000000000007,1.6000000000000005
1.3155283330057759,1.0892933181696465,0.2262350148361295,1.7725997261614688,0,4.431499315403672,train,6,0.8000000000000007,1.6000000000000005
1.7271208923115826,0.8508978285588422,0.8762230637527405,1.5037453079506478,0,3.7593632698766193,train,6,0.8000000000000007,1.6000000000000005
0.9571348624673932,0.919589042659385,0.03754581980800814,1.5907051732398951,1,-4.410757141277294,train,6,0.8000000000000007,1.6000000000000005
1.9558137355324625,2.2987435222334534,-0.3429297867009907,1.49308356865534,0,3.73270892163835,train,7,1.6000000000000005,2.4000000000000004
1.5408306297410244,2.374832530256746,-0.8340019005157219,1.387611294151618,0,3.4690282353790454,train,7,1.6000000000000005,2.4000000000000004
0.858227747960908,2.295355632171136,-1.4371278842102282,1.4975831789948435,0,3.7439579474871088,train,7,1.6000000000000005,2.4000000000000004
2.7170944387876927,2.0246845532444797,0.6924098855432131,1.7974981110227775,1,0.12341023246347638,train,7,1.6000000000000005,2.4000000000000004
2.7990396846560213,1.786182662381833,1.0128570222741882,1.9537877951911662,0,4.884469487977915,train,7,1.6000000000000005,2.4000000000000004
1.7433904147111223,1.6091190434219445,0.13427137128917785,1.99853154912118,1,-1.9050153610449798,train,7,1.6000000000000005,2.4000000000000004
1.8234057478514278,1.9443750546339928,-0.12096930678256511,1.8620545097332708,0,4.655136274333177,train,7,1.6000000000000005,2.4000000000000004
2.2216681521030157,1.9218810880298922,0.29978706407312367,1.8780003959761902,1,-0.3901974096418681,train,7,1.6000000000000005,2.4000000000000004
1.9093368768766639,2.018139737082056,-0.108802860205392,1.803198897040029,1,0.09069371142411442,train,7,1.6000000000000005,2.4000000000000004
0.9328242798613533,1.9827134366419223,-1.049889156780569,1.8327099201313657,0,4.581774800328414,train,7,1.6000000000000005,2.4000000000000004
1.3180348388747856,2.044285179057865,-0.7262503401830794,1.7799656238797426,0,4.449914059699356,train,7,1.6000000000000005,2.4000000000000004
2.2892537236974073,2.034708814034033,0.25454490966337456,1.7886174049504937,1,0.17350922746085173,train,7,1.6000000000000005,2.4000000000000004
1.975435491783128,2.2087164604823437,-0.23328096869921558,1.6066722175987878,1,1.0360219357308744,train,7,1.6000000000000005,2.4000000000000004
1.2359781870638784,2.1698996592656736,-0.9339214722017951,1.651683159246457,1,0.8454172695811158,train,7,1.6000000000000005,2.4000000000000004
1.232220231004186,2.095745676882752,-0.863525445878566,1.730698653815252,0,4.3267466345381305,train,7,1.6000000000000005,2.4000000000000004
2.510229803053701,1.9408734163809542,0.5693563866727468,1.8645989321035608,0,4.661497330258902,train,7,1.6000000000000005,2.4000000000000004
0.9153407026004393,1.8312600224144706,-0.9159193198140313,1.932541334238979,1,-0.8397017809811382,train,7,1.6000000000000005,2.4000000000000004
3.0612062357346606,2.3790841929603572,0.6821220427743034,1.3814749966493214,1,1.850349181875897,train,7,1.6000000000000005,2.4000000000000004
2.1577346350665785,1.8670192364085367,0.29071539865804175,1.9128917567986943,1,-0.6629458696915281,train,7,1.6000000000000005,2.4000000000000004
1.1739388815236267,1.7750408486558629,-0.6011019671322361,1.958428991291711,1,-1.1153327145830034,train,7,1.6000000000000005,2.4000000000000004
1.4615738013625352,1.6526467102297697,-0.19107290886723446,1.9933042541549757,0,4.983260635387439,train,7,1.6000000000000005,2.4000000000000004
2.481172096338392,2.3862964372427475,0.09487565909564427,1.3710087290509045,1,1.8838017840259131,train,7,1.6000000000000005,2.4000000000000004
1.9188006355842224,1.702284570340026,0.21651606524419648,1.9827357370409024,0,4.956839342602256,train,7,1.6000000000000005,2.4000000000000004
2.010979630261938,1.857704634563344,0.1532749956985943,1.9182467413293653,0,4.795616853323414,train,7,1.6000000000000005,2.4000000000000004
2.512389076311054,1.6567542758001594,0.8556348005108947,1.9926157793747261,1,-1.6827262590235226,train,7,1.6000000000000005,2.4000000000000004
2.336166379416402,1.779815951174437,0.556350428241965,1.9564696273691309,0,4.891174068422827,train,7,1.6000000000000005,2.4000000000000004
1.6085698535383985,1.9149079319548843,-0.3063380784164857,1.8827510667605196,0,4.706877666901299,train,7,1.6000000000000005,2.4000000000000004
2.2139757179029744,2.3169160039045087,-0.10294028600153447,1.4686566644830747,1,1.5581881550421355,train,7,1.6000000000000005,2.4000000000000004
1.330131691328849,1.8763692895982942,-0.5462375982694452,1.907349478380315,0,4.768373695950788,train,7,1.6000000000000005,2.4000000000000004
2.074071028387687,2.3877995498282174,-0.3137285214405306,1.3688184431792845,0,3.422046107948211,train,7,1.6000000000000005,2.4000000000000004
1.6673797189759068,1.6229856391706368,0.04439407980526992,1.9972768938404717,0,4.993192234601179,train,7,1.6000000000000005,2.4000000000000004
0.4732779513587273,1.8813477890160966,-1.4080698376573693,1.9043303935472733,0,4.760825983868183,train,7,1.6000000000000005,2.4000000000000004
1.964614590918776,1.9047671113630829,0.0598474795556931,1.8894963673530607,1,-0.4754450228857455,train,7,1.6000000000000005,2.4000000000000004
2.183500005283799,2.2113281050927682,-0.027828099808968925,1.6035561378247354,0,4.008890344561839,train,7,1.6000000000000005,2.4000000000000004
2.202461447538163,2.351043130648618,-0.14858168311045486,1.4214798885830096,0,3.553699721457524,train,7,1.6000000000000005,2.4000000000000004
1.0725303673303284,1.8557518371736226,-0.7832214698432942,1.9193483205923634,0,4.7983708014809086,train,7,1.6000000000000005,2.4000000000000004
1.6002013452421386,1.945980746232333,-0.34577940099019433,1.860880116630813,1,-0.26996492759299306,train,7,1.6000000000000005,2.4000000000000004
1.3574343976470948,1.8161165932731727,-0.4586821956260777,1.9401191851204962,1,-0.9142443954011404,train,7,1.6000000000000005,2.4000000000000004
2.2043950995197994,2.240844709061116,-0.03644960954131655,1.5675832405082313,1,1.1926151975697326,train,7,1.6000000000000005,2.4000000000000004
0.6499015889401922,2.1105910448984977,-1.4606894559583055,1.7156284122045056,0,4.289071030511264,train,7,1.6000000000000005,2.4000000000000004
1.4563600685426856,1.6549521067665263,-0.19859203822384067,1.9929219835016136,1,-1.691208740031354,train,7,1.6000000000000005,2.4000000000000004
2.3665004087107486,2.0829155810952895,0.28358482761545917,1.7434159536781981,0,4.358539884195495,train,7,1.6000000000000005,2.4000000000000004
1.705358600998605,2.2364596467431817,-0.5311010457445766,1.5730146088147254,1,1.171311321777196,train,7,1.6000000000000005,2.4000000000000004
1.0591906479214226,1.625606525140638,-0.5664158772192154,1.9969965941623542,1,-1.8285404274178354,train,7,1.6000000000000005,2.4000000000000004
2.405102381123769,1.964358257684747,0.44074412343902175,1.84709798108804,1,-0.1781709832145714,train,7,1.6000000000000005,2.4000000000000004
3.817903787795941,2.232138033070629,1.5857657547253123,1.5783377959076232,0,3.9458444897690583,train,7,1.6000000000000005,2.4000000000000004
2.757932009636561,2.390877214490984,0.36705479514557754,1.3643241287083652,0,3.4108103217709127,train,7,1.6000000000000005,2.4000000000000004
2.4617679443146927,2.067171634800774,0.3945963095139187,1.7586291259822304,1,0.3356056640338128,train,7,1.6000000000000005,2.4000000000000004
1.6587574264528144,1.631129838113858,0.02762758833895656,1.9963609714917223,1,-1.8028091120610736,train,7,1.6000000000000005,2.4000000000000004
2.419295901715912,1.9571383260143225,0.4621575757015896,1.8525871963837839,1,-0.21424275747954413,train,7,1.6000000000000005,2.4000000000000004
2.1063696478811176,1.7505380122346519,0.35583163564646586,1.9677798118179155,0,4.919449529544789,train,7,1.6000000000000005,2.4000000000000004
1.541578370224086,2.1016445174841993,-0.5600661472601133,1.724755943059016,0,4.31188985764754,train,7,1.6000000000000005,2.4000000000000004
1.9975141879190685,1.7722542395781975,0.22525994834087115,1.959551787633031,0,4.898879469082578,train,7,1.6000000000000005,2.4000000000000004
2.2726505479280483,1.7207760861259975,0.551874461802051,1.9775482049225204,0,4.943870512306301,train,7,1.6000000000000005,2.4000000000000004
1.6004329347276192,2.02891544534366,-0.4284825106160411,1.7937718516083194,0,4.484429629020799,train,7,1.6000000000000005,2.4000000000000004
1.9050130803865857,1.68030943537964,0.22470364500694576,1.9880188605032296,0,4.970047151258074,train,7,1.6000000000000005,2.4000000000000004
2.9392460910733287,2.1849267455845305,0.7543193454887983,1.6345497006347172,0,4.086374251586793,train,7,1.6000000000000005,2.4000000000000004
2.9373829475920212,2.35172083155294,0.5856621160390812,1.4205260982470351,0,3.551315245617588,train,7,1.6000000000000005,2.4000000000000004
2.341323622949559,2.354654547570562,-0.013330924621002606,1.4163896924041968,0,3.540974231010492,train,7,1.6000000000000005,2.4000000000000004
3.1393525715104094,1.8997908040142215,1.2395617674961878,1.892735395720213,0,4.731838489300532,train,7,1.6000000000000005,2.4000000000000004
2.6957441296152247,2.076600196699221,0.6191439329160036,1.749570546910961,0,4.373926367277402,train,7,1.6000000000000005,2.4000000000000004
1.9799853472793114,2.1295861698195746,-0.1496008225402631,1.6957946182903183,1,0.6461189664687677,train,7,1.6000000000000005,2.4000000000000004
0.8270308098335233,2.0084643642026165,-1.1814335543690933,1.8114849543555251,1,0.04232131565382771,train,7,1.6000000000000005,2.4000000000000004
1.7805330741953238,1.97671406531508,-0.19618099111975634,1.8374808079365181,1,-0.11641915167397565,train,7,1.6000000000000005,2.4000000000000004
1.687461316035047,1.6070978284681212,0.08036348756692559,1.9986823456861011,0,4.996705864215253,train,7,1.6000000000000005,2.4000000000000004
1.4256034881196635,1.654317122852296,-0.2287136347326323,1.9930283307428724,0,4.982570826857181,train,7,1.6000000000000005,2.4000000000000004
1.9627480085973001,1.9478529827068716,0.014895025890428501,1.8595047158710958,1,-0.26061693254893714,train,7,1.6000000000000005,2.4000000000000004
2.928061085265819,1.9451949047042891,0.9828661805615295,1.8614554760058841,1,-0.2738883199946594,train,7,1.6000000000000005,2.4000000000000004
2.240516685573467,1.7487069484158173,0.49180973715764975,1.9684312111017288,1,-1.243283029098607,train,7,1.6000000000000005,2.4000000000000004
2.8316611204290143,2.023764253361524,0.8078968670674903,1.7983043853054974,0,4.495760963263743,train,7,1.6000000000000005,2.4000000000000004
1.2544098587185206,2.079269002352112,-0.8248591436335911,1.7469781889267597,1,0.39593006489919597,train,7,1.6000000000000005,2.4000000000000004
2.182518303227814,2.1767395733500674,0.005778729877746564,1.64393049789395,0,4.109826244734875,train,7,1.6000000000000005,2.4000000000000004
2.6439767097137206,1.8451166853113874,0.7988600244023331,1.925219059797954,0,4.813047649494885,train,7,1.6000000000000005,2.4000000000000004
1.4269695436131373,1.9235163718198127,-0.49654682820667545,1.8768730829636604,0,4.692182707409151,train,7,1.6000000000000005,2.4000000000000004
3.4191915829664183,2.2582259363980217,1.1609656465683966,1.5457592289640643,0,3.8643980724101605,train,7,1.6000000000000005,2.4000000000000004
1.3047689208996913,2.069704280988238,-0.764935360088547,1.756211186297392,0,4.3905279657434795,train,7,1.6000000000000005,2.4000000000000004
1.7710798987303216,2.1652124347243653,-0.3941325359940437,1.6569512685357994,0,4.142378171339499,train,7,1.6000000000000005,2.4000000000000004
2.9164026252246122,2.0084657973457465,0.9079368278788655,1.811483739539968,1,0.04232848111274002,train,7,1.6000000000000005,2.4000000000000004
0.9535111366128461,2.2640493287944943,-1.3105381921816481,1.53834256250984,0,3.8458564062745997,train,7,1.6000000000000005,2.4000000000000004
2.655888767649358,2.176542409183858,0.4793463584655,1.6441550507696165,0,4.110387626924041,train,7,1.6000000000000005,2.4000000000000004
1.5282562918002727,2.2930093463053183,-0.7647530545050455,1.5006893164425805,1,1.4441730680218225,train,7,1.6000000000000005,2.4000000000000004
1.058961588800348,1.7627278177215928,-0.7037662289212446,1.9632752486839855,1,-1.175260562004149,train,7,1.6000000000000005,2.4000000000000004
1.8565612879479318,1.8388278810269008,0.017733406921031127,1.9285881503913431,1,-0.8023762236910913,train,7,1.6000000000000005,2.4000000000000004
1.9362173796902742,1.9806432176510196,-0.044425837960745326,1.8343636855991092,1,-0.09677786794443109,train,7,1.6000000000000005,2.4000000000000004
2.3205822833701357,1.9948835983371749,0.32569868503296084,1.8228293806640425,1,-0.025581896701819953,train,7,1.6000000000000005,2.4000000000000004
1.9848109133862144,2.0861409045742305,-0.1013299911880161,1.740245908140596,0,4.35061477035149,train,7,1.6000000000000005,2.4000000000000004
2.062993055217977,2.2551484616260695,-0.1921554064080924,1.5496575426950319,1,1.2619453336018194,train,7,1.6000000000000005,2.4000000000000004
1.305447427420976,2.02217907073593,-0.7167316433149539,1.7996895915376676,0,4.499223978844169,train,7,1.6000000000000005,2.4000000000000004
2.508238000269739,2.3513633088190975,0.15687469145064145,1.421029353953544,1,1.7208907175291552,train,7,1.6000000000000005,2.4000000000000004
0.673803846270955,2.1787067319898195,-1.5049028857188644,1.641686576770833,0,4.104216441927083,train,7,1.6000000000000005,2.4000000000000004
2.116298071726264,1.7430056125342945,0.3732924591919695,1.9704171795433547,1,-1.2708740061989243,train,7,1.6000000000000005,2.4000000000000004
2.211114581211953,2.0957803332767275,0.11533424793522562,1.730663915343132,0,4.32665978835783,train,7,1.6000000000000005,2.4000000000000004
2.8619782688375834,2.049826707169307,0.8121515616682765,1.7748845118017875,0,4.437211279504469,train,7,1.6000000000000005,2.4000000000000004
3.045628710171442,2.2107236917097173,0.8349050184617245,1.6042782662202717,0,4.01069566555068,train,7,1.6000000000000005,2.4000000000000004
1.3783679458324374,2.245317068170581,-0.8669491223381438,1.5620126977790088,0,3.905031744447522,train,7,1.6000000000000005,2.4000000000000004
2.183921599935085,1.8389001620422405,0.3450214378928444,1.9285498604428444,0,4.821374651107111,train,7,1.6000000000000005,2.4000000000000004
1.2216535813333929,1.7107077653728726,-0.48905418403947964,1.980456700932187,0,4.951141752330467,train,7,1.6000000000000005,2.4000000000000004
1.7951874197444322,2.1083183313430913,-0.3131309115986592,1.7179601466933907,1,0.5405332079086778,train,7,1.6000000000000005,2.4000000000000004
2.062293081259461,1.6066466995460569,0.4556463817134042,1.99871488842317,0,4.996787221057925,train,7,1.6000000000000005,2.4000000000000004
2.496369287597352,2.230866611598312,0.2655026759990405,1.5798982734974532,0,3.949745683743633,train,7,1.6000000000000005,2.4000000000000004
2.2644207251164756,2.001661914108391,0.26275881100808446,1.8172091422492647,1,0.008309566716841271,train,7,1.6000000000000005,2.4000000000000004
2.3432251543893283,2.397694929229218,-0.054469774839889774,1.3543222585208095,1,1.9364709942782197,train,7,1.6000000000000005,2.4000000000000004
2.493456725064776,2.3872325178987848,0.10622420716599103,1.3696450668678155,0,3.4241126671695388,train,7,1.6000000000000005,2.4000000000000004
1.1011784680031906,1.7816629012666207,-0.6804844332634301,1.95569980298479,0,4.889249507461975,train,7,1.6000000000000005,2.4000000000000004
1.888333536023374,2.279965832151777,-0.3916322961284032,1.5178059177082845,1,1.3816140560322776,train,7,1.6000000000000005,2.4000000000000004
2.6053067592408947,2.2502540285105375,0.3550527307303574,1.5558271955503569,1,1.238250413243278,train,7,1.6000000000000005,2.4000000000000004
1.0750180837737138,1.7889074962018001,-0.7138894124280862,1.9526158140580412,1,-1.0476413885873868,train,7,1.6000000000000005,2.4000000000000004
1.736112971256715,2.12548263536446,-0.38936966410774504,1.7001313920972716,1,0.6257679426435193,train,7,1.6000000000000005,2.4000000000000004
2.823108122603008,2.3817368012386075,0.4413713213644005,1.377633909093593,1,1.8626640752737127,train,7,1.6000000000000005,2.4000000000000004
2.1517094722101895,2.185254811841928,-0.033545339631738315,1.6341715175958582,1,0.9209849567505628,train,7,1.6000000000000005,2.4000000000000004
1.17295525818282,1.6765026890407098,-0.5035474308578899,1.988836565655326,0,4.972091414138315,train,7,1.6000000000000005,2.4000000000000004
2.170140692709694,2.000484884755453,0.16965580795424082,1.8181910733651867,0,4.545477683412967,train,7,1.6000000000000005,2.4000000000000004
2.744105185828527,1.9698880628304172,0.7742171229981101,1.8428286173802007,1,-0.15053693407987764,train,7,1.6000000000000005,2.4000000000000004
1.0031651705035216,1.6005951115547254,-0.5974299410512038,1.9991120981320936,1,-1.9443506967155222,train,7,1.6000000000000005,2.4000000000000004
1.4706093736997778,2.391151152368338,-0.9205417786685604,1.3639234702170508,0,3.409808675542627,train,7,1.6000000000000005,2.4000000000000004
2.365278402700088,2.302095952940076,0.06318244976001176,1.4886141841311955,1,1.4876094820288412,train,7,1.6000000000000005,2.4000000000000004
1.2430285674517285,1.773768922332972,-0.5307403548812435,1.9589433701097305,1,-1.1215312000956803,train,7,1.6000000000000005,2.4000000000000004
1.863768032234341,2.084302001050094,-0.2205339688157529,1.7420555156870525,0,4.355138789217631,train,7,1.6000000000000005,2.4000000000000004
1.6303841713687295,1.9775624964287437,-0.3471783250600143,1.8368101201095999,1,-0.11217810478327578,train,7,1.6000000000000005,2.4000000000000004
1.3424613151847171,1.8872871318346247,-0.5448258166499077,1.900666893112642,0,4.751667232781605,train,7,1.6000000000000005,2.4000000000000004
1.9857729429985533,2.0234339618466644,-0.03766101884811111,1.7985933821740643,0,4.496483455435161,train,7,1.6000000000000005,2.4000000000000004
2.152652724809254,2.051858488546991,0.10079423626226304,1.7730078766901054,0,4.432519691725264,train,7,1.6000000000000005,2.4000000000000004
1.5937752028347139,2.2668392009993528,-0.6730639981646389,1.5347708855898128,0,3.836927213974532,train,7,1.6000000000000005,2.4000000000000004
2.2262165579860835,1.6502506579879916,0.575965899998092,1.993690329710202,0,4.984225824275505,train,7,1.6000000000000005,2.4000000000000004
2.8597731679838403,2.085093298525938,0.7746798694579026,1.7412775462426535,0,4.353193865606634,train,7,1.6000000000000005,2.4000000000000004
1.8579891314894308,2.0028901959525514,-0.1449010644631206,1.816181769627328,1,0.014450959644032531,train,7,1.6000000000000005,2.4000000000000004
1.8053387452482494,1.7282389542604444,0.07709979098780516,1.975262981259466,1,-1.3421413341895199,train,7,1.6000000000000005,2.4000000000000004
2.5856703382511528,1.7163563828450188,0.8693139554061341,1.9788496536631737,1,-1.3992776222931622,train,7,1.6000000000000005,2.4000000000000004
1.2941962541877436,2.110272689617264,-0.8160764354295204,1.715955568962026,0,4.289888922405066,train,7,1.6000000000000005,2.4000000000000004
1.623900931097753,2.3063249122890395,-0.6824239811912866,1.4829523742821569,1,1.5077833741134077,train,7,1.6000000000000005,2.4000000000000004
1.3573671448783817,1.6262926486804576,-0.26892550380207597,1.9969209486281265,0,4.992302371570316,train,7,1.6000000000000005,2.4000000000000004
1.8737939481287706,1.9424175211744965,-0.06862357304572578,1.8634797435053294,1,-0.2877533133067822,train,7,1.6000000000000005,2.4000000000000004
2.624758686399284,2.302314458609197,0.322444227790087,1.488322296028573,0,3.720805740071432,train,7,1.6000000000000005,2.4000000000000004
2.079048046068582,1.9812056635882667,0.09784238248031546,1.83391516104442,1,-0.09396614993254492,train,7,1.6000000000000005,2.4000000000000004
0.7283160005116149,1.8940564300392746,-1.1657404295276597,1.8964097121439871,0,4.741024280359968,train,7,1.6000000000000005,2.4000000000000004
2.3797652787073815,1.7925202014872632,0.5872450772201183,1.951039597868533,1,-1.0299720274102357,train,7,1.6000000000000005,2.4000000000000004
2.318630947842302,1.6385854217309044,0.6800455261113977,1.9954063981170789,0,4.988515995292698,train,7,1.6000000000000005,2.4000000000000004
1.113598805766613,1.7401334233673205,-0.6265346176007075,1.9713934038145626,1,-1.284758052996313,train,7,1.6000000000000005,2.4000000000000004
2.31872515227275,2.04542034613308,0.27330480613967,1.778929218350609,1,0.22702365327763374,train,7,1.6000000000000005,2.4000000000000004
1.5883634677554417,2.0240683863783206,-0.4357049186228789,1.798038102981108,0,4.49509525745277,train,7,1.6000000000000005,2.4000000000000004
1.7298747785159534,2.0353772404936,-0.3055024619776468,1.7880188299241349,0,4.470047074810337,train,7,1.6000000000000005,2.4000000000000004
1.3725542078808524,1.8392421988933736,-0.4666879910125212,1.9283685341255588,0,4.820921335313897,train,7,1.6000000000000005,2.4000000000000004
3.1770008813127277,2.2923392249715704,0.8846616563411573,1.501574942573523,1,1.4409649435093512,train,7,1.6000000000000005,2.4000000000000004
1.699399416247262,2.277557234837283,-0.5781578185900207,1.5209384871369505,0,3.802346217842376,train,7,1.6000000000000005,2.4000000000000004
1.8864932650440585,1.9725602933044089,-0.0860670282603503,1.8407452809379536,0,4.601863202344884,train,7,1.6000000000000005,2.4000000000000004
2.4738479992644233,2.201086557428642,0.27276144183578155,1.6157129728529303,1,0.9986705596552313,train,7,1.6000000000000005,2.4000000000000004
1.6488172317935654,2.226856538213343,-0.5780393064197775,1.5848032898503894,1,1.1245785955399843,train,7,1.6000000000000005,2.4000000000000004
1.6843114495635771,1.8944774788235927,-0.2101660292600157,1.8961420437688643,1,-0.5266339896069323,train,7,1.6000000000000005,2.4000000000000004
1.6223793755386302,1.74185048050721,-0.11947110496857977,1.9708117502613653,0,4.927029375653413,train,7,1.6000000000000005,2.4000000000000004
2.769730663653855,1.802296402920826,0.9674342607330291,1.9466466320153089,0,4.866616580038272,train,7,1.6000000000000005,2.4000000000000004
2.1672404667713843,2.4082993231085603,-0.24105885633717591,1.3386402394024888,0,3.346600598506222,train,8,2.4000000000000004,3.2
3.965692012623772,2.8014996737189914,1.1641923389047806,0.667149495812292,1,3.592000582876671,train,8,2.4000000000000004,3.2
2.049975822101958,2.796618634507317,-0.7466428124053591,0.676344454259867,1,3.5749808718709613,train,8,2.4000000000000004,3.2
3.0706495581827946,2.5070636231674217,0.563585935015373,1.1855965686118708,0,2.963991421529677,train,8,2.4000000000000004,3.2
2.369204122438929,2.5136888683636314,-0.14448474592470228,1.1748993311945903,0,2.9372483279864756,train,8,2.4000000000000004,3.2
2.737331287754542,2.574846940500863,0.16248434725367938,1.0737788175867646,0,2.6844470439669115,train,8,2.4000000000000004,3.2
2.0774827667722824,2.7348065444083622,-0.6573237776360797,0.791319496463577,1,3.352218158915601,train,8,2.4000000000000004,3.2
4.039286718668583,2.5984809347308477,1.440805783937735,1.0336048929814898,1,2.8169404186817157,train,8,2.4000000000000004,3.2
2.29930187522207,2.4672477209322805,-0.16794584571021012,1.2487715341213799,1,2.2521536421261206,train,8,2.4000000000000004,3.2
3.894879389301318,2.6763989120403204,1.2184804772609974,0.8971919268073447,1,3.129944226387786,train,8,2.4000000000000004,3.2
2.4842573967479,2.5334210772258574,-0.04916368047795772,1.1427356790813032,1,2.542410533732171,train,8,2.4000000000000004,3.2
2.3716714195743926,3.1028472684261272,-0.7311758488517345,0.07747138352891533,1,4.462476278762071,train,8,2.4000000000000004,3.2
2.676648927510808,3.1607712253013736,-0.48412229779056576,-0.038354792060916104,1,4.585554084191047,train,8,2.4000000000000004,3.2
3.221823835807098,2.430998700665856,0.7908251351412419,1.304568174543439,0,3.2614204363585975,train,8,2.4000000000000004,3.2
2.6121027179036567,2.9592859131190092,-0.3471831952153524,0.3625971343273077,1,4.093909081883301,train,8,2.4000000000000004,3.2
2.9074393518714454,2.8582078524555277,0.049231499415917576,0.5592140816104765,0,1.3980352040261912,train,8,2.4000000000000004,3.2
3.95595198908813,3.1184056945801197,0.8375462945080102,0.04636976275695379,1,4.497023438217567,train,8,2.4000000000000004,3.2
3.5826469550533644,2.9335191783357097,0.6491277767176546,0.41315062680611475,0,1.0328765670152869,train,8,2.4000000000000004,3.2
2.2283336709786603,2.8382702264371855,-0.6099365554585251,0.5973852113231364,1,3.7174372348354296,train,8,2.4000000000000004,3.2
2.78674295662636,2.9619419392544444,-0.17519898262808428,0.35737184002763367,1,4.10151881968739,train,8,2.4000000000000004,3.2
3.6447966640861478,2.7091817356917325,0.9356149283944153,0.8381220611308832,0,2.095305152827208,train,8,2.4000000000000004,3.2
2.6277708312871986,2.9555509422115667,-0.3277801109243681,0.3699407388265295,1,4.083159227926109,train,8,2.4000000000000004,3.2
3.6362507959550903,3.0598963716004386,0.5763544243546517,0.16321086993502756,1,4.361524083147991,train,8,2.4000000000000004,3.2
2.8992610929076363,2.772534780293813,0.1267263126138235,0.7214738022406192,1,3.489763730623934,train,8,2.4000000000000004,3.2
2.4051966601780146,3.152419527621325,-0.7472228674433105,-0.02165332501914947,0,-0.05413331254787368,train,8,2.4000000000000004,3.2
3.2257188740131597,3.0429918160098546,0.18272705800330527,0.19688229389099476,0,0.4922057347274869,train,8,2.4000000000000004,3.2
2.8276591233167157,3.1866873985794664,-0.3590282752627509,-0.09015892582434212,1,4.635663574180013,train,8,2.4000000000000004,3.2
2.609548523480859,2.535709006067014,0.07383951741384476,1.1389773121025988,1,2.5522542345456136,train,8,2.4000000000000004,3.2
2.3423655591487087,2.816867769167838,-0.47450221001912923,0.6380961205977862,1,3.6450268616788333,train,8,2.4000000000000004,3.2
3.5427504536563124,3.1564139335809926,0.38633652007531954,-0.029641474729110964,0,-0.0741036868227774,train,8,2.4000000000000004,3.2
2.8838421353638064,2.9196323705283813,-0.03579023516457511,0.44028447559770517,1,3.9768942446697646,train,8,2.4000000000000004,3.2
3.6366134823899587,3.0886655385805577,0.5479479438094009,0.1058048157259948,0,0.264512039314987,train,8,2.4000000000000004,3.2
2.5223303180904457,3.1766768096721805,-0.6543464915817345,-0.07015391804474283,0,-0.17538479511185706,train,8,2.4000000000000004,3.2
2.4435229214670997,2.548433349547569,-0.10491042808046915,1.1179668724368805,1,2.6067549005442157,train,8,2.4000000000000004,3.2
3.233659996079998,2.594492540250727,0.6391674558292707,1.0404256203590396,1,2.8004421515869176,train,8,2.4000000000000004,3.2
3.8410587511878505,3.0987206744809,0.7423380767069502,0.08571769430481634,0,0.21429423576204085,train,8,2.4000000000000004,3.2
3.7368994033727194,3.125021821538806,0.6118775818339132,0.033140147380870545,1,4.511385014096836,train,8,2.4000000000000004,3.2
3.523034785141486,3.0066223894373194,0.5164123957041664,0.2691216913139014,1,4.225152996059343,train,8,2.4000000000000004,3.2
2.238061249369444,2.677521563020416,-0.43946031365097227,0.8951846576351258,1,3.1343196489214042,train,8,2.4000000000000004,3.2
3.034962665307135,2.770827771187246,0.26413489411988855,0.724656893789667,1,3.48364632914552,train,8,2.4000000000000004,3.2
3.2760686393399494,2.888430192678504,0.3876384466614454,0.5009337292900116,1,3.8804136742912805,train,8,2.4000000000000004,3.2
2.9541731130710183,2.79702537413695,0.1571477389340685,0.6755788458251277,1,3.57640239217554,train,8,2.4000000000000004,3.2
3.206708415829876,2.782379210830678,0.4243292049991983,0.7030759759129227,0,1.7576899397823067,train,8,2.4000000000000004,3.2
2.486453127580523,2.748444371813077,-0.2619912442325538,0.7661968010002517,1,3.4024984993917275,train,8,2.4000000000000004,3.2
3.5726181403844155,3.096326637141225,0.47629150324319053,0.09050111919043757,1,4.447675639373182,train,8,2.4000000000000004,3.2
2.393555070310665,2.5498869176491374,-0.15633184733847266,1.1155551564611996,1,2.612954100558899,train,8,2.4000000000000004,3.2
2.4463429733537447,2.9501392745541404,-0.5037963012003958,0.3805718387559915,0,0.9514295968899787,train,8,2.4000000000000004,3.2
2.0749989490497316,2.962823339041111,-0.8878243899913795,0.3556372720689935,0,0.8890931801724837,train,8,2.4000000000000004,3.2
3.8045970220643457,3.140160061816886,0.6644369602474596,0.0028651825657691494,1,4.543501627055628,train,8,2.4000000000000004,3.2
1.7135114955068538,2.431563854139414,-0.7180523586325601,1.303711222312865,0,3.2592780557821626,train,8,2.4000000000000004,3.2
2.301354908301068,2.9176933708360893,-0.6163384625350213,0.4440665090155095,1,3.971010511603475,train,8,2.4000000000000004,3.2
1.9677658352247467,2.9104431877739083,-0.9426773525491615,0.458193137831517,0,1.1454828445787926,train,8,2.4000000000000004,3.2
3.9951437023159437,2.769358129976558,1.2257855723393856,0.7273956698208482,1,3.478371449589059,train,8,2.4000000000000004,3.2
3.5764383878583192,2.442447539588315,1.133990848270004,1.2871271980670618,1,2.1407630129226445,train,8,2.4000000000000004,3.2
1.9516597739747685,2.430856738529887,-0.47919696455511845,1.3047833687788901,1,2.088246976611368,train,8,2.4000000000000004,3.2
1.4407529267448802,2.535625131366302,-1.0948722046214217,1.1391151979684297,0,2.8477879949210743,train,8,2.4000000000000004,3.2
2.570006295061485,3.035638309582832,-0.4656320145213471,0.21151241794860573,0,0.5287810448715143,train,8,2.4000000000000004,3.2
2.1415271992516693,2.530084837248065,-0.3885576379963959,1.148205374196192,0,2.87051343549048,train,8,2.4000000000000004,3.2
2.218590195035783,2.510990959823642,-0.29240076478785926,1.1792616727638825,1,2.445209308946985,train,8,2.4000000000000004,3.2
2.907491893022991,2.682333562586146,0.2251583304368452,0.8865681836356892,0,2.216420459089223,train,8,2.4000000000000004,3.2
2.1659949390418194,2.787598764122242,-0.6216038250804226,0.6932936269224141,0,1.7332340673060354,train,8,2.4000000000000004,3.2
2.877834721406105,2.958189108099022,-0.08035438669291725,0.3647541735516495,1,4.0907582148582575,train,8,2.4000000000000004,3.2
3.271852487546403,3.040925145356549,0.23092734218985356,0.2009951356573838,0,0.5024878391434595,train,8,2.4000000000000004,3.2
2.8260576505205974,2.613419501657553,0.21263814886304402,1.0079125621506397,1,2.878334465650116,train,8,2.4000000000000004,3.2
3.3331635420426693,3.1275809674066,0.20558257463606897,0.028022455416316226,1,4.516887201110906,train,8,2.4000000000000004,3.2
2.0599130594939745,2.418293559975742,-0.35838050048176767,1.3237227131559468,0,3.309306782889867,train,8,2.4000000000000004,3.2
2.5869692728421225,2.7000982099966193,-0.11312893715449662,0.8545821785017572,0,2.136455446254393,train,8,2.4000000000000004,3.2
2.979901646193733,2.5597066629185803,0.42019498327515287,1.0992010439233337,0,2.748002609808334,train,8,2.4000000000000004,3.2
1.8788701247275996,2.6742441833291286,-0.795374058601529,0.9010413525717427,0,2.2526033814293567,train,8,2.4000000000000004,3.2
3.3175069046251267,2.7552898360352374,0.5622170685898891,0.7535325338980533,1,3.427498596036698,train,8,2.4000000000000004,3.2
2.5280978727937033,2.7985116882894343,-0.2704138154957308,0.6727801983408936,1,3.5815919001526044,train,8,2.4000000000000004,3.2
3.290154538782811,2.7314770598396976,0.5586774789431134,0.79743067751259,0,1.993576693781475,train,8,2.4000000000000004,3.2
1.4881460019978328,2.57140477030795,-1.0832587683101174,1.0795804366533979,1,2.704070966938887,train,8,2.4000000000000004,3.2
2.8315510349694963,2.57331177018149,0.25823926478800635,1.0763678522162143,0,2.690919630540536,train,8,2.4000000000000004,3.2
2.2454693541113,2.5858457017971994,-0.340376347685899,1.0551559756021684,0,2.6378899390054213,train,8,2.4000000000000004,3.2
3.6252419345022786,2.9832684965011302,0.6419734380011484,0.3153270916508192,1,4.161567786844589,train,8,2.4000000000000004,3.2
2.6601291846196875,2.732734933611834,-0.07260574899214618,0.7951229187302363,0,1.9878072968255909,train,8,2.4000000000000004,3.2
2.247435714741206,2.8671185424110397,-0.6196828276698337,0.5420815415546848,1,3.8123386310821235,train,8,2.4000000000000004,3.2
3.2966378007742825,2.7954692841061655,0.5011685166681171,0.6785072781510826,1,3.570960794136222,train,8,2.4000000000000004,3.2
2.232885278626278,2.7440374513689494,-0.5111521727426716,0.7743307457921053,0,1.9358268644802632,train,8,2.4000000000000004,3.2
2.276847761937577,2.9878126536289358,-0.7109648916913588,0.3063492211885514,1,4.174119024032253,train,8,2.4000000000000004,3.2
2.226522040520977,2.8449731894429195,-0.6184511489219425,0.584577949910148,0,1.46144487477537,train,8,2.4000000000000004,3.2
2.0931733671055297,2.6421045133280057,-0.5489311462224759,0.957952553277182,0,2.394881383192955,train,8,2.4000000000000004,3.2
2.6821139095855853,3.176638555850765,-0.4945246462651797,-0.07007745743232346,1,4.616601667993323,train,8,2.4000000000000004,3.2
2.137475852860269,2.579874089698644,-0.44239823683837504,1.0652829496512677,0,2.663207374128169,train,8,2.4000000000000004,3.2
3.0255537420792855,2.5110153255637386,0.514538416515547,1.1792223133190043,1,2.4453155745618074,train,8,2.4000000000000004,3.2
3.4602583110347793,2.8919459802897753,0.5683123307450041,0.49412320238037266,0,1.2353080059509316,train,8,2.4000000000000004,3.2
3.5117262905712967,2.793543151427797,0.7181831391434997,0.6821298238091371,1,3.5642131943984174,train,8,2.4000000000000004,3.2
3.685372619800403,2.546522186922577,1.1388504328778264,1.1211342199435037,1,2.5985957649001206,train,8,2.4000000000000004,3.2
2.8023221947982653,2.48744841213176,0.3148737826665054,1.2169607256460673,1,2.3418650438427133,train,8,2.4000000000000004,3.2
2.747312730004967,2.831660419938739,-0.08434768993377222,0.6099881991480521,0,1.5249704978701304,train,8,2.4000000000000004,3.2
1.8565500807692974,2.6314394252385953,-0.774889344469298,0.9766219407067374,1,2.9515362119595046,train,8,2.4000000000000004,3.2
2.197732820553856,2.482443241476899,-0.2847104209230426,1.2248893448730183,0,3.0622233621825456,train,8,2.4000000000000004,3.2
2.7888417928714477,2.7924812385394526,-0.0036394456680050426,0.6841259194747459,1,3.560487460444665,train,8,2.4000000000000004,3.2
3.6905922715952317,2.905673347785964,0.7849189238092674,0.46747385014857823,0,1.1686846253714456,train,8,2.4000000000000004,3.2
2.0394392356585302,2.4303753735415587,-0.39093613788302856,1.305512853281009,1,2.0860598737207874,train,8,2.4000000000000004,3.2
3.7616643891886747,2.8000863363534076,0.9615780528352673,0.6698136017330366,0,1.6745340043325916,train,8,2.4000000000000004,3.2
3.405551405939672,2.4668347439435565,0.9387166619961157,1.2494165935913029,0,3.123541483978257,train,8,2.4000000000000004,3.2
2.878216210977782,3.033054587795501,-0.15483837681771886,0.21665017124860253,0,0.5416254281215063,train,8,2.4000000000000004,3.2
2.7908961114708157,3.0064288199382174,-0.2155327084674017,0.2695053043675281,1,4.224635391477105,train,8,2.4000000000000004,3.2
2.6156943987876704,2.6098185766423616,0.005875822145308713,1.0141264619821424,0,2.535316154955356,train,8,2.4000000000000004,3.2
2.0067284234401184,2.4806868728361775,-0.473958449396059,1.2276643202439654,1,2.3119415963973737,train,8,2.4000000000000004,3.2
2.4714736304365688,3.133754164928347,-0.6622805344917785,0.015676816786161493,0,0.03919204196540373,train,8,2.4000000000000004,3.2
2.4757065640969973,2.8139681934150644,-0.33826162931806725,0.6435895098549319,1,3.6350876391150813,train,8,2.4000000000000004,3.2
2.795640805333619,2.5068317407387473,0.2888090645948716,1.1859700302144593,1,2.427048602563705,train,8,2.4000000000000004,3.2
1.1196033965210066,2.4900344912346855,-1.3704310947136789,1.212852196767458,0,3.032130491918645,train,8,2.4000000000000004,3.2
3.4892738892812,3.073312918731262,0.41596097054993836,0.13645338496003037,1,4.393931500472822,train,8,2.4000000000000004,3.2
3.8115677530263685,2.8368597892243375,0.9747079638020313,0.6000767159733642,0,1.5001917899334105,train,8,2.4000000000000004,3.2
3.3469527799018803,2.608813266518023,0.7381395133838574,1.0158589206303488,1,2.8594717659379745,train,8,2.4000000000000004,3.2
3.850123279077513,2.8606604142558916,0.9894628648216216,0.5545029240595566,0,1.3862573101488915,train,8,2.4000000000000004,3.2
1.759522336421921,2.6510820854223383,-0.8915597490004172,0.9421526357618982,1,3.0302374096613582,train,8,2.4000000000000004,3.2
2.387163205157641,3.0332985482453934,-0.6461353430877524,0.2161651150651142,1,4.294962385122026,train,8,2.4000000000000004,3.2
3.745220748099218,2.7944725747223673,0.9507481733768504,0.6803821397621314,0,1.7009553494053284,train,8,2.4000000000000004,3.2
3.404962868598581,3.1721265467680375,0.23283632183054334,-0.061058297692976736,0,-0.15264574423244184,train,8,2.4000000000000004,3.2
3.5815336447139243,2.816249555597723,0.7652840891162012,0.6392678082362508,0,1.598169520590627,train,8,2.4000000000000004,3.2
3.2489995442371633,3.1224172763978157,0.12658226783934753,0.03834840419647932,1,4.5057548815084045,train,8,2.4000000000000004,3.2
2.9717450923611657,2.599843648481854,0.37190144387931184,1.0312706827549378,1,2.8225671200881113,train,8,2.4000000000000004,3.2
2.21581227322403,2.8171898425471524,-0.6013775693231224,0.6374856048062075,1,3.646128981590677,train,8,2.4000000000000004,3.2
2.4850299149592203,2.8045965467120038,-0.3195666317527832,0.6613073151116102,1,3.6027547316676256,train,8,2.4000000000000004,3.2
3.6120737288725238,3.050457184582611,0.5616165442899127,0.1820187289524308,0,0.45504682238107697,train,8,2.4000000000000004,3.2
2.5661080254277047,2.4585553769846644,0.10755264844304036,1.262303646987452,0,3.15575911746863,train,8,2.4000000000000004,3.2
3.0467607431246266,3.0689656005957966,-0.022204857471170125,0.1451264446263642,1,4.383516974262039,train,8,2.4000000000000004,3.2
3.5489845242375466,3.043388508303064,0.5055960159344828,0.19609274740265278,1,4.3205730222630105,train,8,2.4000000000000004,3.2
2.2370917919543514,2.725057016682453,-0.4879652247281015,0.8091894816646059,1,3.3158905926964537,train,8,2.4000000000000004,3.2
1.4253981204461057,2.4291609986577343,-1.0037628782116286,1.307351832944713,0,3.2683795823617823,train,8,2.4000000000000004,3.2
2.50347218171372,3.013803285562061,-0.5103311038483407,0.25488369845256864,0,0.6372092461314216,train,8,2.4000000000000004,3.2
2.7741128514187445,2.943142055224482,-0.16902920380573747,0.3943011523551159,1,4.047036287957257,train,8,2.4000000000000004,3.2
4.047101964721831,3.1351431106059344,0.9119588541158967,0.012898996541540286,1,4.532972883728653,train,8,2.4000000000000004,3.2
2.272632113956045,2.848148497841646,-0.575516383885601,0.5785017274421955,1,3.75028578951246,train,8,2.4000000000000004,3.2
3.609409533370462,3.1741751677805916,0.4352343655898703,-0.06515349890819601,1,4.611857582414205,train,8,2.4000000000000004,3.2
2.979964659203346,2.6467074808605466,0.33325717834279944,0.9498612074683122,0,2.3746530186707804,train,8,2.4000000000000004,3.2
3.168961885675896,2.671111972892282,0.497849912783614,0.9066295854172715,0,2.2665739635431787,train,8,2.4000000000000004,3.2
3.8660203489273277,2.9847054491575737,0.8813148997697542,0.31248880601779383,0,0.7812220150444846,train,8,2.4000000000000004,3.2
2.958802557217875,2.9610959247474495,-0.002293367529574803,0.3590365097149116,1,4.099098054878383,train,8,2.4000000000000004,3.2
3.6147712397739777,2.9802791374930018,0.634492102280976,0.3212296154629666,0,0.8030740386574164,train,8,2.4000000000000004,3.2
2.524955222127594,3.115154195253509,-0.5901989731259147,0.052870756796870075,1,4.489893251968598,train,8,2.4000000000000004,3.2
3.624535707930666,2.973319269914779,0.6512164380158869,0.3349607419616906,1,4.13378773756392,train,8,2.4000000000000004,3.2
3.165241185300857,2.9457222161371224,0.2195189691637343,0.3892408041686338,0,0.9731020104215846,train,8,2.4000000000000004,3.2
2.4187009218557485,3.07449347364169,-0.6557925517859411,0.1340976823514029,0,0.33524420587850723,train,8,2.4000000000000004,3.2
1.5742121752252145,2.9160951987961385,-1.341883023570924,0.4471825010160842,0,1.1179562525402105,train,8,2.4000000000000004,3.2
2.5680657846699595,2.642159110503007,-0.0740933258330477,0.9578566980084635,1,2.994629307011436,train,8,2.4000000000000004,3.2
2.956045561522044,3.06302496179966,-0.1069794002776157,0.15697377043407265,0,0.39243442608518164,train,8,2.4000000000000004,3.2
3.925627962827571,2.5957756381410797,1.3298523246864915,1.0382331392165087,0,2.5955828480412717,train,8,2.4000000000000004,3.2
4.3148134321426,2.963024554393985,1.3517888777486153,0.3552412475932435,1,4.104612305498854,train,8,2.4000000000000004,3.2
2.2248859482877994,2.82871059267491,-0.6038246443871108,0.6156040981077154,0,1.5390102452692886,train,8,2.4000000000000004,3.2
3.306971163604754,2.7046476149988106,0.6023235486059436,0.8463470006986324,1,3.238827044093634,train,8,2.4000000000000004,3.2
2.4683738974896583,2.5428943481270823,-0.07452045063742388,1.1271353209391757,0,2.817838302347939,train,8,2.4000000000000004,3.2
3.017184394833087,3.108665283546445,-0.09148088871335786,0.06584284065186241,0,0.16460710162965603,train,8,2.4000000000000004,3.2
1.6835209954836987,2.46418679478783,-0.7806657993041314,1.2535475542099963,1,2.2384789644912257,train,8,2.4000000000000004,3.2
2.878323389988886,3.0428709176604123,-0.16454752767152642,0.19712291471351523,1,4.319269939427803,train,8,2.4000000000000004,3.2
3.081554926170564,3.817056514613397,-0.7355015884428329,-1.2505187780230904,1,4.849154441016161,train,9,3.2,4.0
3.0835256776478253,3.2166015594875215,-0.13307588183969635,-0.1498771762628011,1,4.68963037965001,train,9,3.2,4.0
4.510874373915552,3.7069185879410202,0.803955785974532,-1.0713821360087485,1,4.95374830877171,train,9,3.2,4.0
3.8166289325967915,3.7990431060308896,0.017585826565901852,-1.222201477404634,1,4.870322966546775,train,9,3.2,4.0
4.790037057495706,3.5988056098420724,1.1912314476536332,-0.8828980969606487,0,-2.207245242401622,train,9,3.2,4.0
4.248136676825611,3.379837316424678,0.8682993604009334,-0.47199447089997815,1,4.909113329655961,train,9,3.2,4.0
3.185872643617351,3.3584502918076993,-0.17257764819034838,-0.43032385566640424,0,-1.0758096391660106,train,9,3.2,4.0
2.992838225895568,3.808424569759167,-0.8155863438635993,-1.236999324210276,0,-3.0924983105256896,train,9,3.2,4.0
3.306463874112376,3.3352886692500285,-0.028824795137652386,-0.3849741995788574,1,4.86198005761508,train,9,3.2,4.0
2.9821994472599944,3.2706718513392086,-0.2884724040792142,-0.2574421107370106,1,4.776498483561268,train,9,3.2,4.0
3.9749397062734433,3.748287854694238,0.22665185157920514,-1.1403111296557742,1,4.921448438119961,train,9,3.2,4.0
4.931359461443228,3.962714676955949,0.9686447844872789,-1.4638216749374668,1,4.620890119669872,train,9,3.2,4.0
2.5292961919277017,3.2031586130623317,-0.6738624211346298,-0.12305414781772166,0,-0.30763536954430415,train,9,3.2,4.0
3.3765170425957347,3.6097538107086216,-0.23323676811288674,-0.9024921332428322,1,4.996206265962137,train,9,3.2,4.0
4.049506739040601,3.850096769321691,0.19940996971891004,-1.3013972411011463,0,-3.2534931027528655,train,9,3.2,4.0
4.3710047573126545,3.6900208534635106,0.6809839038491434,-1.0426931713343532,0,-2.606732928335883,train,9,3.2,4.0
4.083832900784158,3.7774042539454395,0.3064286468387177,-1.1876614307953972,0,-2.969153576988493,train,9,3.2,4.0
3.682079439252912,3.4335008545365064,0.24857858471640557,-0.5755604505134371,1,4.952948862633614,train,9,3.2,4.0
4.740948952029919,3.9342192980103547,0.8067296540195645,-1.4243991424163887,1,4.6734275932572755,train,9,3.2,4.0
4.067769817067126,3.7716606267181527,0.29610919034897315,-1.1783993614774826,1,4.899472509566904,train,9,3.2,4.0
3.4918329836949207,3.634035494409009,-0.14220251071408863,-0.9455597610561183,0,-2.3638994026402957,train,9,3.2,4.0
3.3481071281748327,3.3137360380812217,0.03437109009361085,-0.3425888918679288,0,-0.856472229669822,train,9,3.2,4.0
3.0744297398008773,3.4986726080411756,-0.4242428682402983,-0.6990797478870877,1,4.9870010593062295,train,9,3.2,4.0
4.067305794573797,3.7393068920530763,0.32799890252072067,-1.1255089591791654,1,4.9291782983328165,train,9,3.2,4.0
4.118966784902481,3.553466539538397,0.565500245364084,-0.800654413907637,0,-2.0016360347690925,train,9,3.2,4.0
1.759453132029955,3.547211194666635,-1.7877580626366802,-0.789174375093161,0,-1.9729359377329025,train,9,3.2,4.0
4.425102892986082,3.6942135827754536,0.7308893102106284,-1.049839675070248,1,4.961968762846277,train,9,3.2,4.0
3.5765981601939583,3.6105105940435127,-0.03391243384955431,-0.9038425809166986,0,-2.2596064522917465,train,9,3.2,4.0
3.996850816984493,3.7203177455451737,0.27653307143931954,-1.0939141574859328,1,4.9442124149371995,train,9,3.2,4.0
4.078255569758415,3.6808311627236354,0.3974244070347798,-1.026965410647936,1,4.969761365622645,train,9,3.2,4.0
2.4671165600886233,3.844178557466197,-1.377061997377574,-1.2923866790046712,0,-3.230966697511678,train,9,3.2,4.0
2.8997601350367965,3.6173177219149073,-0.7175575868781106,-0.9159662497795005,1,4.9945903752397545,train,9,3.2,4.0
3.7270584073642334,3.9269191046469345,-0.199860697282701,-1.4141121421725207,0,-3.5352803554313015,train,9,3.2,4.0
2.98055440861037,3.4553888711908365,-0.47483446258046624,-0.6173433901636667,1,4.966739738362709,train,9,3.2,4.0
3.43687114787279,3.272367479416726,0.1645036684560641,-0.26080478278763636,0,-0.6520119569690909,train,9,3.2,4.0
3.131614091826212,3.440560045308963,-0.30894595348275106,-0.5890671218267852,1,4.957656179441511,train,9,3.2,4.0
2.2645447711982816,3.29118748949084,-1.0266427182925586,-0.2980750113519375,1,4.805817324019196,train,9,3.2,4.0
4.230323448545271,3.8629450610461413,0.3673783874991302,-1.320801632652408,1,4.788136142559306,train,9,3.2,4.0
3.897594679919397,3.2375170555114,0.6600776244079972,-0.1915547233381665,0,-0.47888680834541625,train,9,3.2,4.0
4.039641234480785,3.701029718649114,0.33861151583167076,-1.0614183285501884,1,4.957658055780437,train,9,3.2,4.0
3.210389262639159,3.638068924735395,-0.42767966209623587,-0.952660411156279,0,-2.3816510278906975,train,9,3.2,4.0
3.69891390940355,3.8554295965360548,-0.156515687132505,-1.3094775138947252,0,-3.273693784736813,train,9,3.2,4.0
3.688214871520545,3.35915803174305,0.3290568397774949,-0.4317060748254299,1,4.8884404176604,train,9,3.2,4.0
4.2473996721045415,3.8854802419661865,0.36191943013835515,-1.354307341632112,1,4.754471298509053,train,9,3.2,4.0
4.085438794720564,3.4813221115456705,0.6041166831748935,-0.6664640503302952,1,4.9799992605752035,train,9,3.2,4.0
3.62706254878992,3.803718153223886,-0.1766556044339657,-1.2295891879093945,0,-3.0739729697734863,train,9,3.2,4.0
2.584241056411203,3.4367693655037432,-0.8525283090925405,-0.5818178478422451,0,-1.4545446196056129,train,9,3.2,4.0
3.4997811188769243,3.907149183648949,-0.40736806477202453,-1.3858767245209642,0,-3.4646918113024103,train,9,3.2,4.0
3.7807401958523243,3.460409310265799,0.32033088558652506,-0.6268861384788176,1,4.969567687512672,train,9,3.2,4.0
3.7783973604468737,3.332012718175319,0.4463846422715548,-0.37854276700780115,0,-0.9463569175195029,train,9,3.2,4.0
4.849053178451187,3.51402339515727,1.3350297832939166,-0.7277612165280887,0,-1.8194030413202218,train,9,3.2,4.0
3.3450771517636104,3.2747682996469205,0.0703088521166899,-0.2655646665666903,0,-0.6639116664167257,train,9,3.2,4.0
4.003653238428536,3.8568845262695426,0.14676871215899387,-1.311675559711743,0,-3.2791888992793576,train,9,3.2,4.0
3.214542322126711,3.320921615714051,-0.10637929358734034,-0.356738673571849,0,-0.8918466839296225,train,9,3.2,4.0
3.2638538423643046,3.5072915589537597,-0.2434377165894552,-0.7152041427035409,0,-1.7880103567588523,train,9,3.2,4.0
4.42447368401641,3.955408569791041,0.469065114225369,-1.453825925962323,1,4.634719943402771,train,9,3.2,4.0
4.202186948203808,3.990100379921498,0.21208656828230996,-1.5005893870598814,0,-3.7514734676497037,train,9,3.2,4.0
3.4406759462429646,3.5650436376758274,-0.12436769143286265,-0.8218181482813652,1,4.99991726664791,train,9,3.2,4.0
3.213079844698883,3.860898275074192,-0.6478184303753092,-1.317724950604501,0,-3.2943123765112525,train,9,3.2,4.0
3.3272574102595636,3.4010993073656475,-0.07384189710608395,-0.5132075115584983,0,-1.2830187788962457,train,9,3.2,4.0
3.4433080074008657,3.6778973185847077,-0.23458931118384208,-1.0219259351280732,0,-2.554814837820183,train,9,3.2,4.0
4.675369647291045,3.922265408265302,0.7531042390257429,-1.407515060838379,1,4.694339772681581,train,9,3.2,4.0
4.1959220059465645,3.627646359041452,0.5682756469051126,-0.934280574557142,1,4.991922360463398,train,9,3.2,4.0
3.0587746750219016,3.6721610903883386,-0.6133864153664369,-1.0120474215865924,1,4.9743349483537695,train,9,3.2,4.0
3.9317264348227807,3.2314254137803102,0.7003010210424704,-0.17942396999310198,1,4.714821356780997,train,9,3.2,4.0
3.142559318934969,3.485745406907629,-0.34318608797265987,-0.6747984658099169,1,4.9819267511505885,train,9,3.2,4.0
3.3435729702474064,3.2636904721247717,0.0798824981226348,-0.24358934940415308,0,-0.6089733735103827,train,9,3.2,4.0
4.1660142590561975,3.4443679346742546,0.7216463243819429,-0.5963407849409385,1,4.9600928534539435,train,9,3.2,4.0
2.8497236693585353,3.4645754495857055,-0.6148517802271702,-0.6347930653244751,1,4.971819324652725,train,9,3.2,4.0
3.915303734734012,3.819064236968477,0.09623949776553525,-1.2536499768508471,1,4.8466974697173075,train,9,3.2,4.0
2.5536821946683776,3.231967366951982,-0.6782851722836045,-0.18050347935303532,1,4.715722728998358,train,9,3.2,4.0
2.3788139341318537,3.5435937427453106,-1.1647798086134566,-0.782521373120603,0,-1.9563034328015074,train,9,3.2,4.0
4.04390018761295,3.451941497474151,0.5919586901387985,-0.6107816672336451,0,-1.5269541680841128,train,9,3.2,4.0
3.726129334833508,3.709192914454036,0.01693642037947192,-1.075220308305647,1,4.952192341902864,train,9,3.2,4.0
2.9836571613656275,3.4770777200640266,-0.49342055869839885,-0.6584544659141967,1,4.978058123885311,train,9,3.2,4.0
2.2825468284552866,3.234477884963996,-0.9519310565087091,-0.18550345036848853,1,4.719880129515547,train,9,3.2,4.0
3.6630484479913004,3.9039321396143327,-0.24088369162303241,-1.3812306039622224,0,-3.4530765099055563,train,9,3.2,4.0
4.6159000402679595,3.810592469714945,0.8053075705530149,-1.2404034215382722,1,4.856932060158619,train,9,3.2,4.0
4.143958770272955,3.9024773141798867,0.24148145609306843,-1.3791248185931175,1,4.72748147458796,train,9,3.2,4.0
3.3103504652092934,3.5340073150714137,-0.2236568498621204,-0.7648412937457137,0,-1.9121032343642843,train,9,3.2,4.0
3.281247989633998,3.6844620515150055,-0.40321406188100756,-1.0331899584660245,0,-2.5829748961650614,train,9,3.2,4.0
3.674260551604084,3.610773301926631,0.06348724967745323,-0.9043112509627274,0,-2.2607781274068186,train,9,3.2,4.0
2.7498860838198618,3.678269318370379,-0.9283832345505174,-1.0225654084636426,0,-2.5564135211591066,train,9,3.2,4.0
4.2166564352824984,3.4097725289055605,0.8068839063769382,-0.5299536252759108,0,-1.3248840631897771,train,9,3.2,4.0
3.7426105561344594,3.440697047152566,0.30191350898189334,-0.5893289654927244,1,4.957745093984286,train,9,3.2,4.0
3.936930187118033,3.220319825640085,0.7166103614779477,-0.15729174501025703,1,4.696046075042341,train,9,3.2,4.0
3.1043466458031417,3.442450048520828,-0.3381034027176861,-0.5926783972037882,1,4.958874582779652,train,9,3.2,4.0
3.9065579541104225,3.393660700322822,0.5128972537876005,-0.4988143698879462,0,-1.2470359247198655,train,9,3.2,4.0
4.05880538632703,3.6460625509301154,0.4127428353969147,-0.9666868801040663,1,4.985844173389495,train,9,3.2,4.0
2.732564384936425,3.652405615910534,-0.9198412309741093,-0.9777731877701067,1,4.983359048734924,train,9,3.2,4.0
3.6694822185181737,3.5801057979320405,0.08937642058613295,-0.8491875192235494,1,4.999783335932662,train,9,3.2,4.0
3.6233050819646073,3.4342383810316073,0.18906670093300007,-0.5769729469006887,1,4.9534522216471135,train,9,3.2,4.0
2.906450250124392,3.2514008485558596,-0.34495059843146764,-0.2191753060718407,1,4.747127034773094,train,9,3.2,4.0
3.7669526359484427,3.983055316606114,-0.21610268065767144,-1.4912371925491434,1,4.581090145615273,train,9,3.2,4.0
3.7334774528299346,3.471766274910291,0.2617111779196434,-0.6484145532618762,1,4.975502652237874,train,9,3.2,4.0
3.573288175498143,3.5960389047059635,-0.022750729207820414,-0.8779296708232998,1,4.998407115234257,train,9,3.2,4.0
3.3788347692224883,3.9816645807381454,-0.6028298115156573,-1.4893822534846015,1,4.58387191523335,train,9,3.2,4.0
3.907490911898727,3.5526190599205334,0.35487185197819354,-0.7991009129366025,0,-1.9977522823415061,train,9,3.2,4.0
3.591308662690286,3.4546182443831612,0.13669041830712467,-0.6158772148916645,0,-1.5396930372291613,train,9,3.2,4.0
3.765344783432105,3.615837588700304,0.14950719473180116,-0.9133336863252173,1,4.994929069191453,train,9,3.2,4.0
3.719967085948605,3.6625091439059743,0.05745794204263094,-0.9953505538568512,0,-2.488376384642128,train,9,3.2,4.0
4.1525600388166835,3.883147000400389,0.2694130384162939,-1.3508698657546492,0,-3.377174664386623,train,9,3.2,4.0
3.082876614234568,3.25447781883036,-0.1716012045957924,-0.22529113507260842,0,-0.5632278376815211,train,9,3.2,4.0
3.0539696665852603,3.571624646223466,-0.517654979638206,-0.8337997648482337,1,4.9999982847174085,train,9,3.2,4.0
3.380464391633074,3.8255592948953185,-0.4450949032622446,-1.2637448424193758,1,4.838615293563641,train,9,3.2,4.0
4.43822733000064,3.7748822483058,0.6633450816948391,-1.1835992969549094,1,4.896233259167608,train,9,3.2,4.0
2.4581863924378906,3.6688175840425408,-1.21063119160465,-1.0062740961875976,0,-2.515685240468994,train,9,3.2,4.0
3.553999958448285,3.2296755305875267,0.3243244278607581,-0.17593804261198898,1,4.711901512009278,train,9,3.2,4.0
2.615145783457735,3.4805251130265065,-0.8653793295687715,-0.6649609469144477,0,-1.6624023672861195,train,9,3.2,4.0
2.685242329891326,3.650552547594196,-0.9653102177028701,-0.974538472383004,1,4.984105791117659,train,9,3.2,4.0
2.835842760862045,3.4397838979396504,-0.6039411370776053,-0.5875835078393408,1,4.957150701045634,train,9,3.2,4.0
3.45534714773796,3.6098673226188396,-0.15452017488087968,-0.9026947233871907,1,4.996184128674582,train,9,3.2,4.0
4.1770780085114945,3.7387735402277764,0.4383044682837182,-1.1246270361968607,0,-2.8115675904921518,train,9,3.2,4.0
2.308314092005327,3.327354986702475,-1.019040894697148,-0.36939160971309737,1,4.852571046013597,train,9,3.2,4.0
4.244827463477925,3.2403821361231984,1.004445327354727,-0.19725774774804072,1,4.729540233920015,train,9,3.2,4.0
4.168486929752765,3.4702527096517435,0.6982342201010213,-0.6455501883388121,0,-1.6138754708470302,train,9,3.2,4.0
3.2069068626326587,3.2864510182235622,-0.07954415559090341,-0.2887045584606565,0,-0.7217613961516413,train,9,3.2,4.0
3.168974761689394,3.3431222468568724,-0.1741474851674784,-0.40033640208079047,1,4.870970091515987,train,9,3.2,4.0
3.3365422263642808,3.9086616769341647,-0.5721194505698839,-1.3880561442212875,1,4.717321976120351,train,9,3.2,4.0
3.845116333256609,3.4922919769712926,0.35282435628531655,-0.6871092977126251,0,-1.7177732442815628,train,9,3.2,4.0
3.4162963617889694,3.3750154793436296,0.04128088244534,-0.4626177439584451,0,-1.1565443598961127,train,9,3.2,4.0
4.649235518829069,3.8019969361748824,0.8472385826541864,-1.2268723639220476,0,-3.067180909805119,train,9,3.2,4.0
2.873774298587387,3.2855036675148557,-0.41172936892746875,-0.2868295721896736,0,-0.717073930474184,train,9,3.2,4.0
4.124448948724848,3.7956825926204485,0.3287663561043994,-1.2168745384133737,1,4.874097377910467,train,9,3.2,4.0
3.553998712071067,3.5758282347523958,-0.021829522681328813,-0.8414340995361889,1,4.999936699889332,train,9,3.2,4.0
3.1703947851963754,3.6786045370232876,-0.508209751826912,-1.023141533259285,0,-2.5578538331482124,train,9,3.2,4.0
4.45947857880744,3.3180961538282383,1.141382424979202,-0.35117695367006624,0,-0.8779423841751656,train,9,3.2,4.0
3.514991092982528,3.3472278576745214,0.16776323530800658,-0.4083780446629068,1,4.875562458967533,train,9,3.2,4.0
4.088210402082675,3.7160577011745937,0.3721527009080813,-1.0867715698806946,0,-2.7169289247017363,train,9,3.2,4.0
2.5977617799299946,3.2389024050107245,-0.6411406250807298,-0.19431250013011594,1,4.727134675234339,train,9,3.2,4.0
2.9653175661385447,3.398890006242216,-0.43357244010367113,-0.5089356097281775,1,4.92630230240069,train,9,3.2,4.0
3.684410546217454,3.6339268129824034,0.05048373323505067,-0.9453682195508205,1,4.990039662985938,train,9,3.2,4.0
3.0307455806407866,3.3814186746160075,-0.3506730939752209,-0.4750672608929011,1,4.910607904290505,train,9,3.2,4.0
3.866342590375934,3.505129227923706,0.36121336245222807,-0.7111637841072063,0,-1.7779094602680157,train,9,3.2,4.0
4.200805373024652,3.937786229522837,0.26301914350181493,-1.4293978785724486,1,4.667058089141447,train,9,3.2,4.0
3.4708795817074183,3.9402854982942213,-0.4694059165868029,-1.4328895488746978,1,4.662559737117513,train,9,3.2,4.0
3.7691615301614756,3.65339993966,0.11576159050147589,-0.9795074955069697,1,4.9829513052729695,train,9,3.2,4.0
3.629191655183965,3.626776707991202,0.0024149471927629525,-0.9327423597386211,1,4.992167538072774,train,9,3.2,4.0
3.113442845300143,3.2118880197065827,-0.09844517440643989,-0.14047497409509174,0,-0.35118743523772933,train,9,3.2,4.0
3.2930320520768874,3.982319410721604,-0.6892873586447162,-1.4902560132915585,0,-3.7256400332288964,train,9,3.2,4.0
3.1571180208443983,3.658423123226549,-0.5013051023821508,-0.9882541348032939,0,-2.470635337008235,train,9,3.2,4.0
3.9596760340489308,3.833405597021299,0.12627043702763197,-1.2758687215591358,0,-3.1896718038978396,train,9,3.2,4.0
4.257636666670909,3.6492458882210954,0.6083907784498136,-0.9722555558120984,0,-2.430638889530246,train,9,3.2,4.0
3.3197494994662025,3.9018681932519477,-0.5821186937857454,-1.378242280050716,1,4.728472346446161,train,9,3.2,4.0
4.397665598310873,3.6673566628245404,0.7303089354863322,-1.0037479476207738,1,4.976708359612209,train,9,3.2,4.0
3.876668288236594,3.7670798610951644,0.10958842714142987,-1.1709846216012545,1,4.903990777527824,train,9,3.2,4.0
2.556935006003437,3.318826761085167,-0.7618917550817298,-0.3526153723954046,1,4.842116321872243,train,9,3.2,4.0
3.7367945490073167,3.5427605911743174,0.19403395783299907,-0.7809876364362278,0,-1.9524690910905695,train,9,3.2,4.0
4.286576967636868,3.7551120530739293,0.5314649145629383,-1.1514971502853373,1,4.915309451394978,train,9,3.2,4.0
3.4423326105967096,3.2836957956182826,0.15863681497842716,-0.28325073874800094,1,4.795344779879691,train,9,3.2,4.0
-6.142930981407433,-6.319730311123231,0.17679932971579787,-0.07307373990152577,0,-0.18268434975381442,test,-1,-6.5,-5.5
-7.108353033436602,-6.4805247585123755,-0.6278282749242267,-0.3921222318038161,1,-4.0502963817929984,test,-1,-6.5,-5.5
-5.644103639652028,-6.036781473501655,0.39267783384962757,0.487835993562957,1,-4.916692915720515,test,-1,-6.5,-5.5
-5.739443305576755,-5.775066070807852,0.03562276523109754,0.9730699166325957,1,-4.9844389130116875,test,-1,-6.5,-5.5
-5.750459386619383,-6.079796395412273,0.3293370087928894,0.4039790855319183,0,1.0099477138297956,test,-1,-6.5,-5.5
-6.326482466457767,-6.014572901832217,-0.31190956462555003,0.5307877139819756,0,1.3269692849549388,test,-1,-6.5,-5.5
-6.968351427124482,-6.4872191854093915,-0.4811322417150906,-0.40524234583306995,1,-4.03057945212342,test,-1,-6.5,-5.5
-6.560738324442168,-6.012628392680129,-0.5481099317620389,0.5345362665670992,1,-4.937209876750954,test,-1,-6.5,-5.5
-4.894176079699282,-5.558193347656633,0.6640172679573516,1.3262588486989844,1,-4.782863294113364,test,-1,-6.5,-5.5
-5.780650825637644,-5.649204910623221,-0.13144591501442293,1.184712704585822,0,2.9617817614645547,test,-1,-6.5,-5.5
-5.908234432100654,-5.770035529779181,-0.13819890232147258,0.9818475432778263,1,-4.982392972271585,test,-1,-6.5,-5.5
-7.4650606569551865,-6.391263928131025,-1.0737967288241614,-0.21573666591268592,1,-4.295513912742908,test,-1,-6.5,-5.5
-5.640368740996131,-5.606095829714919,-0.03427291128121214,1.253054441994958,1,-4.847166581423956,test,-1,-6.5,-5.5
-7.719015416354877,-5.642845752927171,-2.0761696634277067,1.1949355239102892,0,2.987338809775723,test,-1,-6.5,-5.5
-5.517603847867152,-6.334913382404773,0.817309534537621,-0.10341001873567304,0,-0.2585250468391826,test,-1,-6.5,-5.5
-6.01271029468575,-5.867665986176504,-0.1450443085092464,0.8073302302414982,1,-4.9995318535675795,test,-1,-6.5,-5.5
-6.466963808557314,-6.4795163872087675,0.012552578651453506,-0.390144431764376,0,-0.9753610794109401,test,-1,-6.5,-5.5
-7.240454696205274,-6.383262731219983,-0.8571919649852905,-0.19982090718042803,0,-0.49955226795107005,test,-1,-6.5,-5.5
-6.841140541175527,-6.183632688387459,-0.6575078527880676,0.19877652101110133,0,0.4969413025277533,test,-1,-6.5,-5.5
-5.979298109629245,-6.342087693325063,0.3627895836958182,-0.11773666367243132,1,-4.4161130655454155,test,-1,-6.5,-5.5
-5.86614337981311,-5.741020411839495,-0.1251229679736151,1.0319832698230886,0,2.5799581745577216,test,-1,-6.5,-5.5
-5.424183992370857,-5.6817246421358565,0.25754064976499935,1.131694819008376,1,-4.926002068816673,test,-1,-6.5,-5.5
-5.392877435664312,-6.155375509040782,0.76249807337647,0.2549242254490646,1,-4.774618214778657,test,-1,-6.5,-5.5
-5.783258462214653,-6.181201203137566,0.3979427409229125,0.2036148212644151,0,0.5090370531610378,test,-1,-6.5,-5.5
-7.527703856676072,-6.388338768005339,-1.1393650886707327,-0.20991956648810356,1,-4.302981054708183,test,-1,-6.5,-5.5
-7.006742053840413,-6.4160468566779425,-0.5906951971624704,-0.2649420228698456,0,-0.662355057174614,test,-1,-6.5,-5.5
-6.468709493305723,-5.787274064311157,-0.6814354289945657,0.9516666382935649,1,-4.98887937509731,test,-1,-6.5,-5.5
-6.446435247994886,-5.900456603742344,-0.545978644252542,0.7469062714966463,1,-4.994601164823252,test,-1,-6.5,-5.5
-7.69246572151134,-6.4443263204149215,-1.2481394010964186,-0.32088908411474587,1,-4.153744298209332,test,-1,-6.5,-5.5
-7.2512397395353885,-6.0202027183405695,-1.2310370211948192,0.5199234962184244,1,-4.931085270223682,test,-1,-6.5,-5.5
-6.544598286909421,-6.098323519369348,-0.44627476754007284,0.36762135599989726,1,-4.851483723652991,test,-1,-6.5,-5.5
-6.0108203220851495,-5.652021002453026,-0.3587993196321236,1.1801702973058816,1,-4.898375885069551,test,-1,-6.5,-5.5
-5.472354439430688,-5.782150820660121,0.30979638122943365,0.9606662584814258,1,-4.9871063809740495,test,-1,-6.5,-5.5
-6.092791109484795,-5.897935948751176,-0.19485516073361928,0.7515804601393358,0,1.8789511503483394,test,-1,-6.5,-5.5
-5.09475211036479,-5.947616178494503,0.8528640681297127,0.6586132151943913,0,1.6465330379859782,test,-1,-6.5,-5.5
-6.647040788703493,-5.550897602253363,-1.0961431864501305,1.3371452552124214,0,3.3428631380310536,test,-1,-6.5,-5.5
-6.3483565591591296,-5.513326669641532,-0.8350298895175977,1.3920674921048526,1,-4.712680205912409,test,-1,-6.5,-5.5
-6.012359036930683,-6.161945950350472,0.1495869134197886,0.24188511839497986,1,-4.764762995445901,test,-1,-6.5,-5.5
-6.4245666742797685,-6.260125320947527,-0.1644413533322418,0.046115885090579345,0,0.11528971272644836,test,-1,-6.5,-5.5
-6.297460797206026,-5.7035642460120535,-0.5938965511939723,1.0954138585456983,1,-4.943543090659936,test,-1,-6.5,-5.5
-5.975599819477815,-6.436313569225344,0.4607137497475291,-0.30506106252360093,1,-4.175912102143027,test,-1,-6.5,-5.5
-5.483258310060891,-6.135384357003959,0.6521260469430682,0.2945268320659327,1,-4.803334212519085,test,-1,-6.5,-5.5
-5.64475049013024,-6.429977197375497,0.7852267072452573,-0.2925305654400418,1,-4.193252323075368,test,-1,-6.5,-5.5
-6.42108032275851,-6.18063229294909,-0.24044802980941976,0.20474669665929457,1,-4.735611828606333,test,-1,-6.5,-5.5
-6.435120928464525,-6.429617404893043,-0.005503523571482324,-0.29181870040276725,1,-4.194231892484071,test,-1,-6.5,-5.5
-6.074315502292823,-6.209736332864688,0.1354208305718658,0.14676590458925642,0,0.36691476147314106,test,-1,-6.5,-5.5
-5.676743944935053,-5.709898876566211,0.03315493163115787,1.0847919574243325,1,-4.948190121060426,test,-1,-6.5,-5.5
-4.9836392724880465,-5.594599679199928,0.6109604067118815,1.2708914342430386,0,3.1772285856075966,test,-1,-6.5,-5.5
-6.0032950060079076,-5.707378614920074,-0.2959163910878337,1.0890231671878716,0,2.722557917969679,test,-1,-6.5,-5.5
-5.717398479120081,-5.938181289855121,0.22078281073504033,0.6764009157010029,0,1.6910022892525074,test,-1,-6.5,-5.5
-7.211609049720098,-5.8839816149273485,-1.32762743479275,0.7773695418284514,1,-4.997750171601578,test,-1,-6.5,-5.5
-5.686776693389793,-6.138516457796798,0.45173976440700536,0.2883294926049572,1,-4.798961682855772,test,-1,-6.5,-5.5
-5.3487190541804,-6.331182701414547,0.9824636472341476,-0.09595793471862508,1,-4.44141967747194,test,-1,-6.5,-5.5
-6.081025549276821,-6.063759066334839,-0.01726648294198151,0.43533931418980365,1,-4.890386434637958,test,-1,-6.5,-5.5
-5.146158881027085,-5.767174663651824,0.621015782624739,0.986828306111637,0,2.467070765279092,test,-1,-6.5,-5.5
-7.435606701545285,-6.437112376139299,-0.9984943254059856,-0.3066398847905821,1,-4.173714158806488,test,-1,-6.5,-5.5
-6.680402291391013,-6.479267021118829,-0.20113527027218417,-0.3896552686621809,0,-0.9741381716554522,test,-1,-6.5,-5.5
-6.655885203461024,-5.729451933584981,-0.926433269876043,1.0517327429057006,1,-4.961280959888622,test,-1,-6.5,-5.5
-6.009856692574478,-6.200047990569446,0.19019129799496773,0.16608315619824165,1,-4.703571396807874,test,-1,-6.5,-5.5
-5.486359438223813,-5.798835724956483,0.3124762867326698,0.9312657051248276,1,-4.9923992482916795,test,-1,-6.5,-5.5
-6.588955751629922,-5.765332279095499,-0.8236234725344235,0.9900316213741756,1,-4.980366092848291,test,-1,-6.5,-5.5
-6.076265279614248,-5.567095372812654,-0.5091699068015936,1.312880058370881,1,-4.795648046813063,test,-1,-6.5,-5.5
-6.452017308851075,-6.099671567078191,-0.35234574177288386,0.36497086433536097,1,-4.849848732257616,test,-1,-6.5,-5.5
-4.6890452998366285,-6.141562071651844,1.4525167718152152,0.28230056776594437,0,0.7057514194148609,test,-1,-6.5,-5.5
-5.738360756766377,-5.693433209072279,-0.04492754769409767,1.1123100281042984,1,-4.935698804220082,test,-1,-6.5,-5.5
-5.664291520125509,-5.735508903455528,0.07121738333001924,1.0414097937780036,1,-4.964951553473981,test,-1,-6.5,-5.5
-5.631884558739948,-5.847385260084416,0.21550070134446794,0.8442716103301755,1,-4.999891220023194,test,-1,-6.5,-5.5
-5.511294770249096,-5.689033426044933,0.17773865579583725,1.1196123692584787,0,2.799030923146197,test,-1,-6.5,-5.5
-6.002150039379815,-5.857785141258945,-0.1443648981208701,0.8253706307479498,1,-4.999963833374443,test,-1,-6.5,-5.5
-6.342175133762818,-5.542555947174045,-0.7996191865887725,1.3495050812659568,1,-4.759488420567163,test,-1,-6.5,-5.5
-6.5747091691214425,-6.1661255785489075,-0.40858359057253524,0.2335851344408272,1,-4.758386764396361,test,-1,-6.5,-5.5
-4.781952009624414,-5.761747377151327,0.9797953675269133,0.9962549739720991,0,2.490637434930248,test,-1,-6.5,-5.5
-5.397315977904813,-5.550166694262819,0.15285071635800548,1.3382319728000844,1,-4.771010741126476,test,-1,-6.5,-5.5
-6.3899043145543475,-6.16563584583876,-0.22426846871558787,0.23455786867302383,1,-4.759138177548094,test,-1,-6.5,-5.5
-6.701110604591896,-5.888368003265185,-0.8127426013267102,0.7692791090556319,0,1.9231977726390799,test,-1,-6.5,-5.5
-6.1687748729550345,-6.134329832422847,-0.03444504053218761,0.29661272276965933,1,-4.804795767222356,test,-1,-6.5,-5.5
-6.020369121231866,-6.0384597086127,0.01809058738083345,0.48458021717569094,0,1.2114505429392273,test,-1,-6.5,-5.5
-6.817492178437981,-6.424998006891284,-0.3924941715466969,-0.2826756973023293,0,-0.7066892432558232,test,-1,-6.5,-5.5
-5.946401361499371,-6.480656637701758,0.5342552762023868,-0.39238086766434943,1,-4.0499097110824955,test,-1,-6.5,-5.5
-6.094525714551783,-5.740350532447827,-0.3541751821039561,1.0331306670204006,0,2.5828266675510014,test,-1,-6.5,-5.5
-6.149121034862127,-6.047240835508003,-0.10188019935412367,0.4675227875407628,1,-4.906917456966164,test,-1,-6.5,-5.5
-5.372348470391154,-5.8771659923470105,0.5048175219558564,0.789910820442739,0,1.9747770511068474,test,-1,-6.5,-5.5
-5.626293161610669,-5.760048482202105,0.1337553205914356,0.9991997713834273,1,-4.9779576221091055,test,-1,-6.5,-5.5
-5.408399645435413,-6.081336569818159,0.6729369243827464,0.4009617519063944,0,1.002404379765986,test,-1,-6.5,-5.5
-6.270702289184647,-6.13238237493235,-0.13831991425229734,0.3004640008010176,0,0.751160002002544,test,-1,-6.5,-5.5
-6.591177591526799,-6.330971189409247,-0.26020640211755186,-0.095535395741938,0,-0.23883848935484503,test,-1,-6.5,-5.5
-5.425949518207394,-5.706127593365193,0.28017807515779913,1.091120911420389,0,2.7278022785509726,test,-1,-6.5,-5.5
-5.538791206224035,-5.666962591415572,0.128171385191537,1.1559135450390061,1,-4.912814257587648,test,-1,-6.5,-5.5
-5.054949517361975,-5.765787012694647,0.7108374953326713,0.9892412975741122,0,2.4731032439352805,test,-1,-6.5,-5.5
-5.381531230403526,-5.624705419976317,0.2431741895727911,1.2238305335158572,0,3.059576333789643,test,-1,-6.5,-5.5
-5.868135850020924,-5.851943558024186,-0.016192291996737978,0.8359983763920964,1,-4.999989615619647,test,-1,-6.5,-5.5
-5.534609552825568,-5.803933825229342,0.26932427240377466,0.9222302290621895,0,2.305575572655474,test,-1,-6.5,-5.5
-5.914147764956974,-6.306981919733403,0.3928341547764285,-0.04758873339599101,0,-0.11897183348997753,test,-1,-6.5,-5.5
-6.405171184996574,-5.732367765060692,-0.6728034199358819,1.046768057763268,0,2.6169201444081702,test,-1,-6.5,-5.5
-6.251974550924048,-6.165917105697661,-0.08605744522638784,0.23399922162570083,0,0.5849980540642521,test,-1,-6.5,-5.5
-6.2627842200340496,-6.062040793937221,-0.20074342609682802,0.4386928149206883,1,-4.892168298688586,test,-1,-6.5,-5.5
-5.461027318451223,-6.181129760241425,0.7201024417902017,0.20375696412051572,0,0.5093924103012893,test,-1,-6.5,-5.5
-6.222791034187768,-5.9317103310727335,-0.2910807031150347,0.6885659725271421,0,1.7214149313178553,test,-1,-6.5,-5.5
-5.203177724214569,-5.841307648566912,0.6381299243523427,0.8552750559485733,0,2.1381876398714335,test,-1,-6.5,-5.5
-6.683438735788709,-5.924441458944766,-0.7589972768439434,0.702196654414832,1,-4.987593666630609,test,-1,-6.5,-5.5
-6.215123966121896,-6.181812806012952,-0.03331116010894419,0.2023979331293285,1,-4.7337145577752935,test,-1,-6.5,-5.5
-5.641697434970602,-6.28199662472948,0.6402991897588778,0.002377364340356922,0,0.005943410850892306,test,-1,-6.5,-5.5
-5.8115510578124505,-5.6550614691278245,-0.1564895886846258,1.1752554629555323,0,2.938138657388831,test,-1,-6.5,-5.5
-5.506300447443802,-6.197835312212389,0.6915348647685868,0.17049281793381268,1,-4.707312582104436,test,-1,-6.5,-5.5
-7.2781631670572065,-6.061779329122656,-1.2163838379345508,0.43920299466614265,0,1.0980074866653566,test,-1,-6.5,-5.5
-6.392279588167702,-6.40858541307435,0.01630582490664816,-0.2501434150616099,0,-0.6253585376540248,test,-1,-6.5,-5.5
-6.102250493089581,-6.199020830159066,0.09677033706948474,0.1681302935924763,0,0.4203257339811908,test,-1,-6.5,-5.5
-6.489608299850548,-6.414305193986613,-0.07530310586393486,-0.26148899636123185,1,-4.235415980268727,test,-1,-6.5,-5.5
-7.061319464015354,-6.156286693039696,-0.9050327709756589,0.2531166161287369,0,0.6327915403218423,test,-1,-6.5,-5.5
-5.391019652181005,-5.790698982228564,0.39967933004755934,0.9456363949056203,1,-4.98999160568531,test,-1,-6.5,-5.5
-6.924218779621491,-5.526031744234741,-1.39818703538675,1.3737109138552328,1,-4.733523394578449,test,-1,-6.5,-5.5
-5.305669352726077,-5.87477515992868,0.5691058072026033,0.7943014755371502,0,1.9857536888428755,test,-1,-6.5,-5.5
-6.055653535669466,-6.230696459821456,0.17504292415199016,0.10492949771400813,0,0.2623237442850203,test,-1,-6.5,-5.5
-5.251013486934763,-5.843291193811337,0.592277706876574,0.8516873231443541,1,-4.9997142889438635,test,-1,-6.5,-5.5
-6.025330770789082,-5.873002180808689,-0.15232858998039253,0.797554540615411,1,-4.999095574262832,test,-1,-6.5,-5.5
-6.340925417322212,-5.67434777092775,-0.6665776463944614,1.1438285242878532,0,2.859571310719633,test,-1,-6.5,-5.5
-6.275845388485665,-5.966306018103647,-0.3095393703820185,0.6232054886613484,1,-4.968491230967859,test,-1,-6.5,-5.5
-5.867168889649925,-5.588878335199273,-0.27829055445065154,1.2797060061062537,0,3.1992650152656346,test,-1,-6.5,-5.5
-5.725270885140503,-6.08449633077516,0.35922544563465625,0.3947685400393129,0,0.9869213500982822,test,-1,-6.5,-5.5
-6.400595674892589,-6.2139553305048105,-0.18664034438777863,0.1383493782786685,1,-4.679530446943924,test,-1,-6.5,-5.5
-5.731797671640131,-5.980992258412341,0.24919458677220943,0.5952291876905762,1,-4.959724938993774,test,-1,-6.5,-5.5
-5.286450271893339,-5.57754976172913,0.29109948983579065,1.2970354747669868,1,-4.8101769531444525,test,-1,-6.5,-5.5
-4.92256995936197,-5.776088737380386,0.8535187780184161,0.9712824800781139,1,-4.984839409301621,test,-1,-6.5,-5.5
-7.197327734713117,-6.006086998866494,-1.1912407358466222,0.5471316049412532,0,1.3678290123531331,test,-1,-6.5,-5.5
-6.242908199959687,-6.0025036472517375,-0.24040455270794914,0.554021394576753,0,1.3850534864418826,test,-1,-6.5,-5.5
-5.435792362217551,-5.8512778017153,0.41548543949774897,0.8372078002081119,1,-4.99998172323892,test,-1,-6.5,-5.5
-5.634904276708172,-6.052228839634289,0.417324562926117,0.45781739883922884,1,-4.902066493092568,test,-1,-6.5,-5.5
-6.281077637669692,-5.949360529047631,-0.3317171086220608,0.6553181028838905,0,1.6382952572097262,test,-1,-6.5,-5.5
-5.682306586336825,-5.528824796369006,-0.1534817899678191,1.3696456135744006,1,-4.7380031756723335,test,-1,-6.5,-5.5
-5.617915342094958,-5.567586281061363,-0.050329061033594504,1.3121392392298454,0,3.2803480980746134,test,-1,-6.5,-5.5
-5.574203854035189,-5.659314569611356,0.08511071557616687,1.1683622197657457,1,-4.9055606348021765,test,-1,-6.5,-5.5
-6.70353439202071,-6.372951738888601,-0.3305826531321099,-0.17929184754150002,0,-0.44822961885375,test,-1,-6.5,-5.5
-6.321293433768763,-5.943478894128256,-0.3778145396405071,0.6664205946140371,1,-4.97998896337944,test,-1,-6.5,-5.5
-6.795921251415248,-6.133572788958515,-0.6623484624567321,0.29810998097694974,1,-4.805841723074626,test,-1,-6.5,-5.5
-5.807333545758606,-5.588204515724026,-0.21912903003457976,1.2807413724386878,0,3.2018534310967195,test,-1,-6.5,-5.5
-5.345188186601795,-6.1863208468966455,0.8411326602948508,0.1934261118380336,1,-4.7264087512443185,test,-1,-6.5,-5.5
-6.128358469267496,-5.569234077540731,-0.5591243917267656,1.3096502737358988,1,-4.798662992338943,test,-1,-6.5,-5.5
-5.673803886166828,-6.261653898760029,0.5878500125932002,0.043059489584813496,1,-4.590230971540043,test,-1,-6.5,-5.5
-4.905565931583186,-6.079609225154348,1.174043293571162,0.4043457029422883,0,1.0108642573557207,test,-1,-6.5,-5.5
-5.40587884898492,-5.540037352659518,0.13415850367459825,1.3532184645223282,0,3.3830461613058205,test,-1,-6.5,-5.5
-4.476717475357462,-5.904513309536946,1.427795834179484,0.7393737477488436,1,-4.9936177326523685,test,-1,-6.5,-5.5
-5.637621598806393,-5.567851378330778,-0.06977022047561474,1.311739055111571,0,3.279347637778928,test,-1,-6.5,-5.5
-4.945912190095192,-5.961149708114924,1.0152375180197322,0.6329963405641986,0,1.5824908514104965,test,-1,-6.5,-5.5
-6.2835990994714495,-6.271963133805743,-0.011635965665706417,0.022443875654382044,1,-4.569550720893018,test,-1,-6.5,-5.5
-6.49633139978391,-5.787037079766965,-0.709294320016944,0.9520834841935177,0,2.380208710483794,test,-1,-6.5,-5.5
-5.751823976585052,-5.978426508604197,0.22660253201914482,0.6001261944648512,0,1.500315486162128,test,-1,-6.5,-5.5
-4.844314101401769,-5.994526831380429,1.1502127299786598,0.5693329216577457,0,1.4233323041443644,test,-1,-6.5,-5.5
-6.696233427364092,-6.363515486744456,-0.33271794061963583,-0.16048762632149777,0,-0.40121906580374445,test,-1,-6.5,-5.5
-6.046155497255755,-6.355080538095489,0.308925040839734,-0.14366662017554838,0,-0.3591665504388709,test,-1,-6.5,-5.5
-6.145966599706761,-5.570394885649756,-0.5755717140570057,1.3078947596936958,1,-4.800290202038474,test,-1,-6.5,-5.5
-6.051954353367838,-5.543941735951713,-0.5080126174161252,1.3474582398154982,1,-4.761606989456532,test,-1,-6.5,-5.5
-5.238065793463883,-5.534069103300683,0.2960033098368005,1.361983660221726,0,3.4049591505543146,test,-1,-6.5,-5.5
-6.229182904803899,-6.1422107587041825,-0.08697214609971665,0.28101612343149934,0,0.7025403085787484,test,-1,-6.5,-5.5
-6.090955709884669,-6.4541297948091865,0.3631740849245167,-0.3402262921774638,0,-0.8505657304436596,test,-1,-6.5,-5.5
-5.157888479018905,-5.946072727178414,0.7881842481595093,0.6615271541513925,0,1.6538178853784813,test,-1,-6.5,-5.5
-6.445267597454306,-5.7636905282179285,-0.6815770692363772,0.9928832678828708,0,2.482208169707177,test,-1,-6.5,-5.5
-6.237906488387432,-5.851953526827403,-0.3859529615600282,0.8359802640838294,0,2.0899506602095737,test,-1,-6.5,-5.5
-6.3933400895308985,-6.447067150885263,0.05372706135436497,-0.32629851729458476,1,-4.146100325163012,test,-1,-6.5,-5.5
-4.849891314769193,-6.267117167370712,1.4172258526015185,0.03213489678408246,1,-4.579332318198601,test,-1,-6.5,-5.5
-5.959951192413152,-5.794115741374689,-0.16583545103846256,0.9396094638285215,1,-4.991042862879896,test,-1,-6.5,-5.5
-6.70448437810037,-6.444915167894214,-0.2595692102061555,-0.3220514661663175,1,-4.15210467606357,test,-1,-6.5,-5.5
-5.360133156864257,-5.653503022852641,0.2933698659883841,1.1777760104156914,1,-4.899856901211721,test,-1,-6.5,-5.5
-4.214389301647573,-5.510918838420644,1.2965295367730707,1.3955211427152765,0,3.4888028567881912,test,-1,-6.5,-5.5
-6.567196462092387,-6.252200357516798,-0.3149961045755885,0.061959983924582004,0,0.15489995981145502,test,-1,-6.5,-5.5
-6.5940723900205676,-6.445884695524786,-0.14818769449578145,-0.3239650654984478,0,-0.8099126637461195,test,-1,-6.5,-5.5
-5.458827605917019,-5.520306691680995,0.06147908576397566,1.3820102241132888,1,-4.724225592700507,test,-1,-6.5,-5.5
-5.241690657353859,-5.732783715385826,0.4910930580319668,1.046059107250103,1,-4.963322590326062,test,-1,-6.5,-5.5
-4.698532815344609,-6.045802199872897,1.347269384528288,0.4703198563414731,1,-4.908293889184383,test,-1,-6.5,-5.5
-6.729605633488857,-6.0217433597671635,-0.7078622737216942,0.5169475353502895,0,1.2923688383757237,test,-1,-6.5,-5.5
-6.540658736472285,-5.58449699590134,-0.9561617405709444,1.2864277969148212,1,-4.819541157996015,test,-1,-6.5,-5.5
-6.007811123643968,-6.144169920137398,0.1363587964934298,0.27713613531990466,0,0.6928403382997617,test,-1,-6.5,-5.5
-6.082497035351989,-6.446820171221004,0.36432313586901494,-0.3258111663833175,0,-0.8145279159582937,test,-1,-6.5,-5.5
-7.1795251999816285,-5.886029670776637,-1.2934955292049917,0.7735938764087603,0,1.9339846910219007,test,-1,-6.5,-5.5
-6.509464687749957,-6.187455240718796,-0.32200944703116113,0.1911678356070502,0,0.4779195890176255,test,-1,-6.5,-5.5
-5.19527664285676,-5.818440957001771,0.6231643141450116,0.8963885629401296,1,-4.996842483087215,test,-1,-6.5,-5.5
-5.8194034397022225,-5.552049970247846,-0.2673534694543768,1.335430458094866,1,-4.773819307410607,test,-1,-6.5,-5.5
-5.799749203015066,-6.139420121603237,0.33967091858817117,0.2865409273951389,0,0.7163523184878473,test,-1,-6.5,-5.5
-6.098050525542418,-6.2530018472796245,0.15495132173720597,0.06035775409175656,1,-4.607210493757149,test,-1,-6.5,-5.5
-6.00511540091763,-6.4470481318915525,0.44193273097392294,-0.32626098890398875,1,-4.146153475107117,test,-1,-6.5,-5.5
-5.35576946454032,-5.6683400604695215,0.3125705959292007,1.1536642339983858,0,2.8841605849959646,test,-1,-6.5,-5.5
-6.211698143231282,-6.42162019228434,0.2099220490530578,-0.27598628512096307,1,-4.215864681025238,test,-1,-6.5,-5.5
-4.746115946984247,-5.547824519705758,0.801708572721511,1.341709510462531,0,3.3542737761563273,test,-1,-6.5,-5.5
-6.075280387508092,-5.793852372172267,-0.28142801533582534,0.9400744202887977,1,-4.990963902702033,test,-1,-6.5,-5.5
-5.458129006490093,-5.5884671532309165,0.13033814674082292,1.2803378823914833,1,-4.824788129434379,test,-1,-6.5,-5.5
-4.951106492302849,-5.685559129084949,0.7344526367821004,1.1253633691701919,0,2.8134084229254794,test,-1,-6.5,-5.5
-6.587339807845346,-6.309278387147114,-0.2780614206982317,-0.05218023832239099,1,-4.490652883965353,test,-1,-6.5,-5.5
-6.487742139484793,-6.324096518274042,-0.16364562121075119,-0.08179959936344915,0,-0.20449899840862287,test,-1,-6.5,-5.5
-5.930664953044239,-5.5386122282429255,-0.3920527248013135,1.3553158483444099,0,3.3882896208610247,test,-1,-6.5,-5.5
-6.712066410355175,-6.208962024196672,-0.5031043861585026,0.14831030244840035,0,0.3707757561210009,test,-1,-6.5,-5.5
-4.4350000972200645,-5.709386474026992,1.274386376806928,1.0856527772618219,1,-4.947821605529311,test,-1,-6.5,-5.5
-5.985461643348617,-6.329209852171835,0.3437482088232178,-0.09201659612795282,0,-0.23004149031988205,test,-1,-6.5,-5.5
-5.012946511986823,-6.200909769708015,1.1879632577211918,0.16436548948834942,0,0.41091372372087354,test,-1,-6.5,-5.5
-5.324656946321299,-5.826509856279804,0.5018529099585051,0.8819333770692009,1,-4.998113372233153,test,-1,-6.5,-5.5
-6.1424192987077175,-6.251580317756854,0.10916101904913703,0.06319945622265953,1,-4.609967270601359,test,-1,-6.5,-5.5
-5.853739121739114,-5.748132830837146,-0.10560629090196834,1.0197723649557286,1,-4.9720162192803175,test,-1,-6.5,-5.5
-5.398850829335049,-5.620743936947601,0.2218931076125519,1.230087372798452,1,-4.864615854158274,test,-1,-6.5,-5.5
-6.142613190296092,-6.179627550310818,0.037014360014726175,0.20674552051116196,1,-4.73722140992176,test,-1,-6.5,-5.5
-5.590897451812181,-6.201292123634108,0.6103946718219275,0.16360335643503954,0,0.40900839108759884,test,-1,-6.5,-5.5
-6.931783574002315,-6.472267339241645,-0.4595162347606703,-0.3759147342558916,1,-4.074366628873173,test,-1,-6.5,-5.5
-5.912708634521731,-6.077340025353649,0.16463139083191922,0.4087893390768449,0,1.0219733476921122,test,-1,-6.5,-5.5
-6.093538953995964,-6.434553417289806,0.3410144632938415,-0.30158147981295513,0,-0.7539536995323879,test,-1,-6.5,-5.5
-6.000182493510593,-5.925344056199391,-0.07483843731120206,0.700506095320305,0,1.7512652383007623,test,-1,-6.5,-5.5
-5.887895846781577,-5.812063753128562,-0.07583209365301406,0.9077718847115254,1,-4.995607871340609,test,-1,-6.5,-5.5
-5.538488409928092,-5.931694169072093,0.39320575914399974,0.6885963203405779,1,-4.984909501608335,test,-1,-6.5,-5.5
-5.497150323412475,-5.896273452607238,0.39912312919476295,0.7546607062396296,0,1.886651765599074,test,-1,-6.5,-5.5
-5.8989838304205,-5.900349895753816,0.0013660653333166157,0.7471042423717567,0,1.8677606059293916,test,-1,-6.5,-5.5
-5.542468390857163,-5.597352570980975,0.054884180123811875,1.2666353577037155,0,3.1665883942592887,test,-1,-6.5,-5.5
-6.239799376779841,-5.968970594086061,-0.2708287826937802,0.6181394556582912,0,1.545348639145728,test,-1,-6.5,-5.5
-5.2428445681497555,-5.638607312586656,0.3957627444369001,1.2017223211366608,1,-4.8844823262901,test,-1,-6.5,-5.5
-6.158315377314984,-6.148028406096006,-0.010286971218977533,0.2694915656852584,1,-4.78539424456814,test,-1,-6.5,-5.5
-7.237604486391102,-6.35937411474652,-0.878230371644582,-0.1522302393168896,0,-0.380575598292224,test,-1,-6.5,-5.5
-6.404674739505776,-6.278122908964438,-0.12655183054133756,0.010124753184182258,0,0.025311882960455646,test,-1,-6.5,-5.5
-5.27983231896037,-5.706717937752165,0.4268856187917948,1.0901312197698771,0,2.725328049424693,test,-1,-6.5,-5.5
-6.044168471643246,-6.270316276167314,0.22614780452406746,0.02573735160861443,1,-4.572886956635825,test,-1,-6.5,-5.5
-6.203442703942787,-5.727462252581654,-0.47598045136113265,1.055115373651618,0,2.6377884341290447,test,-1,-6.5,-5.5
-5.102349392451177,-5.597163167459247,0.49481377500807,1.2669284906960694,1,-4.836014980841016,test,-1,-6.5,-5.5
-5.539877701056971,-5.955612808721451,0.41573510766447985,0.6434911132974462,1,-4.974199979415775,test,-1,-6.5,-5.5
-5.940246677481187,-6.356777339036245,0.41653066155505886,-0.1470512467569457,0,-0.36762811689236424,test,-1,-6.5,-5.5
-4.912011650256657,-5.876503396542715,0.9644917462860578,0.7911281008710294,0,1.9778202521775734,test,-1,-6.5,-5.5
-6.270598359799108,-6.1205028116134645,-0.15009554818564366,0.32393172607880827,0,0.8098293151970206,test,-1,-6.5,-5.5
-5.182943162971551,-5.59155205713946,0.40860889416790985,1.275591940527608,0,3.18897985131902,test,-1,-6.5,-5.5
-6.384019481941669,-6.276361519548207,-0.10765796239346272,0.013647469348547011,1,-4.56057966103988,test,-1,-6.5,-5.5
-5.629650263493374,-6.265711488062076,0.6360612245687022,0.034945859809745274,1,-4.582149574957586,test,-1,-6.5,-5.5
-5.278783742831444,-6.017638904417632,0.7388551615861881,0.5248731164680399,1,-4.933190062609043,test,-1,-6.5,-5.5
-5.671382667521419,-6.006445637648938,0.33506297012751934,0.5464416539838054,0,1.3661041349595135,test,-1,-6.5,-5.5
-5.825096723826611,-6.312234285681227,0.48713756185461576,-0.05808978642083002,1,-4.484134305863543,test,-1,-6.5,-5.5
-6.572036589388775,-6.1256644316301445,-0.44637215775863004,0.3137405204711736,1,-4.816603384673316,test,-1,-6.5,-5.5
-5.419992109261797,-5.831828977732288,0.4118368684704912,0.8723728731395213,1,-4.998773199724784,test,-1,-6.5,-5.5
-6.705296710498987,-6.029479950784798,-0.6758167597141892,0.5019848369841716,1,-4.923198278166399,test,-1,-6.5,-5.5
-5.108882509305912,-6.440280272270555,1.3313977629646432,-0.3128992173317872,1,-4.164971379060505,test,-1,-6.5,-5.5
-5.359709457564398,-6.084692484387149,0.72498302682275,0.39438394339875255,0,0.9859598584968814,test,-1,-6.5,-5.5
-6.969589816068522,-6.084190444123116,-0.8853993719454062,0.39536825895719624,0,0.9884206473929906,test,-1,-6.5,-5.5
-7.618216813851094,-6.052395222871627,-1.5658215909794677,0.45749346167893534,0,1.1437336541973384,test,-1,-6.5,-5.5
-5.66978833636565,-6.476160195991141,0.8063718596254908,-0.38355881676586323,1,-4.063053525730097,test,-1,-6.5,-5.5
-6.714176072235613,-6.226007608192251,-0.48816846404336234,0.1142930980136068,1,-4.657964045819124,test,-1,-6.5,-5.5
-5.2011719029519785,-5.549588734417505,0.3484168314655273,1.3390907801952112,0,3.347726950488028,test,-1,-6.5,-5.5
-6.374578752280489,-5.616993231709204,-0.7575855205712851,1.2359935165373686,1,-4.860247167911778,test,-1,-6.5,-5.5
-5.497809190577486,-5.559291007629613,0.06148181705212733,1.3246148426368207,0,3.311537106592052,test,-1,-6.5,-5.5
-6.110867926627667,-5.741109896377263,-0.36975803025040394,1.031829961922917,0,2.5795749048072922,test,-1,-6.5,-5.5
-5.691304157316168,-6.066007937412683,0.3747037800965158,0.4309483195005446,0,1.0773707987513614,test,-1,-6.5,-5.5
-5.747891769279409,-5.562495815627235,-0.18539595365217346,1.319805757788769,0,3.2995143944719225,test,-1,-6.5,-5.5
-5.294221500759016,-6.1993389257015465,0.9051174249425304,0.167496345962698,1,-4.704772788332855,test,-1,-6.5,-5.5
-6.3479341428200495,-5.906784140410878,-0.44115000240917207,0.735151930943436,0,1.8378798273585901,test,-1,-6.5,-5.5
-5.132653335697215,-5.912565776202788,0.7799124405055725,0.7243859364035279,1,-4.991422199443165,test,-1,-6.5,-5.5
-6.057375380009376,-6.059246016384052,0.0018706363746756407,0.444144527469772,1,-4.8950356536332835,test,-1,-6.5,-5.5
-5.926182466029339,-6.249631785768655,0.3234493197393164,0.0670944515785852,1,-4.613730927861399,test,-1,-6.5,-5.5
-7.1141629729638085,-6.169517891133804,-0.9446450818300047,0.2268456099065048,0,0.5671140247662619,test,-1,-6.5,-5.5
-6.898369005627139,-5.857080728163321,-1.041288277463819,0.8266536885420444,1,-4.999975989057239,test,-1,-6.5,-5.5
-5.576656555123166,-6.215978413019245,0.6393218578960793,0.1343126252177725,1,-4.675957722847181,test,-1,-6.5,-5.5
-6.8814362793380806,-6.15380428604452,-0.7276319932935609,0.258040723939454,0,0.645101809848635,test,-1,-6.5,-5.5
-6.3417460000255055,-6.145897367618869,-0.1958486324066362,0.27371415823647033,1,-4.788471545777616,test,-1,-6.5,-5.5
-6.359884022608482,-6.175194129608799,-0.184689892999684,0.21556279875803064,1,-4.744266549186831,test,-1,-6.5,-5.5
-6.205036674053059,-5.671469826759321,-0.5335668472937385,1.1485454131980861,0,2.871363532995215,test,-1,-6.5,-5.5
-5.826435903090542,-5.954214664933604,0.12777876184306178,0.6461380817411676,1,-4.974904369926673,test,-1,-6.5,-5.5
-7.321063423312333,-6.481630105570128,-0.8394333177422054,-0.39428978006860227,0,-0.9857244501715057,test,-1,-6.5,-5.5
-6.465557141937362,-5.758421369447197,-0.7071357724901656,1.0020174407573441,0,2.50504360189336,test,-1,-6.5,-5.5
-5.4390601428404635,-5.997830216964327,0.5587700741238631,0.5629964000510239,0,1.4074910001275598,test,-1,-6.5,-5.5
-6.198141613612714,-5.721106768398434,-0.47703484521428074,1.0658922036218357,0,2.664730509054589,test,-1,-6.5,-5.5
-5.555910708156623,-6.00543636451294,0.449525656356317,0.548383118632954,1,-4.942763197795329,test,-1,-6.5,-5.5
-5.787483944585598,-6.189162247013875,0.401678302428277,0.18776917763014672,1,-4.721754571150495,test,-1,-6.5,-5.5
-4.747155995776985,-5.660711589398117,0.9135555936211324,1.1660933726735254,1,-4.906907044188457,test,-1,-6.5,-5.5
-6.050468328814601,-6.326654977325345,0.27618664851074376,-0.08691196260496527,1,-4.45177191592631,test,-1,-6.5,-5.5
-7.317228014447716,-6.221723430230632,-1.0955045842170839,0.12284637649079938,1,-4.665707845205206,test,-1,-6.5,-5.5
-6.402557084618437,-6.015852117442288,-0.3867049671761501,0.5283205942759462,0,1.3208014856898656,test,-1,-6.5,-5.5
-5.8844182904959625,-5.640128814032609,-0.24428947646335314,1.199288496379505,0,2.9982212409487623,test,-1,-6.5,-5.5
-5.645866088619766,-6.384787978146038,0.738921889526273,-0.202855904075219,1,-4.311995781005397,test,-1,-6.5,-5.5
-5.952250898021294,-6.16131152962398,0.20906063160268584,0.24314459716388578,1,-4.76572356250727,test,-1,-6.5,-5.5
-6.258744098102539,-5.967759820893253,-0.2909842772092853,0.6204419879827064,1,-4.9676712090047666,test,-1,-6.5,-5.5
-5.559186893215952,-5.82165044109211,0.2624635478761577,0.8906458081742215,1,-4.997386962547555,test,-1,-6.5,-5.5
-6.608086995378686,-6.394805930760865,-0.21328106461782195,-0.22277796932237084,0,-0.5569449233059272,test,-1,-6.5,-5.5
-5.414955355312125,-5.744716367276055,0.32976101196393104,1.0256443720503887,1,-4.970182437188519,test,-1,-6.5,-5.5
-5.850855858646387,-5.943078904455051,0.092223045808664,0.667174803835624,0,1.66793700958906,test,-1,-6.5,-5.5
-5.31747744193574,-5.982855600740841,0.665378158805101,0.5916703423696138,0,1.4791758559240344,test,-1,-6.5,-5.5
-5.917870107459017,-6.119129538327819,0.20125943086880124,0.3266417019423111,1,-4.8252687640224865,test,-1,-6.5,-5.5
-5.5879235961836065,-6.185352879869645,0.597429283686038,0.19535287990679923,0,0.48838219976699804,test,-1,-6.5,-5.5
-5.615932271567703,-5.609495379211116,-0.006436892356587963,1.2477479968534642,0,3.1193699921336604,test,-1,-6.5,-5.5
-5.078944794331228,-5.506223530611158,0.4272787362799299,1.4022325248809013,0,3.505581312202253,test,-1,-6.5,-5.5
-6.415746520072052,-6.32478513524496,-0.09096138482709083,-0.08317566140591572,0,-0.20793915351478928,test,-1,-6.5,-5.5
-5.902269113512334,-6.288498821863876,0.3862297083515421,-0.010626979362387058,0,-0.026567448405967645,test,-1,-6.5,-5.5
-5.698530053032935,-5.832965905828694,0.13443585279575854,0.8703261659027027,0,2.175815414756757,test,-1,-6.5,-5.5
-5.809800987151297,-5.7354371015533125,-0.07436388559798442,1.0415323909363303,0,2.603830977340826,test,-1,-6.5,-5.5
-5.928721392387838,-5.677034194071218,-0.2516871983166205,1.1394169843475217,0,2.848542460868804,test,-1,-6.5,-5.5
-6.3617869304304175,-6.197554461775875,-0.16423246865454302,0.17105246742799696,1,-4.7077857946868775,test,-1,-6.5,-5.5
-6.0067565709790145,-6.290899694362149,0.2841431233831345,-0.015428621333302235,0,-0.038571553333255584,test,-1,-6.5,-5.5
-7.802501624207367,-6.427430755837582,-1.3750708683697848,-0.2874915112779235,0,-0.7187287781948087,test,-1,-6.5,-5.5
-5.379237129853323,-6.123667733070542,0.7444306032172199,0.3176838481830423,0,0.7942096204576057,test,-1,-6.5,-5.5
-7.357966967878351,-5.937515264213834,-1.4204517036645172,0.6776543245397849,1,-4.982565473070374,test,-1,-6.5,-5.5
-5.741246705179371,-5.6274486509692165,-0.11379805421015506,1.2194865633480836,1,-4.87225471770277,test,-1,-6.5,-5.5
-6.664667680907481,-6.466955582950525,-0.1977120979569565,-0.3654753084514299,0,-0.9136882711285748,test,-1,-6.5,-5.5
-5.966696315570291,-6.410344686000088,0.44364837042979793,-0.2536339433493468,0,-0.634084858373367,test,-1,-6.5,-5.5
-5.7053915388449985,-5.846854875135885,0.14146333629088667,0.8452331140317922,1,-4.9998730238085765,test,-1,-6.5,-5.5
-5.8545914101498076,-5.828678941172886,-0.025912468976921444,0.8780376962052259,0,2.1950942405130647,test,-1,-6.5,-5.5
-6.325526248015066,-6.375868508029962,0.05034226001489588,-0.18510112733686315,1,-4.334400425740371,test,-1,-6.5,-5.5
-5.835885856065152,-6.403634296407277,0.5677484403421248,-0.2403159111802552,0,-0.6007897779506379,test,-1,-6.5,-5.5
-5.067390224682363,-6.472023686999587,1.4046334623172243,-0.375436103754484,0,-0.93859025938621,test,-1,-6.5,-5.5
-5.625026254745705,-5.851265925515281,0.22623967076957618,0.8372293713403971,0,2.093073428350993,test,-1,-6.5,-5.5
-7.455745044680691,-6.220143218506241,-1.2356018261744504,0.12600067777948448,1,-4.668542521411435,test,-1,-6.5,-5.5
-6.5105318773999326,-6.259007048127639,-0.2515248292722931,0.048351806799872304,1,-4.595461916079194,test,-1,-6.5,-5.5
-5.583610942673492,-5.835451007220614,0.2518400645471221,0.8658485527902546,1,-4.999141564245128,test,-1,-6.5,-5.5
-4.39019012229454,-6.378999533234112,1.988809410939572,-0.19133538344694978,1,-4.326574850713121,test,-1,-6.5,-5.5
-6.422840614676683,-5.9635867445617485,-0.459253870114934,0.6283709533971031,0,1.5709273834927577,test,-1,-6.5,-5.5
-6.632322435993889,-6.409075158335308,-0.22324727765858107,-0.2511151842973718,0,-0.6277879607434295,test,-1,-6.5,-5.5
-6.098721541274762,-6.434250591224533,0.3355290499497711,-0.3009827390687365,0,-0.7524568476718413,test,-1,-6.5,-5.5
-5.6374990228887745,-5.83146682700616,0.1939678041173857,0.8730245831558009,1,-4.998732762201287,test,-1,-6.5,-5.5
-6.50270324544675,-5.708385521230395,-0.7943177242163558,1.0873335233890011,1,-4.947097981440325,test,-1,-6.5,-5.5
-5.4693071782407685,-6.0375722319484675,0.5682650537076989,0.4863020926645591,0,1.2157552316613978,test,-1,-6.5,-5.5
-6.887495674436982,-6.097853941760743,-0.7896417326762393,0.36854446901104576,0,0.9213611725276144,test,-1,-6.5,-5.5
-5.958386530471659,-5.798451201471266,-0.15993532900039195,0.9319462259041431,0,2.329865564760358,test,-1,-6.5,-5.5
-5.629101899840637,-6.423958622073279,0.7948567222326418,-0.2806176432425166,1,-4.209566964493732,test,-1,-6.5,-5.5
-7.0129995112318495,-6.221717124817146,-0.7912823864147033,0.12285896350373497,0,0.30714740875933744,test,-1,-6.5,-5.5
-5.801366233459588,-5.594732591261641,-0.20663364219794775,1.2706861681058026,0,3.1767154202645065,test,-1,-6.5,-5.5
-4.548975876674754,-5.551044193093317,1.0020683164185638,1.3369272172127784,0,3.342318043031946,test,-1,-6.5,-5.5
-6.617958280182963,-6.461603907751378,-0.1563543724315842,-0.3549470007207866,1,-4.105039107858505,test,-1,-6.5,-5.5
-7.126133919489287,-6.496935877477723,-0.6291980420115639,-0.42425319753566004,0,-1.06063299383915,test,-1,-6.5,-5.5
-6.0814108484216955,-5.73211587772452,-0.34929497069717547,1.0471972893973243,1,-4.962917770892747,test,-1,-6.5,-5.5
-5.546242426633556,-6.048121723802229,0.501879297168673,0.46580964157610316,1,-4.906069643139387,test,-1,-6.5,-5.5
-6.679041001326606,-5.737569543833622,-0.9414714574929839,1.037889096460347,1,-4.966158806434822,test,-1,-6.5,-5.5
-6.237105135225589,-5.8570169404074655,-0.38008819481812284,0.8267698549187382,0,2.0669246372968457,test,-1,-6.5,-5.5
-6.9273996191896305,-6.052033609773053,-0.8753660094165769,0.45819748230756174,0,1.1454937057689043,test,-1,-6.5,-5.5
-6.485105149495079,-5.7900190344670985,-0.6950861150279805,0.9468344617597966,1,-4.989775451275362,test,-1,-6.5,-5.5
-5.123113061466178,-5.89547276072544,0.7723596992592623,0.7561434716056478,0,1.8903586790141194,test,-1,-6.5,-5.5
-6.534957051719976,-6.484283941925811,-0.05067310979416565,-0.39949189175545397,0,-0.9987297293886349,test,-1,-6.5,-5.5
-6.29778578380503,-6.033879482903355,-0.2639063009016748,0.4934626084348643,1,-4.919309878588261,test,-1,-6.5,-5.5
-5.3628679113192605,-5.617995350532109,0.25512743921284803,1.2344172033373988,1,-4.861421095897607,test,-1,-6.5,-5.5
-6.14918118780462,-5.719715555803611,-0.429465632001009,1.0682455181818378,0,2.6706137954545945,test,-1,-6.5,-5.5
-6.568605708621354,-5.84507187938611,-0.723533829235245,0.8484636574897467,1,-4.999801541995804,test,-1,-6.5,-5.5
-5.190219846033426,-5.878421276580272,0.6882014305468455,0.7876037387223523,1,-4.998506833997329,test,-1,-6.5,-5.5
-5.1565523882775315,-5.683387641119818,0.5268352528422868,1.1289509368624815,0,2.8223773421562037,test,-1,-6.5,-5.5
-6.71770229574024,-6.20865754045362,-0.5090447552866202,0.14891758639003153,0,0.3722939659750788,test,-1,-6.5,-5.5
-5.6832740822178085,-6.105894858190432,0.42262077597262365,0.3527262896561235,0,0.8818157241403088,test,-1,-6.5,-5.5
-4.993242813813394,-5.869343734242835,0.8761009204294413,0.8042591291601083,1,-4.999410026291027,test,-1,-6.5,-5.5
-5.384473641103909,-5.679044217880842,0.29457057677693205,1.1361108213931501,0,2.8402770534828754,test,-1,-6.5,-5.5
-5.878514662473591,-6.17861132279216,0.3000966603185695,0.2087669799453772,1,-4.7388445252514115,test,-1,-6.5,-5.5
-7.078160255505196,-6.3315218864840785,-0.7466383690211179,-0.09663551807732941,0,-0.24158879519332352,test,-1,-6.5,-5.5
-6.308679938163469,-6.227743720682279,-0.08093621748118988,0.11082637683811603,1,-4.654801612301725,test,-1,-6.5,-5.5
-7.186241528205294,-6.061023646327861,-1.1252178818774325,0.4406773417608333,1,-4.893216284512575,test,-1,-6.5,-5.5
-5.732511473415402,-6.401537022133604,0.6690255487182016,-0.236151227564544,1,-4.268998703897912,test,-1,-6.5,-5.5
-5.976508645043202,-5.871664489841184,-0.10484415520201862,0.8000072794535206,0,2.0000181986338013,test,-1,-6.5,-5.5
-4.808028629327,-5.603519972572357,0.7954913432453579,1.2570655242625952,0,3.142663810656488,test,-1,-6.5,-5.5
-6.624686895040584,-6.157802187804147,-0.4668847072364379,0.2501097087532063,1,-4.771002343380644,test,-1,-6.5,-5.5
-5.017700390181201,-5.543621058364081,0.5259206681828797,1.3479321181451247,1,-4.76111755637669,test,-1,-6.5,-5.5
-7.036588322087131,-6.080371892868837,-0.9562164292182939,0.4028517484599231,1,-4.8724149475700065,test,-1,-6.5,-5.5
-6.209742505594897,-5.964256206145306,-0.245486299449591,0.6270996904132999,0,1.56774922603325,test,-1,-6.5,-5.5
-5.195331539102908,-5.5232691159607485,0.32793757685784136,1.3777213901371164,1,-4.729056084543401,test,-1,-6.5,-5.5
-5.576545491608117,-5.78996650666388,0.21342101505576305,0.9469269974561744,1,-4.989758656769774,test,-1,-6.5,-5.5
-6.031251574109347,-5.994490724680288,-0.036760849429058974,0.5694021469748016,0,1.423505367437004,test,-1,-6.5,-5.5
-6.7401413677908755,-5.745441983376536,-0.9946993844143394,1.0243982267802199,0,2.5609955669505498,test,-1,-6.5,-5.5
-5.229766177318492,-6.026692672431851,0.7969264951133597,0.5073789899224025,0,1.2684474748060062,test,-1,-6.5,-5.5
-5.381134958169363,-5.778426018532545,0.3972910603631822,0.9671935237556125,1,-4.985735160457955,test,-1,-6.5,-5.5
-5.590819644784645,-6.277650922232694,0.6868312774480492,0.011068713388876848,0,0.02767178347219212,test,-1,-6.5,-5.5
-5.744129378733188,-6.423104450566819,0.6789750718336309,-0.27892609735361956,0,-0.6973152433840489,test,-1,-6.5,-5.5
-6.129111263738907,-5.900842773967271,-0.22826848977163652,0.7461897549396617,0,1.8654743873491542,test,-1,-6.5,-5.5
-5.740685310490482,-5.9763159606165654,0.2356306501260834,0.6041514400252761,1,-4.9626324188337625,test,-1,-6.5,-5.5
-4.441601720849034,-6.039313864478983,1.5977121436299495,0.48292262999314384,0,1.2073065749828595,test,-1,-6.5,-5.5
-6.889819962424968,-6.382522570944124,-0.5072973914808443,-0.19834793891190475,0,-0.49586984727976186,test,-1,-6.5,-5.5
-5.320412025063521,-5.565456036942198,0.2450440118786767,1.3153516516605723,1,-4.793322213117332,test,-1,-6.5,-5.5
-6.728276879878177,-6.388261556755502,-0.3400153231226746,-0.20976599632059104,0,-0.5244149908014776,test,-1,-6.5,-5.5
-4.475483763543971,-5.5325350446644075,1.0570512811204367,1.3642288114429764,1,-4.7438968821130825,test,-1,-6.5,-5.5
-6.077946709025598,-6.181880892643404,0.10393418361780637,0.2022624584847714,0,0.5056561462119284,test,-1,-6.5,-5.5
-6.848679913200879,-6.2181700426718605,-0.6305098705290182,0.1299389422000398,0,0.32484735550009947,test,-1,-6.5,-5.5
-5.9274459748721915,-5.560010778342768,-0.36743519652942364,1.323535948828075,1,-4.785504244274076,test,-1,-6.5,-5.5
-6.393338140809932,-5.539406330853442,-0.8539318099564895,1.3541474911079003,0,3.385368727769751,test,-1,-6.5,-5.5
-7.181695051165772,-5.799338596225496,-1.3823564549402756,0.9303755274013972,0,2.325938818503493,test,-1,-6.5,-5.5
-7.189923305284403,-5.544764959065628,-1.6451583462187758,1.346241095173076,0,3.36560273793269,test,-1,-6.5,-5.5
-6.767794871412728,-6.325021927898828,-0.4427729435139006,-0.0836488346559509,1,-4.455483354982736,test,-1,-6.5,-5.5
-6.330753681315054,-5.643358339364187,-0.6873953419508672,1.1941132880835656,1,-4.889503964099488,test,-1,-6.5,-5.5
-5.793251257194779,-5.881801253252743,0.08854999605796347,0.781385534002812,1,-4.998065296740132,test,-1,-6.5,-5.5
-6.707914482073953,-6.204440751153407,-0.5034737309205464,0.15732640524858255,0,0.39331601312145636,test,-1,-6.5,-5.5
-5.7693509577301265,-5.903567389110938,0.13421643138081127,0.7411312327387358,0,1.8528280818468397,test,-1,-6.5,-5.5
-5.317857166136061,-6.39070855772478,1.072851391588719,-0.2146323728493189,0,-0.5365809321232973,test,-1,-6.5,-5.5
-6.424204700546892,-5.708010199192389,-0.7161945013545031,1.0879634632401796,1,-4.946825370156663,test,-1,-6.5,-5.5
-6.5958174456736725,-5.858122675743082,-0.7376947699305905,0.8247556811984782,1,-4.99995712949394,test,-1,-6.5,-5.5
-5.798253199384632,-6.3929592337317676,0.5947060343471356,-0.21910718190340486,0,-0.5477679547585121,test,-1,-6.5,-5.5
-4.8585438037889315,-6.2803412158812115,1.4217974120922805,0.005688174928272002,1,-4.552386536207814,test,-1,-6.5,-5.5
-6.7409003190775545,-6.208258654216931,-0.5326416648606235,0.14971313245154644,1,-4.689487722708351,test,-1,-6.5,-5.5
-7.05443100696344,-6.026284548019305,-1.0281464589441347,0.508168493466923,0,1.2704212336673075,test,-1,-6.5,-5.5
-6.448319947236602,-6.269373848585156,-0.1789460986514457,0.02762203898925038,0,0.06905509747312595,test,-1,-6.5,-5.5
-6.450869935338391,-6.202440281196891,-0.24842965414150026,0.16131462978477737,0,0.40328657446194344,test,-1,-6.5,-5.5
-5.519213073388929,-5.948517193269515,0.429304119880586,0.6569114302560203,1,-4.977674204588349,test,-1,-6.5,-5.5
-7.000619788121111,-6.353014371154052,-0.647605416967059,-0.1395446578265557,0,-0.34886164456638924,test,-1,-6.5,-5.5
-5.908900863938779,-5.746680657556844,-0.16222020638193485,1.0222697293527039,0,2.55567432338176,test,-1,-6.5,-5.5
-6.241057610540312,-6.0494316406498925,-0.19162596989042005,0.46326145561858084,0,1.1581536390464522,test,-1,-6.5,-5.5
-7.054211220712478,-6.092898424302018,-0.9613127964104596,0.3782812148033574,0,0.9457030370083935,test,-1,-6.5,-5.5
-6.88386653876604,-5.926520215855664,-0.9573463229103762,0.6983022993913758,1,-4.986851152464618,test,-1,-6.5,-5.5
-6.073886857014641,-6.342315631909628,0.26842877489498634,-0.11819174717678954,1,-4.415578487320021,test,-1,-6.5,-5.5
-5.279069514880063,-5.608473835416606,0.3294043205365434,1.2493440694393807,1,-4.8500701507324875,test,-1,-6.5,-5.5
-6.871583560328591,-6.384840653794756,-0.4867429065338353,-0.20296071178266425,0,-0.5074017794566607,test,-1,-6.5,-5.5
-5.004361483229982,-5.952881403041067,0.9485199198110847,0.648661039219835,1,-4.975567014194027,test,-1,-6.5,-5.5
-4.969203830884495,-5.535054787725313,0.5658509568408184,1.3605393831306478,1,-4.747862248521825,test,-1,-6.5,-5.5
-6.081370082462088,-6.360808754133236,0.2794386716711482,-0.15509103677652444,0,-0.3877275919413111,test,-1,-6.5,-5.5
-5.432792494002845,-5.801189688790453,0.3683971947876078,0.9270967164594802,1,-4.993034144348549,test,-1,-6.5,-5.5
-5.314781974510354,-5.524804390596276,0.21002241608592145,1.3754939453572463,0,3.438734863393116,test,-1,-6.5,-5.5
-5.067370495493541,-5.504171706045684,0.43680121055214255,1.4051556657340076,1,-4.697189355874583,test,-1,-6.5,-5.5
-5.628618890102182,-6.1522627883510195,0.5236438982488383,0.2610976436892193,0,0.6527441092230482,test,-1,-6.5,-5.5
-5.83526258089624,-5.874236661168204,0.03897408027196493,0.7952897784530144,1,-4.998974369749286,test,-1,-6.5,-5.5
-6.810747628655206,-5.557624037697406,-1.2531235909578005,1.3271108961453464,0,3.317777240363366,test,-1,-6.5,-5.5
-5.977444891949478,-5.875462102378475,-0.1019827895710028,0.7930404006958561,1,-4.998846518046279,test,-1,-6.5,-5.5
-6.138724546326446,-5.6271802543314715,-0.5115442919949749,1.2199119812173909,1,-4.871953132198078,test,-1,-6.5,-5.5
-6.530976957651499,-5.802424474096961,-0.7285524835545382,0.9249077938067876,0,2.312269484516969,test,-1,-6.5,-5.5
-6.103144386108369,-6.46309934158206,0.3599549554736918,-0.357889992106967,1,-4.1007656767924585,test,-1,-6.5,-5.5
-7.245470263520671,-6.154472198699395,-1.0909980648212763,0.2567160060732748,1,-4.775957011949411,test,-1,-6.5,-5.5
-5.103584867482938,-5.6061727483709705,0.5025878808880326,1.252934537558111,0,3.132336343895277,test,-1,-6.5,-5.5
-6.425940879974338,-6.03119943935839,-0.39474144061594807,0.49865520429983173,0,1.2466380107495794,test,-1,-6.5,-5.5
-6.820147519122132,-6.066030071482865,-0.7541174476392668,0.43090509113349196,0,1.07726272783373,test,-1,-6.5,-5.5
-6.731406463144842,-6.195079837910886,-0.5363266252339561,0.17598305193807873,1,-4.711939301295852,test,-1,-6.5,-5.5
-4.919308442859959,-6.340263512851885,1.4209550699919256,-0.11409443600199022,0,-0.2852360900049756,test,-1,-6.5,-5.5
-4.9367929164263415,-5.831126729808002,0.8943338133816604,0.8736365023919327,1,-4.998694190230783,test,-1,-6.5,-5.5
-6.282931916749956,-6.104659032874339,-0.17827288387561754,0.3551589276135318,0,0.8878973190338295,test,-1,-6.5,-5.5
-4.971403845443834,-5.617894135761411,0.6464902903175773,1.234576468487559,1,-4.861302749893738,test,-1,-6.5,-5.5
-5.374355236003714,-6.456809840278867,1.082454604275153,-0.3455070291235802,0,-0.8637675728089506,test,-1,-6.5,-5.5
-6.164093866753595,-5.625650669575278,-0.5384431971783176,1.222334747082364,0,3.05583686770591,test,-1,-6.5,-5.5
-6.58848103116497,-6.407630676523942,-0.18085035464102792,-0.2482488219896362,0,-0.6206220549740905,test,-1,-6.5,-5.5
-5.1199911014937785,-5.6764818756605155,0.5564907741667372,1.140324652793321,1,-4.921441172099277,test,-1,-6.5,-5.5
-5.802233943906749,-6.041974934747409,0.23974099084065972,0.47775626545967675,1,-4.911906203371569,test,-1,-6.5,-5.5
-5.993100393759056,-5.759825060267414,-0.2332753334916417,0.9995868277525166,0,2.4989670693812913,test,-1,-6.5,-5.5
-5.059450764580041,-6.049112168988179,0.989661404408138,0.46388299845130876,0,1.1597074961282718,test,-1,-6.5,-5.5
-6.035475268377518,-6.341464211433519,0.3059889430560007,-0.1164918396256431,1,-4.417574128620768,test,-1,-6.5,-5.5
-5.07260650107689,-5.551810338644596,0.4792038375677059,1.3357871913318267,0,3.3394679783295667,test,-1,-6.5,-5.5
-4.398619632960231,-5.857521989860314,1.4589023569000827,0.8258499975214539,0,2.0646249938036347,test,-1,-6.5,-5.5
-5.990303384078702,-6.28518303618235,0.2948796521036482,-0.003995455347935415,1,-4.542321321536533,test,-1,-6.5,-5.5
-4.2877300153656215,-5.903485748241375,1.6157557328757541,0.74128288737497,1,-4.99387460776637,test,-1,-6.5,-5.5
-6.107778125610983,-6.290370483893994,0.18259235828301065,-0.014370229779991498,1,-4.531419460264719,test,-1,-6.5,-5.5
-6.20124563678011,-6.098063068955864,-0.1031825678242458,0.36813336906954025,1,-4.851798597069859,test,-1,-6.5,-5.5
-5.830195756189229,-5.9047750160323424,0.07457925984311328,0.7388873899043016,1,-4.993551467443796,test,-1,-6.5,-5.5
-5.359337493230487,-5.8897319754487105,0.5303944822182239,0.7667603192262817,0,1.9169007980657042,test,-1,-6.5,-5.5
-5.994679463081864,-6.392062350859804,0.3973828877779399,-0.21732412514613522,1,-4.293469367688117,test,-1,-6.5,-5.5
-6.083744568822813,-6.307433089480959,0.22368852065814626,-0.048490812541265214,0,-0.12122703135316304,test,-1,-6.5,-5.5
-6.956572614513803,-6.041752041153997,-0.9148205733598053,0.47818913503751603,1,-4.912114361964473,test,-1,-6.5,-5.5
-6.655836805693061,-5.98384249353433,-0.6719943121587306,0.5897846175700099,0,1.4744615439250248,test,-1,-6.5,-5.5
-5.811068385459677,-5.642755723068747,-0.16831266239092982,1.1950799076815626,0,2.9876997692039065,test,-1,-6.5,-5.5
-5.482346495648863,-5.9232680250025656,0.44092152935370216,0.704393633444437,0,1.7609840836110924,test,-1,-6.5,-5.5
-4.807829381983034,-5.688481564572091,0.8806521825890571,1.120526769579941,0,2.8013169239498525,test,-1,-6.5,-5.5
-7.608135923042855,-6.130292797460811,-1.477843125582044,0.3045950665860245,1,-4.810341640126607,test,-1,-6.5,-5.5
-6.410186283427554,-6.312274305802578,-0.09791197762497525,-0.05816979284866157,0,-0.14542448212165393,test,-1,-6.5,-5.5
-6.508911660613747,-6.220308503112325,-0.28860315750142157,0.1256707635216102,0,0.3141769088040255,test,-1,-6.5,-5.5
-6.550005554500078,-6.4750254580545175,-0.07498009644556071,-0.38133122031288386,0,-0.9533280507822096,test,-1,-6.5,-5.5
-6.015134215588119,-6.135868961325178,0.12073474573705974,0.29356815586000334,1,-4.802660767024772,test,-1,-6.5,-5.5
-6.396432790325181,-5.864499621459267,-0.5319331688659145,0.8131200307701312,0,2.032800076925328,test,-1,-6.5,-5.5
-6.47894294673986,-5.658027814616986,-0.8209151321228743,1.1704499726869007,1,-4.904312025206065,test,-1,-6.5,-5.5
-5.653437752169181,-6.265206653378246,0.6117689012090647,0.035955370541957375,0,0.08988842635489344,test,-1,-6.5,-5.5
-5.34219338556254,-5.794233289449119,0.45203990388657905,0.93940192142477,0,2.3485048035619247,test,-1,-6.5,-5.5
-6.013040889022677,-5.747560454592326,-0.2654804344303516,1.0207569618822014,1,-4.971713043488861,test,-1,-6.5,-5.5
-5.89288771541707,-5.808781022288916,-0.0841066931281529,0.9136172019001435,1,-4.994893131331902,test,-1,-6.5,-5.5
-5.970910737188656,-5.536621374061935,-0.4342893631267206,1.358241218362019,1,-4.750312419179693,test,-1,-6.5,-5.5
-6.794371759296318,-5.920117227549127,-0.8742545317471911,0.7102879535080074,1,-4.989069193231027,test,-1,-6.5,-5.5
-5.668621441591771,-6.056443948951061,0.3878225073592893,0.44960697749505424,0,1.1240174437376356,test,-1,-6.5,-5.5
-6.3830347426881175,-5.963201227485097,-0.4198335152030202,0.6291028969167931,0,1.5727572422919827,test,-1,-6.5,-5.5
-7.193105642459091,-6.495238162877343,-0.6978674795817478,-0.4209344310487296,0,-1.052336077621824,test,-1,-6.5,-5.5
-6.873181079442797,-6.493277252917238,-0.37990382652555854,-0.4170996494774229,0,-1.0427491236935573,test,-1,-6.5,-5.5
-5.011911425648511,-6.006399244970144,0.9944878193216332,0.5465309083947507,1,-4.942034527056654,test,-1,-6.5,-5.5
-5.862358502375766,-6.1234069988701165,0.26104849649435036,0.3181986852312549,0,0.7954967130781372,test,-1,-6.5,-5.5
-6.231240531044084,-6.365018894982847,0.1337783639387627,-0.1634845641152809,1,-4.361188355078934,test,-1,-6.5,-5.5
-6.100744175398487,-6.145712578156857,0.04496840275837042,0.2740802550443986,0,0.6852006376109965,test,-1,-6.5,-5.5
-5.34046503978054,-5.858545341293069,0.5180803015125287,0.8239855000089872,1,-4.999947931529147,test,-1,-6.5,-5.5
-5.538906730943461,-5.977214725953415,0.4383079950099538,0.6024376391328924,1,-4.96208203549438,test,-1,-6.5,-5.5
-6.915013434446997,-6.1035932431252204,-0.8114201913217765,0.35725642666694246,1,-4.845042190315453,test,-1,-6.5,-5.5
-5.888785314108804,-5.729955724092879,-0.15882959001592514,1.0508755941125139,0,2.6271889852812844,test,-1,-6.5,-5.5
-6.857180656308309,-6.446646014048801,-0.4105346422595077,-0.32546750000003405,1,-4.147276871204974,test,-1,-6.5,-5.5
-5.494936605093711,-5.613859624409349,0.11892301931563756,1.2409146028798692,0,3.102286507199673,test,-1,-6.5,-5.5
-5.872560857828937,-5.8208676355313,-0.051693222297636586,0.8920473364389075,1,-4.997258908257181,test,-1,-6.5,-5.5
-7.31970347213225,-6.080512967171654,-1.2391905049605971,0.4025753788317815,0,1.0064384470794538,test,-1,-6.5,-5.5
-5.117654205959801,-5.80826834358519,0.6906141376253884,0.9145292038624464,0,2.2863230096561162,test,-1,-6.5,-5.5
-5.415488298902842,-5.560757083652289,0.14526878474944765,1.322416557166059,1,-4.786584139986372,test,-1,-6.5,-5.5
-6.924447230593419,-5.845161195428994,-1.0792860351644251,0.8483018931741149,0,2.1207547329352874,test,-1,-6.5,-5.5
-5.147196584716607,-5.831656351653989,0.6844597669373824,0.8726835374740486,0,2.1817088436851213,test,-1,-6.5,-5.5
-5.73945975625242,-5.79790284071155,0.05844308445913024,0.9329164637096612,1,-4.992139982558282,test,-1,-6.5,-5.5
-5.3126769422446465,-5.5843180835026995,0.2716411412580529,1.2867017579560356,1,-4.81930291740813,test,-1,-6.5,-5.5
-5.611310413220101,-5.610674238689745,-0.0006361745303565997,1.245904514106625,0,3.1147612852665625,test,-1,-6.5,-5.5
-6.141558588068385,-6.22063708119481,0.07907849312642498,0.12501489918757314,0,0.31253724796893284,test,-1,-6.5,-5.5
-6.808165105934335,-6.477571553535705,-0.3305935523986307,-0.38632875384583437,1,-4.058936736107159,test,-1,-6.5,-5.5
-7.264584796277132,-6.222184836909816,-1.0423999593673163,0.1219252925322216,0,0.304813231330554,test,-1,-6.5,-5.5
-6.538528544472098,-6.135973314921451,-0.40255522955064726,0.29336170766942943,0,0.7334042691735736,test,-1,-6.5,-5.5
-6.166780502740882,-6.252545550448874,0.08576504770799145,0.06126992576448114,0,0.15317481441120284,test,-1,-6.5,-5.5
-6.044855787572732,-6.042696654566667,-0.0021591330060647435,0.47635448973641,0,1.190886224341025,test,-1,-6.5,-5.5
-5.1900133570394,-5.562012302395028,0.3719989453556279,1.32053217969937,0,3.3013304492484252,test,-1,-6.5,-5.5
-6.396972701283385,-6.310646095923102,-0.08632660536028298,-0.05491467506687378,1,-4.487641579655786,test,-1,-6.5,-5.5
-7.522283919963274,-6.118500245274755,-1.4037836746885193,0.3278833242639563,1,-4.826092346078049,test,-1,-6.5,-5.5
-5.2486402121370785,-5.6669582963245055,0.41831808418742716,1.1559205551957736,1,-4.912810264594872,test,-1,-6.5,-5.5
-6.895989504909759,-6.3689374781387835,-0.5270520267709754,-0.17129422818609477,1,-4.351572348687539,test,-1,-6.5,-5.5
-7.002722793726527,-6.147622222197713,-0.855100571528814,0.2702965025981314,0,0.6757412564953286,test,-1,-6.5,-5.5
-6.179965346173666,-5.9491072549685,-0.23085809120516598,0.6557966665511746,0,1.6394916663779366,test,-1,-6.5,-5.5
-6.601530587988896,-5.730637042667802,-0.870893545321094,1.04971597498176,1,-4.962013476372793,test,-1,-6.5,-5.5
-5.455237350667462,-5.6381575794892775,0.18292022882181627,1.2024411909475876,1,-4.884001263029774,test,-1,-6.5,-5.5
-6.848023522583815,-6.244019882408707,-0.6040036401751081,0.07831082539776908,1,-4.624472587845917,test,-1,-6.5,-5.5
-4.4002022795902915,-5.547649750883618,1.1474474712933267,1.341968703160709,0,3.3549217579017725,test,-1,-6.5,-5.5
-6.2582971567585,-6.065147733422274,-0.19314942333622645,0.43262815466323257,0,1.0815703866580815,test,-1,-6.5,-5.5
-6.750606877637873,-6.369029316899198,-0.3815775607386753,-0.17147723006768037,1,-4.3513461790328645,test,-1,-6.5,-5.5
-6.782995499968926,-6.341021311453986,-0.44197418851494075,-0.11560753212330749,0,-0.2890188303082687,test,-1,-6.5,-5.5
-7.425831007671563,-6.062632474118216,-1.363198533553347,0.4375381961594767,1,-4.891556351228679,test,-1,-6.5,-5.5
-6.263166654469441,-5.688164114035746,-0.5750025404336955,1.1210526108862484,1,-4.9314187308744994,test,-1,-6.5,-5.5
-6.9384735456809095,-6.431015725459877,-0.5074578202210318,-0.2945851255840821,0,-0.7364628139602053,test,-1,-6.5,-5.5
-6.528935649841435,-6.282494663904439,-0.24644098593699537,0.001381286440485846,1,-4.54792309477468,test,-1,-6.5,-5.5
-7.0996038205974905,-5.698260653713458,-1.4013431668840328,1.1042731268938464,0,2.760682817234616,test,-1,-6.5,-5.5
-5.695881797486106,-5.676634693068814,-0.019247104417291938,1.1400735506794732,0,2.850183876698683,test,-1,-6.5,-5.5
-5.556205818796043,-6.299974827526608,0.7437690087305647,-0.0335774631282104,1,-4.510913461463062,test,-1,-6.5,-5.5
-6.748178894127211,-6.443771896161653,-0.3044069979655574,-0.31979455163725595,1,-4.15528675383439,test,-1,-6.5,-5.5
-5.919865386916662,-5.845966762927268,-0.07389862398939417,0.8468425879170458,1,-4.999839405464935,test,-1,-6.5,-5.5
-5.48579672426506,-5.706057675040432,0.2202609507753723,1.0912381018597348,1,-4.945395933192809,test,-1,-6.5,-5.5
-6.978998456345293,-6.450231597309581,-0.5287668590357115,-0.33254096767870217,1,-4.137236183384649,test,-1,-6.5,-5.5
-6.283923538061444,-5.9773904563648586,-0.30653308169658516,0.602102492592045,1,-4.96197395372096,test,-1,-6.5,-5.5
6.3110398476581056,5.654162842379672,0.6568770052784337,-1.1767092025001118,1,-2.452093750731672,test,-1,5.5,6.5
5.511531995549752,6.240049696515404,-0.7285177009656526,-0.08624446994821096,1,-4.452532100694154,test,-1,5.5,6.5
6.3392939487765325,5.7633150151851344,0.5759789335913985,-0.9935351411385659,0,-2.4838378528464147,test,-1,5.5,6.5
5.333059172337884,6.033739393380298,-0.7006802210424137,-0.49373412060298816,1,-3.892105698836997,test,-1,5.5,6.5
5.314121026006649,5.51457496248542,-0.20045393647877058,-1.3902738368189456,1,-1.8219715392350104,test,-1,5.5,6.5
6.9152015423130395,6.418747008099885,0.4964545342131549,0.2702937598711771,0,0.6757343996779428,test,-1,5.5,6.5
6.919725057604043,6.4007148541170125,0.5190102034870306,0.23451831467775347,1,-4.759107644480375,test,-1,5.5,6.5
5.020178461421644,5.533421427626345,-0.5132429662047016,-1.3629319486413523,1,-1.9093961405076958,test,-1,5.5,6.5
6.500039441774273,6.456949336275117,0.04309010549915594,0.34578182313330547,1,-4.837761519828683,test,-1,5.5,6.5
4.961636419911593,5.637209321356076,-0.6755729014444835,-1.2039561241981396,0,-3.009890310495349,test,-1,5.5,6.5
5.660042734020436,5.783828352957946,-0.12378561893751001,-0.957722227516791,1,-2.9949359617591087,test,-1,5.5,6.5
6.359031407804982,6.106083184358829,0.2529482234461529,-0.3523555350276802,0,-0.8808888375692004,test,-1,5.5,6.5
6.112851286270959,6.444225136053042,-0.3313738497820828,0.32068933546449013,0,0.8017233386612254,test,-1,5.5,6.5
7.241366726412958,6.3527355411092845,0.8886311853036738,0.13898835136999485,0,0.34747087842498714,test,-1,5.5,6.5
5.799814781446586,5.502259233518513,0.2975555479280726,-1.4078749516771962,0,-3.5196873791929906,test,-1,5.5,6.5
6.430830024340088,6.021226027220293,0.40960399711979567,-0.5179469715206947,1,-3.8525261534699498,test,-1,5.5,6.5
5.712811583285458,6.0520376332645665,-0.3392260499791089,-0.4581896493449195,1,-3.948883829506708,test,-1,5.5,6.5
5.906294132112322,5.98537741366271,-0.07908328155038774,-0.5868505979825728,0,-1.467126494956432,test,-1,5.5,6.5
6.448658480092845,6.268134154064422,0.18052432602842247,-0.030101169694456417,0,-0.07525292423614104,test,-1,5.5,6.5
6.181372516402834,5.66071675312557,0.5206557632772641,-1.1660849822344481,1,-2.4805991205748885,test,-1,5.5,6.5
6.689457932503377,6.2645604503388785,0.42489748216449813,-0.03724756015579756,0,-0.0931189003894939,test,-1,5.5,6.5
5.277760042792142,5.520809797952066,-0.24304975515992402,-1.3812827086339168,1,-1.8509667274001136,test,-1,5.5,6.5
5.131708524227271,5.635210178369117,-0.5035016541418459,-1.2071463980529364,0,-3.017865995132341,test,-1,5.5,6.5
4.905641774315265,5.6162730174016895,-0.7106312430864239,-1.237125632977038,1,-2.2852708684281615,test,-1,5.5,6.5
7.093623720183565,5.809897584490029,1.2837261356935357,-0.9116301234795702,1,-3.098282318302985,test,-1,5.5,6.5
6.852786811344675,6.171452645212002,0.6813341661326723,-0.22300065024042506,1,-4.286134509174814,test,-1,5.5,6.5
6.844050064904281,5.971229778250014,0.8728202866542671,-0.6138407356336821,1,-3.688432133798703,test,-1,5.5,6.5
6.22783096506867,6.316168298046027,-0.08833733297735703,0.06595402189684275,1,-4.612630741286983,test,-1,5.5,6.5
7.006056310766175,5.789586783530553,1.2164695272356216,-0.9475958596498795,1,-3.0179417433145614,test,-1,5.5,6.5
6.54169215520951,6.233125977612671,0.30856617759683963,-0.10007684920617235,1,-4.436675059142694,test,-1,5.5,6.5
6.345403790072383,6.202622355255246,0.14278143481713598,-0.16095166543040923,1,-4.364292060900064,test,-1,5.5,6.5
5.512179164084286,5.827569476263423,-0.3153903121791362,-0.8800308147005765,0,-2.2000770367514413,test,-1,5.5,6.5
4.987596548388957,5.834647529106055,-0.8470509807170978,-0.8672968321708837,0,-2.168242080427209,test,-1,5.5,6.5
6.887807335121081,6.4780580790165185,0.4097492561045619,0.3872834330032596,0,0.968208582508149,test,-1,5.5,6.5
6.169413695795632,6.124582111735353,0.04483158406027972,-0.3158781761515128,0,-0.789695440378782,test,-1,5.5,6.5
6.448134644057781,6.450313524699525,-0.00217888064174408,0.332702540513744,0,0.83175635128436,test,-1,5.5,6.5
5.458126561351083,6.267475650620488,-0.8093490892694056,-0.03141802078810052,0,-0.0785450519702513,test,-1,5.5,6.5
5.123695662786707,6.325009253214773,-1.201313590428066,0.08362350746242377,0,0.2090587686560594,test,-1,5.5,6.5
5.240729456981006,5.906640301806662,-0.6659108448256558,-0.7354194612714067,1,-3.462856851801245,test,-1,5.5,6.5
6.483359611474178,5.951308411421314,0.5320512000528639,-0.6516361589098951,1,-3.620455802920743,test,-1,5.5,6.5
7.042994305988034,5.9006316273616735,1.142362678626361,-0.7465815390706795,1,-3.441122703331585,test,-1,5.5,6.5
6.1037112867878776,6.495138160338558,-0.39142687355068073,0.4207389037972164,1,-4.882468565852588,test,-1,5.5,6.5
5.479915220275343,5.677564175937889,-0.1976489556625464,-1.1385456965198135,1,-2.5533828444388407,test,-1,5.5,6.5
5.520570254007848,6.46259690302785,-0.9420266490200025,0.35690128950794703,0,0.8922532237698676,test,-1,5.5,6.5
5.312149514007971,5.9192502702591065,-0.6071007562511351,-0.7119085698625178,0,-1.7797714246562946,test,-1,5.5,6.5
6.115911311917804,5.9240524465509985,0.19185886536680535,-0.7029250959010188,0,-1.757312739752547,test,-1,5.5,6.5
5.499215075944452,5.963148869727346,-0.4639337937828934,-0.6292022962549975,0,-1.5730057406374938,test,-1,5.5,6.5
5.93493913788912,5.873723148823915,0.06121598906520506,-0.7962320091664593,1,-3.342278554260446,test,-1,5.5,6.5
6.705013899261585,5.965508100172511,0.7395057990890744,-0.6247216732407256,1,-3.6690570955342325,test,-1,5.5,6.5
5.422603572480376,5.535168261470805,-0.11256468899042861,-1.3603730305074808,0,-3.400932576268702,test,-1,5.5,6.5
4.888278853671858,5.584272669731845,-0.6959938160599871,-1.2867712916020504,0,-3.216928229005126,test,-1,5.5,6.5
7.230747451088236,6.2325206981419505,0.998226752946286,-0.1012858732663679,1,-4.4352786980098555,test,-1,5.5,6.5
6.500365662646046,6.136199993832868,0.3641656688131782,-0.2929132458909881,1,-4.192725485710339,test,-1,5.5,6.5
5.650970465737124,5.5279077888615324,0.12306267687559157,-1.3709815019187452,1,-1.88388838462431,test,-1,5.5,6.5
5.989701107749376,5.800170059823986,0.18953104792538913,-0.9289031628061366,0,-2.3222579070153415,test,-1,5.5,6.5
5.5904316277014585,5.720852520828886,-0.13042089312742683,-1.0663224319169042,1,-2.737023466675636,test,-1,5.5,6.5
5.9699042200137455,5.5550199933402,0.41488422667354574,-1.3310027044834838,1,-2.0087513266057817,test,-1,5.5,6.5
5.188972188799373,6.023246070778292,-0.8342738819789192,-0.5140436601695371,1,-3.8589565077709946,test,-1,5.5,6.5
5.903815435242645,5.91636965729461,-0.012554222051964763,-0.7172894937759425,0,-1.7932237344398563,test,-1,5.5,6.5
4.8379036154276855,5.548218749825571,-0.7103151343978854,-1.3411246929592924,1,-1.9775639386527306,test,-1,5.5,6.5
6.030011356753136,6.072404515529609,-0.04239315877647253,-0.418446949195722,0,-1.046117372989305,test,-1,5.5,6.5
6.688750561425623,6.303516650677376,0.3852339107482469,0.04065988564151679,0,0.10164971410379198,test,-1,5.5,6.5
5.510561992736876,5.613601719539817,-0.1030397268029413,-1.2413190803537009,1,-2.2733829483072103,test,-1,5.5,6.5
6.830945945498845,5.777117214425196,1.0538287310736492,-0.9694838633841931,1,-2.9679987090376967,test,-1,5.5,6.5
6.1233588047541785,6.141678091685423,-0.018319286931244166,-0.2820708489426173,1,-4.207585720683442,test,-1,5.5,6.5
5.57831855255678,5.992737305436508,-0.4144187528797277,-0.5727629826417973,0,-1.4319074566044931,test,-1,5.5,6.5
6.200430986034857,6.006556075668095,0.19387491036676294,-0.5462291786509507,1,-3.8053576860742893,test,-1,5.5,6.5
6.106620418190817,5.961440260065955,0.14518015812486113,-0.6324450826892647,1,-3.655209275717477,test,-1,5.5,6.5
6.59814929439283,6.3947430739278905,0.20340622046493945,0.22265303754720311,0,0.5566325938680078,test,-1,5.5,6.5
6.139234424938513,6.105777693135585,0.033456731802927984,-0.35295694425970536,0,-0.8823923606492634,test,-1,5.5,6.5
6.048969084544003,6.103355603167554,-0.0543865186235504,-0.3577240523939434,0,-0.8943101309848585,test,-1,5.5,6.5
6.511835849689925,5.943871856191269,0.5679639934986564,-0.6656795326265844,1,-3.5947108101096843,test,-1,5.5,6.5
5.007452601902182,5.98004678332689,-0.972594181424708,-0.5970341852249742,0,-1.4925854630624356,test,-1,5.5,6.5
6.842796707583148,6.388447527229693,0.45434918035345545,0.21013588222458376,1,-4.739940993640612,test,-1,5.5,6.5
5.367072531334455,5.70850048846018,-0.3414279571257245,-1.0871405319428273,0,-2.7178513298570683,test,-1,5.5,6.5
6.383874350500037,6.444581462156325,-0.060707111656288386,0.32139274635188203,0,0.803481865879705,test,-1,5.5,6.5
5.0444471852092505,5.573470043942265,-0.529022858733015,-1.3032356221904535,0,-3.258089055476134,test,-1,5.5,6.5
6.857438345230096,6.09515245663609,0.7622858885940056,-0.37385356342727455,1,-4.077405118871388,test,-1,5.5,6.5
4.296399958222114,5.531151070851767,-1.234751112629652,-1.366251553448755,0,-3.4156288836218875,test,-1,5.5,6.5
5.4286199985665,6.165257432530789,-0.7366374339642898,-0.23530945562717995,1,-4.270101580079963,test,-1,5.5,6.5
5.884819910907764,6.137385495140969,-0.25256558423320524,-0.29056760429219464,1,-4.19595203509384,test,-1,5.5,6.5
6.774101259902736,6.362465162297615,0.4116360976051211,0.1583936633237194,1,-4.696994163661762,test,-1,5.5,6.5
5.649978432649733,6.441637712339657,-0.7916592796899239,0.315580377174092,0,0.7889509429352299,test,-1,5.5,6.5
6.259599060986745,5.945627053410625,0.3139720075761202,-0.6623682652631772,0,-1.6559206631579428,test,-1,5.5,6.5
6.822609326882558,6.1699576324357555,0.6526516944468028,-0.2259717808646493,1,-4.282280519778375,test,-1,5.5,6.5
5.885340113745582,6.424330699631992,-0.5389905858864096,0.2813544175791874,1,-4.793986538414246,test,-1,5.5,6.5
4.58428066303615,6.1194234667677465,-1.535142803731596,-0.3260617241106417,1,-4.1464356578648225,test,-1,5.5,6.5
6.274691039677281,5.822585732708814,0.4521053069684672,-0.8889705546759392,0,-2.222426386689848,test,-1,5.5,6.5
5.717458909394104,5.819476310933581,-0.10201740153947748,-0.8945370021571437,1,-3.1357300339095886,test,-1,5.5,6.5
5.736023311817182,5.7914566850066524,-0.05543337318947013,-0.9443008088165743,1,-3.025390788780223,test,-1,5.5,6.5
7.102389967849958,6.457417423739058,0.6449725441109007,0.3467038622684801,1,-4.838352350013442,test,-1,5.5,6.5
6.360970270456841,5.905958342959643,0.4550119274971979,-0.7366876526271402,0,-1.8417191315678505,test,-1,5.5,6.5
6.105753500818224,6.446555822362803,-0.3408023215445785,0.3252895198114169,1,-4.824369770691225,test,-1,5.5,6.5
6.4479119750649145,6.3571905588319435,0.09072141623297095,0.147875436869703,1,-4.6878875047085975,test,-1,5.5,6.5
5.659340953707637,6.188927666032457,-0.5295867123248204,-0.18823626217502498,0,-0.47059065543756246,test,-1,5.5,6.5
5.77147671151825,5.50328796875234,0.26818874276591087,-1.4064128639851265,0,-3.5160321599628164,test,-1,5.5,6.5
6.356870626491492,6.400103499656982,-0.0432328731654896,0.23330399704894614,0,0.5832599926223654,test,-1,5.5,6.5
6.725415051002562,6.419864870962323,0.3055501800402388,0.2725088047557043,0,0.6812720118892608,test,-1,5.5,6.5
5.120427409627193,5.505909355868484,-0.38548194624129134,-1.4026804983681938,1,-1.781554632800499,test,-1,5.5,6.5
6.275110735702792,6.142926148435846,0.1321845872669459,-0.2795994661777786,0,-0.6989986654444464,test,-1,5.5,6.5
6.084695199693082,5.885216980243074,0.1994782194500074,-0.7750924901695609,1,-3.3847996420844524,test,-1,5.5,6.5
6.436632755551432,6.095741894286906,0.34089086126452645,-0.37269540228210263,1,-4.079110195301854,test,-1,5.5,6.5
6.160584354596694,6.110807055504409,0.04977729909228464,-0.3430516740520069,1,-4.122206803048836,test,-1,5.5,6.5
4.882350289335145,6.099619188397337,-1.2172688990621923,-0.3650738621691263,1,-4.090290760545664,test,-1,5.5,6.5
6.116672774044674,5.812283996843251,0.30438877720142277,-0.907379362061112,0,-2.26844840515278,test,-1,5.5,6.5
4.857875721944472,5.569873674763088,-0.7119979528186163,-1.308683215810901,0,-3.2717080395272524,test,-1,5.5,6.5
6.913499858492792,6.300734234215527,0.6127656242772651,0.03509605261545144,0,0.08774013153862861,test,-1,5.5,6.5
6.399972009382168,6.41143405013332,-0.011462040751151342,0.25579492993322644,0,0.6394873248330661,test,-1,5.5,6.5
5.693105510200052,5.694674629042537,-0.0015691188424854464,-1.1102457364473421,1,-2.626561010158184,test,-1,5.5,6.5
5.320637460585605,5.710607638852884,-0.38997017826727914,-1.083600790102151,0,-2.7090019752553776,test,-1,5.5,6.5
6.929871731213664,5.877440782360645,1.0524309488530195,-0.7894058912954314,0,-1.9735147282385785,test,-1,5.5,6.5
5.436274027605427,5.902847210172673,-0.46657318256724634,-0.7424688538816656,1,-3.4491512525496337,test,-1,5.5,6.5
7.218985740602834,6.3851776944327945,0.8338080461700392,0.20363130160277854,0,0.5090782540069463,test,-1,5.5,6.5
6.687307838020487,5.702154343370072,0.985153494650415,-1.0977720162312372,1,-2.6583100431980182,test,-1,5.5,6.5
7.818948927020048,5.919014827483751,1.8999340995362974,-0.7123485942603776,1,-3.507222365210858,test,-1,5.5,6.5
6.978332501251612,6.147959173339261,0.8303733279123503,-0.269628767775215,0,-0.6740719194380375,test,-1,5.5,6.5
5.965253181121638,6.011642952793331,-0.04638977167169257,-0.5364351902218353,0,-1.3410879755545881,test,-1,5.5,6.5
5.2867366849891955,5.833832485514603,-0.547095800525407,-0.8687653864100083,0,-2.171913466025021,test,-1,5.5,6.5
5.849701260071583,6.278473433859345,-0.428772173787761,-0.009423711769910477,0,-0.023559279424776192,test,-1,5.5,6.5
4.75881858683357,5.635435134567611,-0.8766165477340404,-1.2067876489429135,0,-3.016969122357284,test,-1,5.5,6.5
6.534619399913039,5.691710772255556,0.8429086276574824,-1.1151713373702885,0,-2.787928343425721,test,-1,5.5,6.5
6.129691722066655,5.902589147895965,0.22710257417068974,-0.7429480710208015,0,-1.8573701775520037,test,-1,5.5,6.5
5.648731800649698,6.286844465247725,-0.6381126645980272,0.00731829980493179,0,0.018295749512329474,test,-1,5.5,6.5
6.233423229327383,5.753808193927689,0.47961503539969397,-1.0099916241576,1,-2.8734100793388917,test,-1,5.5,6.5
5.696690752239128,5.609485421331518,0.08720533090760936,-1.2477635614541391,1,-2.2550326990403944,test,-1,5.5,6.5
7.081194980768675,6.430676014381886,0.6505189663867894,0.29391309692157797,1,-4.8029032036113755,test,-1,5.5,6.5
5.875641811086493,5.626387283774598,0.24925452731189499,-1.221168353251049,1,-2.330133320437821,test,-1,5.5,6.5
5.483676047550407,6.105005390363564,-0.6213293428131571,-0.35447720103555863,0,-0.8861930025888966,test,-1,5.5,6.5
5.923699242435624,5.790121936587827,0.13357730584779656,-0.9466531764872723,1,-3.020074688345259,test,-1,5.5,6.5
6.710230609825442,6.1265293919225705,0.5837012179028711,-0.3120319005040498,0,-0.7800797512601244,test,-1,5.5,6.5
6.261323976625384,6.159475953840817,0.10184802278456767,-0.24678810658927114,1,-4.254991526498465,test,-1,5.5,6.5
5.666701950666459,5.567726161625695,0.09897578904076419,-1.3119280905651227,0,-3.2798202264128067,test,-1,5.5,6.5
5.145882525596694,5.8554429248010225,-0.7095603992043293,-0.8296352894355639,1,-3.273744155641337,test,-1,5.5,6.5
5.486448533901734,5.834724077476773,-0.34827554357503937,-0.8671588768881939,0,-2.167897192220485,test,-1,5.5,6.5
5.748269420056513,5.677506367216735,0.07076305283977756,-1.1386407493429616,1,-2.553134328312905,test,-1,5.5,6.5
6.025432733961763,5.508003339782281,0.5174293941794819,-1.399692130194975,1,-1.7913334718048342,test,-1,5.5,6.5
5.196521671577499,5.510438402094721,-0.3139167305172214,-1.3962092845559304,0,-3.490523211389826,test,-1,5.5,6.5
5.908948339793625,6.097458804639123,-0.18851046484549774,-0.36932118120877017,1,-4.08406865304194,test,-1,5.5,6.5
6.904536892452814,5.584638520352121,1.319898372100693,-1.2862110572978065,1,-2.1434661902033803,test,-1,5.5,6.5
5.270024203541354,5.815668236928666,-0.5456440333873122,-0.9013423804396512,0,-2.253355951099128,test,-1,5.5,6.5
6.360136625700445,6.468618328969967,-0.10848170326952229,0.36874429816821264,1,-4.852173890445381,test,-1,5.5,6.5
5.824938812206233,6.373582551237013,-0.5486437390307802,0.18054835680145492,1,-4.715760171886051,test,-1,5.5,6.5
6.439865995217224,6.412783994170824,0.027082001046399993,0.25847241100901563,1,-4.777265745724467,test,-1,5.5,6.5
6.187854649123109,5.669898260931886,0.5179563881912229,-1.1511171627405388,0,-2.877792906851347,test,-1,5.5,6.5
6.339950929298984,5.816807900689045,0.5231430286099391,-0.8993070625949557,0,-2.248267656487389,test,-1,5.5,6.5
6.0132795336450755,5.741780235714063,0.27149929793101274,-1.0306812514806003,1,-2.823986408339776,test,-1,5.5,6.5
6.775446871654962,5.990954969824983,0.784491901829979,-0.5761774384451382,0,-1.4404435961128457,test,-1,5.5,6.5
6.063682287202852,6.043943409568514,0.019738877634338035,-0.4739323691046918,1,-3.9239299863936257,test,-1,5.5,6.5
6.323915808994334,5.90545438708501,0.4184614219093244,-0.7376246041493625,1,-3.4585771236157603,test,-1,5.5,6.5
5.66366025429407,6.242410313176793,-0.5787500588827228,-0.08152739238051858,0,-0.20381848095129645,test,-1,5.5,6.5
6.780764755014885,6.143733015765203,0.6370317392496824,-0.2780014878764274,1,-4.213127495459617,test,-1,5.5,6.5
5.807018373604765,6.15934335071467,-0.35232497710990535,-0.24705128389908484,1,-4.254643294209772,test,-1,5.5,6.5
6.443766255354355,5.649223685267733,0.7945425700866212,-1.184682451812898,1,-2.4305418744873712,test,-1,5.5,6.5
5.6387875002354315,6.246583789805756,-0.6077962895703248,-0.07318669117775195,0,-0.18296672794437988,test,-1,5.5,6.5
6.348486922189888,6.141447595615617,0.20703932657427157,-0.2825272257613196,1,-4.206963003986003,test,-1,5.5,6.5
5.995664343283814,5.798231029231637,0.19743331405217696,-0.9323358196146204,0,-2.330839549036551,test,-1,5.5,6.5
6.071539921884291,5.87582789531946,0.19571202656483183,-0.7923687327961513,1,-3.3500981919558233,test,-1,5.5,6.5
6.415383485714552,6.488627865175148,-0.07324437946059507,0.40800086244477984,1,-4.8753488100136035,test,-1,5.5,6.5
6.802231726794645,5.844594940279918,0.9576367865147266,-0.84932734882317,0,-2.1233183720579247,test,-1,5.5,6.5
6.100618628337634,5.8434450006512755,0.2571736276863586,-0.8514089852107499,0,-2.128522463026875,test,-1,5.5,6.5
5.4383619194673,6.113653454375103,-0.6752915349078032,-0.33744186360024686,0,-0.8436046590006172,test,-1,5.5,6.5
5.822930836407637,6.11839271273934,-0.29546187633170246,-0.3280954776159594,0,-0.8202386940398986,test,-1,5.5,6.5
6.274211275613163,5.513353422191246,0.7608578534219168,-1.3920290744600348,1,-1.8162824163700821,test,-1,5.5,6.5
5.5500184870621885,6.074432794827069,-0.5244143077648805,-0.41447931294460244,0,-1.0361982823615061,test,-1,5.5,6.5
7.393247757648961,6.277679452079622,1.1155683055693388,-0.011011654564375062,0,-0.027529136410937655,test,-1,5.5,6.5
6.242897243353514,6.44988207713775,-0.206984833784236,0.3318516375507996,0,0.829629093876999,test,-1,5.5,6.5
5.115274599314484,6.202982173100011,-1.0877075737855277,-0.16023435343226167,1,-4.3651696863289455,test,-1,5.5,6.5
6.166107794052165,5.616205733447825,0.5499020606043394,-1.2372313649388775,1,-2.284971638440056,test,-1,5.5,6.5
5.2134174694653534,5.746601478123091,-0.5331840086577382,-1.0224058356776031,0,-2.5560145891940076,test,-1,5.5,6.5
3.6925310104323263,5.918938680717573,-2.2264076702852464,-0.7124908982469292,0,-1.781227245617323,test,-1,5.5,6.5
6.151161353257824,6.13203154671384,0.01912980654398363,-0.30115767547326916,0,-0.7528941886831729,test,-1,5.5,6.5
4.821734947013752,5.595470253464871,-0.7737353064511191,-1.2695465327306688,0,-3.1738663318266718,test,-1,5.5,6.5
6.004044665323309,5.890309209423132,0.11373545590017616,-0.7656939357625318,0,-1.9142348394063293,test,-1,5.5,6.5
6.238057575557004,5.821967587530727,0.4160899880262774,-0.8900778365525658,0,-2.2251945913814146,test,-1,5.5,6.5
6.9524957715064195,6.471325293927578,0.48117047757884224,0.37406405689234884,1,-4.855422921676457,test,-1,5.5,6.5
6.331345965816448,6.469182379611441,-0.13783641379499312,0.3698530011357909,0,0.9246325028394773,test,-1,5.5,6.5
5.280920209510464,6.243417968225514,-0.96249775871505,-0.07951371632898067,0,-0.1987842908224517,test,-1,5.5,6.5
6.792764864268763,6.017689295035469,0.7750755692332945,-0.5247758670240349,1,-3.8412299214192975,test,-1,5.5,6.5
5.718394787048367,5.664479956118911,0.05391483092945595,-1.1599619740198746,0,-2.8999049350496864,test,-1,5.5,6.5
6.475488704178796,6.449381570384974,0.026107133793821694,0.33086445833275846,0,0.8271611458318961,test,-1,5.5,6.5
5.486583163921518,6.421825954683884,-0.9352427907623666,0.27639386709289826,1,-4.790413625943017,test,-1,5.5,6.5
5.953472470210514,6.382570700339051,-0.4290982301285371,0.19844372292674478,1,-4.730506064961109,test,-1,5.5,6.5
5.629808378943444,5.551038600025071,0.07876977891837357,-1.3369355368232914,0,-3.3423388420582283,test,-1,5.5,6.5
6.1400469521372205,6.274940215434729,-0.1348932632975082,-0.016489996652345063,1,-4.529176946556354,test,-1,5.5,6.5
5.693092362321226,5.605895152423459,0.08719720989776715,-1.2533672323386376,0,-3.133418080846594,test,-1,5.5,6.5
5.796550500333426,6.405395866629654,-0.6088453662962278,0.2438131510450255,1,-4.766232699634485,test,-1,5.5,6.5
5.048014818425033,6.0878864847116025,-1.0398716662865701,-0.3881193707854105,0,-0.9702984269635262,test,-1,5.5,6.5
6.674285898425741,6.488089757694919,0.18619614073082255,0.4069472204062746,0,1.0173680510156866,test,-1,5.5,6.5
5.825805486635739,5.928661356516178,-0.10285586988044,-0.6942879197554075,0,-1.7357197993885187,test,-1,5.5,6.5
6.774280662848537,6.129849978951141,0.6444306838973961,-0.30547034248347643,0,-0.763675856208691,test,-1,5.5,6.5
7.078505032848553,6.276281334265319,0.8022236985832333,-0.013807836136536153,0,-0.03451959034134038,test,-1,5.5,6.5
5.6570824024841695,5.759817487767614,-0.1027350852834445,-0.9995999454841371,1,-2.8979473829684403,test,-1,5.5,6.5
5.912495189907285,6.138913069262157,-0.22641787935487226,-0.2875445332620127,0,-0.7188613331550318,test,-1,5.5,6.5
7.099239145189693,6.326799975160675,0.7724391700290175,0.08720168341443627,0,0.21800420853609065,test,-1,5.5,6.5
6.565695774335068,6.02130525832043,0.5443905160146383,-0.517793913723016,1,-3.8527786642339406,test,-1,5.5,6.5
5.386314483729192,5.924485138877553,-0.5381706551483609,-0.7021148553311867,1,-3.526663906506057,test,-1,5.5,6.5
7.150296569190256,6.0310030378042825,1.1192935313859735,-0.49903559275172,1,-3.8835025060431443,test,-1,5.5,6.5
6.60695075432443,6.44597812267006,0.1609726316543695,0.3241494507070815,1,-4.823610118874297,test,-1,5.5,6.5
6.402583025132475,6.499273662144243,-0.09669063701176847,0.42882119768617794,1,-4.8868837542672505,test,-1,5.5,6.5
5.374959145902436,6.170923588848261,-0.7959644429458249,-0.2240521337393467,1,-4.2847717509646674,test,-1,5.5,6.5
6.069533244093646,6.289576137042283,-0.22004289294863724,0.012781572719307664,1,-4.559691816658071,test,-1,5.5,6.5
6.821186271902134,6.481587554693637,0.3395987172084969,0.3942063481347814,0,0.9855158703369535,test,-1,5.5,6.5
5.864715128778642,5.641558412152617,0.22315671662602515,-1.1969991521237702,0,-2.9924978803094255,test,-1,5.5,6.5
6.381161544478596,5.526287019886786,0.8548745245918093,-1.3733398034532938,0,-3.4333495086332344,test,-1,5.5,6.5
6.837001303190449,6.246442761224147,0.5905585419663016,-0.0734685587014087,0,-0.18367139675352173,test,-1,5.5,6.5
5.5316974844450115,6.11658807404047,-0.5848905895954579,-0.3316553217806783,0,-0.8291383044516958,test,-1,5.5,6.5
5.472631347806963,5.599204699276073,-0.12657335146911072,-1.2637664925456893,0,-3.159416231364223,test,-1,5.5,6.5
5.807988192705782,6.021902675357156,-0.21391448265137358,-0.5166397252476755,1,-3.8546818629020136,test,-1,5.5,6.5
5.567065231067053,6.007431981478662,-0.44036675041160894,-0.544543758945483,0,-1.3613593973637075,test,-1,5.5,6.5
5.34530079719692,5.785693025922608,-0.4403922287256881,-0.9544466064041986,0,-2.3861165160104965,test,-1,5.5,6.5
5.180864410140605,5.748438489274808,-0.5675740791342037,-1.0192464369526097,1,-2.851396551012846,test,-1,5.5,6.5
5.1029154311483405,5.6803491801969415,-0.5774337490486008,-1.1339619119640538,1,-2.5653452825934138,test,-1,5.5,6.5
6.0225957212776144,6.083823066975112,-0.061227345697497715,-0.39608848674801883,0,-0.990221216870047,test,-1,5.5,6.5
5.854877002479466,5.653918607350965,0.20095839512850047,-1.1771041457698068,1,-2.4510294394445777,test,-1,5.5,6.5
6.940250693387583,6.211727587705268,0.7285231056823142,-0.14279384405970694,1,-4.386326407134789,test,-1,5.5,6.5
5.841357463821381,6.3587524054520355,-0.5173949416306548,0.15099039849954934,0,0.37747599624887335,test,-1,5.5,6.5
5.854266194943494,6.186441370798185,-0.33217517585469086,-0.19318619258922115,0,-0.48296548147305285,test,-1,5.5,6.5
3.8721213938086567,5.765129608812192,-1.8930082150035348,-0.9903837949581558,0,-2.4759594873953894,test,-1,5.5,6.5
5.781140998963371,5.897032706867352,-0.11589170790398062,-0.7532542304221599,0,-1.8831355760553996,test,-1,5.5,6.5
6.11789451084797,6.013016025212243,0.10487848563572684,-0.533789163799355,1,-3.8262299513215132,test,-1,5.5,6.5
5.504376615437404,5.8442042208047935,-0.33982760536739004,-0.8500347606529389,1,-3.2310646243790737,test,-1,5.5,6.5
6.059566265838282,6.045602326998006,0.013963938840276323,-0.47070838250043734,0,-1.1767709562510933,test,-1,5.5,6.5
5.683378176148379,6.186116734830431,-0.5027385586820527,-0.19383241830825024,1,-4.323427877338365,test,-1,5.5,6.5
5.323951545366716,5.799692894993413,-0.4757413496266963,-0.9297482099548809,1,-3.058074759744675,test,-1,5.5,6.5
4.844166813709176,5.715357823464707,-0.8711910097555311,-1.0756034662186127,1,-2.71399058195076,test,-1,5.5,6.5
5.612340157071494,6.288308789931913,-0.6759686328604186,0.010246920674107953,1,-4.557088020500847,test,-1,5.5,6.5
5.142311077362587,6.2758489459474065,-1.1335378685848196,-0.014672590845023122,1,-4.531099903055791,test,-1,5.5,6.5
6.232754877607682,5.54172595062187,0.6910289269858128,-1.3507297643136806,0,-3.3768244107842014,test,-1,5.5,6.5
6.629784371158811,6.14548536954428,0.4842990016145303,-0.27453037799038815,1,-4.21783923702792,test,-1,5.5,6.5
5.655352863630764,5.628193102506086,0.02715976112467776,-1.2183061224867544,0,-3.045765306216886,test,-1,5.5,6.5
5.955016691225744,6.047652502942308,-0.09263581171656385,-0.4667222244000069,1,-3.9353968340201284,test,-1,5.5,6.5
6.685493213303969,5.791523446655947,0.8939697666480225,-0.9441831035202514,1,-3.0256565488400033,test,-1,5.5,6.5
6.637598873331849,6.325845116197303,0.31175375713454695,0.08529374210660243,1,-4.631087580412638,test,-1,5.5,6.5
5.171656358574819,5.597352371944585,-0.42569601336976565,-1.266635665769002,0,-3.166589164422505,test,-1,5.5,6.5
6.432484048823286,6.397511911358555,0.034972137464731594,0.22815542906240457,0,0.5703885726560114,test,-1,5.5,6.5
6.043102557956912,5.841989145984783,0.20111341197212862,-0.8540427778420053,0,-2.1351069446050133,test,-1,5.5,6.5
5.802640143646044,5.6320853050415085,0.170554838604535,-1.212123466601544,0,-3.03030866650386,test,-1,5.5,6.5
6.1452287816197595,5.95758294841476,0.18764583320499897,-0.6397591072303175,0,-1.5993977680757938,test,-1,5.5,6.5
4.57838744660214,5.5844378080637425,-1.0060503614616019,-1.2865184333228759,1,-2.1425594793356213,test,-1,5.5,6.5
5.768259875053121,6.240226593244446,-0.47196671819132496,-0.085891004239903,1,-4.452934445148383,test,-1,5.5,6.5
4.660073855119405,5.863737818781151,-1.2036639636617457,-0.8145117972282593,0,-2.0362794930706483,test,-1,5.5,6.5
6.021410772307681,5.833561162216232,0.1878496100914492,-0.8692541316348138,0,-2.1731353290870343,test,-1,5.5,6.5
5.361354788591558,5.606424663546353,-0.24506987495479488,-1.2525417883835146,1,-2.2413632099765683,test,-1,5.5,6.5
4.917958588564414,5.686145620075994,-0.7681870315115802,-1.124393502383961,1,-2.5901788407982,test,-1,5.5,6.5
7.340510756050177,6.019248804764693,1.3212619512854837,-0.5217654933713614,0,-1.3044137334284034,test,-1,5.5,6.5
6.38743765603254,5.6126222790435865,0.7748153769889535,-1.2428544044765055,0,-3.1071360111912636,test,-1,5.5,6.5
5.689781049750487,5.983925589464159,-0.29414453971367227,-0.589625814144113,1,-3.7309912006849055,test,-1,5.5,6.5
6.932729915508278,6.431488377004363,0.5012415385039153,0.29552008528288126,1,-4.804030808818258,test,-1,5.5,6.5
5.532431498607112,5.89885519442826,-0.36642369582114864,-0.7498764041518408,1,-3.4346732866638936,test,-1,5.5,6.5
6.260198650282537,5.680391984533548,0.5798066657489889,-1.1338913924158156,1,-2.5655289851839633,test,-1,5.5,6.5
6.794546527792366,6.30549204028609,0.48905448750627584,0.04460976643340628,1,-4.5917665699386925,test,-1,5.5,6.5
5.86906622833818,6.1607354619910755,-0.2916692336528957,-0.24428814614993402,0,-0.6107203653748351,test,-1,5.5,6.5
6.479509999913651,6.113435114538922,0.36607488537472815,-0.3378722749254595,1,-4.129629274780264,test,-1,5.5,6.5
6.723285493393113,5.623882154925232,1.0994033384678807,-1.2251323976972253,0,-3.062830994243063,test,-1,5.5,6.5
6.478179874742807,5.851541546769155,0.6266383279736513,-0.8367287209771516,0,-2.0918218024428787,test,-1,5.5,6.5
5.292388953321461,5.973099801609726,-0.6807108482882646,-0.6102801303055244,1,-3.6947383514338794,test,-1,5.5,6.5
6.163935748059428,5.878385300624849,0.2855504474345787,-0.7876698760743774,0,-1.9691746901859437,test,-1,5.5,6.5
6.232369759182506,5.721923666222813,0.5104460929596923,-1.0645094132633006,1,-2.74150393233836,test,-1,5.5,6.5
5.913005689624366,5.72688028951948,0.1861254001048856,-1.0561039725229515,1,-2.762195825174431,test,-1,5.5,6.5
6.369949931250615,5.6428281449526825,0.7271217862979328,-1.1949637631456052,0,-2.9874094078640128,test,-1,5.5,6.5
5.87604952249229,6.229425121168513,-0.3533755986762234,-0.10746858770256333,0,-0.26867146925640834,test,-1,5.5,6.5
4.279863021775828,5.623011609409976,-1.3431485876341478,-1.2265081252244328,0,-3.0662703130610818,test,-1,5.5,6.5
6.8077031983473795,5.819777974072321,0.9879252242750582,-0.8939973466002419,0,-2.2349933665006048,test,-1,5.5,6.5
5.284812967779943,5.8916596206529706,-0.6068466528730279,-0.7631981867615941,0,-1.9079954669039854,test,-1,5.5,6.5
5.535425999071347,5.5379412194519455,-0.0025152203805992508,-1.356302432386524,1,-1.9302628008838236,test,-1,5.5,6.5
4.791022904401489,5.655011286905252,-0.8639883825037624,-1.1753366695013705,1,-2.4557899092348996,test,-1,5.5,6.5
6.238425089123668,5.670649006216902,0.5677760829067665,-1.149888978703983,1,-2.523594653095328,test,-1,5.5,6.5
5.701151773546844,6.27031220556181,-0.569160432014966,-0.025745492145277975,1,-4.519325662026567,test,-1,5.5,6.5
5.887153499013982,5.73919854104234,0.1479549579716419,-1.0351027612193908,1,-2.8133245536506513,test,-1,5.5,6.5
6.318055495862421,6.247170087233946,0.0708854086284745,-0.07201486916776155,0,-0.18003717291940388,test,-1,5.5,6.5
6.803943453618268,5.847494184644095,0.9564492689741725,-0.8440741179926747,1,-3.2436009128021324,test,-1,5.5,6.5
7.385133215173004,6.161213368200086,1.2239198469729182,-0.2433394626307255,1,-4.259547278021588,test,-1,5.5,6.5
6.6938188182855445,6.154553999832386,0.5392648184531587,-0.25655375628325844,0,-0.6413843907081461,test,-1,5.5,6.5
6.4284103810305915,5.732975942892299,0.6954344381382925,-1.0457314113254617,1,-2.7875496080164175,test,-1,5.5,6.5
6.1467169362307565,5.920974770008197,0.22574216622255946,-0.708684411236675,1,-3.5142001158812084,test,-1,5.5,6.5
6.3809341100079235,6.176543515549949,0.20439059445797408,-0.21287955281572668,0,-0.5321988820393166,test,-1,5.5,6.5
5.652240065513713,6.105345286255908,-0.45310522074219534,-0.35380815131105436,1,-4.106690025299142,test,-1,5.5,6.5
6.49969000047272,6.108680506541661,0.39100949393105955,-0.3472409606240691,0,-0.8681024015601728,test,-1,5.5,6.5
4.376485746853236,5.539483421775666,-1.16299767492243,-1.3540340223252978,1,-1.9373737318226976,test,-1,5.5,6.5
6.976843471526546,6.405435954774958,0.571407516751588,0.2438927291512051,1,-4.766293267730034,test,-1,5.5,6.5
6.499617367789096,6.3890563808994845,0.1105609868896114,0.21134681058628185,1,-4.740909122307295,test,-1,5.5,6.5
5.7068340360806475,5.678681282712765,0.028152753367882213,-1.1367081308076583,0,-2.841770327019146,test,-1,5.5,6.5
6.621530569506053,5.887903528257415,0.7336270412486381,-0.7701365090102306,0,-1.9253412725255763,test,-1,5.5,6.5
5.322436129435789,6.40763459414889,-1.0851984647131012,0.24825659664499958,1,-4.769603399665845,test,-1,5.5,6.5
5.40794220004151,5.952131550173418,-0.5441893501319086,-0.6500794940974134,1,-3.623293187660725,test,-1,5.5,6.5
6.301065102539276,5.933293136791573,0.3677719657477037,-0.6855930265340717,0,-1.7139825663351793,test,-1,5.5,6.5
6.037873694143646,6.209612269366931,-0.17173857522328506,-0.14701336146369634,0,-0.36753340365924086,test,-1,5.5,6.5
6.045158566877462,5.660902137851252,0.38425642902621004,-1.1657837336493142,1,-2.4814038831519243,test,-1,5.5,6.5
6.246654948838637,6.363751825839311,-0.11709687700067371,0.16095877576317213,0,0.4023969394079303,test,-1,5.5,6.5
4.838424013935952,5.513862581448035,-0.6754385675120835,-1.3912977131643882,0,-3.4782442829109703,test,-1,5.5,6.5
5.858973617161731,5.574093209433013,0.2848804077287188,-1.3022899680222617,0,-3.255724920055654,test,-1,5.5,6.5
6.020193783221306,5.875915743035084,0.14427804018622212,-0.7922074112926911,0,-1.9805185282317277,test,-1,5.5,6.5
6.097428756635453,5.74936352290052,0.348065233734933,-1.0176542075226167,1,-2.8551946788363427,test,-1,5.5,6.5
6.348539559479477,6.012623344880074,0.3359162145994023,-0.5345459949046794,1,-3.8249657401557924,test,-1,5.5,6.5
6.8851503012654565,5.643480256919932,1.2416700443455244,-1.1939176749073788,0,-2.984794187268447,test,-1,5.5,6.5
5.583412360550154,6.1416555013357215,-0.5582431407855675,-0.28211557796862063,1,-4.207524699640402,test,-1,5.5,6.5
5.701062696926006,6.039105503798524,-0.33804280687251814,-0.4833270102690073,0,-1.2083175256725183,test,-1,5.5,6.5
7.219959847364742,6.329914175769991,0.890045671594751,0.0934237287082303,1,-4.6387191847450495,test,-1,5.5,6.5
5.276848064301867,5.769124907953275,-0.4922768436514075,-0.9834338080482781,1,-2.935744798657962,test,-1,5.5,6.5
5.7564142080703915,5.671055721632711,0.08535848643768089,-1.1492233406768542,1,-2.525349998332755,test,-1,5.5,6.5
6.718474548475108,6.0264327644174465,0.6920417840576615,-0.5078817833947181,0,-1.2697044584867954,test,-1,5.5,6.5
6.000898600786696,5.741855408732619,0.25904319205407755,-1.0305524042042051,0,-2.576381010510513,test,-1,5.5,6.5
6.270123869712523,5.956214112268475,0.3139097574440486,-0.6423523371645871,0,-1.6058808429114677,test,-1,5.5,6.5
5.599692343585695,5.616482011346919,-0.016789667761224675,-1.2367971780996623,0,-3.0919929452491557,test,-1,5.5,6.5
5.029094833477369,6.09980662806885,-1.0707117945914815,-0.36470527476383297,1,-4.090829704748471,test,-1,5.5,6.5
6.794106526066184,6.33663489267187,0.45747163339431424,0.10684827895933295,1,-4.651155778794989,test,-1,5.5,6.5
6.949008367680776,6.412331911293672,0.5366764563871039,0.25757580135282504,1,-4.776598112501674,test,-1,5.5,6.5
6.730841343718961,6.450627072040091,0.28021427167886925,0.33332088124244963,1,-4.8296776300364055,test,-1,5.5,6.5
5.845908903579147,6.081529369286514,-0.23562046570736678,-0.4005839740975887,1,-4.037603872318983,test,-1,5.5,6.5
6.165539684418532,6.014690305880913,0.15084937853761918,-0.5305613224257498,0,-1.3264033060643745,test,-1,5.5,6.5
6.732293796538233,6.276716211920865,0.45557758461736814,-0.012938100275491578,0,-0.03234525068872895,test,-1,5.5,6.5
5.969033093858832,6.172097326082074,-0.20306423222324185,-0.22171928219545323,1,-4.287793474562738,test,-1,5.5,6.5
5.3802993314167065,5.66378754066337,-0.2834882092466639,-1.1610898206843725,1,-2.4939185227360725,test,-1,5.5,6.5
5.29230699440361,5.9275583551925735,-0.635251360788963,-0.6963563124261865,1,-3.537539886995844,test,-1,5.5,6.5
5.946255199792886,5.654392660663615,0.2918625391292711,-1.1763375079062244,0,-2.9408437697655607,test,-1,5.5,6.5
5.338585883401854,6.06670159730435,-0.7281157139024963,-0.4295934849239283,0,-1.0739837123098208,test,-1,5.5,6.5
5.733724517479629,6.0091030896834745,-0.2753785722038453,-0.5413270514141821,1,-3.813606165795737,test,-1,5.5,6.5
6.780632539242508,5.953778516090053,0.8268540231524547,-0.6469635413301402,1,-3.6289629580950784,test,-1,5.5,6.5
5.274599127257603,6.491011271964969,-1.2164121447073664,0.41266627047235094,0,1.0316656761808773,test,-1,5.5,6.5
5.938394982716218,6.40014655233526,-0.46175156961904174,0.2333895143351262,1,-4.75823552010047,test,-1,5.5,6.5
6.215824054564709,5.651425779229208,0.564398275335501,-1.181131184432894,1,-2.4401580070238356,test,-1,5.5,6.5
5.956030230921291,6.107674751836506,-0.15164452091521463,-0.3492217445511267,0,-0.8730543613778168,test,-1,5.5,6.5
6.702056761039951,5.978204313382881,0.7238524476570692,-0.6005500922918634,1,-3.7118862930264216,test,-1,5.5,6.5
5.624512205973836,6.328624446459164,-0.7041122404853277,0.09084700882426709,1,-4.636308579030052,test,-1,5.5,6.5
5.883810649794661,6.429425450951965,-0.5456148011573039,0.2914388957427067,0,0.7285972393567668,test,-1,5.5,6.5
7.023786796489474,6.32876510815628,0.6950216883331936,0.09112804094243354,0,0.22782010235608385,test,-1,5.5,6.5
4.931413548925993,5.526767036919026,-0.5953534879930329,-1.3726417299135432,1,-1.8786037461630385,test,-1,5.5,6.5
6.4214597406608,6.390270818242528,0.03118892241827159,0.21376192929055962,0,0.534404823226399,test,-1,5.5,6.5
5.51133160995838,5.664298479902406,-0.15296686994402625,-1.1602576268618496,0,-2.900644067154624,test,-1,5.5,6.5
6.6677481882895036,5.833972274605558,0.8337759136839458,-0.8685135539101708,1,-3.1918532574492726,test,-1,5.5,6.5
5.218223771242829,5.877301159461412,-0.6590773882185837,-0.7896624570930421,1,-3.355562893638049,test,-1,5.5,6.5
6.379826031146843,6.318280934127797,0.06154509701904621,0.07017684565375583,0,0.17544211413438957,test,-1,5.5,6.5
6.236118697125057,5.69805308691962,0.538065610205437,-1.104619222263621,0,-2.761548055659053,test,-1,5.5,6.5
6.465810325922828,5.676026046978276,0.7897842789445515,-1.1410734900495878,0,-2.8526837251239696,test,-1,5.5,6.5
6.605602162235138,6.492436052990392,0.11316610924474607,0.4154540952836909,1,-4.87953860443195,test,-1,5.5,6.5
6.058803106559923,5.544698744344091,0.5141043622158321,-1.3463390281355891,0,-3.365847570338973,test,-1,5.5,6.5
5.455471259519073,5.81084888578964,-0.3553776262705671,-0.9099362531620694,0,-2.2748406329051734,test,-1,5.5,6.5
7.118256424138771,5.9115835711828915,1.206672852955879,-0.7262166194479197,0,-1.8155415486197992,test,-1,5.5,6.5
6.064738215157534,5.725263253715639,0.3394749614418948,-1.0588490031417679,1,-2.755452789813029,test,-1,5.5,6.5
6.306912866066356,5.770602880821453,0.5363099852449024,-0.9808588299805252,0,-2.452147074951313,test,-1,5.5,6.5
6.7596022795692,5.607217726709274,1.1523845528599252,-1.2513048417812676,0,-3.128262104453169,test,-1,5.5,6.5
6.547534481752724,6.311020665849667,0.23651381590305642,0.05566352860662835,0,0.13915882151657089,test,-1,5.5,6.5
5.838827309368946,5.745980087705812,0.09284722166313415,-1.0234737586977725,0,-2.558684396744431,test,-1,5.5,6.5
6.652804303791598,6.133851715723656,0.5189525880679415,-0.29755834769028594,0,-0.7438958692257148,test,-1,5.5,6.5
6.749259838481138,5.860437890152852,0.8888219483282862,-0.8205350941138154,0,-2.0513377352845383,test,-1,5.5,6.5
4.725903491315163,5.5048626877746205,-0.7789591964594568,-1.4041719156218944,1,-1.7766637948674195,test,-1,5.5,6.5
4.786072283419777,5.747220897941281,-0.9611486145215032,-1.0213409064316128,0,-2.553352266079032,test,-1,5.5,6.5
6.773766503531113,6.329907195199729,0.4438593083313846,0.09340978280533983,1,-4.638706158273816,test,-1,5.5,6.5
5.8549936187845715,5.911160322294761,-0.05616670351018998,-0.7270052760878586,0,-1.8175131902196464,test,-1,5.5,6.5
5.6666993540431765,5.589914583984556,0.07678477005862037,-1.278112610476228,0,-3.19528152619057,test,-1,5.5,6.5
7.753839183043677,6.4747374998493825,1.2791016831942947,0.38076585326174467,0,0.9519146331543616,test,-1,5.5,6.5
6.090143316142912,6.152362264031975,-0.06221894788906326,-0.26090039368505763,0,-0.652250984212644,test,-1,5.5,6.5
6.1526757670638075,6.1561555863113275,-0.0034798192475198482,-0.253376718995453,0,-0.6334417974886325,test,-1,5.5,6.5
7.229124075204252,6.427516270840011,0.8016078043642418,0.2876607640251209,1,-4.798487167713325,test,-1,5.5,6.5
5.981846673215189,6.433022618767653,-0.45117594555246354,0.29855453780049135,0,0.7463863445012284,test,-1,5.5,6.5
6.516941023190562,6.378256588886791,0.13868443430377028,0.18985625736770217,0,0.47464064341925544,test,-1,5.5,6.5
5.821551869593015,5.901525312295424,-0.0799734427024089,-0.744923072396392,0,-1.86230768099098,test,-1,5.5,6.5
5.920977902028067,5.778949661102925,0.14202824092514177,-0.9662767120337719,1,-2.9753671247128888,test,-1,5.5,6.5
6.158478221295209,5.980924996666878,0.17755322462833115,-0.5953576140512209,1,-3.7209865892965324,test,-1,5.5,6.5
5.568731241751089,6.256820831363339,-0.68808958961225,-0.05272284332242218,1,-4.490056015660814,test,-1,5.5,6.5
5.754749262146067,6.008882580164818,-0.25413331801875144,-0.5417515958164613,0,-1.354378989541153,test,-1,5.5,6.5
5.528240912760694,5.875273188642757,-0.34703227588206337,-0.7933872419836875,1,-3.348038762521246,test,-1,5.5,6.5
5.299626866173638,6.097751664069661,-0.7981247978960234,-0.3687455195040547,0,-0.9218637987601368,test,-1,5.5,6.5
6.400345713431842,6.142163185318538,0.25818252811330406,-0.28111032598448654,1,-4.208895537238353,test,-1,5.5,6.5
6.087129283525862,6.478529845682215,-0.39140056215635244,0.3882090643002155,0,0.9705226607505388,test,-1,5.5,6.5
5.415360091374496,6.121538195232224,-0.7061781038577278,-0.32188812723775645,0,-0.8047203180943912,test,-1,5.5,6.5
4.917725272264107,5.89340043159783,-0.9756751593337228,-0.7599788716079767,1,-3.414801882652085,test,-1,5.5,6.5
6.1269862705647355,6.434838371707174,-0.30785210114243905,0.3021448598901696,1,-4.808647289141238,test,-1,5.5,6.5
5.507193920048987,6.231820746300171,-0.7246268262511839,-0.10268395570023003,1,-4.433661904627305,test,-1,5.5,6.5
6.145852075382708,5.930569631782998,0.21528244359970977,-0.6907074514713295,0,-1.7267686286783237,test,-1,5.5,6.5
6.517275048158218,5.95951712679202,0.5577579213661968,-0.6360928064420692,0,-1.590232016105173,test,-1,5.5,6.5
6.189002019678162,6.498790408874639,-0.3097883891964774,0.42787711855698884,1,-4.886372129408615,test,-1,5.5,6.5
6.00298273083621,6.463598184166207,-0.46061545332999754,0.3588715291482279,0,0.8971788228705697,test,-1,5.5,6.5
5.2237172011666075,5.50651960293515,-0.2828024017685419,-1.4018102364788751,1,-1.784405275861446,test,-1,5.5,6.5
6.74368100190139,6.345955170609632,0.3977258312917572,0.12545730417871523,0,0.3136432604467881,test,-1,5.5,6.5
5.405411739551013,5.862481133906683,-0.45706939435567007,-0.8168066494758799,0,-2.0420166236896997,test,-1,5.5,6.5
6.219524629359973,5.897286614954545,0.3222380144054273,-0.7527837830425599,0,-1.8819594576063996,test,-1,5.5,6.5
5.3931535946957965,5.794459645977629,-0.40130605128183255,-0.9390022306941277,1,-3.0373314079637206,test,-1,5.5,6.5
4.652146850892094,6.1147961666526935,-1.4626493157606,-0.3351889833847671,1,-4.133462109919915,test,-1,5.5,6.5
6.649888013464241,5.676635579436789,0.9732524340274515,-1.1400720941651694,0,-2.8501802354129238,test,-1,5.5,6.5
6.20651259280551,5.708381850594007,0.4981307422115024,-1.0873396849204982,0,-2.7183492123012454,test,-1,5.5,6.5
5.57130673963629,5.716288224505058,-0.1449814848687675,-1.07403421198263,0,-2.685085529956575,test,-1,5.5,6.5
6.14217076116282,6.061426824327601,0.08074393683521944,-0.439890767429768,1,-3.9775057319398384,test,-1,5.5,6.5
5.704425988517772,5.603087327334009,0.10133866118376274,-1.2577384149100654,1,-2.2264345835368875,test,-1,5.5,6.5
6.813339195435993,5.811325976903497,1.002013218532496,-0.9090864429938804,1,-3.1038846899668595,test,-1,5.5,6.5
6.107089211647531,6.30688157043288,-0.1997923587853498,0.04738809137867075,1,-4.5945117490793,test,-1,5.5,6.5
6.160013103291554,5.986035065413723,0.1739780378778318,-0.5855930646859965,0,-1.4639826617149911,test,-1,5.5,6.5
6.308948414191209,6.455734313431378,-0.1467858992401688,0.3433881169075953,0,0.8584702922689882,test,-1,5.5,6.5
5.86026281674878,6.214557008531935,-0.35429419178315463,-0.13714887981913987,0,-0.34287219954784964,test,-1,5.5,6.5
5.907971695153746,5.615245334399702,0.29272636075404335,-1.2387399531375105,1,-2.2806993564795595,test,-1,5.5,6.5
6.251064681244966,5.94786179513026,0.30320288611470614,-0.6581493615574999,1,-3.6085485924765175,test,-1,5.5,6.5
5.730933606128534,6.026769479856434,-0.29583587372790054,-0.5072303989778625,1,-3.8701347862427244,test,-1,5.5,6.5
7.8609864574080985,6.396336863017197,1.4646495943909013,0.22582051723845925,0,0.5645512930961482,test,-1,5.5,6.5
4.726119379406866,6.420253152066055,-1.6941337726591887,0.2732781040900037,1,-4.788154727385891,test,-1,5.5,6.5
6.46236800448056,5.55328364788842,0.9090843565921396,-1.3335927016005438,0,-3.3339817540013597,test,-1,5.5,6.5
5.7353550383411855,6.40970066772011,-0.6743456293789248,0.2523562537135016,0,0.630890634283754,test,-1,5.5,6.5
5.74470108212738,6.189073459619526,-0.4443723774921467,-0.187945967346185,0,-0.46986491836546246,test,-1,5.5,6.5
6.4825406388555225,6.074440804046305,0.40809983480921735,-0.414463642249855,1,-4.0165970417931005,test,-1,5.5,6.5
7.014521783193764,6.418326609580169,0.5961951736135954,0.26946065280016424,0,0.6736516320004106,test,-1,5.5,6.5
6.766109885912976,5.905030625482482,0.8610792604304943,-0.7384123140146559,0,-1.8460307850366398,test,-1,5.5,6.5
5.349886769249096,6.172450600105991,-0.8225638308568953,-0.22101707543725713,0,-0.5525426885931428,test,-1,5.5,6.5
7.630210406520029,6.325485596685555,1.3047248098344741,0.08457535176200287,0,0.21143837940500718,test,-1,5.5,6.5
5.751776762945425,6.316008365546677,-0.564231602601253,0.0656343300272317,1,-4.612322064880658,test,-1,5.5,6.5
6.31745159282821,6.060362553856769,0.25708903897144086,-0.44196693554233835,1,-3.974278995404922,test,-1,5.5,6.5
6.913364515481275,6.059689637368907,0.8536748781123684,-0.4432793960707072,1,-3.972236472618162,test,-1,5.5,6.5
6.455421223285745,6.3580126387117515,0.0974085845739936,0.14951504618248038,0,0.37378761545620093,test,-1,5.5,6.5
5.7271912568852965,5.70553461768943,0.02165663919586588,-1.0921146315248575,0,-2.730286578812144,test,-1,5.5,6.5
6.799368887359159,6.215740916604859,0.5836279707543002,-0.13478654194199755,1,-4.395923163421887,test,-1,5.5,6.5
6.393541874412447,6.315871542622065,0.07767033179038185,0.06536083095788281,1,-4.612057897281951,test,-1,5.5,6.5
5.003255647458657,5.619276523384715,-0.6160208759260585,-1.2324001383361438,0,-3.0810003458403594,test,-1,5.5,6.5
7.099342332627655,6.348672161894144,0.7506701707335117,0.13088011542730477,0,0.3272002885682619,test,-1,5.5,6.5
6.382896657766674,5.625222268092255,0.757674389674419,-1.2230127956291899,1,-2.32497788174207,test,-1,5.5,6.5
6.014108709763896,5.5537143526668435,0.46039435709705245,-1.3329506210850601,0,-3.3323765527126503,test,-1,5.5,6.5
6.31419276204991,5.970630657982762,0.3435621040671468,-0.614981033090703,0,-1.5374525827267573,test,-1,5.5,6.5
7.237699518676389,6.438750645666193,0.7989488730101961,0.3098772710688434,1,-4.813970306593117,test,-1,5.5,6.5
7.168774682138493,6.44753831185992,0.7212363702785735,0.3272281771952224,1,-4.82565800708923,test,-1,5.5,6.5
6.940979242235021,6.086773001072513,0.8542062411625082,-0.3903037617453904,1,-4.053012789300977,test,-1,5.5,6.5
6.67643476892288,6.313135592057341,0.36329917686553875,0.05989161482665872,0,0.1497290370666468,test,-1,5.5,6.5
4.6977718619024795,5.75125457159026,-1.0534827096877801,-1.0143965004790412,0,-2.535991251197603,test,-1,5.5,6.5
6.690969205801775,6.141131565590092,0.5498376402116832,-0.2831529334049236,0,-0.707882333512309,test,-1,5.5,6.5
6.190016836606105,5.665780357757221,0.5242364788488844,-1.1578423014418762,0,-2.8946057536046905,test,-1,5.5,6.5
6.413069585108236,5.753322695929963,0.6597468891782723,-1.0108295928976914,0,-2.5270739822442283,test,-1,5.5,6.5
7.462636578880349,6.431355500780643,1.0312810780997064,0.2952572473281125,0,0.7381431183202812,test,-1,5.5,6.5
5.67608422958169,6.3973316030283085,-0.721247373446618,0.22779716286228197,0,0.5694929071557049,test,-1,5.5,6.5
4.565970821690941,6.242906326227419,-1.6769355045364776,-0.08053618084797606,0,-0.20134045211994017,test,-1,5.5,6.5
6.689428051544448,5.97350336340199,0.7159246881424576,-0.6095114508020298,0,-1.5237786270050746,test,-1,5.5,6.5
6.9157544218888365,6.380550301827732,0.535204120061104,0.19442246359215123,0,0.4860561589803781,test,-1,5.5,6.5
5.798008081598096,5.670698803721517,0.1273092778765789,-1.149807489396773,1,-2.523809596844262,test,-1,5.5,6.5
5.3666080865424854,6.00786772602459,-0.6412596394821041,-0.5437051427260476,1,-3.8096085392046053,test,-1,5.5,6.5
7.265572543300836,6.099180647280275,1.1663918960205606,-0.3659361734096548,0,-0.9148404335241369,test,-1,5.5,6.5
5.42079330169074,5.5372439641614575,-0.11645066247071807,-1.3573269596674105,0,-3.3933173991685264,test,-1,5.5,6.5
7.696166117382203,6.3155382653887235,1.3806278519934794,0.06469462891195595,0,0.16173657227988986,test,-1,5.5,6.5
6.090551650068328,5.781590269595422,0.30896138047290606,-0.9616494106323946,0,-2.4041235265809866,test,-1,5.5,6.5
7.204904073078621,6.425301093081767,0.7796029799968541,0.28327577158052947,0,0.7081894289513236,test,-1,5.5,6.5
4.940245160376193,6.4330412413240285,-1.4927960809478351,0.2985913655440123,0,0.7464784138600307,test,-1,5.5,6.5
6.724926551698547,6.287817504507798,0.4371090471907491,0.009264361525049496,1,-4.556076693508549,test,-1,5.5,6.5
5.956977319346822,6.326910311622728,-0.3699329922759063,0.08742214595421154,0,0.21855536488552885,test,-1,5.5,6.5
5.071548188965272,5.803062951789389,-0.7315147628241178,-0.9237754013889606,0,-2.3094385034724016,test,-1,5.5,6.5
5.521515320504818,5.658550235459047,-0.13703491495422904,-1.1696025812232946,1,-2.4711878673721017,test,-1,5.5,6.5
7.647639226532804,5.866449709561328,1.781189516971476,-0.8095551920606714,1,-3.315142211830564,test,-1,5.5,6.5
5.5923102383974665,5.893255492735079,-0.30094525433761304,-0.7602469978613238,1,-3.414272489895047,test,-1,5.5,6.5
5.4146812434951865,6.435833524323688,-1.0211522808285016,0.3041121718492965,1,-4.810008271015681,test,-1,5.5,6.5
7.091794118957257,6.329880298600381,0.7619138203568759,0.09335604827570665,1,-4.638655964304432,test,-1,5.5,6.5
5.855779739016717,6.34048998755166,-0.4847102485349428,0.11454664483516616,0,0.2863666120879154,test,-1,5.5,6.5
6.195413661509909,6.193395138191214,0.002018523318695727,-0.17933913090281997,0,-0.4483478272570499,test,-1,5.5,6.5
7.366626348415778,6.2979176730364745,1.0687086753793038,0.029463665874994528,0,0.07365916468748632,test,-1,5.5,6.5
6.6733010040527105,5.964569391682509,0.7087316123702021,-0.6265048753957181,1,-3.6658669062751748,test,-1,5.5,6.5
6.882829893547269,6.399912208105537,0.4829176854417322,0.23292402163177728,1,-4.757875444437338,test,-1,5.5,6.5
7.213759892610169,6.470350323631963,0.7434095689782068,0.37214834782805856,1,-4.854256813123218,test,-1,5.5,6.5
5.930771529391823,5.911189834980845,0.01958169441097846,-0.7269502881377603,0,-1.8173757203444008,test,-1,5.5,6.5
5.6990489360956875,6.40558982739601,-0.7065408913003225,0.24419817470715469,1,-4.76652567858904,test,-1,5.5,6.5
6.182458575014053,6.2125822058460685,-0.030123630832015778,-0.141088917838736,0,-0.35272229459684,test,-1,5.5,6.5
5.907422826067329,6.1419970204997965,-0.2345741944324678,-0.2814393526531014,0,-0.7035983816327535,test,-1,5.5,6.5
6.067220451225192,6.025811094003951,0.04140935722124058,-0.5090842689658596,1,-3.8670989866632577,test,-1,5.5,6.5
6.429743032831559,6.444214193513803,-0.014471160682244232,0.3206677335359606,0,0.8016693338399016,test,-1,5.5,6.5
6.201808609749456,5.862532549320999,0.33927606042845654,-0.8167127842534463,0,-2.0417819606336156,test,-1,5.5,6.5
6.266429070311922,5.639890535136192,0.62653853517573,-1.1996698356576068,0,-2.999174589144017,test,-1,5.5,6.5
5.24393351155478,5.560284304933495,-0.3163507933787148,-1.3231257687875217,0,-3.3078144219688044,test,-1,5.5,6.5
6.164709314636408,6.308109619107807,-0.1434003044713986,0.049843462845388646,1,-4.5969305183168006,test,-1,5.5,6.5
6.259809805751619,6.037835194184159,0.22197461156746046,-0.48579193520057246,1,-3.904928556035782,test,-1,5.5,6.5
6.506410890635228,5.739302629159727,0.7671082614754999,-1.034924629173582,1,-2.8137547788705475,test,-1,5.5,6.5
5.662621940750968,5.842183084858351,-0.17956114410738247,-0.8536920266178268,1,-3.2233458083213633,test,-1,5.5,6.5
4.978285618517287,6.157655672627313,-1.1793700541100263,-0.2504004360829655,0,-0.6260010902074138,test,-1,5.5,6.5
6.871632002558503,6.248611780590173,0.6230202219683292,-0.069133278425452,0,-0.17283319606363,test,-1,5.5,6.5
4.815159855785885,5.585359588325889,-0.7701997325400033,-1.285106367663592,0,-3.21276591915898,test,-1,5.5,6.5
5.905827378403718,6.1222308511260835,-0.21640347272236546,-0.32052079791926236,1,-4.154263458778404,test,-1,5.5,6.5
5.834689023891033,6.10410919484734,-0.2694201709563068,-0.35624107218676015,1,-4.1031612976204705,test,-1,5.5,6.5
6.6926461133761155,6.295191080931996,0.3974550324441197,0.024010970677156167,1,-4.571139699635501,test,-1,5.5,6.5
4.652165264552227,5.724301251281331,-1.0721359867291043,-1.060480756043935,0,-2.6512018901098378,test,-1,5.5,6.5
6.508768679810052,5.661550953299832,0.8472177265102193,-1.1647290987068644,0,-2.911822746767161,test,-1,5.5,6.5
6.041881258088949,6.250567327284179,-0.20868606919522883,-0.06522439262864582,1,-4.476211458942111,test,-1,5.5,6.5
6.656774905431591,5.8878757273165245,0.7688991781150661,-0.7701878230274681,0,-1.9254695575686704,test,-1,5.5,6.5
5.491238528547325,5.621538981934227,-0.13030045338690233,-1.228833209297087,0,-3.0720830232427176,test,-1,5.5,6.5
7.762489197525048,5.937698616733975,1.824790580791073,-0.6773092992143555,0,-1.6932732480358887,test,-1,5.5,6.5
6.452900198274523,6.298230464380444,0.15466973389407876,0.030089179223573705,0,0.07522294805893426,test,-1,5.5,6.5
5.719826075429628,5.845825837565696,-0.1259997621360678,-0.8470979173482698,0,-2.1177447933706746,test,-1,5.5,6.5
5.340577620090823,5.698867976430226,-0.35829035633940326,-1.1032602081935239,0,-2.7581505204838095,test,-1,5.5,6.5
4.833085406444,6.265620003122625,-1.4325345966786251,-0.03512880160936763,1,-4.5092389166505615,test,-1,5.5,6.5
6.6672101799482455,5.565667352649667,1.101542827298578,-1.3150332535960823,0,-3.2875831339902057,test,-1,5.5,6.5
4.781788327706357,5.59558583691376,-0.8137975092074035,-1.2693679019463378,1,-2.1927885351951235,test,-1,5.5,6.5
5.729502047599822,5.527499154717741,0.20200289288208145,-1.3715764252235263,0,-3.428941063058816,test,-1,5.5,6.5
6.892041668100733,6.301688117241423,0.5903535508593101,0.0370035086562608,0,0.092508771640652,test,-1,5.5,6.5
6.3750820439506235,5.853426183650884,0.5216558602997396,-0.8333036837505743,1,-3.2661157693079557,test,-1,5.5,6.5
5.748577675941925,5.7062879903712815,0.042289685570643075,-1.090852049076382,0,-2.727130122690955,test,-1,5.5,6.5
5.138060304780167,5.502554196479066,-0.36449389169889906,-1.4074558885065345,0,-3.5186397212663363,test,-1,5.5,6.5
6.205513122806397,5.767863283794349,0.4376498390120481,-0.985630156204293,1,-2.930636172887884,test,-1,5.5,6.5
5.651202880098415,5.642371785773382,0.008831094325032594,-1.1956955314844426,0,-2.9892388287111067,test,-1,5.5,6.5
5.460053787006479,6.374587464048086,-0.9145336770416076,0.18254988470628522,1,-4.717427762701414,test,-1,5.5,6.5
5.066818822001446,5.611785752488774,-0.5449669304873276,-1.2441647595771832,1,-2.2652921889469377,test,-1,5.5,6.5
6.709591566049372,6.265228728273246,0.44436283777612684,-0.03591122787832063,1,-4.508393312368425,test,-1,5.5,6.5
6.6341838321107565,6.016901734482797,0.6172820976279592,-0.5262956368758722,0,-1.3157390921896805,test,-1,5.5,6.5
4.085606483721545,5.539329984228927,-1.4537235005073825,-1.3542598564401622,0,-3.3856496411004056,test,-1,5.5,6.5
5.936508493908503,5.699157475233214,0.23735101867528882,-1.1027772265146327,1,-2.645607038300275,test,-1,5.5,6.5
5.7370638703919505,5.842959737284103,-0.10589586689215245,-0.8522870779322034,1,-3.2263134410004506,test,-1,5.5,6.5
6.479335850498421,5.864717962506978,0.614617887991443,-0.8127210481151127,0,-2.031802620287782,test,-1,5.5,6.5
5.896160619949094,5.797071155278434,0.09908946467065925,-0.9343874643219601,0,-2.3359686608049,test,-1,5.5,6.5
6.045154962750162,6.142068890393882,-0.09691392764371999,-0.2812970424238437,1,-4.2086410060906125,test,-1,5.5,6.5
6.219809710678065,5.592049790971979,0.6277599197060866,-1.2748250680186164,0,-3.187062670046541,test,-1,5.5,6.5
6.319860636439206,5.582850772725276,0.7370098637139293,-1.288947034496823,1,-2.1353870652201903,test,-1,5.5,6.5
6.811193257077952,6.039119860480587,0.7720733965973651,-0.4832991479159201,0,-1.2082478697898003,test,-1,5.5,6.5
-5.378722584193761,-4.388986866254034,-0.9897357179397268,1.8963194708106346,1,-0.528021398062611,val,-1,-5.4,-4.1
-4.92591354578686,-5.091196413954615,0.16528286816775514,1.8582126447830851,0,4.645531611957713,val,-1,-5.4,-4.1
-3.903323196868863,-4.328437907540221,0.4251147106713578,1.8543837138477857,1,-0.2261857862286521,val,-1,-5.4,-4.1
-4.734002254066994,-4.1445260425441,-0.5894762115228943,1.686104558042155,1,0.6910768600901195,val,-1,-5.4,-4.1
-4.125150402141787,-4.135618551923638,0.010468149781851468,1.676456334286318,1,0.7351588521589709,val,-1,-5.4,-4.1
-5.242550993325935,-4.810515978357494,-0.4320350149684409,1.9903788161114115,0,4.975947040278529,val,-1,-5.4,-4.1
-4.514358750455208,-4.608244798410339,0.09388604795513063,1.9891637888130318,0,4.97290947203258,val,-1,-5.4,-4.1
-4.269262648269049,-4.391815531013699,0.12255288274464982,1.8981097480414797,1,-0.5420835045112293,val,-1,-5.4,-4.1
-4.760110069663368,-4.56590265181321,-0.19420741785015805,1.9785800994607021,1,-1.3948307194448726,val,-1,-5.4,-4.1
-4.528251726903062,-4.461376301627968,-0.06687542527509356,1.9373227684019025,1,-0.8862475137860516,val,-1,-5.4,-4.1
-5.761238871834958,-5.354452518668132,-0.40678635316682565,1.60172343073074,0,4.00430857682685,val,-1,-5.4,-4.1
-4.9456444027116415,-5.012015687844067,0.06637128513242538,1.9108934761000094,1,-3.329988043355956,val,-1,-5.4,-4.1
-7.250192238914357,-5.323933760553303,-1.9262584783610537,1.6375241718484894,1,-4.3139143395774395,val,-1,-5.4,-4.1
-3.9991611208901623,-4.285820774636641,0.2866596537464788,1.8207820183090861,0,4.551955045772715,val,-1,-5.4,-4.1
-4.293091678938789,-4.91528976376275,0.6221980848239613,1.9589723171061442,0,4.897430792765361,val,-1,-5.4,-4.1
-5.307576395111467,-4.516197662948474,-0.7913787321629931,1.961632271965831,0,4.9040806799145775,val,-1,-5.4,-4.1
-5.183368866182164,-5.066836065875381,-0.11653280030678284,1.8756770664795057,0,4.689192666198764,val,-1,-5.4,-4.1
-4.5954713027209655,-4.948144420301761,0.3526731175807952,1.9446763299237493,0,4.861690824809373,val,-1,-5.4,-4.1
-5.811854847669924,-5.38776339889474,-0.4240914487751838,1.5609458465846024,0,3.9023646164615062,val,-1,-5.4,-4.1
-5.345854033547947,-4.934166082483539,-0.41168795106440764,1.9510161844540586,0,4.877540461135147,val,-1,-5.4,-4.1
-4.2047834535878525,-4.1661775638183265,-0.03860588976952616,1.7089972864171123,0,4.272493216042781,val,-1,-5.4,-4.1
-4.673502634008248,-5.116731288128805,0.44322865412055756,1.8387226829028285,1,-3.7015991166026203,val,-1,-5.4,-4.1
-5.814319714487482,-4.9847912237055265,-0.8295284907819555,1.9262547246394772,0,4.815636811598693,val,-1,-5.4,-4.1
-4.067370322945228,-4.206895898199236,0.13952557525400747,1.7498716224305066,1,0.38107714422747896,val,-1,-5.4,-4.1
-5.039339299934927,-5.3585252336281375,0.3191859336932104,1.5968322751336803,1,-4.398759067921324,val,-1,-5.4,-4.1
-6.137608647525302,-5.315390101844732,-0.8222185456805703,1.6472746800490456,1,-4.292159871981559,val,-1,-5.4,-4.1
-4.492003424322087,-4.58122230115983,0.08921887683774221,1.9828199549213292,1,-1.4682215360458986,val,-1,-5.4,-4.1
-3.3964286856924426,-4.2640425237366,0.8676138380441571,1.8023302107773578,1,0.09570807165583456,val,-1,-5.4,-4.1
-5.391751998778817,-5.38866954800508,-0.0030824507737370866,1.559812175917773,0,3.8995304397944324,val,-1,-5.4,-4.1
-4.525187316348111,-4.429449591907881,-0.09573772444023022,1.920477942225787,0,4.801194855564467,val,-1,-5.4,-4.1
-3.4813640758714905,-4.343306477696589,0.8619424018250987,1.8653174686581766,0,4.663293671645442,val,-1,-5.4,-4.1
-5.649272293573555,-5.301567319976053,-0.3477049735975018,1.6627950767588418,0,4.156987691897104,val,-1,-5.4,-4.1
-4.644048502981309,-4.546608065023955,-0.09744043795735387,1.9725795748358632,0,4.931448937089658,val,-1,-5.4,-4.1
-3.9344801897160235,-4.7379591398914265,0.803478950175403,1.9993462025668292,1,-2.1962957265358636,val,-1,-5.4,-4.1
-3.718523013156402,-4.776151591054702,1.0576285778982997,1.995935706766944,0,4.98983926691736,val,-1,-5.4,-4.1
-4.802202064326752,-4.157753611589613,-0.6444484527371389,1.7001850474728164,0,4.250462618682041,val,-1,-5.4,-4.1
-5.514963366990959,-5.39998435635967,-0.11497901063128961,1.5455488327370033,1,-4.4935061761249955,val,-1,-5.4,-4.1
-4.788630385040777,-5.078927688710509,0.2902973036697318,1.8671468294074405,0,4.667867073518601,val,-1,-5.4,-4.1
-3.709022016278257,-4.474097518714942,0.7650755024366848,1.9434853619706651,1,-0.9487730593287298,val,-1,-5.4,-4.1
-4.70144654494097,-4.978043335277273,0.2765967903363026,1.929841825331462,0,4.824604563328655,val,-1,-5.4,-4.1
-5.3973160997654155,-5.039904736701048,-0.3574113630643678,1.893688850627999,1,-3.4326993331249476,val,-1,-5.4,-4.1
-4.018394716984975,-4.495920911680483,0.4775261946955082,1.9533242656692391,1,-1.0556731113685984,val,-1,-5.4,-4.1
-5.545714436473136,-4.205882727410266,-1.3398317090628702,1.7488894910177066,0,4.372223727544267,val,-1,-5.4,-4.1
-4.99696551437347,-5.082181587142613,0.08521607276914306,1.8648046443034105,0,4.662011610758526,val,-1,-5.4,-4.1
-4.359259741492917,-4.804488437540207,0.4452286960472905,1.9915236840952315,0,4.9788092102380785,val,-1,-5.4,-4.1
-4.404244835508891,-5.0711095123320415,0.6668646768231511,1.8726935622654912,1,-3.544453522792439,val,-1,-5.4,-4.1
-4.6370063965396415,-4.9068667210720145,0.26986032453237274,1.9622974642592472,0,4.905743660648118,val,-1,-5.4,-4.1
-5.472337543725758,-4.614099522778775,-0.858238020946983,1.9903469576355557,0,4.97586739408889,val,-1,-5.4,-4.1
-3.8303837489505947,-4.395907612415274,0.5655238634646795,1.900672767294334,0,4.751681918235835,val,-1,-5.4,-4.1
-5.6327952097506,-5.311707254167262,-0.3210879555833385,1.6514407093396613,0,4.128601773349153,val,-1,-5.4,-4.1
-4.783469697994087,-4.508089397056493,-0.2753803009375942,1.958406652369793,1,-1.1150643424146929,val,-1,-5.4,-4.1
-3.996344609479751,-4.687261873385427,0.6909172639056764,1.9993686617123134,0,4.998421654280784,val,-1,-5.4,-4.1
-6.407068756520749,-5.220618131414266,-1.1864506251064832,1.7472152538938162,0,4.36803813473454,val,-1,-5.4,-4.1
-3.9284315595238466,-5.271620815033606,1.3431892555097595,1.6953257996644249,1,-4.175832674149744,val,-1,-5.4,-4.1
-4.54072216480757,-5.080773163077948,0.5400509982703781,1.8658208654694273,0,4.6645521636735685,val,-1,-5.4,-4.1
-4.6692579151258276,-5.202677338640186,0.5334194235143584,1.7643942261373926,1,-3.9764688991206976,val,-1,-5.4,-4.1
-4.287585121359399,-4.196207176662717,-0.0913779446966825,1.7394200703286107,0,4.348550175821527,val,-1,-5.4,-4.1
-4.093087342938232,-4.515863479713965,0.42277613677573245,1.961501874323457,1,-1.152921747092195,val,-1,-5.4,-4.1
-4.7232703609276525,-5.091043401556412,0.3677730406287597,1.858325794889457,1,-3.614043367507727,val,-1,-5.4,-4.1
-4.516651262580388,-4.660449171676471,0.14379790909608273,1.9973028627019203,0,4.993257156754801,val,-1,-5.4,-4.1
-5.583591217527947,-4.676378333135276,-0.9072128843926709,1.9987033734122805,1,-1.915698653260083,val,-1,-5.4,-4.1
-5.038622996188556,-5.3054416258503485,0.26681862966179226,1.6584768743334655,0,4.146192185833664,val,-1,-5.4,-4.1
-4.156446621603961,-4.308378936459108,0.15193231485514708,1.8389840160024042,0,4.597460040006011,val,-1,-5.4,-4.1
-4.308612418458551,-4.873084659492429,0.5644722410338786,1.9742324202856887,1,-2.78138693918726,val,-1,-5.4,-4.1
-4.961286322307345,-5.211667714239778,0.2503813919324336,1.7558562540005465,1,-4.003558747503725,val,-1,-5.4,-4.1
-4.990068791748009,-5.1518039237334285,0.16173513198541892,1.8100014141570364,1,-3.817187276684722,val,-1,-5.4,-4.1
-4.660935184356452,-4.762167821815291,0.10123263745883869,1.9975225785829172,0,4.993806446457293,val,-1,-5.4,-4.1
-5.367738415047878,-4.4743683134753205,-0.8933701015725574,1.9436131289707472,1,-0.9501023987187314,val,-1,-5.4,-4.1
-5.232740001215667,-4.1195800049886895,-1.113159996226978,1.6587491970588952,0,4.146872992647238,val,-1,-5.4,-4.1
-4.328970581014182,-4.262777547744442,-0.06619303326974037,1.8012320955615553,1,0.10203171452722641,val,-1,-5.4,-4.1
-5.174008668236009,-4.751245810928838,-0.42276285730717184,1.9984903366819133,0,4.996225841704783,val,-1,-5.4,-4.1
-4.987994891592511,-5.2611860078081785,0.2731911162156672,1.7063053668959307,0,4.265763417239826,val,-1,-5.4,-4.1
-4.94522649314273,-4.212823350913464,-0.7324031422292664,1.7555814548367645,0,4.3889536370919116,val,-1,-5.4,-4.1
-5.264637161833365,-4.925609250847829,-0.3390279109855356,1.954709094941771,1,-2.9956895999061546,val,-1,-5.4,-4.1
-4.6817224730680165,-5.105435760030743,0.42371328696272675,1.8474928368487509,0,4.618732092121877,val,-1,-5.4,-4.1
-4.262812240109497,-4.265838578950943,0.003026338841446156,1.8038843966523472,1,0.086729291386745,val,-1,-5.4,-4.1
-5.746689650344095,-5.222734142712991,-0.5239555076311047,1.7451519105316888,0,4.362879776329222,val,-1,-5.4,-4.1
-4.759094943024678,-5.092705791801333,0.3336108487766549,1.8570941542686183,0,4.642735385671546,val,-1,-5.4,-4.1
-4.465551795694652,-4.625980981041907,0.16042918534725434,1.9925383020159042,1,-1.6806071002623477,val,-1,-5.4,-4.1
-5.286061504488306,-4.66690060819767,-0.6191608962906361,1.9979311647674627,1,-1.8718408507555084,val,-1,-5.4,-4.1
-4.534926762091953,-4.153384848421713,-0.38154191367023954,1.6955673642965374,0,4.238918410741343,val,-1,-5.4,-4.1
-4.690921408530533,-4.81078886680932,0.11986745827878635,1.990325272458463,0,4.975813181146157,val,-1,-5.4,-4.1
-5.350264488850165,-5.2323545030478975,-0.11790998580226775,1.7356726205314437,1,-4.064659797033966,val,-1,-5.4,-4.1
-4.570196556688997,-4.411262020202392,-0.15893453648660485,1.9100056860655477,1,-0.6386342297887211,val,-1,-5.4,-4.1
-5.459576926451672,-5.137875702351651,-0.32170122410002094,1.8216758789365983,0,4.554189697341496,val,-1,-5.4,-4.1
-6.787924968166823,-5.171551177822864,-1.6163737903439588,1.7928482477357153,0,4.482120619339288,val,-1,-5.4,-4.1
-4.542942612171064,-4.8317465835539455,0.28880397138288166,1.9857706674762943,0,4.964426668690736,val,-1,-5.4,-4.1
-4.772806438812549,-4.957660956297844,0.18485451748529505,1.940142639229118,0,4.8503565980727945,val,-1,-5.4,-4.1
-4.225087919768172,-4.14257095887126,-0.08251696089691217,1.6839983252899846,1,0.7007571289733616,val,-1,-5.4,-4.1
-6.294285520804868,-5.214066099786157,-1.0802194210187108,1.7535545483881332,1,-4.01073098810325,val,-1,-5.4,-4.1
-4.554065393379305,-4.302073907352046,-0.25199148602725874,1.8339903724942346,0,4.584975931235586,val,-1,-5.4,-4.1
-4.546892258504973,-4.529772018025138,-0.01712024047983438,1.9667436214941705,1,-1.2204767311090285,val,-1,-5.4,-4.1
-5.396991526828238,-5.257903619496591,-0.1390879073316467,1.709720758649856,0,4.27430189662464,val,-1,-5.4,-4.1
-5.35521539021485,-5.285270397961944,-0.06994499225290632,1.6806851541521959,1,-4.212978670793812,val,-1,-5.4,-4.1
-5.485231612696206,-4.143599346339392,-1.3416322663568148,1.6851070211525159,0,4.21276755288129,val,-1,-5.4,-4.1
-4.797416679131975,-5.147413269223092,0.349996590091117,1.8137196129253899,0,4.534299032313474,val,-1,-5.4,-4.1
-4.968003505817457,-5.293529921976152,0.32552641615869476,1.6716736846332552,1,-4.235075407020411,val,-1,-5.4,-4.1
-4.674099519858867,-5.049799896136178,0.37570037627731057,1.887229861864308,1,-3.468504156794259,val,-1,-5.4,-4.1
-3.8005548877540383,-4.554830326582927,0.7542754388288885,1.9752265837338128,1,-1.3415824844963942,val,-1,-5.4,-4.1
-4.579700322773751,-4.6891895810519415,0.10948925827819066,1.9994618120095247,1,-1.974707960210844,val,-1,-5.4,-4.1
-3.7072868750513885,-4.494257702990773,0.7869708279393847,1.9526071114923524,0,4.881517778730881,val,-1,-5.4,-4.1
-4.900888733872727,-4.147972498986192,-0.752916234886535,1.6898017634103015,1,0.6740058994013233,val,-1,-5.4,-4.1
-4.657909871292319,-5.038962011349153,0.3810521400568337,1.8942945431376557,0,4.735736357844139,val,-1,-5.4,-4.1
-5.2576127005544535,-5.0962855995976435,-0.16132710095680997,1.854424506320119,0,4.636061265800297,val,-1,-5.4,-4.1
-3.483803750441636,-4.300626329177112,0.8168225787354755,1.8328335784962466,1,-0.08720068891205904,val,-1,-5.4,-4.1
-5.422104644859931,-5.108523788187785,-0.31358085667214564,1.845118573618513,1,-3.6738870940484554,val,-1,-5.4,-4.1
-4.844765466674208,-4.504421810573704,-0.34034365610050415,1.9569053144076198,1,-1.0971807822586634,val,-1,-5.4,-4.1
-5.611330998440628,-5.200456971928116,-0.41087402651251165,1.766480929035981,1,-3.9697289022223217,val,-1,-5.4,-4.1
-4.871095076642025,-5.135322422997746,0.26422734635572054,1.8237777430749103,0,4.559444357687275,val,-1,-5.4,-4.1
-5.81520952246435,-5.3121214383153506,-0.5030880841489996,1.6509733019707915,1,-4.283754021996558,val,-1,-5.4,-4.1
-3.9457425919801628,-4.425668595934533,0.47992600395437013,1.9183530676458633,0,4.7958826691146585,val,-1,-5.4,-4.1
-4.758480776135162,-5.16589678595658,0.407416009821418,1.7978315821951085,1,-3.862318326538616,val,-1,-5.4,-4.1
-5.239205413360872,-5.238461076675099,-0.000744336685772468,1.7295721916507412,1,-4.08236498139789,val,-1,-5.4,-4.1
-5.058944338084577,-5.107750543918565,0.04880620583398825,1.8457147428534104,0,4.614286857133526,val,-1,-5.4,-4.1
-5.448990907485925,-5.036702580256788,-0.4122883272291361,1.8957393534971028,1,-3.4210404396632708,val,-1,-5.4,-4.1
-4.254027217208837,-5.3560317496430745,1.1020045324342371,1.5998299913882983,1,-4.3928179739133775,val,-1,-5.4,-4.1
-4.615014294967807,-5.069281059446212,0.4542667644784042,1.8739742847805096,1,-3.537999394583276,val,-1,-5.4,-4.1
-5.255632280301103,-4.5304888816523405,-0.7251433986487624,1.9670034862107957,0,4.917508715526989,val,-1,-5.4,-4.1
-3.848943113264033,-4.412105195193036,0.5631620819290031,1.9105051727993918,1,-0.6428153466141412,val,-1,-5.4,-4.1
-5.7941944511634755,-5.106181261453398,-0.6880131897100775,1.846921262500564,1,-3.66593224462624,val,-1,-5.4,-4.1
-4.466103430185859,-4.604595533876797,0.138492103690938,1.9883918194570749,0,4.9709795486426875,val,-1,-5.4,-4.1
-3.886012343758323,-4.214067090385795,0.3280547466274719,1.7567717092892001,1,0.34531598270213987,val,-1,-5.4,-4.1
-4.940476162906761,-4.695906183235982,-0.2445699796707792,1.999728323549052,1,-2.0055161075420025,val,-1,-5.4,-4.1
-5.314856120204109,-4.913871383550945,-0.4009847366531634,1.9595419860935195,0,4.898854965233799,val,-1,-5.4,-4.1
-5.22597543107333,-5.382839186765631,0.156863755692301,1.5670840292034018,0,3.9177100730085046,val,-1,-5.4,-4.1
-4.040526207559253,-4.321886997122282,0.2813607895630284,1.8494361902235146,0,4.623590475558786,val,-1,-5.4,-4.1
-4.271491851032963,-4.338470013972349,0.06697816293938534,1.8618060620603623,0,4.654515155150905,val,-1,-5.4,-4.1
-5.1265695423163775,-5.296363846916915,0.16979430460053727,1.6685554515643917,0,4.171388628910979,val,-1,-5.4,-4.1
-6.058602888145426,-5.176822113019686,-0.8817807751257402,1.7881512364705687,0,4.470378091176422,val,-1,-5.4,-4.1
-4.398227843960471,-4.3104062581127,-0.08782158584777124,1.8405741513143243,0,4.601435378285811,val,-1,-5.4,-4.1
-5.316746516973502,-4.6665916374796454,-0.6501548794938565,1.99790296994659,0,4.994757424866475,val,-1,-5.4,-4.1
-4.945372757971573,-4.945283122318659,-8.963565291415475e-05,1.946005037751139,1,-3.0738637965517412,val,-1,-5.4,-4.1
-5.903131598558949,-5.211496148287893,-0.6916354502710559,1.7560205171206364,0,4.390051292801591,val,-1,-5.4,-4.1
-5.819992972430358,-5.271925201307866,-0.5480677711224918,1.6950027458611832,1,-4.17666953859781,val,-1,-5.4,-4.1
-5.303364835019575,-4.671764156189095,-0.6316006788304792,1.9983498506250963,1,-1.894367981057776,val,-1,-5.4,-4.1
-4.812080677664025,-4.476914342918017,-0.3351663347460075,1.9448074315753014,1,-0.9625975113541956,val,-1,-5.4,-4.1
-4.427467484573535,-4.16386765758601,-0.263599826987525,1.7065929509005735,0,4.2664823772514335,val,-1,-5.4,-4.1
-4.598706643189348,-4.4275332682359565,-0.17117337495339122,1.91940442054437,1,-0.719236013274205,val,-1,-5.4,-4.1
-4.668913707860108,-4.9160801838486465,0.24716647598853816,1.9586531477936746,1,-2.957407130252597,val,-1,-5.4,-4.1
-5.080840191143218,-4.413979502722335,-0.6668606884208825,1.9116106240619217,0,4.779026560154804,val,-1,-5.4,-4.1
-4.458902323808822,-5.30760443379887,0.8487021099900481,1.6560554321885823,0,4.140138580471456,val,-1,-5.4,-4.1
-4.919359898695992,-4.591601020363728,-0.3277588783322642,1.9854279984445438,0,4.963569996111359,val,-1,-5.4,-4.1
-5.036593379172775,-4.463071760189911,-0.5735216189828637,1.9381622365536806,0,4.845405591384202,val,-1,-5.4,-4.1
-5.2854356252176355,-5.345648795142402,0.060213169924766344,1.6122054314645815,1,-4.367785822767684,val,-1,-5.4,-4.1
-5.256799075775815,-4.886185636257278,-0.37061343951853704,1.9698706757981768,0,4.924676689495442,val,-1,-5.4,-4.1
-5.5975506801463535,-5.190259529508251,-0.40729115063810295,1.7759524940812972,1,-3.938523397497211,val,-1,-5.4,-4.1
-5.049878752899691,-5.041091989529044,-0.008786763370646482,1.892923657092157,1,-3.437013123923145,val,-1,-5.4,-4.1
-5.982200183108888,-5.105545679692912,-0.876654503415976,1.84740862620658,1,-3.6637704384027225,val,-1,-5.4,-4.1
-4.52560898916054,-5.003910890603393,0.47830190144285295,1.9156151446401959,0,4.78903786160049,val,-1,-5.4,-4.1
-6.165798903886082,-5.2228966045414635,-0.9429022993446182,1.7449931692953842,0,4.362482923238461,val,-1,-5.4,-4.1
-5.031603862082987,-4.497474925121882,-0.5341289369611053,1.9539894533745574,1,-1.063266740129019,val,-1,-5.4,-4.1
-4.817187878623168,-5.331273937421418,0.5140860587982505,1.6290516594789846,0,4.0726291486974615,val,-1,-5.4,-4.1
-4.097305110326167,-4.644130208942613,0.5468250986164458,1.9953425488988308,0,4.988356372247077,val,-1,-5.4,-4.1
-5.081579842359696,-5.166353432778078,0.08477359041838198,1.7974312612308934,0,4.493578153077234,val,-1,-5.4,-4.1
-5.710831757346863,-4.741301244273146,-0.969530513073718,1.9991641392252701,1,-2.211295503759831,val,-1,-5.4,-4.1
-5.386684763327176,-5.034025512071045,-0.35265925125613173,1.8974386980607691,1,-3.411266439590924,val,-1,-5.4,-4.1
-5.402087459762947,-4.918900059055919,-0.4831874007070272,1.9575045217391045,1,-2.968763946470452,val,-1,-5.4,-4.1
-5.250622668313783,-4.744112413132668,-0.506510255181115,1.998993708211272,1,-2.2238932582945434,val,-1,-5.4,-4.1
-5.556610440481,-5.240969425321469,-0.315641015159531,1.7270476667019528,1,-4.08959352819945,val,-1,-5.4,-4.1
-5.128526375759801,-5.230136541248741,0.10161016548893961,1.7378723391360973,0,4.344680847840243,val,-1,-5.4,-4.1
-3.912587328897248,-4.302261466565964,0.3896741376687162,1.8341399743261266,0,4.585349935815317,val,-1,-5.4,-4.1
-4.869723231281757,-4.89014188922751,0.020418657945753135,1.9684870086051416,1,-2.851851396998966,val,-1,-5.4,-4.1
-5.812534130048128,-5.1795687777434525,-0.6329653523046754,1.785683944078939,1,-3.905368605537658,val,-1,-5.4,-4.1
-4.455777792554744,-4.358467211053349,-0.09731058150139522,1.876041452587077,0,4.690103631467693,val,-1,-5.4,-4.1
-4.1843223365504745,-4.216832780919986,0.032510444369511074,1.7594087227741286,0,4.398521806935322,val,-1,-5.4,-4.1
-3.9131483980599158,-4.3215492797875035,0.4084008817275877,1.8491789787605633,0,4.622947446901408,val,-1,-5.4,-4.1
-4.949291601130585,-4.471733796156376,-0.4775578049742088,1.9423640547399015,0,4.8559101368497535,val,-1,-5.4,-4.1
-5.662600828864516,-5.270822049815115,-0.3917787790494017,1.6961728048881242,0,4.24043201222031,val,-1,-5.4,-4.1
-4.707271257551887,-4.212708382765059,-0.49456287478682764,1.7554712935629055,1,0.35209297895881464,val,-1,-5.4,-4.1
-5.423907781572593,-4.648626849984503,-0.7752809315880898,1.9959357679717367,1,-1.786808576468641,val,-1,-5.4,-4.1
-4.109063540427492,-4.229641912724274,0.1205783722967819,1.7714460778735743,0,4.428615194683935,val,-1,-5.4,-4.1
-5.103981941510627,-4.667358776570224,-0.43662316494040254,1.9979726233583843,0,4.994931558395961,val,-1,-5.4,-4.1
-4.945566080318773,-5.387200926960405,0.44163484664163183,1.5616489028149911,0,3.9041222570374776,val,-1,-5.4,-4.1
-3.70787901113292,-4.1074888283644295,0.3996098172315095,1.6451177665530727,0,4.112794416382682,val,-1,-5.4,-4.1
-5.315838316738691,-5.2278828127033075,-0.08795550403538344,1.7400987731243098,0,4.350246932810775,val,-1,-5.4,-4.1
-4.452480296780323,-4.499572864936288,0.04709256815596444,1.9548799804363728,1,-1.073514168295246,val,-1,-5.4,-4.1
-5.28883015232713,-4.965425271905191,-0.32340488042194,1.9363135321815752,0,4.840783830453938,val,-1,-5.4,-4.1
-5.133211196336089,-5.165735115107984,0.03252391877189566,1.7979732216306954,0,4.494933054076738,val,-1,-5.4,-4.1
-5.238652279246882,-5.217223035276719,-0.02142924397016236,1.7505094957071479,1,-4.020136454484472,val,-1,-5.4,-4.1
-3.927620195911772,-4.529978366168718,0.6023581702569464,1.966818526769801,0,4.917046316924503,val,-1,-5.4,-4.1
-5.361173251416237,-5.004989445319651,-0.35618380609658623,1.9149940551908098,1,-3.3036997975273907,val,-1,-5.4,-4.1
-4.0376130797822976,-4.602249105932338,0.5646360261500402,1.9878814661074602,1,-1.5683887375454506,val,-1,-5.4,-4.1
-3.86468665957371,-4.183720799133508,0.319034139559798,1.7269591677991816,1,0.49650292816985264,val,-1,-5.4,-4.1
-4.992474676619104,-5.136223639245219,0.14374896262611478,1.8230372172211553,0,4.557593043052888,val,-1,-5.4,-4.1
-6.0062241667273115,-5.244506809997488,-0.7617173567298235,1.7234690058068862,1,-4.099743805262781,val,-1,-5.4,-4.1
-5.550384301539121,-4.890152138213202,-0.660232163325919,1.9684833840845466,0,4.921208460211367,val,-1,-5.4,-4.1
-4.571568421110906,-4.497099005364945,-0.07446941574596062,1.953828975416431,0,4.884572438541078,val,-1,-5.4,-4.1
-4.157344468594956,-4.171542856925774,0.014198388330818584,1.7145467037292699,1,0.557053377386288,val,-1,-5.4,-4.1
-5.99170731396111,-5.18760275727396,-0.8041045566871503,1.7783898658254889,0,4.445974664563722,val,-1,-5.4,-4.1
-3.8359337058923693,-4.803672702556272,0.9677389966639034,1.9916730666419329,1,-2.4865152493248535,val,-1,-5.4,-4.1
-4.994893266969755,-5.037477383301666,0.04258411633191116,1.8952449897675712,0,4.738112474418928,val,-1,-5.4,-4.1
-5.260869269456418,-5.134019903805489,-0.12684936565092883,1.8248454003333479,1,-3.7591548156515646,val,-1,-5.4,-4.1
-4.730768070662163,-4.999163160999308,0.26839509033714554,1.9183226368963353,1,-3.281777369697985,val,-1,-5.4,-4.1
-4.870029758308212,-4.365707558465153,-0.5043221998430595,1.8810109425476789,1,-0.4121431074500068,val,-1,-5.4,-4.1
-6.568753144308257,-5.2793001585213775,-1.289452985786879,1.6871275671444212,0,4.217818917861053,val,-1,-5.4,-4.1
-4.38996428408196,-4.270275068415313,-0.1196892156666465,1.8076984877209188,0,4.519246219302297,val,-1,-5.4,-4.1
-4.787499515145173,-4.316170004587267,-0.4713295105579059,1.845053613738685,1,-0.16489358280721655,val,-1,-5.4,-4.1
-4.543260277360142,-4.513668380828255,-0.029591896531886545,1.9606399065667373,1,-1.1422392474724106,val,-1,-5.4,-4.1
-4.945999128867046,-5.01544146525815,0.06944233639110352,1.908859937634263,1,-3.342745837797775,val,-1,-5.4,-4.1
-6.163631942914786,-5.1840442643455225,-0.9795876785692637,1.7816348234014574,0,4.454087058503643,val,-1,-5.4,-4.1
-4.708063699138379,-4.205376322213739,-0.5026873769246408,1.7483979270219754,0,4.370994817554939,val,-1,-5.4,-4.1
-4.808581680476769,-5.307147326165782,0.4985656456890124,1.656567847925872,1,-4.270874571727875,val,-1,-5.4,-4.1
-3.9521348763822957,-4.783191507583638,0.8310566312013422,1.9949890959712966,1,-2.3971548998072962,val,-1,-5.4,-4.1
-4.998100417694065,-4.931701754300161,-0.06639866339390399,1.9520943839198692,1,-3.020023538857945,val,-1,-5.4,-4.1
-5.135037092183962,-5.192349592742491,0.05731250055852858,1.7740262209683697,0,4.435065552420924,val,-1,-5.4,-4.1
-3.949669636810909,-4.141709512914745,0.19203987610383577,1.6830682368497594,1,0.7050215862084795,val,-1,-5.4,-4.1
-4.95256449051322,-5.115363077914974,0.16279858740175476,1.8397975081459295,1,-3.696996723705295,val,-1,-5.4,-4.1
-2.9078661918018094,-4.474685471702426,1.566819279900616,1.9437625900697495,0,4.8594064751743735,val,-1,-5.4,-4.1
-3.2471043003063205,-4.257201858194364,1.0100975578880431,1.7963575586042788,1,0.12990262670633526,val,-1,-5.4,-4.1
-4.899115106360135,-4.5304250689741785,-0.3686900373859568,1.9669803949513633,1,-1.2236429554609962,val,-1,-5.4,-4.1
-5.387100494044007,-5.213423287120911,-0.17367720692309646,1.754172439000045,0,4.3854310975001125,val,-1,-5.4,-4.1
-3.6671396422704463,-4.3692456247907865,0.70210598252034,1.8834034824224397,1,-0.42977062199922234,val,-1,-5.4,-4.1
-4.760271779209295,-5.11983349370272,0.35956171449342544,1.8362729358082954,0,4.590682339520739,val,-1,-5.4,-4.1
-3.5754676770660465,-4.1572649601057,0.5817972830396536,1.6996701641574485,1,0.6279392333695187,val,-1,-5.4,-4.1
-4.876955656104248,-5.292284586843174,0.4153289307389255,1.6730397110335813,0,4.182599277583953,val,-1,-5.4,-4.1
-5.054293066063474,-4.566660889954845,-0.4876321761086292,1.9788008801002979,1,-1.3984710021257583,val,-1,-5.4,-4.1
-5.329462730564866,-4.602519880972177,-0.7269428495926886,1.9879409189700556,0,4.969852297425139,val,-1,-5.4,-4.1
-5.634787865340635,-4.775906639148824,-0.8588812261918113,1.9959668632705165,0,4.989917158176292,val,-1,-5.4,-4.1
-5.581478290944322,-5.185248974355295,-0.39622931658902655,1.7805387831948312,0,4.451346957987078,val,-1,-5.4,-4.1
-4.805702769695943,-5.072419298227552,0.2667165285316092,1.8717722861059256,1,-3.5490695612540684,val,-1,-5.4,-4.1
-4.750925861352026,-4.450457467672159,-0.3004683936798669,1.9317832428283441,0,4.82945810707086,val,-1,-5.4,-4.1
-2.927203385585706,-4.15368911417658,1.2264857285908741,1.6958900157334358,0,4.23972503933359,val,-1,-5.4,-4.1
-5.132760465076013,-4.196457279524389,-0.936303185551624,1.739666898971868,1,0.43309672051411313,val,-1,-5.4,-4.1
-4.581038168879513,-4.44138013151311,-0.13965803736640303,1.9270026285023873,0,4.817506571255969,val,-1,-5.4,-4.1
-4.455293036802915,-5.09621358223228,0.640920545429365,1.8544784477457366,1,-3.631859205325867,val,-1,-5.4,-4.1
-3.26575766135255,-4.406146389644333,1.1403887282917835,1.906946149519899,1,-0.6132573320844427,val,-1,-5.4,-4.1
-5.5664367626888165,-5.013494114567213,-0.5529426481216033,1.9100186326472195,0,4.7750465816180485,val,-1,-5.4,-4.1
-4.84296097404075,-5.034234675075726,0.19127370103497526,1.8973064155084363,0,4.7432660387710905,val,-1,-5.4,-4.1
-3.9696268758691096,-4.402378043345725,0.43275116747661513,1.904660466781123,0,4.761651166952808,val,-1,-5.4,-4.1
-5.678326718947558,-4.5084761212871785,-1.1698505976603795,1.9585634241957748,1,-1.1169491828585647,val,-1,-5.4,-4.1
-4.5565770247055415,-5.044977851846821,0.488400827141279,1.890400536819623,0,4.726001342049058,val,-1,-5.4,-4.1
-5.0766035871827855,-5.187406997518231,0.11080341033544541,1.7785689631019053,1,-3.929720830759493,val,-1,-5.4,-4.1
-5.504023441809849,-5.266208723976504,-0.23781471783334526,1.7010435527489247,0,4.252608881872312,val,-1,-5.4,-4.1
-4.173484358073951,-4.763803971197854,0.5903196131239029,1.9973570810099557,0,4.993392702524889,val,-1,-5.4,-4.1
-4.260289410120906,-4.316989935143649,0.05670052502274322,1.845685870006172,0,4.61421467501543,val,-1,-5.4,-4.1
-5.419455422395385,-4.979766320569886,-0.43968910182549836,1.9289342536241247,0,4.822335634060312,val,-1,-5.4,-4.1
-3.8096030956926765,-4.625277914452619,0.8156748187599424,1.9924164595511271,0,4.981041148877818,val,-1,-5.4,-4.1
-5.533186163653752,-5.163866205803843,-0.36931995784990845,1.7996071559350963,1,-3.855862677684353,val,-1,-5.4,-4.1
-4.205304986584121,-4.981738764611384,0.7764337780272625,1.9278882512185058,0,4.819720628046264,val,-1,-5.4,-4.1
-5.914909812890302,-4.496092164495563,-1.4188176483947392,1.9533978008872732,0,4.883494502218183,val,-1,-5.4,-4.1
-4.195107109461095,-4.747968397314429,0.552861287853333,1.9987342386261318,1,-2.241144560913811,val,-1,-5.4,-4.1
-4.443894608906326,-4.268166483079165,-0.17572812582716063,1.805890149410866,0,4.514725373527165,val,-1,-5.4,-4.1
-4.1428855941659695,-4.323391224008343,0.18050562984237364,1.8505792733527964,1,-0.2009754272731433,val,-1,-5.4,-4.1
-4.894446547670883,-5.012920137619925,0.11847358994904104,1.9103587733469465,1,-3.3333600699621915,val,-1,-5.4,-4.1
-4.738865422412329,-5.362177674602231,0.6233122521899018,1.5924233203249556,0,3.981058300812389,val,-1,-5.4,-4.1
-5.054518385242386,-4.563865624366849,-0.49065276087553794,1.9779813335570957,1,-1.3850470354661484,val,-1,-5.4,-4.1
-4.368948933873115,-4.270054399842914,-0.09889453403020072,1.8075096171369893,1,0.06565264999912962,val,-1,-5.4,-4.1
-4.472985387300514,-4.294301306886958,-0.17868408041355513,1.8277340827574762,0,4.56933520689369,val,-1,-5.4,-4.1
-5.076963194809684,-5.380777244097596,0.30381404928791167,1.5696430260649314,1,-4.450562445459622,val,-1,-5.4,-4.1
-5.193197322814136,-5.203074811766397,0.009877488952261612,1.764019762246346,1,-3.977673374155657,val,-1,-5.4,-4.1
-4.979578369552228,-5.162942473579713,0.18336410402748507,1.8004124279473281,1,-3.852920672349777,val,-1,-5.4,-4.1
-4.794768691361587,-5.033501761096784,0.23873306973519695,1.89776957368674,1,-3.4093513584874593,val,-1,-5.4,-4.1
-5.977135691571102,-4.987334222561274,-0.9898014690098281,1.9248801310091528,1,-3.236926995184997,val,-1,-5.4,-4.1
-5.413580855783969,-5.293844682717799,-0.11973617306617033,1.6713280084251072,0,4.178320021062768,val,-1,-5.4,-4.1
-4.842412849343368,-4.9239809072832434,0.08156805793987583,1.9553956453289731,0,4.888489113322433,val,-1,-5.4,-4.1
-4.076237691724027,-4.224834164920934,0.14859647319690653,1.7669619738135272,1,0.2915901751226769,val,-1,-5.4,-4.1
-3.7384495227190566,-5.240461950887579,1.5020124281685228,1.7275592911606095,1,-4.088133165671689,val,-1,-5.4,-4.1
-3.880066346868497,-4.3829101868847475,0.5028438400162507,1.8924222167085987,1,-0.49779833516354943,val,-1,-5.4,-4.1
-4.5242971971805,-5.326091287721759,0.8017940905412587,1.6350429476123414,1,-4.319358250053239,val,-1,-5.4,-4.1
-5.55443486523365,-5.317773205026678,-0.23666166020697177,1.644567009040448,0,4.11141752260112,val,-1,-5.4,-4.1
-4.325330662244745,-4.84236398636958,0.5170333241248353,1.9831302669655846,0,4.957825667413961,val,-1,-5.4,-4.1
-3.03360688140134,-4.143472712921028,1.1098658315196877,1.684970594920744,0,4.21242648730186,val,-1,-5.4,-4.1
-5.354045569706599,-5.118223794023412,-0.23582177568318757,1.8375462894027048,0,4.593865723506762,val,-1,-5.4,-4.1
-4.510024928866808,-4.1675051628845186,-0.342519765982289,1.7103750322373856,1,0.5771115679808974,val,-1,-5.4,-4.1
-6.215960320988993,-5.3440003834770256,-0.8719599375119668,1.614154219936566,1,-4.363768302864392,val,-1,-5.4,-4.1
-4.995123627961022,-4.245377713004136,-0.7497459149568858,1.7858357204404425,1,0.18899293850326346,val,-1,-5.4,-4.1
-3.631050641936345,-4.665082453144178,1.034031811207833,1.9977625098018164,0,4.9944062745045406,val,-1,-5.4,-4.1
-5.187000003967455,-4.331085647128521,-0.8559143568389335,1.8563608279588242,0,4.64090206989706,val,-1,-5.4,-4.1
-4.804245044911531,-4.773640647885781,-0.030604397025750407,1.9962494060611464,0,4.990623515152866,val,-1,-5.4,-4.1
-4.579083752827752,-5.073164295576131,0.4940805427483793,1.8712468377010492,0,4.678117094252623,val,-1,-5.4,-4.1
-4.166650116160094,-4.302664579154932,0.13601446299483852,1.8344612884520077,1,-0.09739020061472357,val,-1,-5.4,-4.1
-4.769627917751976,-4.956757124950958,0.1871292071989819,1.940580783669619,1,-3.118908440052742,val,-1,-5.4,-4.1
-4.469731057528688,-4.4505357028461825,-0.019195354682505824,1.9318237543912382,0,4.829559385978095,val,-1,-5.4,-4.1
-3.5267066950864554,-4.158339135885727,0.6316324407992719,1.7008014692536242,0,4.252003673134061,val,-1,-5.4,-4.1
-5.028550401240199,-4.210581555702639,-0.8179688455375603,1.7534292067490966,0,4.383573016872742,val,-1,-5.4,-4.1
-4.930537960188557,-4.737514519010797,-0.19302344117776046,1.9993687405189209,1,-2.1942983605566773,val,-1,-5.4,-4.1
-5.093093409684456,-5.087468356777918,-0.005625052906538215,1.8609570911773277,0,4.652392727943319,val,-1,-5.4,-4.1
-5.471662307557618,-4.371294709773089,-1.1003675977845286,1.8847783520729111,1,-0.4399772201833603,val,-1,-5.4,-4.1
-5.7518422177971695,-5.340807560649014,-0.41103465714815546,1.6179163653561979,0,4.044790913390495,val,-1,-5.4,-4.1
-4.320637351885953,-4.230040610233543,-0.09059674165240993,1.7718160990525946,1,0.2655984193153315,val,-1,-5.4,-4.1
-3.7356547234718134,-4.664574845877982,0.9289201224061687,1.9977142440641324,1,-1.8610526317841216,val,-1,-5.4,-4.1
-5.734382425778763,-5.3789932530269855,-0.3553891727517773,1.5718516836555017,1,-4.446490177012844,val,-1,-5.4,-4.1
-3.996175924140062,-4.724117783791475,0.7279418596514132,1.9998624367476445,1,-2.1339146976469907,val,-1,-5.4,-4.1
-5.161882697676312,-4.758119525002437,-0.4037631726738752,1.9979090817188407,0,4.994772704297102,val,-1,-5.4,-4.1
-4.099842168360684,-5.123227438386129,1.023385270025445,1.8335725666037948,1,-3.723356201620705,val,-1,-5.4,-4.1
-4.821335674266228,-4.596447785643559,-0.22488788862266942,1.9865726907047034,0,4.966431726761758,val,-1,-5.4,-4.1
-4.748467515656056,-5.397954893818703,0.649487378162647,1.5481217698950898,0,3.8703044247377245,val,-1,-5.4,-4.1
-3.3161273941238796,-5.095877452440004,1.7797500583161248,1.8547300837027219,0,4.636825209256805,val,-1,-5.4,-4.1
-4.1016069371907715,-4.714950140964726,0.6133432037739547,1.999993440460069,0,4.999983601150173,val,-1,-5.4,-4.1
-4.246101727494997,-5.141114204950869,0.8950124774558712,1.8189928552611594,0,4.5474821381528985,val,-1,-5.4,-4.1
-5.699476238618796,-5.083186713609126,-0.6162895250096697,1.8640771526713096,0,4.660192881678274,val,-1,-5.4,-4.1
-4.468170630120845,-4.83267579100369,0.36450516088284496,1.9855485205753585,0,4.963871301438396,val,-1,-5.4,-4.1
-4.866954686212493,-5.327665128764479,0.460710442551986,1.6332281791979766,0,4.083070447994942,val,-1,-5.4,-4.1
-5.222423094934911,-5.129342105300174,-0.09308098963473604,1.8286541905028653,1,-3.743692073216347,val,-1,-5.4,-4.1
-5.119998564912825,-5.304266534237509,0.18426796932468412,1.6597892346252858,1,-4.263367005937853,val,-1,-5.4,-4.1
-5.003837725960165,-4.362046521583408,-0.6417912043767572,1.878510458787361,1,-0.39389749485575787,val,-1,-5.4,-4.1
-5.012863553739005,-4.746760594852023,-0.2661029588869823,1.9988187084247107,0,4.997046771061776,val,-1,-5.4,-4.1
-5.787913650464198,-5.059993917630808,-0.72791973283339,1.880382559113305,0,4.700956397783262,val,-1,-5.4,-4.1
-5.265409230482531,-4.364187617273687,-0.9012216132088443,1.8799758833621425,1,-0.40456879035880566,val,-1,-5.4,-4.1
-4.748590571548745,-5.198397574339606,0.4498070027908609,1.7684085685644333,0,4.4210214214110835,val,-1,-5.4,-4.1
-4.75285312763694,-4.274228964219059,-0.47862416341788133,1.8110677059432254,0,4.527669264858064,val,-1,-5.4,-4.1
-4.5992338450655526,-4.800669804132715,0.20143595906716286,1.9922115564021547,1,-2.473477831440853,val,-1,-5.4,-4.1
-3.5475212417034276,-4.669731186337856,1.1222099446344282,1.9981805885288384,1,-1.884957029065739,val,-1,-5.4,-4.1
-4.3275233919401845,-4.994079854428074,0.6665564624878899,1.9211735641713403,1,-3.2625595032854715,val,-1,-5.4,-4.1
-5.452844093277677,-5.083996301518445,-0.3688477917592322,1.8634898188107483,1,-3.589604400639672,val,-1,-5.4,-4.1
-5.185630387266072,-5.040310114519665,-0.1453202727464074,1.8934278815735004,0,4.733569703933751,val,-1,-5.4,-4.1
-5.315945346015198,-4.932099514772206,-0.38384583124299176,1.9519211568316817,0,4.879802892079204,val,-1,-5.4,-4.1
-4.649948001798201,-4.659035960341129,0.009087958542928133,1.9971541304229152,0,4.992885326057288,val,-1,-5.4,-4.1
-4.323222580275061,-5.360029214097652,1.0368066338225912,1.595019358414453,0,3.987548396036132,val,-1,-5.4,-4.1
-3.9132388255551613,-4.898519001086336,0.9852801755311744,1.9654555194100216,1,-2.8861552124006513,val,-1,-5.4,-4.1
-5.257809739793243,-4.956430699769535,-0.3013790400237077,1.9407386330436551,1,-3.117632606550538,val,-1,-5.4,-4.1
-5.394389068077128,-4.581208386057336,-0.8131806820197929,1.982816314792117,0,4.957040786980293,val,-1,-5.4,-4.1
-3.6289858121807175,-4.2708215940895675,0.6418357819088499,1.8081658809236683,1,0.06181699051670791,val,-1,-5.4,-4.1
-5.763844623898806,-4.395568728203355,-1.3682758956954508,1.9004617199459275,0,4.751154299864819,val,-1,-5.4,-4.1
-3.7563110926305225,-4.1112177246699515,0.3549066320394289,1.64934741644604,1,0.8556061984016644,val,-1,-5.4,-4.1
-6.221904867291945,-4.859287801277163,-1.362617066014782,1.9784595139028203,1,-2.7237983227132094,val,-1,-5.4,-4.1
-4.864031920094386,-5.120960530748859,0.2569286106544729,1.835378560589025,1,-3.715781613896363,val,-1,-5.4,-4.1
-4.064140971031247,-4.2015474356883855,0.13740646465713893,1.7446667513671212,0,4.361666878417803,val,-1,-5.4,-4.1
-4.593496006325176,-4.341166145170562,-0.252329861154614,1.8637689051310102,1,-0.2897417850216718,val,-1,-5.4,-4.1
-4.8795994733390975,-4.211932615703921,-0.6676668576351766,1.754727355257184,1,0.3559620788342935,val,-1,-5.4,-4.1
-4.793631356014238,-5.126089576370424,0.33245822035618594,1.8312789087938506,0,4.578197271984626,val,-1,-5.4,-4.1
-4.5160073283491045,-4.790037947949168,0.2740306196000636,1.993973666661393,1,-2.4271399651386827,val,-1,-5.4,-4.1
-4.885613399370303,-4.979428062523622,0.09381466315331917,1.9291128807671998,1,-3.2066972380460443,val,-1,-5.4,-4.1
-3.3939375126038343,-4.8133416461716765,1.4194041335678422,1.989817211785996,0,4.97454302946499,val,-1,-5.4,-4.1
-4.591603526010985,-4.454347433969271,-0.13725609204171452,1.9337832096554184,1,-0.8516380451333707,val,-1,-5.4,-4.1
-4.768649480773722,-4.457652826645376,-0.31099665412834676,1.9354596320275594,0,4.838649080068898,val,-1,-5.4,-4.1
-3.7036406555602284,-4.571549291990729,0.8679086364305,1.9801969488070792,0,4.950492372017698,val,-1,-5.4,-4.1
-3.0979198992575974,-4.959038022244989,1.861118122987391,1.9394720411100024,1,-3.1278140501866556,val,-1,-5.4,-4.1
-5.4699067204550165,-5.108588066614103,-0.3613186538409135,1.84506896545556,1,-3.674105089407793,val,-1,-5.4,-4.1
-4.888175208905135,-4.7919760080193745,-0.09619920088576087,1.9936692477230311,0,4.984173119307577,val,-1,-5.4,-4.1
-4.687786534837215,-4.426661706876845,-0.2611248279603702,1.9189138410284314,1,-0.7149232554338567,val,-1,-5.4,-4.1
-4.966229125086854,-5.1615484852705436,0.1953193601836897,1.8016247413271085,0,4.504061853317771,val,-1,-5.4,-4.1
-4.863205624073822,-5.368593355750288,0.5053877316764662,1.584627393453504,0,3.96156848363376,val,-1,-5.4,-4.1
-5.677971523328755,-5.263461660768195,-0.4145098625605593,1.7039267107082376,1,-4.153256369783309,val,-1,-5.4,-4.1
-5.355882808478749,-5.232358256235343,-0.12352455224340612,1.7356688909752223,0,4.3391722274380555,val,-1,-5.4,-4.1
-5.346751913509865,-4.796142512738854,-0.5506094007710116,1.9929894453073203,0,4.982473613268301,val,-1,-5.4,-4.1
-4.79477331881165,-4.936803067032883,0.1420297482212322,1.9498493214744173,1,-3.0403123953398374,val,-1,-5.4,-4.1
-4.347867718004138,-4.204702490219195,-0.14316522778494276,1.7477431477872485,1,0.39201135965566064,val,-1,-5.4,-4.1
-4.872820273364492,-5.129420560528555,0.2566002871640626,1.828590639827967,0,4.571476599569918,val,-1,-5.4,-4.1
-5.029097138485905,-4.90502077770363,-0.12407636078227498,1.9630075930070734,1,-2.912640154381786,val,-1,-5.4,-4.1
-5.264133980921067,-5.372183024562913,0.10804904364184599,1.5802369794533986,1,-4.430814640719266,val,-1,-5.4,-4.1
-6.300129617347825,-5.32220252652007,-0.9779270908277554,1.6395096338983235,1,-4.309531536826295,val,-1,-5.4,-4.1
-4.669178056868937,-4.310893380755602,-0.3582846761133341,1.840955100337731,0,4.602387750844327,val,-1,-5.4,-4.1
-4.724436237140391,-4.487179803504243,-0.23725643363614746,1.949494834100806,1,-1.0129130387266108,val,-1,-5.4,-4.1
-5.153653937305499,-5.2787507248850565,0.12509678757955753,1.6877174360506384,0,4.219293590126596,val,-1,-5.4,-4.1
-5.002265230247268,-4.3712545216565415,-0.631010708590726,1.884751463212262,0,4.711878658030654,val,-1,-5.4,-4.1
-5.194020697666466,-4.884700090271542,-0.3093206073949241,1.970382272284534,0,4.925955680711335,val,-1,-5.4,-4.1
-4.6155809367042995,-5.211116790710952,0.595535854006653,1.7563835435529331,0,4.390958858882333,val,-1,-5.4,-4.1
-3.8473205396787704,-4.119594546396265,0.27227400671749485,1.658765445246348,1,0.8143103446066579,val,-1,-5.4,-4.1
-5.6274880816829045,-5.245301961425436,-0.38218612025746856,1.7226616058095343,0,4.3066540145238354,val,-1,-5.4,-4.1
-5.221637006577364,-5.216694464340151,-0.004942542237213216,1.7510205507153118,1,-4.018564471676299,val,-1,-5.4,-4.1
-4.482245305456951,-4.289904746929566,-0.19234055852738455,1.8241463033414367,1,-0.033596945926673775,val,-1,-5.4,-4.1
-4.304950009593037,-4.454197422790574,0.14924741319753623,1.933706625963027,1,-0.8508989398594884,val,-1,-5.4,-4.1
-5.47617736948193,-5.3101318774168655,-0.1660454920650644,1.6532159353781306,1,-4.27861515982885,val,-1,-5.4,-4.1
-5.149362518674208,-4.592140962078907,-0.5572215565953007,1.9855578289999578,1,-1.5203195268460132,val,-1,-5.4,-4.1
-4.762320181691065,-4.8371130970597624,0.07479291536869725,1.9844640502999866,1,-2.6301586281446276,val,-1,-5.4,-4.1
-5.158165837164724,-4.246404771388495,-0.9117610657762278,1.7867595820296867,1,0.18386121759652788,val,-1,-5.4,-4.1
-4.194882053044111,-4.596587113992814,0.4017050609487023,1.9866049068795582,0,4.966512267198896,val,-1,-5.4,-4.1
-3.947059619298984,-4.540946374045003,0.5938867547460188,1.9706793558168092,0,4.926698389542023,val,-1,-5.4,-4.1
-4.248665853278457,-4.783215012165119,0.5345491588866621,1.9949857698328295,0,4.987464424582074,val,-1,-5.4,-4.1
-6.212129138732733,-5.3933419335218815,-0.8187872052108509,1.5539463109844391,0,3.8848657774610977,val,-1,-5.4,-4.1
-4.97409399860075,-4.90036026956079,-0.07373372903996026,1.964770708276138,1,-2.893668038831698,val,-1,-5.4,-4.1
-4.494973093485043,-5.014750841808349,0.5197777483233061,1.9092716947605732,1,-3.3401770682185794,val,-1,-5.4,-4.1
-4.537263849855177,-4.685594621682414,0.1483307718272374,1.9992821052935792,1,-1.9581816776300922,val,-1,-5.4,-4.1
-4.575057140495272,-4.775383530017922,0.20032638952264992,1.9960329988354586,1,-2.3628215688750562,val,-1,-5.4,-4.1
-4.139868495328813,-4.243773265781279,0.10390477045246498,1.7843887152685964,0,4.460971788171491,val,-1,-5.4,-4.1
-4.713820692764205,-5.20819278801457,0.49437209525036563,1.7591731830695372,0,4.397932957673843,val,-1,-5.4,-4.1
-5.383704412030006,-5.308972380937051,-0.07473203109295594,1.654519902379808,0,4.13629975594952,val,-1,-5.4,-4.1
-5.732490096067802,-4.777091394551958,-0.9553987015158446,1.9958150578942222,1,-2.370343791786341,val,-1,-5.4,-4.1
-5.043681898114967,-5.2378027269299565,0.19412082881498996,1.7302329848279443,1,-4.080463495036712,val,-1,-5.4,-4.1
-3.1429980152167003,-4.462590285744737,1.3195922705280363,1.9379244116427468,1,-0.8922206684093142,val,-1,-5.4,-4.1
-4.662724538517366,-5.119757795121503,0.4570332566041369,1.836332923843551,0,4.590832309608878,val,-1,-5.4,-4.1
-4.685384192250854,-5.084158024884947,0.3987738326340923,1.8633723465622865,1,-3.590167251852032,val,-1,-5.4,-4.1
-3.401490946785755,-4.6040636361602605,1.2025726893745055,1.988277089951232,0,4.97069272487808,val,-1,-5.4,-4.1
-4.8042715089927235,-4.37461606960698,-0.42965543938574313,1.8869900648543054,1,-0.4565171423368381,val,-1,-5.4,-4.1
-5.08404614647732,-4.513657954535843,-0.570388191941477,1.9606357898414863,1,-1.1421884945047502,val,-1,-5.4,-4.1
-4.9257247055878866,-4.708536421170178,-0.21718828441770835,1.9999851578058563,1,-2.0632031738314875,val,-1,-5.4,-4.1
-4.5224600019349195,-4.829336243459016,0.3068762415240963,1.9863389181460172,1,-2.597009719736882,val,-1,-5.4,-4.1
-3.0019622587949373,-4.114065638920925,1.1121033801259879,1.652562334008501,1,0.8415732103408663,val,-1,-5.4,-4.1
-3.8998705193753023,-4.590318138650345,0.6904476192750431,1.985117204447549,0,4.9627930111188725,val,-1,-5.4,-4.1
-4.1999932605468455,-4.2057008535575235,0.005707593010677619,1.7487129989425638,1,0.3870347142151236,val,-1,-5.4,-4.1
-4.293736124120602,-5.205816173384447,0.9120800492638451,1.761429508471869,1,-3.9859634830724433,val,-1,-5.4,-4.1
-4.1387528081395235,-4.366409772356631,0.22765696421710727,1.8814876731674397,1,-0.4156421267334312,val,-1,-5.4,-4.1
-4.215260980920231,-4.4417634264194685,0.22650244549923707,1.9272077057971464,1,-0.7895716327839299,val,-1,-5.4,-4.1
-5.259281385462764,-5.199767878806803,-0.05951350665596111,1.7671267691351473,1,-3.967633156179491,val,-1,-5.4,-4.1
-4.704424403452587,-4.198275244211176,-0.5061491592414106,1.7414577925386272,1,0.4240403506477531,val,-1,-5.4,-4.1
-4.199898174052954,-4.107628757470485,-0.0922694165824701,1.6452769002003036,0,4.113192250500759,val,-1,-5.4,-4.1
-5.6650372339527655,-5.11821080027402,-0.5468264336787454,1.8375565487457344,1,-3.7065681094133165,val,-1,-5.4,-4.1
-6.3544606927537695,-5.146444844019212,-1.2080158487345576,1.8145350138719163,1,-3.7998258860823464,val,-1,-5.4,-4.1
-5.79629405534248,-5.337625706717621,-0.45866834862485867,1.621649177703509,1,-4.348120405213157,val,-1,-5.4,-4.1
-3.9242356227440007,-4.7633218067566405,0.83908618401264,1.9974064079516702,1,-2.3095012283547476,val,-1,-5.4,-4.1
-4.487349636806032,-4.359702122586284,-0.12764751421974788,1.8768960110958364,0,4.692240027739591,val,-1,-5.4,-4.1
-5.36327503288181,-4.545198455383334,-0.8180765774984765,1.972112380365322,0,4.930280950913305,val,-1,-5.4,-4.1
-5.107568602524109,-5.228409502851279,0.12084090032716945,1.7395792526322944,1,-4.053141172178115,val,-1,-5.4,-4.1
-2.7089870471200284,-4.172093087332,1.463106040211971,1.7151130291012426,0,4.287782572753106,val,-1,-5.4,-4.1
-4.98724947888631,-4.957336841803677,-0.029912637082632983,1.9402999403931875,0,4.850749850982969,val,-1,-5.4,-4.1
-3.2581754640426985,-4.778284473458991,1.5201090094162928,1.9956593550017454,1,-2.3755945607901796,val,-1,-5.4,-4.1
-4.53407170214666,-4.908283029396581,0.37421132724992145,1.9617480814125328,0,4.904370203531332,val,-1,-5.4,-4.1
-5.924765168395214,-4.733258671803875,-1.1915064965913391,1.9995644717880545,1,-2.175157969519772,val,-1,-5.4,-4.1
-4.390765783895395,-4.6342085851590165,0.24344280126362136,1.9938909383909267,1,-1.7192943358773767,val,-1,-5.4,-4.1
-3.266837837581441,-4.5919262804666054,1.3250884428851646,1.9855062775030703,1,-1.5192969078725285,val,-1,-5.4,-4.1
-3.931831392263384,-4.2840950792314745,0.3522636869680905,1.819351298457696,1,-0.004548859631935994,val,-1,-5.4,-4.1
-4.822883082975737,-4.164775518855708,-0.6581075641200295,1.7075390125038072,0,4.268847531259518,val,-1,-5.4,-4.1
-4.062341803271176,-4.35281285517887,0.29047105190769423,1.8720921195307447,0,4.680230298826862,val,-1,-5.4,-4.1
-3.412916105566742,-4.262435073119429,0.8495189675526865,1.8009343002942722,1,0.10374372506590039,val,-1,-5.4,-4.1
-5.831982932051003,-4.951775915910848,-0.8802070161401547,1.9429670386815334,0,4.857417596703834,val,-1,-5.4,-4.1
-4.847158281220554,-4.985399975234495,0.13824169401394143,1.9259268035674808,0,4.814817008918702,val,-1,-5.4,-4.1
-3.9946813569946276,-4.253849494229482,0.25916813723485455,1.793399867933345,0,4.483499669833362,val,-1,-5.4,-4.1
-3.4895784977968027,-4.19648084601478,0.7069023482179774,1.7396901513321652,0,4.349225378330413,val,-1,-5.4,-4.1
-5.080266813933736,-4.906845808726975,-0.17342100520676115,1.962305546624981,1,-2.920052322572533,val,-1,-5.4,-4.1
-5.550165977703301,-5.086559326271262,-0.4636066514320392,1.8616223622831856,0,4.654055905707964,val,-1,-5.4,-4.1
-4.6293250086774425,-5.068627431789889,0.43930242311244705,1.8744305921799993,0,4.686076480449998,val,-1,-5.4,-4.1
-4.2602160331602414,-4.5180195898288265,0.257803556668585,1.9623393309652495,1,-1.1634090990786883,val,-1,-5.4,-4.1
-4.487620631328407,-4.513332947130214,0.025712315801807363,1.9605073567990192,1,-1.1406063655423824,val,-1,-5.4,-4.1
-4.635264766943001,-4.404014080529903,-0.23125068641309854,1.9056561259385276,1,-0.6026748971050456,val,-1,-5.4,-4.1
-4.230809072595889,-4.792801003769201,0.5619919311733121,1.993537389941425,0,4.983843474853563,val,-1,-5.4,-4.1
-4.772941032241612,-4.526516386453603,-0.24642464578800935,1.9655507316161616,0,4.913876829040404,val,-1,-5.4,-4.1
-2.898633019925165,-4.282103710684919,1.383470690759754,1.817693584165149,0,4.544233960412872,val,-1,-5.4,-4.1
-5.307971346095414,-5.152295718321275,-0.15567562777413874,1.809582766557255,1,-3.8187750207817794,val,-1,-5.4,-4.1
-4.544351599343679,-5.369741083161349,0.8253894838176694,1.583225861103871,0,3.9580646527596777,val,-1,-5.4,-4.1
-3.6130323543602176,-4.311779252612276,0.6987468982520578,1.841646767257455,1,-0.1429502456249117,val,-1,-5.4,-4.1
-4.721016621285704,-5.038973317137383,0.3179566958516794,1.8942872892437976,1,-3.4293117052887996,val,-1,-5.4,-4.1
-4.164728042868112,-4.133243734013483,-0.03148430885462857,1.673861539490848,0,4.18465384872712,val,-1,-5.4,-4.1
-3.6922222571045205,-4.4143175964816805,0.72209533937716,1.9118093141693326,0,4.779523285423331,val,-1,-5.4,-4.1
-4.708382918467649,-4.829866821710212,0.12148390324256259,1.9862148218968956,1,-2.5992763294039314,val,-1,-5.4,-4.1
-5.833573736044294,-5.349236020788075,-0.48433771525621994,1.6079494019738547,1,-4.376487601702899,val,-1,-5.4,-4.1
-4.275222650134145,-4.3858089393074025,0.11058628917325734,1.8942900454157043,0,4.735725113539261,val,-1,-5.4,-4.1
-4.634552547124209,-4.935966111339988,0.30141356421577914,1.950221142671125,0,4.875552856677812,val,-1,-5.4,-4.1
-5.656942357683207,-4.659410947662614,-0.9975314100205932,1.9971939844381073,1,-1.8370636075271163,val,-1,-5.4,-4.1
-3.3951299467344684,-4.109644979170744,0.7145150324362757,1.6475662600473553,1,0.863352874375898,val,-1,-5.4,-4.1
-5.722946096998909,-4.631366497602532,-1.091579599396376,1.9934389477092391,1,-1.7059435057318617,val,-1,-5.4,-4.1
-4.537635990623649,-4.717630673168352,0.1799946825447033,1.9999725247196696,0,4.999931311799174,val,-1,-5.4,-4.1
-4.996266713554654,-4.975602941325807,-0.020663772228847358,1.9311174830488314,0,4.827793707622078,val,-1,-5.4,-4.1
-5.600140298916909,-4.595215563396797,-1.0049247355201119,1.9862860916791762,1,-1.534957437748758,val,-1,-5.4,-4.1
-4.221281417220775,-4.107635573988713,-0.11364584323206216,1.6452846514273087,0,4.113211628568272,val,-1,-5.4,-4.1
-5.272041308941125,-4.666722584217086,-0.6053187247240382,1.9979149426504954,0,4.994787356626238,val,-1,-5.4,-4.1
-4.02922213384583,-4.278336413286271,0.24911427944044104,1.8145377866049766,1,0.024244374461614336,val,-1,-5.4,-4.1
-4.643750628582951,-4.272781198360084,-0.3709694302228671,1.8098373094782014,1,0.05201960560446094,val,-1,-5.4,-4.1
-3.962327218249928,-4.119868155892173,0.15754093764224505,1.6590711039281931,1,0.8129605316751967,val,-1,-5.4,-4.1
-4.7834826520853015,-5.021352602862331,0.23786995077702916,1.9052984286050618,0,4.763246071512654,val,-1,-5.4,-4.1
-4.474566470372387,-5.163253700972739,0.688687230600352,1.8001412841924254,0,4.500353210481063,val,-1,-5.4,-4.1
-5.497915942040725,-4.990804023003288,-0.5071119190374377,1.9229844858477791,0,4.8074612146194475,val,-1,-5.4,-4.1
-4.323438060065293,-5.36799834867049,1.0445602886051968,1.585353157119245,1,-4.421080528400028,val,-1,-5.4,-4.1
-6.336525446745909,-5.115186953026241,-1.2213384937196683,1.8399356164530143,0,4.599839041132536,val,-1,-5.4,-4.1
-5.301408059216656,-4.639687980695906,-0.6617200785207497,1.9947168922197178,1,-1.7449947440884495,val,-1,-5.4,-4.1
-4.780070981756154,-4.506475491329882,-0.2735954904262722,1.9577492393563736,1,-1.1071965920352735,val,-1,-5.4,-4.1
-5.57097133879065,-4.558436093084854,-1.012535245705796,1.9763452849144285,1,-1.3589414554437207,val,-1,-5.4,-4.1
-5.356655867212228,-4.288180934917593,-1.0684749322946352,1.8227299730678643,0,4.556824932669661,val,-1,-5.4,-4.1
-4.302301338701196,-4.488560771180577,0.18625943247938093,1.9501097434980643,0,4.875274358745161,val,-1,-5.4,-4.1
-5.384703981015622,-4.319101537716132,-1.06560244329949,1.8473084332396392,1,-0.1795425459548906,val,-1,-5.4,-4.1
-5.869700622660091,-5.381888051685478,-0.48781257097461356,1.5682652744570866,0,3.9206631861427166,val,-1,-5.4,-4.1
-4.771405574985957,-5.25000911643557,0.4786035414496132,1.7178596499932794,0,4.294649124983199,val,-1,-5.4,-4.1
-4.470303456624713,-5.154848929423812,0.6845454727990989,1.8074022748322522,1,-3.827003133126492,val,-1,-5.4,-4.1
-4.486229252810353,-4.2555296076379125,-0.23069964517244052,1.794884703272416,1,0.1382608716140188,val,-1,-5.4,-4.1
-4.592446475053809,-5.018471494288357,0.42602501923454744,1.9070426444353266,1,-3.3539971528597428,val,-1,-5.4,-4.1
-4.654996583625495,-5.118489829747364,0.4634932461218692,1.8373361700724118,1,-3.7075043305200497,val,-1,-5.4,-4.1
-4.9649159905874285,-5.284797562112154,0.319881571524726,1.6811975729645723,1,-4.2117049792147006,val,-1,-5.4,-4.1
-4.944218392633519,-4.768606762871422,-0.17561162976209696,1.9968403932091832,1,-2.3329058466262746,val,-1,-5.4,-4.1
-5.819876270645867,-5.2302211641036305,-0.5896551065422364,1.7377885691214254,1,-4.058438710109188,val,-1,-5.4,-4.1
-5.4279061662622,-4.559693174619379,-0.8682129916428212,1.9767292587301708,0,4.941823146825427,val,-1,-5.4,-4.1
-4.209318580791468,-5.047782742184053,0.8384641613925847,1.8885615593629048,1,-3.461232695849832,val,-1,-5.4,-4.1
-4.2789015537414965,-4.5807638294001825,0.30186227565868634,1.9826998186769091,0,4.956749546692273,val,-1,-5.4,-4.1
-4.437548252351321,-4.343267818468925,-0.09428043388239574,1.8652895738682402,0,4.663223934670601,val,-1,-5.4,-4.1
-4.700453674580385,-4.645003012200278,-0.055450662380106944,1.9954608493225048,1,-1.7698741736379355,val,-1,-5.4,-4.1
-4.932665157716092,-5.392044065278454,0.45937890756236227,1.5555791054135648,0,3.888947763533912,val,-1,-5.4,-4.1
-4.596366467495939,-5.137794094391949,0.5414276268960105,1.8217432425516,0,4.554358106379,val,-1,-5.4,-4.1
-5.058567808978854,-5.0091564206295045,-0.049411388349349,1.912573565652518,0,4.781433914131295,val,-1,-5.4,-4.1
-4.979190818044222,-4.318596144220995,-0.6605946738232275,1.846920836527949,0,4.617302091319873,val,-1,-5.4,-4.1
-4.66728071524905,-5.127391013616687,0.4601102983676366,1.8302310014281458,1,-3.7372183939846932,val,-1,-5.4,-4.1
-4.374446476788633,-4.116690222529933,-0.25775625425869986,1.65551327359932,1,0.8286346290374309,val,-1,-5.4,-4.1
-5.647813168688129,-4.7370654910029675,-0.9107476776851616,1.999391100722742,1,-2.1922807562281825,val,-1,-5.4,-4.1
-3.530960169829632,-4.330015539370955,0.7990553695413235,1.8555633257243989,1,-0.2340655853347065,val,-1,-5.4,-4.1
-3.715850525283974,-4.827225105989785,1.111374580705811,1.9868271500390837,1,-2.5879837870073716,val,-1,-5.4,-4.1
-3.9295170632251537,-4.126382930056482,0.19686586683132834,1.6663122473908465,1,0.7808030847536169,val,-1,-5.4,-4.1
-4.696146365262749,-4.662242779758386,-0.033903585504362906,1.9974858854703752,1,-1.8502250645169407,val,-1,-5.4,-4.1
-5.099643139693173,-5.017430806113617,-0.08221233357955621,1.9076687835049198,0,4.7691719587623,val,-1,-5.4,-4.1
-4.500289822357085,-4.284246449274053,-0.21604337308303215,1.8194770114477885,0,4.548692528619471,val,-1,-5.4,-4.1
-4.774252187130404,-4.483043741585558,-0.2912084455448468,1.9476309142409032,0,4.869077285602258,val,-1,-5.4,-4.1
-4.989060421429661,-4.472157805964766,-0.5169026154648946,1.9425659962616135,0,4.8564149906540335,val,-1,-5.4,-4.1
-5.610661139999026,-5.086163912153081,-0.5244972278459451,1.861911264780764,0,4.65477816195191,val,-1,-5.4,-4.1
-5.47181376932542,-5.114389249712714,-0.3574245196127066,1.8405604206777744,1,-3.693716738691813,val,-1,-5.4,-4.1
-5.060785507585577,-4.95072071664104,-0.11006479094453728,1.9434663473491591,1,-3.0952615176650067,val,-1,-5.4,-4.1
-4.619653989050189,-4.6527605203642235,0.03310653131403455,1.9964455001273096,1,-1.8060967949360942,val,-1,-5.4,-4.1
-4.983258895901301,-5.2346997587697714,0.25144086286847067,1.733337367744745,0,4.333343419361863,val,-1,-5.4,-4.1
-5.069729537290135,-4.416866345989395,-0.6528631913007397,1.9133001220169954,0,4.783250305042489,val,-1,-5.4,-4.1
-4.506486814751568,-4.837368319663414,0.33088150491184565,1.9844004857749562,0,4.96100121443739,val,-1,-5.4,-4.1
-5.039035109933478,-4.423099328854283,-0.6159357810791947,1.9168935189171905,0,4.792233797292976,val,-1,-5.4,-4.1
-5.161860341437423,-4.522013899345243,-0.6398464420921803,1.9638666573025532,0,4.909666643256383,val,-1,-5.4,-4.1
-3.8658327929386163,-4.101476196697382,0.23564340375876558,1.6382495447816245,1,0.903554043487582,val,-1,-5.4,-4.1
-6.000013401424979,-4.911307239972386,-1.0887061614525926,1.9605618260494018,1,-2.9381309493590813,val,-1,-5.4,-4.1
-5.378177773209311,-5.269483965440613,-0.10869380776869808,1.6975892752965225,0,4.2439731882413065,val,-1,-5.4,-4.1
-5.499297147262483,-4.266173444480827,-1.2331237027816568,1.804173523400804,1,0.08505521080971781,val,-1,-5.4,-4.1
-5.575907651910301,-5.228355318405272,-0.347552333505029,1.7396327217548497,1,-4.052982524694503,val,-1,-5.4,-4.1
-4.476610143827171,-4.822214641863361,0.3456044980361904,1.9879504428762615,0,4.969876107190654,val,-1,-5.4,-4.1
-4.343724441788816,-4.796513243099187,0.45278880131037097,1.9929272809712117,0,4.982318202428029,val,-1,-5.4,-4.1
-5.787560989492868,-5.085225400940363,-0.7023355885525049,1.8625958062428032,1,-3.593879720565835,val,-1,-5.4,-4.1
-4.771155072432909,-4.100940892863644,-0.6702141795692651,1.6376351930637094,0,4.094087982659273,val,-1,-5.4,-4.1
-3.30995336081948,-4.21267072980706,0.9027173689875803,1.7554352098494086,0,4.388588024623521,val,-1,-5.4,-4.1
-4.329015784100667,-4.545244051268482,0.2162282671678147,1.9721275537848781,0,4.930318884462196,val,-1,-5.4,-4.1
-3.7213672168670393,-4.542260141961166,0.8208929250941267,1.9711259230849023,1,-1.280931858014703,val,-1,-5.4,-4.1
4.121277415806239,5.111013133745966,-0.9897357179397268,-1.8431918039765536,1,0.15287377106317457,val,-1,4.1,5.4
4.57408645421314,4.408803586045385,0.16528286816775514,-1.9085415889515678,0,-4.771353972378919,val,-1,4.1,5.4
5.596676803131137,5.171562092459779,0.4251147106713578,-1.792838572955096,1,-0.14982476404977899,val,-1,4.1,5.4
4.765997745933006,5.3554739574559,-0.5894762115228943,-1.6004992195195908,1,-1.0612717765676356,val,-1,4.1,5.4
5.374849597858213,5.364381448076362,0.010468149781851468,-1.58975280957812,1,-1.1047517417650439,val,-1,4.1,5.4
4.257449006674065,4.689484021642506,-0.4320350149684409,-1.999475385801628,0,-4.99868846450407,val,-1,4.1,5.4
4.985641249544792,4.891755201589661,0.09388604795513063,-1.9679139206697374,0,-4.919784801674344,val,-1,4.1,5.4
5.230737351730951,5.108184468986301,0.12255288274464982,-1.845380323660649,1,0.16700985216646352,val,-1,4.1,5.4
4.739889930336632,4.93409734818679,-0.19420741785015805,-1.9510464179247649,1,1.0300478988694688,val,-1,4.1,5.4
4.971748273096938,5.038623698372032,-0.06687542527509356,-1.8945114957067906,1,0.5139354755741893,val,-1,4.1,5.4
3.7387611281650424,4.145547481331868,-0.40678635316682565,-1.6872024024256775,0,-4.2180060060641935,val,-1,4.1,5.4
4.5543555972883585,4.487984312155933,0.06637128513242538,-1.9498535132472448,1,3.04027500929883,val,-1,4.1,5.4
2.249807761085643,4.176066239446697,-1.9262584783610537,-1.7191869785501088,1,4.111742757965955,val,-1,4.1,5.4
5.500838879109837,5.214179225363359,0.2866596537464788,-1.7534457337401654,0,-4.383614334350414,val,-1,4.1,5.4
5.206908321061211,4.58471023623725,0.6221980848239613,-1.9837202721537195,0,-4.959300680384299,val,-1,4.1,5.4
4.192423604888533,4.983802337051526,-0.7913787321629931,-1.9267858944678824,0,-4.816964736169706,val,-1,4.1,5.4
4.316631133817836,4.433163934124619,-0.11653280030678284,-1.9225386251004952,0,-4.806346562751238,val,-1,4.1,5.4
4.9045286972790345,4.551855579698239,0.3526731175807952,-1.9742843249955295,0,-4.935710812488824,val,-1,4.1,5.4
3.688145152330076,4.11223660110526,-0.4240914487751838,-1.650499131029725,0,-4.126247827574312,val,-1,4.1,5.4
4.154145966452053,4.565833917516461,-0.41168795106440764,-1.9785600294585357,0,-4.946400073646339,val,-1,4.1,5.4
5.2952165464121475,5.3338224361816735,-0.03860588976952616,-1.6260894651037707,0,-4.0652236627594265,val,-1,4.1,5.4
4.826497365991752,4.383268711871195,0.44322865412055756,-1.8926540965252279,1,3.438528053159575,val,-1,4.1,5.4
3.685680285512518,4.5152087762944735,-0.8295284907819555,-1.961245775382246,0,-4.903114438455615,val,-1,4.1,5.4
5.432629677054772,5.293104101800764,0.13952557525400747,-1.672141064823895,1,-0.7546621874376559,val,-1,4.1,5.4
4.460660700065073,4.1414747663718625,0.3191859336932104,-1.6828145684504718,1,4.207673368481507,val,-1,4.1,5.4
3.362391352474698,4.184609898155268,-0.8222185456805703,-1.7278553793725528,1,4.0872869600229516,val,-1,4.1,5.4
5.007996575677913,4.91877769884017,0.08921887683774221,-1.957554686120024,1,1.1048793099553054,val,-1,4.1,5.4
6.103571314307557,5.2359574762634,0.8676138380441571,-1.7320810864944358,1,-0.4711241814914669,val,-1,4.1,5.4
4.108248001221183,4.11133045199492,-0.0030824507737370866,-1.649474925092369,0,-4.123687312730922,val,-1,4.1,5.4
4.974812683651889,5.070550408092119,-0.09573772444023022,-1.8730858462593105,0,-4.682714615648276,val,-1,4.1,5.4
6.0186359241285095,5.156693522303411,0.8619424018250987,-1.805819625008601,0,-4.514549062521502,val,-1,4.1,5.4
3.850727706426445,4.198432680023947,-0.3477049735975018,-1.7416126132804417,0,-4.354031533201105,val,-1,4.1,5.4
4.855951497018691,4.953391934976045,-0.09744043795735387,-1.9421981628167073,0,-4.855495407041769,val,-1,4.1,5.4
5.565519810283977,4.7620408601085735,0.803478950175403,-1.9975351972773705,1,1.8525209931327837,val,-1,4.1,5.4
5.7814769868435985,4.723848408945298,1.0576285778982997,-1.9998686829341037,0,-4.999671707335259,val,-1,4.1,5.4
4.697797935673248,5.342246388410387,-0.6444484527371389,-1.616223014822909,0,-4.040557537057273,val,-1,4.1,5.4
3.9850366330090408,4.10001564364033,-0.11497901063128961,-1.6365722066067143,1,4.316007344561839,val,-1,4.1,5.4
4.711369614959223,4.421072311289491,0.2902973036697318,-1.91573308109985,0,-4.7893327027496255,val,-1,4.1,5.4
5.790977983721743,5.025902481285058,0.7650755024366848,-1.9025117403450016,1,0.5771613728897146,val,-1,4.1,5.4
4.79855345505903,4.521956664722727,0.2765967903363026,-1.9638449933897513,0,-4.909612483474378,val,-1,4.1,5.4
4.1026839002345845,4.460095263298952,-0.3574113630643678,-1.9366847974598416,1,3.1497832424506607,val,-1,4.1,5.4
5.481605283015025,5.004079088319517,0.4775261946955082,-1.9155184340470204,1,0.6854028919288138,val,-1,4.1,5.4
3.954285563526864,5.294117272589734,-1.3398317090628702,-1.6710285112688938,0,-4.177571278172235,val,-1,4.1,5.4
4.50303448562653,4.417818412857387,0.08521607276914306,-1.9138538144538215,0,-4.784634536134554,val,-1,4.1,5.4
5.140740258507083,4.695511562459793,0.4452286960472905,-1.9997151595256197,0,-4.99928789881405,val,-1,4.1,5.4
5.095755164491109,4.4288904876679585,0.6668646768231511,-1.9201654613393377,1,3.269403041996834,val,-1,4.1,5.4
4.8629936034603585,4.5931332789279855,0.26986032453237274,-1.9857949249378568,0,-4.964487312344642,val,-1,4.1,5.4
4.027662456274242,4.885900477221225,-0.858238020946983,-1.969969216844903,0,-4.924923042112257,val,-1,4.1,5.4
5.669616251049405,5.104092387584726,0.5655238634646795,-1.848520205261755,0,-4.621300513154388,val,-1,4.1,5.4
3.8672047902494,4.188292745832738,-0.3210879555833385,-1.7315531343244144,0,-4.328882835811036,val,-1,4.1,5.4
4.716530302005913,4.991910602943507,-0.2753803009375942,-1.9223750612947854,1,0.7456187290010542,val,-1,4.1,5.4
5.503655390520249,4.812738126614573,0.6909172639056764,-1.9899384963413098,0,-4.9748462408532745,val,-1,4.1,5.4
3.0929312434792506,4.279381868585734,-1.1864506251064832,-1.8154161293932845,0,-4.538540323483211,val,-1,4.1,5.4
5.571568440476153,4.228379184966394,1.3431892555097595,-1.7702723139450447,1,3.9573595632488354,val,-1,4.1,5.4
4.95927783519243,4.419226836922052,0.5400509982703781,-1.9146697285032372,0,-4.786674321258094,val,-1,4.1,5.4
4.8307420848741724,4.297322661359814,0.5334194235143584,-1.8301791586383804,1,3.7374319196173844,val,-1,4.1,5.4
5.212414878640601,5.303792823337283,-0.0913779446966825,-1.6603176341143089,0,-4.1507940852857725,val,-1,4.1,5.4
5.406912657061768,4.984136520286035,0.42277613677573245,-1.9266066022941113,1,0.7840315961037843,val,-1,4.1,5.4
4.7767296390723475,4.408956598443588,0.3677730406287597,-1.9086330507505085,1,3.3441581829039224,val,-1,4.1,5.4
4.983348737419612,4.839550828323529,0.14379790909608273,-1.9838516421279293,0,-4.959629105319824,val,-1,4.1,5.4
3.9164087824720526,4.823621666864724,-0.9072128843926709,-1.9876400411954878,1,1.5631995157740874,val,-1,4.1,5.4
4.461377003811444,4.1945583741496515,0.26681862966179226,-1.7377901308210677,0,-4.3444753270526695,val,-1,4.1,5.4
5.343553378396039,5.191621063540892,0.15193231485514708,-1.7746985384453116,0,-4.436746346113279,val,-1,4.1,5.4
5.191387581541449,4.626915340507571,0.5644722410338786,-1.99269870362668,1,2.4612699566090472,val,-1,4.1,5.4
4.538713677692655,4.288332285760222,0.2503813919324336,-1.8228545439474186,1,3.7671409804686897,val,-1,4.1,5.4
4.509931208251991,4.3481960762665715,0.16173513198541892,-1.8688230983863174,1,3.5636991764169084,val,-1,4.1,5.4
4.839064815643548,4.737832178184709,0.10123263745883869,-1.999352678607472,0,-4.99838169651868,val,-1,4.1,5.4
4.132261584952122,5.0256316865246795,-0.8933701015725574,-1.9026786982967672,1,0.5785062746763399,val,-1,4.1,5.4
4.267259998784333,5.3804199950113105,-1.113159996226978,-1.5700857160327832,0,-3.925214290081958,val,-1,4.1,5.4
5.171029418985818,5.237222452255558,-0.06619303326974037,-1.7308147913762075,1,-0.47742054308387194,val,-1,4.1,5.4
4.325991331763991,4.748754189071162,-0.42276285730717184,-1.9986777173255055,0,-4.996694293313764,val,-1,4.1,5.4
4.512005108407489,4.2388139921918215,0.2731911162156672,-1.7798870623297194,0,-4.449717655824299,val,-1,4.1,5.4
4.55477350685727,5.287176649086536,-0.7324031422292664,-1.6786155132991145,0,-4.196538783247786,val,-1,4.1,5.4
4.235362838166635,4.574390749152171,-0.3390279109855356,-1.9809866902777897,1,2.6863710997283787,val,-1,4.1,5.4
4.8182775269319835,4.394564239969257,0.42371328696272675,-1.8998348713905924,0,-4.749587178476481,val,-1,4.1,5.4
5.237187759890503,5.234161421049057,0.003026338841446156,-1.733874252861202,1,-0.46218310410661734,val,-1,4.1,5.4
3.7533103496559046,4.277265857287009,-0.5239555076311047,-1.8136363001434008,0,-4.534090750358502,val,-1,4.1,5.4
4.740905056975322,4.407294208198667,0.3336108487766549,-1.907636977686983,0,-4.769092444217458,val,-1,4.1,5.4
5.034448204305348,4.874019018958093,0.16042918534725434,-1.9739325542490727,1,1.3219609675031774,val,-1,4.1,5.4
4.213938495511694,4.83309939180233,-0.6191608962906361,-1.9854466808292695,1,1.5181168666220182,val,-1,4.1,5.4
4.965073237908047,5.346615151578287,-0.38154191367023954,-1.6110609464653611,0,-4.0276523661634025,val,-1,4.1,5.4
4.809078591469467,4.68921113319068,0.11986745827878635,-1.999462811448802,0,-4.998657028622005,val,-1,4.1,5.4
4.149735511149835,4.2676454969521025,-0.11790998580226775,-1.8054421105531255,1,3.834341038351925,val,-1,4.1,5.4
4.929803443311003,5.088737979797608,-0.15893453648660485,-1.8600253479339703,1,0.26415033973783375,val,-1,4.1,5.4
4.040423073548328,4.362124297648349,-0.32170122410002094,-1.8785638416273647,0,-4.696409604068411,val,-1,4.1,5.4
2.7120750318331774,4.328448822177136,-1.6163737903439588,-1.8543918906948607,0,-4.635979726737151,val,-1,4.1,5.4
4.957057387828936,4.6682534164460545,0.28880397138288166,-1.9980523681837397,0,-4.995130920459349,val,-1,4.1,5.4
4.727193561187451,4.542339043702156,0.18485451748529505,-1.9711526345508916,0,-4.927881586377229,val,-1,4.1,5.4
5.274912080231828,5.35742904112874,-0.08251696089691217,-1.5981513636899318,1,-1.0708224223225389,val,-1,4.1,5.4
3.205714479195132,4.285933900213843,-1.0802194210187108,-1.8208756178404228,1,3.77501519268343,val,-1,4.1,5.4
4.945934606620695,5.197926092647954,-0.25199148602725874,-1.7688488305674428,0,-4.422122076418607,val,-1,4.1,5.4
4.953107741495027,4.970227981974862,-0.01712024047983438,-1.9338865437754535,1,0.8526359533424693,val,-1,4.1,5.4
4.103008473171762,4.242096380503409,-0.1390879073316467,-1.7828714711164262,0,-4.457178677791066,val,-1,4.1,5.4
4.14478460978515,4.214729602038056,-0.06994499225290632,-1.7574046214827659,1,3.998703127155057,val,-1,4.1,5.4
4.014768387303794,5.356400653660608,-1.3416322663568148,-1.5993871141065894,0,-3.9984677852664734,val,-1,4.1,5.4
4.702583320868025,4.352586730776908,0.349996590091117,-1.8719329354921097,0,-4.679832338730274,val,-1,4.1,5.4
4.531996494182543,4.206470078023848,0.32552641615869476,-1.749459066398193,1,4.023359298485052,val,-1,4.1,5.4
4.825900480141133,4.450200103863822,0.37570037627731057,-1.931649891852807,1,3.1880528155850767,val,-1,4.1,5.4
5.699445112245962,4.945169673417073,0.7542754388288885,-1.9460573919914237,1,0.9758117484866109,val,-1,4.1,5.4
4.920299677226249,4.8108104189480585,0.10948925827819066,-1.9903210373815707,1,1.6239147813677395,val,-1,4.1,5.4
5.7927131249486115,5.005742297009227,0.7869708279393847,-1.914559202733163,0,-4.786398006832908,val,-1,4.1,5.4
4.599111266127273,5.352027501013808,-0.752916234886535,-1.6046231586163429,1,-1.0444258717374597,val,-1,4.1,5.4
4.842090128707681,4.461037988650847,0.3810521400568337,-1.937154593778882,0,-4.842886484447205,val,-1,4.1,5.4
4.2423872994455465,4.4037144004023565,-0.16132710095680997,-1.9054741281807288,0,-4.763685320451822,val,-1,4.1,5.4
6.016196249558364,5.199373670822888,0.8168225787354755,-1.767495856155473,1,-0.28874435436638707,val,-1,4.1,5.4
4.077895355140069,4.391476211812215,-0.31358085667214564,-1.8978957924515774,1,3.4086197727730205,val,-1,4.1,5.4
4.655234533325792,4.995578189426296,-0.34034365610050415,-1.9203383928046736,1,0.7274808673406978,val,-1,4.1,5.4
3.888669001559373,4.299543028071884,-0.41087402651251165,-1.8319653742539233,1,3.7300480187194935,val,-1,4.1,5.4
4.628904923357975,4.364677577002254,0.26422734635572054,-1.8803100137229514,0,-4.700775034307378,val,-1,4.1,5.4
3.6847904775356497,4.1878785616846494,-0.5030880841489996,-1.731138444845686,1,4.077851569806779,val,-1,4.1,5.4
5.554257408019837,5.074331404065467,0.47992600395437013,-1.8704215854440318,0,-4.676053963610079,val,-1,4.1,5.4
4.741519223864838,4.33410321404342,0.407416009821418,-1.858598230266472,1,3.6127693306567195,val,-1,4.1,5.4
4.260794586639128,4.261538923324901,-0.000744336685772468,-1.8001540630880004,1,3.8538655604308407,val,-1,4.1,5.4
4.441055661915423,4.392249456081435,0.04880620583398825,-1.8983830383259768,0,-4.745957595814942,val,-1,4.1,5.4
4.051009092514075,4.463297419743212,-0.4122883272291361,-1.938273546740931,1,3.1373326565009094,val,-1,4.1,5.4
5.245972782791163,4.1439682503569255,1.1020045324342371,-1.6855042992178357,1,4.200925356006323,val,-1,4.1,5.4
4.884985705032193,4.430718940553788,0.4542667644784042,-1.9211851467546732,1,3.2624805639884213,val,-1,4.1,5.4
4.244367719698897,4.9695111183476595,-0.7251433986487624,-1.934251635224888,0,-4.83562908806222,val,-1,4.1,5.4
5.651056886735967,5.087894804806964,0.5631620819290031,-1.8606444665814539,1,0.2683602328959388,val,-1,4.1,5.4
3.7058055488365245,4.393818738546602,-0.6880131897100775,-1.899368403638743,1,3.4000413543518437,val,-1,4.1,5.4
5.033896569814141,4.895404466123203,0.138492103690938,-1.966598718726047,0,-4.916496796815117,val,-1,4.1,5.4
5.613987656241677,5.285932909614205,0.3280547466274719,-1.679966548960456,1,-0.7191978887581862,val,-1,4.1,5.4
4.559523837093239,4.804093816764018,-0.2445699796707792,-1.9915961150285204,1,1.655640341154902,val,-1,4.1,5.4
4.185143879795891,4.586128616449055,-0.4009847366531634,-1.9840794873436736,0,-4.960198718359184,val,-1,4.1,5.4
4.27402456892667,4.117160813234369,0.156863755692301,-1.6560411751972952,0,-4.140102937993238,val,-1,4.1,5.4
5.459473792440747,5.178113002877718,0.2813607895630284,-1.786993326332001,0,-4.467483315830003,val,-1,4.1,5.4
5.228508148967037,5.161529986027651,0.06697816293938534,-1.8016408060780338,0,-4.504102015195085,val,-1,4.1,5.4
4.3734304576836225,4.203636153083085,0.16979430460053727,-1.7467053401430972,0,-4.366763350357743,val,-1,4.1,5.4
3.4413971118545743,4.323177886980314,-0.8817807751257402,-1.850417410309977,0,-4.626043525774943,val,-1,4.1,5.4
5.101772156039529,5.1895937418873,-0.08782158584777124,-1.7765644776497276,0,-4.441411194124319,val,-1,4.1,5.4
4.183253483026498,4.8334083625203546,-0.6501548794938565,-1.985372175111924,0,-4.9634304377798095,val,-1,4.1,5.4
4.554627242028427,4.554716877681341,-8.963565291415475e-05,-1.975190969039579,1,2.7688113349611285,val,-1,4.1,5.4
3.596868401441051,4.288503851712107,-0.6916354502710559,-1.8229957025875285,0,-4.557489256468822,val,-1,4.1,5.4
3.6800070275696424,4.228074798692134,-0.5480677711224918,-1.7699889505189432,1,3.958289592792644,val,-1,4.1,5.4
4.196635164980425,4.828235843810905,-0.6316006788304792,-1.9865945066637956,1,1.5412685717747676,val,-1,4.1,5.4
4.687919322335975,5.023085657081983,-0.3351663347460075,-1.904241623096076,1,0.5911490382820157,val,-1,4.1,5.4
5.072532515426465,5.33613234241399,-0.263599826987525,-1.62339546889956,0,-4.0584886722489,val,-1,4.1,5.4
4.901293356810652,5.0724667317640435,-0.17117337495339122,-1.8717388620830737,1,0.3453544158646493,val,-1,4.1,5.4
4.831086292139892,4.5839198161513535,0.24716647598853816,-1.9835183607554217,1,2.6460653047902882,val,-1,4.1,5.4
4.419159808856782,5.086020497277665,-0.6668606884208825,-1.8620159764448065,0,-4.655039941112016,val,-1,4.1,5.4
5.041097676191178,4.19239556620113,0.8487021099900481,-1.735644904040421,0,-4.339112260101052,val,-1,4.1,5.4
4.580640101304008,4.908398979636272,-0.3277588783322642,-1.9617029302899536,0,-4.904257325724884,val,-1,4.1,5.4
4.463406620827225,5.036928239810089,-0.5735216189828637,-1.8955954886770916,0,-4.738988721692729,val,-1,4.1,5.4
4.2145643747823645,4.154351204857598,0.060213169924766344,-1.6965915715971667,1,4.1725460524893,val,-1,4.1,5.4
4.243200924224185,4.613814363742722,-0.37061343951853704,-1.9902909106737583,0,-4.975727276684395,val,-1,4.1,5.4
3.9024493198536465,4.309740470491749,-0.40729115063810295,-1.8400527728781881,1,3.6959004905229174,val,-1,4.1,5.4
4.450121247100309,4.458908010470956,-0.008786763370646482,-1.9360906949755454,1,3.154391304041816,val,-1,4.1,5.4
3.517799816891112,4.394454320307088,-0.876654503415976,-1.8997661599082083,1,3.3977106109158943,val,-1,4.1,5.4
4.97439101083946,4.496089109396607,0.47830190144285295,-1.9533964895428773,0,-4.8834912238571935,val,-1,4.1,5.4
3.3342010961139184,4.2771033954585365,-0.9429022993446182,-1.8134993137220494,0,-4.5337482843051236,val,-1,4.1,5.4
4.468396137917013,5.002525074878118,-0.5341289369611053,-1.9164099002308776,1,0.6930987782153387,val,-1,4.1,5.4
4.682812121376832,4.168726062578582,0.5140860587982505,-1.7116393875568332,0,-4.279098468892083,val,-1,4.1,5.4
5.402694889673833,4.855869791057387,0.5468250986164458,-1.9794485505740282,0,-4.948621376435071,val,-1,4.1,5.4
4.418420157640304,4.333646567221922,0.08477359041838198,-1.8582607316012771,0,-4.645651829003193,val,-1,4.1,5.4
3.7891682426531363,4.758698755726854,-0.969530513073718,-1.997855787954441,1,1.8680318655183208,val,-1,4.1,5.4
4.113315236672824,4.465974487928955,-0.35265925125613173,-1.9395865209514072,1,3.1268990176485456,val,-1,4.1,5.4
4.097912540237053,4.581099940944081,-0.4831874007070272,-1.9827879328752553,1,2.6580179336721335,val,-1,4.1,5.4
4.249377331686217,4.755887586867332,-0.506510255181115,-1.9981081695611909,1,1.8810624903893225,val,-1,4.1,5.4
3.943389559519,4.259030574678531,-0.315641015159531,-1.797962472700629,1,3.8618438948176896,val,-1,4.1,5.4
4.371473624240199,4.269863458751259,0.10161016548893961,-1.8073461193220437,0,-4.51836529830511,val,-1,4.1,5.4
5.587412671102752,5.197738533434036,0.3896741376687162,-1.7690238610202698,0,-4.4225596525506745,val,-1,4.1,5.4
4.630276768718243,4.60985811077249,0.020418657945753135,-1.9894966270768033,1,2.5351457788893312,val,-1,4.1,5.4
3.687465869951872,4.3204312222565475,-0.6329653523046754,-1.848325941739771,1,3.6596884475277203,val,-1,4.1,5.4
5.044222207445256,5.141532788946651,-0.09731058150139522,-1.8186446753563452,0,-4.546611688390863,val,-1,4.1,5.4
5.3156776634495255,5.283167219080014,0.032510444369511074,-1.6829615154242952,0,-4.207403788560738,val,-1,4.1,5.4
5.586851601940085,5.1784507202124965,0.4084008817275877,-1.7866899070990379,0,-4.4667247677475945,val,-1,4.1,5.4
4.550708398869415,5.028266203843624,-0.4775578049742088,-1.9010484696870389,0,-4.752621174217597,val,-1,4.1,5.4
3.8373991711354836,4.229177950184885,-0.3917787790494017,-1.7710151313542069,0,-4.427537828385518,val,-1,4.1,5.4
4.792728742448113,5.287291617234941,-0.49456287478682764,-1.6784904958222757,1,-0.7259201150658741,val,-1,4.1,5.4
4.076092218427407,4.851373150015497,-0.7752809315880898,-1.980714474828824,1,1.430812780850101,val,-1,4.1,5.4
5.390936459572508,5.270358087275726,0.1205783722967819,-1.6966642907963176,0,-4.241660726990794,val,-1,4.1,5.4
4.396018058489373,4.832641223429776,-0.43662316494040254,-1.9855568153959802,0,-4.96389203848995,val,-1,4.1,5.4
4.554433919681227,4.112799073039595,0.44163484664163183,-1.6511342024667206,0,-4.127835506166802,val,-1,4.1,5.4
5.79212098886708,5.3925111716355705,0.3996098172315095,-1.5549917598802323,0,-3.887479399700581,val,-1,4.1,5.4
4.184161683261309,4.2721171872966925,-0.08795550403538344,-1.8092717248024106,0,-4.523179312006026,val,-1,4.1,5.4
5.047519703219677,5.000427135063712,0.04709256815596444,-1.9176060502519987,1,0.7034856734567017,val,-1,4.1,5.4
4.21116984767287,4.534574728094809,-0.32340488042194,-1.96846531160886,0,-4.92116327902215,val,-1,4.1,5.4
4.366788803663911,4.334264884892016,0.03252391877189566,-1.8587176251113415,0,-4.646794062778354,val,-1,4.1,5.4
4.261347720753118,4.282776964723281,-0.02142924397016236,-1.81825484119848,1,3.7853467132311587,val,-1,4.1,5.4
5.572379804088228,4.970021633831282,0.6023581702569464,-1.933991736683507,0,-4.834979341708768,val,-1,4.1,5.4
4.138826748583763,4.495010554680349,-0.35618380609658623,-1.9529324006919169,1,3.012309702228234,val,-1,4.1,5.4
5.4623869202177024,4.897750894067662,0.5646360261500402,-1.9657392269820546,1,1.2071625501187364,val,-1,4.1,5.4
5.63531334042629,5.316279200866492,0.319034139559798,-1.6462655830093678,1,-0.8689973191501721,val,-1,4.1,5.4
4.507525323380896,4.363776360754781,0.14374896262611478,-1.8796950766364218,0,-4.699237691591055,val,-1,4.1,5.4
3.4937758332726885,4.255493190002512,-0.7617173567298235,-1.7948525721313429,1,3.873053989874583,val,-1,4.1,5.4
3.9496156984608786,4.609847861786798,-0.660232163325919,-1.989494528977884,0,-4.97373632244471,val,-1,4.1,5.4
4.928431578889094,5.002900994635055,-0.07446941574596062,-1.916194676597974,0,-4.790486691494936,val,-1,4.1,5.4
5.342655531405044,5.328457143074226,0.014198388330818584,-1.6323133909870422,1,-0.9288944352043595,val,-1,4.1,5.4
3.5082926860388897,4.31239724272604,-0.8041045566871503,-1.842128422957437,0,-4.605321057393593,val,-1,4.1,5.4
5.664066294107631,4.696327297443728,0.9677389966639034,-1.9997420278870957,1,2.1534868921527988,val,-1,4.1,5.4
4.505106733030245,4.462522616698334,0.04258411633191116,-1.9378909504238027,0,-4.844727376059507,val,-1,4.1,5.4
4.239130730543582,4.365980096194511,-0.12684936565092883,-1.8811960776330017,1,3.500767839654833,val,-1,4.1,5.4
4.769231929337837,4.500836839000692,0.26839509033714554,-1.9554123550174818,1,2.989007532023492,val,-1,4.1,5.4
4.629970241691788,5.134292441534847,-0.5043221998430595,-1.8246222609297598,1,0.03650073606650889,val,-1,4.1,5.4
2.9312468556917435,4.2206998414786225,-1.289452985786879,-1.7630732955175628,0,-4.407683238793907,val,-1,4.1,5.4
5.11003571591804,5.229724931584687,-0.1196892156666465,-1.7382796230492414,0,-4.345699057623103,val,-1,4.1,5.4
4.712500484854827,5.183829995412733,-0.4713295105579059,-1.7818294935930254,1,-0.21112392211218853,val,-1,4.1,5.4
4.956739722639858,4.986331619171745,-0.029591896531886545,-1.9254235655432095,1,0.7731899952176252,val,-1,4.1,5.4
4.554000871132954,4.48455853474185,0.06944233639110352,-1.9483174254808286,1,3.0538556785730626,val,-1,4.1,5.4
3.336368057085214,4.3159557356544775,-0.9795876785692637,-1.8448881844759664,0,-4.612220461189916,val,-1,4.1,5.4
4.791936300861621,5.294623677786261,-0.5026873769246408,-1.6704717893478225,0,-4.176179473369556,val,-1,4.1,5.4
4.691418319523231,4.192852673834218,0.4985656456890124,-1.7360989728778244,1,4.0634096340242944,val,-1,4.1,5.4
5.547865123617704,4.716808492416362,0.8310566312013422,-1.9999804679451938,1,2.060620673048008,val,-1,4.1,5.4
4.501899582305935,4.568298245699839,-0.06639866339390399,-1.9792737575306332,1,2.712013402940941,val,-1,4.1,5.4
4.364962907816038,4.307650407257509,0.05731250055852858,-1.8384107456987717,0,-4.596026864246929,val,-1,4.1,5.4
5.550330363189091,5.358290487085255,0.19203987610383577,-1.5971149157515603,1,-1.0750293162426312,val,-1,4.1,5.4
4.54743550948678,4.384636922085026,0.16279858740175476,-1.8935367649234756,1,3.433558303877567,val,-1,4.1,5.4
6.592133808198191,5.025314528297574,1.566819279900616,-1.9028740641473882,0,-4.75718516036847,val,-1,4.1,5.4
6.2528956996936795,5.242798141805636,1.0100975578880431,-1.7252003071154416,1,-0.5051640480661549,val,-1,4.1,5.4
4.600884893639865,4.9695749310258215,-0.3686900373859568,-1.9342191763686607,1,0.855853199763492,val,-1,4.1,5.4
4.112899505955993,4.286576712879089,-0.17367720692309646,-1.8214070353521996,0,-4.553517588380499,val,-1,4.1,5.4
5.832860357729554,5.1307543752092135,0.70210598252034,-1.827508495011915,1,0.05419033094754623,val,-1,4.1,5.4
4.739728220790705,4.38016650629728,0.35956171449342544,-1.890639660903713,0,-4.726599152259283,val,-1,4.1,5.4
5.9245323229339535,5.3427350398943,0.5817972830396536,-1.6156471615732988,1,-0.9989440777561325,val,-1,4.1,5.4
4.623044343895752,4.207715413156826,0.4153289307389255,-1.7506647167974922,0,-4.3766617919937305,val,-1,4.1,5.4
4.445706933936526,4.933339110045155,-0.4876321761086292,-1.9513793248604268,1,1.0337574719854896,val,-1,4.1,5.4
4.170537269435134,4.897480119027823,-0.7269428495926886,-1.9658389638210434,0,-4.914597409552608,val,-1,4.1,5.4
3.865212134659365,4.724093360851176,-0.8588812261918113,-1.9998630090418013,0,-4.999657522604503,val,-1,4.1,5.4
3.9185217090556788,4.314751025644705,-0.39622931658902655,-1.8439564949599971,0,-4.609891237399993,val,-1,4.1,5.4
4.694297230304057,4.427580701772448,0.2667165285316092,-1.9194310778332533,1,3.2743551414706387,val,-1,4.1,5.4
4.749074138647974,5.049542532327841,-0.3004683936798669,-1.8874001974193833,0,-4.718500493548458,val,-1,4.1,5.4
6.572796614414294,5.34631088582342,1.2264857285908741,-1.611421459878366,0,-4.028553649695915,val,-1,4.1,5.4
4.367239534923987,5.303542720475611,-0.936303185551624,-1.6605964603723447,1,-0.8062153085187763,val,-1,4.1,5.4
4.918961831120487,5.05861986848689,-0.13965803736640303,-1.8813169150811933,0,-4.7032922877029835,val,-1,4.1,5.4
5.044706963197085,4.40378641776772,0.640920545429365,-1.905517880432651,1,3.3633313225906147,val,-1,4.1,5.4
6.23424233864745,5.093853610355667,1.1403887282917835,-1.8562407569525914,1,0.2386045614553964,val,-1,4.1,5.4
3.9335632373111835,4.486505885432787,-0.5529426481216033,-1.9491934057851712,0,-4.872983514462928,val,-1,4.1,5.4
4.65703902595925,4.465765324924274,0.19127370103497526,-1.9394844369581408,0,-4.848711092395352,val,-1,4.1,5.4
5.53037312413089,5.097621956654275,0.43275116747661513,-1.8534218223098649,0,-4.633554555774662,val,-1,4.1,5.4
3.8216732810524423,4.9915238787128215,-1.1698505976603795,-1.9225883087743938,1,0.7475306736468192,val,-1,4.1,5.4
4.9434229752944585,4.455022148153179,0.488400827141279,-1.9341271266196918,0,-4.83531781654923,val,-1,4.1,5.4
4.4233964128172145,4.312593002481769,0.11080341033544541,-1.8422808495591672,1,3.6862794539029653,val,-1,4.1,5.4
3.9959765581901503,4.233791276023496,-0.23781471783334526,-1.7752832027661665,0,-4.438208006915416,val,-1,4.1,5.4
5.326515641926049,4.736196028802146,0.5903196131239029,-1.9994332512146873,0,-4.998583128036718,val,-1,4.1,5.4
5.239710589879094,5.183010064856351,0.05670052502274322,-1.7825736712294518,0,-4.456434178073629,val,-1,4.1,5.4
4.080544577604615,4.520233679430114,-0.43968910182549836,-1.9631898136272712,0,-4.9079745340681775,val,-1,4.1,5.4
5.690396904307323,4.874722085547381,0.8156748187599424,-1.9737057813144587,0,-4.934264453286147,val,-1,4.1,5.4
3.9668138363462484,4.336133794196157,-0.36931995784990845,-1.860094297619108,1,3.605743038514087,val,-1,4.1,5.4
5.294695013415879,4.518261235388616,0.7764337780272625,-1.962432620306454,0,-4.906081550766135,val,-1,4.1,5.4
3.5850901871096976,5.003907835504437,-1.4188176483947392,-1.9156169007647932,0,-4.789042251911983,val,-1,4.1,5.4
5.304892890538905,4.752031602685571,0.552861287853333,-1.9984286682971721,1,1.8989119525702391,val,-1,4.1,5.4
5.056105391093674,5.231833516920835,-0.17572812582716063,-1.7361900890952615,0,-4.340475222738154,val,-1,4.1,5.4
5.3571144058340305,5.176608775991657,0.18050562984237364,-1.7883423099356524,1,-0.17504483563843926,val,-1,4.1,5.4
4.605553452329117,4.487079862380075,0.11847358994904104,-1.9494501886077076,1,3.0438639556210934,val,-1,4.1,5.4
4.761134577587671,4.137822325397769,0.6233122521899018,-1.678855783425362,0,-4.197139458563405,val,-1,4.1,5.4
4.445481614757614,4.936134375633151,-0.49065276087553794,-1.95014650023711,1,1.0200791029001643,val,-1,4.1,5.4
5.131051066126885,5.229945600157086,-0.09889453403020072,-1.7380613101771303,1,-0.441190203306979,val,-1,4.1,5.4
5.027014612699486,5.205698693113042,-0.17868408041355513,-1.7615407846827331,0,-4.403851961706833,val,-1,4.1,5.4
4.423036805190316,4.119222755902404,0.30381404928791167,-1.6583499061487688,1,4.266729758254125,val,-1,4.1,5.4
4.306802677185864,4.296925188233603,0.009877488952261612,-1.8298584515080427,1,3.7387517858920196,val,-1,4.1,5.4
4.520421630447772,4.337057526420287,0.18336410402748507,-1.8607723366382627,1,3.602541782704253,val,-1,4.1,5.4
4.705231308638413,4.466498238903216,0.23873306973519695,-1.9398417703155648,1,3.1248551207224065,val,-1,4.1,5.4
3.5228643084288978,4.512665777438726,-0.9898014690098281,-1.9602430627626843,1,2.941386526454737,val,-1,4.1,5.4
4.086419144216031,4.206155317282201,-0.11973617306617033,-1.749153906430081,0,-4.372884766075202,val,-1,4.1,5.4
4.657587150656632,4.5760190927167566,0.08156805793987583,-1.9814320557924419,0,-4.9535801394811045,val,-1,4.1,5.4
5.423762308275973,5.275165835079066,0.14859647319690653,-1.6915536389296628,1,-0.6658816906259981,val,-1,4.1,5.4
5.761550477280943,4.259538049112421,1.5020124281685228,-1.7984067757206743,1,3.8602317238687958,val,-1,4.1,5.4
5.619933653131503,5.1170898131152525,0.5028438400162507,-1.8384404671006935,1,0.12250194337357023,val,-1,4.1,5.4
4.9757028028195,4.173908712278241,0.8017940905412587,-1.7169780789036453,1,4.117871176115093,val,-1,4.1,5.4
3.9455651347663503,4.182226794973322,-0.23666166020697177,-1.7254501380690639,0,-4.313625345172659,val,-1,4.1,5.4
5.174669337755255,4.65763601363042,0.5170333241248353,-1.9970028615008242,0,-4.992507153752061,val,-1,4.1,5.4
6.46639311859866,5.356527287078972,1.1098658315196877,-1.5992350377536249,0,-3.998087594384062,val,-1,4.1,5.4
4.145954430293401,4.381776205976588,-0.23582177568318757,-1.8916872013000088,0,-4.729218003250022,val,-1,4.1,5.4
4.989975071133192,5.3324948371154814,-0.342519765982289,-1.6276338912401236,1,-0.9487238301997875,val,-1,4.1,5.4
3.284039679011008,4.1559996165229744,-0.8719599375119668,-1.6983350084640856,1,4.167999060991209,val,-1,4.1,5.4
4.504876372038978,5.254622286995864,-0.7497459149568858,-1.713116640062079,1,-0.5639455750978508,val,-1,4.1,5.4
5.868949358063655,4.834917546855822,1.034031811207833,-1.985005524139817,0,-4.9625138103495425,val,-1,4.1,5.4
4.312999996032545,5.168914352871479,-0.8559143568389335,-1.7951792793935883,0,-4.487948198483971,val,-1,4.1,5.4
4.695754955088469,4.726359352114219,-0.030604397025750407,-1.9998048318880373,0,-4.999512079720093,val,-1,4.1,5.4
4.920916247172248,4.426835704423869,0.4940805427483793,-1.9190118962465235,0,-4.797529740616309,val,-1,4.1,5.4
5.333349883839906,5.197335420845068,0.13601446299483852,-1.7693998354894327,1,-0.27856951948827935,val,-1,4.1,5.4
4.730372082248024,4.543242875049042,0.1871292071989819,-1.9714577429689646,1,2.8163985932233255,val,-1,4.1,5.4
5.030268942471312,5.0494642971538175,-0.019195354682505824,-1.8874519523852162,0,-4.71862988096304,val,-1,4.1,5.4
5.973293304913545,5.341660864114273,0.6316324407992719,-1.6169125199378418,0,-4.042281299844604,val,-1,4.1,5.4
4.471449598759801,5.289418444297361,-0.8179688455375603,-1.6761737637921823,0,-4.1904344094804555,val,-1,4.1,5.4
4.569462039811443,4.762485480989203,-0.19302344117776046,-1.9974908654491235,1,1.85045592226865,val,-1,4.1,5.4
4.406906590315544,4.412531643222082,-0.005625052906538215,-1.9107572783096414,0,-4.776893195774104,val,-1,4.1,5.4
4.028337692442382,5.128705290226911,-1.1003675977845286,-1.829169609952653,1,0.0644350331737317,val,-1,4.1,5.4
3.7481577822028305,4.159192439350986,-0.41103465714815546,-1.701698756478288,0,-4.25424689119572,val,-1,4.1,5.4
5.179362648114047,5.269959389766457,-0.09059674165240993,-1.697086348224784,1,-0.6400724413365695,val,-1,4.1,5.4
5.764345276528187,4.835425154122018,0.9289201224061687,-1.9848811866535572,1,1.5070329305385095,val,-1,4.1,5.4
3.7656175742212374,4.1210067469730145,-0.3553891727517773,-1.6603417295310154,1,4.2620725962352015,val,-1,4.1,5.4
5.503824075859939,4.775882216208525,0.7279418596514132,-1.9959699631654155,1,1.7880642038990051,val,-1,4.1,5.4
4.338117302323688,4.741880474997563,-0.4037631726738752,-1.9991303147821735,0,-4.997825786955434,val,-1,4.1,5.4
5.400157831639316,4.376772561613871,1.023385270025445,-1.8884149414662423,1,3.4620360244096684,val,-1,4.1,5.4
4.678664325733772,4.903552214356441,-0.22488788862266942,-1.9635677674058047,0,-4.908919418514512,val,-1,4.1,5.4
4.751532484343944,4.102045106181297,0.649487378162647,-1.6389019500927995,0,-4.097254875231998,val,-1,4.1,5.4
6.18387260587612,4.404122547559996,1.7797500583161248,-1.9057219565143748,0,-4.764304891285937,val,-1,4.1,5.4
5.3983930628092285,4.785049859035274,0.6133432037739547,-1.9947227191558776,0,-4.986806797889694,val,-1,4.1,5.4
5.253898272505003,4.358885795049131,0.8950124774558712,-1.8763314332083871,0,-4.690828583020968,val,-1,4.1,5.4
3.8005237613812044,4.416813286390874,-0.6162895250096697,-1.913269213182783,0,-4.783173032956958,val,-1,4.1,5.4
5.031829369879155,4.66732420899631,0.36450516088284496,-1.9979695100468808,0,-4.994923775117202,val,-1,4.1,5.4
4.633045313787507,4.172334871235521,0.460710442551986,-1.7153617212943453,0,-4.288404303235863,val,-1,4.1,5.4
4.277576905065089,4.370657894699826,-0.09308098963473604,-1.8843519170584866,1,3.484030038888865,val,-1,4.1,5.4
4.380001435087175,4.195733465762491,0.18426796932468412,-1.738952262816351,1,4.05499948860782,val,-1,4.1,5.4
4.496162274039835,5.137953478416592,-0.6417912043767572,-1.8216116670833788,1,0.018195835702894264,val,-1,4.1,5.4
4.487136446260995,4.753239405147977,-0.2661029588869823,-1.9983314748463012,0,-4.995828687115753,val,-1,4.1,5.4
3.712086349535802,4.440006082369192,-0.72791973283339,-1.9262651338283179,0,-4.815662834570794,val,-1,4.1,5.4
4.234590769517469,5.135812382726313,-0.9012216132088443,-1.8233753287952195,1,0.028901193377917776,val,-1,4.1,5.4
4.751409428451255,4.301602425660394,0.4498070027908609,-1.8336140222041353,0,-4.584035055510338,val,-1,4.1,5.4
4.74714687236306,5.225771035780941,-0.47862416341788133,-1.7421769538993888,0,-4.355442384748472,val,-1,4.1,5.4
4.9007661549344474,4.699330195867285,0.20143595906716286,-1.9998294705703403,1,2.1399266778810677,val,-1,4.1,5.4
5.952478758296572,4.830268813662144,1.1222099446344282,-1.986120428224476,1,1.5315955298195072,val,-1,4.1,5.4
5.1724766080598155,4.505920145571926,0.6665564624878899,-1.9575218438917257,1,2.968593986742631,val,-1,4.1,5.4
4.047155906722323,4.416003698481555,-0.3688477917592322,-1.9127969354851542,1,3.3178808009283807,val,-1,4.1,5.4
4.314369612733928,4.459689885480335,-0.1453202727464074,-1.9364822528789052,0,-4.841205632197263,val,-1,4.1,5.4
4.184054653984802,4.567900485227794,-0.38384583124299176,-1.979159370001968,0,-4.9478984250049205,val,-1,4.1,5.4
4.850051998201799,4.840964039658871,0.009087958542928133,-1.9834912159205769,0,-4.958728039801442,val,-1,4.1,5.4
5.176777419724939,4.139970785902348,1.0368066338225912,-1.6811871592305658,0,-4.202967898076414,val,-1,4.1,5.4
5.586761174444838,4.601480998913664,0.9852801755311744,-1.987712023167105,1,2.57115877816569,val,-1,4.1,5.4
4.242190260206757,4.543569300230465,-0.3013790400237077,-1.9715675392225802,1,2.8150498726039075,val,-1,4.1,5.4
4.105610931922872,4.918791613942664,-0.8131806820197929,-1.9575489827811279,0,-4.89387245695282,val,-1,4.1,5.4
5.8710141878192825,5.2291784059104325,0.6418357819088499,-1.7388199499598809,1,-0.43736906513402907,val,-1,4.1,5.4
3.736155376101194,5.104431271796645,-1.3682758956954508,-1.8482613519718871,0,-4.620653379929718,val,-1,4.1,5.4
5.743688907369477,5.3887822753300485,0.3549066320394289,-1.5596710547193975,1,-1.2233998770394856,val,-1,4.1,5.4
3.2780951327080547,4.640712198722837,-1.362617066014782,-1.9948646381384014,1,2.40099012258317,val,-1,4.1,5.4
4.635968079905614,4.379039469251141,0.2569286106544729,-1.8899033058012877,1,3.453849187992082,val,-1,4.1,5.4
5.435859028968753,5.2984525643116145,0.13740646465713893,-1.6662486081165226,0,-4.165621520291307,val,-1,4.1,5.4
4.906503993674824,5.158833854829438,-0.252329861154614,-1.8039755316976978,1,-0.08620173534287857,val,-1,4.1,5.4
4.6204005266609025,5.288067384296079,-0.6676668576351766,-1.6776463393765835,1,-0.7297576340088741,val,-1,4.1,5.4
4.706368643985762,4.373910423629576,0.33245822035618594,-1.886521911754163,0,-4.716304779385407,val,-1,4.1,5.4
4.9839926716508955,4.709962052050832,0.2740306196000636,-1.9999941100217533,1,2.0917620426098407,val,-1,4.1,5.4
4.614386600629697,4.520571937476378,0.09381466315331917,-1.96331889895222,1,2.9093279828455385,val,-1,4.1,5.4
6.106062487396166,4.6866583538283235,1.4194041335678422,-1.9993379713837318,0,-4.998344928459329,val,-1,4.1,5.4
4.908396473989015,5.045652566030729,-0.13725609204171452,-1.889959530179261,1,0.478964875922256,val,-1,4.1,5.4
4.731350519226278,5.042347173354624,-0.31099665412834676,-1.8921117799565081,0,-4.73027944989127,val,-1,4.1,5.4
5.796359344439772,4.928450708009271,0.8679086364305,-1.9534986534705912,0,-4.883746633676478,val,-1,4.1,5.4
6.402080100742403,4.540961977755011,1.861118122987391,-1.970684679687068,1,2.8258144014730107,val,-1,4.1,5.4
4.0300932795449835,4.391411933385897,-0.3613186538409135,-1.8978552374749025,1,3.4088548992654784,val,-1,4.1,5.4
4.611824791094865,4.7080239919806255,-0.09619920088576087,-1.9999809469064842,0,-4.999952367266211,val,-1,4.1,5.4
4.812213465162785,5.073338293123155,-0.2611248279603702,-1.8711239671969955,1,0.34100688596220985,val,-1,4.1,5.4
4.533770874913146,4.3384515147294564,0.1953193601836897,-1.8617925474378847,0,-4.654481368594712,val,-1,4.1,5.4
4.636794375926178,4.131406644249712,0.5053877316764662,-1.671847805398407,0,-4.179619513496017,val,-1,4.1,5.4
3.8220284766712456,4.236538339231805,-0.4145098625605593,-1.777806738048624,1,3.9322935149418687,val,-1,4.1,5.4
4.144117191521251,4.267641743764657,-0.12352455224340612,-1.805438881100277,0,-4.5135972027506925,val,-1,4.1,5.4
4.153248086490135,4.703857487261146,-0.5506094007710116,-1.9999272140665698,0,-4.999818035166425,val,-1,4.1,5.4
4.70522668118835,4.563196932967117,0.1420297482212322,-1.9777829882386608,1,2.7334065618025205,val,-1,4.1,5.4
5.152132281995862,5.295297509780805,-0.14316522778494276,-1.669730340778209,1,-0.7655017657660629,val,-1,4.1,5.4
4.627179726635508,4.370579439471445,0.2566002871640626,-1.8842993276496616,0,-4.7107483191241535,val,-1,4.1,5.4
4.470902861514095,4.59497922229637,-0.12407636078227498,-1.98623077706753,1,2.5989855213705946,val,-1,4.1,5.4
4.235866019078933,4.127816975437087,0.10804904364184599,-1.6678966962476107,1,4.244169693251437,val,-1,4.1,5.4
3.1998703826521746,4.17779747347993,-0.9779270908277554,-1.7209536480763736,1,4.106811375790341,val,-1,4.1,5.4
4.830821943131063,5.189106619244398,-0.3582846761133341,-1.7770117357762563,0,-4.44252933944064,val,-1,4.1,5.4
4.775563762859609,5.012820196495757,-0.23725643363614746,-1.9104179344683232,1,0.6420843024329338,val,-1,4.1,5.4
4.346346062694501,4.2212492751149435,0.12509678757955753,-1.7635918217560038,0,-4.40897955439001,val,-1,4.1,5.4
4.497734769752732,5.1287454783434585,-0.631010708590726,-1.8291371047964757,0,-4.57284276199119,val,-1,4.1,5.4
4.305979302333534,4.615299909728458,-0.3093206073949241,-1.9905811146078032,0,-4.976452786519508,val,-1,4.1,5.4
4.8844190632957005,4.288883209289048,0.595535854006653,-1.8233076346153985,0,-4.5582690865384965,val,-1,4.1,5.4
5.652679460321229,5.380405453603735,0.27227400671749485,-1.5701037309679968,1,-1.1827464337679652,val,-1,4.1,5.4
3.8725119183170955,4.254698038574564,-0.38218612025746856,-1.7941504197281906,0,-4.485376049320476,val,-1,4.1,5.4
4.278362993422636,4.283305535659849,-0.004942542237213216,-1.8186949059107789,1,3.7836195162960014,val,-1,4.1,5.4
5.017754694543049,5.210095253070434,-0.19234055852738455,-1.757359847636138,1,-0.34224518048336955,val,-1,4.1,5.4
5.195049990406963,5.045802577209426,0.14924741319753623,-1.8898613629644367,1,0.4782182639403273,val,-1,4.1,5.4
4.02382263051807,4.1898681225831345,-0.1660454920650644,-1.7331277189161929,1,4.072087126322513,val,-1,4.1,5.4
4.350637481325792,4.907859037921093,-0.5572215565953007,-1.9619129594992504,1,1.1580561110462175,val,-1,4.1,5.4
4.737679818308935,4.6628869029402376,0.07479291536869725,-1.9975500446822285,1,2.303153982502648,val,-1,4.1,5.4
4.341834162835276,5.253595228611505,-0.9117610657762278,-1.714175763776079,1,-0.5588427551948274,val,-1,4.1,5.4
5.305117946955889,4.903412886007186,0.4017050609487023,-1.9636206934170826,0,-4.909051733542706,val,-1,4.1,5.4
5.552940380701016,4.959053625954997,0.5938867547460188,-1.939464421401566,0,-4.848661053503915,val,-1,4.1,5.4
5.251334146721543,4.716784987834881,0.5345491588866621,-1.9999806751496187,0,-4.999951687874047,val,-1,4.1,5.4
3.2878708612672676,4.1066580664781185,-0.8187872052108509,-1.6441723237071513,0,-4.1104308092678785,val,-1,4.1,5.4
4.52590600139925,4.59963973043921,-0.07373372903996026,-1.9873010680101522,1,2.5790502464753775,val,-1,4.1,5.4
5.005026906514957,4.485249158191651,0.5197777483233061,-1.9486289355527606,1,3.051120747453982,val,-1,4.1,5.4
4.962736150144823,4.814405378317586,0.1483307718272374,-1.9896016774920693,1,1.6069039669543845,val,-1,4.1,5.4
4.924942859504728,4.724616469982078,0.20032638952264992,-1.999850490360944,1,2.0249878989568195,val,-1,4.1,5.4
5.360131504671187,5.256226734218721,0.10390477045246498,-1.7114584850462498,0,-4.278646212615625,val,-1,4.1,5.4
4.786179307235795,4.29180721198543,0.49437209525036563,-1.8257031273202382,0,-4.564257818300596,val,-1,4.1,5.4
4.116295587969994,4.191027619062949,-0.07473203109295594,-1.7342838846377044,0,-4.335709711594261,val,-1,4.1,5.4
3.7675099039321975,4.722908605448042,-0.9553987015158446,-1.9998893385090386,1,2.0327925962665603,val,-1,4.1,5.4
4.456318101885033,4.2621972730700435,0.19412082881498996,-1.8007273994644022,1,3.8517675202566455,val,-1,4.1,5.4
6.3570019847833,5.037409714255263,1.3195922705280363,-1.895288211408166,1,0.5199728659007928,val,-1,4.1,5.4
4.837275461482634,4.380242204878497,0.4570332566041369,-1.890689032881105,0,-4.726722582202763,val,-1,4.1,5.4
4.814615807749146,4.415841975115053,0.3987738326340923,-1.912702442997722,1,3.318485690852879,val,-1,4.1,5.4
6.098509053214245,4.8959363638397395,1.2025726893745055,-1.9664048345401668,0,-4.916012086350417,val,-1,4.1,5.4
4.6957284910072765,5.12538393039302,-0.42965543938574313,-1.8318457928663416,1,0.0810400673641111,val,-1,4.1,5.4
4.41595385352268,4.986342045464157,-0.570388191941477,-1.9254179242064182,1,0.7731384907925418,val,-1,4.1,5.4
4.5742752944121134,4.791463578829822,-0.21718828441770835,-1.9937504653191798,1,1.715095269530801,val,-1,4.1,5.4
4.9775399980650805,4.670663756540984,0.3068762415240963,-1.9982592582689653,1,2.268571325126483,val,-1,4.1,5.4
6.498037741205063,5.385934361079075,1.1121033801259879,-1.563230225114586,1,-1.2095881907176367,val,-1,4.1,5.4
5.600129480624698,4.909681861349655,0.6904476192750431,-1.9612016150156932,0,-4.903004037539233,val,-1,4.1,5.4
5.3000067394531545,5.2942991464424765,0.005707593010677619,-1.6708286156286396,1,-0.7605684186864476,val,-1,4.1,5.4
5.206263875879398,4.294183826615553,0.9120800492638451,-1.8276386729726868,1,3.7478387720763213,val,-1,4.1,5.4
5.3612471918604765,5.133590227643369,0.22765696421710727,-1.8251969210247532,1,0.04001170267855319,val,-1,4.1,5.4
5.284739019079769,5.0582365735805315,0.22650244549923707,-1.8815769227947363,1,0.41629791959442775,val,-1,4.1,5.4
4.240718614537236,4.300232121193197,-0.05951350665596111,-1.8325178920981022,1,3.7277526765183,val,-1,4.1,5.4
4.795575596547413,5.301724755788824,-0.5061491592414106,-1.6626200888908902,1,-0.7972431005940654,val,-1,4.1,5.4
5.300101825947046,5.392371242529515,-0.0922694165824701,-1.5551677441363954,0,-3.8879193603409883,val,-1,4.1,5.4
3.8349627660472345,4.38178919972598,-0.5468264336787454,-1.891695637271766,1,3.443894840437692,val,-1,4.1,5.4
3.1455393072462305,4.353555155980788,-1.2080158487345576,-1.8726140016103312,1,3.5448530362849877,val,-1,4.1,5.4
3.70370594465752,4.162374293282379,-0.45866834862485867,-1.705033690413497,1,4.1503086295175535,val,-1,4.1,5.4
5.575764377255999,4.7366781932433595,0.83908618401264,-1.9994100631431122,1,1.9697006961435344,val,-1,4.1,5.4
5.012650363193968,5.140297877413716,-0.12764751421974788,-1.81967096298246,0,-4.54917740745615,val,-1,4.1,5.4
4.13672496711819,4.954801544616666,-0.8180765774984765,-1.941523351470872,0,-4.85380837867718,val,-1,4.1,5.4
4.392431397475891,4.271590497148721,0.12084090032716945,-1.8088225386199788,1,3.821651637770894,val,-1,4.1,5.4
6.791012952879972,5.327906912668,1.463106040211971,-1.6329490238361037,0,-4.08237255959026,val,-1,4.1,5.4
4.51275052111369,4.542663158196323,-0.029912637082632983,-1.9712622318205986,0,-4.928155579551497,val,-1,4.1,5.4
6.241824535957301,4.721715526541009,1.5201090094162928,-1.9999130161673169,1,2.038241280244495,val,-1,4.1,5.4
4.96592829785334,4.591716970603419,0.37421132724992145,-1.9854559278218413,0,-4.963639819554603,val,-1,4.1,5.4
3.575234831604786,4.766741328196125,-1.1915064965913391,-1.9970465494796028,1,1.8306709109205566,val,-1,4.1,5.4
5.109234216104605,4.8657914148409835,0.24344280126362136,-1.976513804375212,1,1.3615899103522406,val,-1,4.1,5.4
6.233162162418559,4.9080737195333946,1.3250884428851646,-1.9618295200739475,1,1.157011863956669,val,-1,4.1,5.4
5.568168607736616,5.2159049207685255,0.3522636869680905,-1.7517830189809163,1,-0.3712194506379721,val,-1,4.1,5.4
4.677116917024263,5.335224481144292,-0.6581075641200295,-1.624455322831403,0,-4.061138307078507,val,-1,4.1,5.4
5.437658196728824,5.14718714482113,0.29047105190769423,-1.8139101588655138,0,-4.534775397163784,val,-1,4.1,5.4
6.087083894433258,5.237564926880571,0.8495189675526865,-1.7304714831150876,1,-0.47912506426668633,val,-1,4.1,5.4
3.6680170679489974,4.548224084089152,-0.8802070161401547,-1.9731103581946192,0,-4.932775895486548,val,-1,4.1,5.4
4.652841718779446,4.514600024765505,0.13824169401394143,-1.9610068971152188,0,-4.902517242788047,val,-1,4.1,5.4
5.505318643005372,5.246150505770518,0.25916813723485455,-1.7217987890993534,0,-4.3044969727483835,val,-1,4.1,5.4
6.010421502203197,5.30351915398522,0.7069023482179774,-1.660622728033047,0,-4.151556820082617,val,-1,4.1,5.4
4.419733186066264,4.593154191273025,-0.17342100520676115,-1.9857999005220326,1,2.606776715222401,val,-1,4.1,5.4
3.9498340222966988,4.413440673728738,-0.4636066514320392,-1.9112935147470613,0,-4.778233786867653,val,-1,4.1,5.4
4.8706749913225575,4.431372568210111,0.43930242311244705,-1.9215481013666007,0,-4.803870253416502,val,-1,4.1,5.4
5.2397839668397586,4.9819804101711735,0.257803556668585,-1.9277595888838894,1,0.7946769538511701,val,-1,4.1,5.4
5.012379368671593,4.986667052869786,0.025712315801807363,-1.9252419680370678,1,0.771532957587155,val,-1,4.1,5.4
4.864735233056999,5.095985919470097,-0.23125068641309854,-1.8546489052158828,1,0.22795462812742542,val,-1,4.1,5.4
5.269190927404111,4.707198996230799,0.5619919311733121,-1.9999730641249445,0,-4.9999326603123615,val,-1,4.1,5.4
4.727058967758388,4.973483613546397,-0.24642464578800935,-1.9322159806373775,0,-4.830539951593444,val,-1,4.1,5.4
6.601366980074835,5.217896289315081,1.383470690759754,-1.749857843966371,0,-4.3746446099159275,val,-1,4.1,5.4
4.192028653904586,4.347704281678725,-0.15567562777413874,-1.8684725226086984,1,3.565423539062631,val,-1,4.1,5.4
4.955648400656321,4.130258916838651,0.8253894838176694,-1.6705868548031908,0,-4.176467137007977,val,-1,4.1,5.4
5.886967645639782,5.188220747387724,0.6987468982520578,-1.7778240300299033,1,-0.2330559966493585,val,-1,4.1,5.4
4.778983378714296,4.461026682862617,0.3179566958516794,-1.937148969868263,1,3.146165033418247,val,-1,4.1,5.4
5.335271957131888,5.366756265986517,-0.03148430885462857,-1.5868663863210648,0,-3.967165965802662,val,-1,4.1,5.4
5.807777742895479,5.0856824035183195,0.72209533937716,-1.8622626776536366,0,-4.655656694134091,val,-1,4.1,5.4
4.791617081532351,4.670133178289788,0.12148390324256259,-1.9982147128567407,1,2.27093512236384,val,-1,4.1,5.4
3.6664262639557053,4.150763979211925,-0.48433771525621994,-1.6927816291116897,1,4.182401883636632,val,-1,4.1,5.4
5.224777349865855,5.1141910606925975,0.11058628917325734,-1.8407154713742793,0,-4.601788678435698,val,-1,4.1,5.4
4.865447452875791,4.564033888660012,0.30141356421577914,-1.978031104351618,0,-4.9450777608790455,val,-1,4.1,5.4
3.8430576423167926,4.840589052337386,-0.9975314100205932,-1.9835872390331468,1,1.4823941728554881,val,-1,4.1,5.4
6.104870053265532,5.390355020829256,0.7145150324362757,-1.5577000980867888,1,-1.2310230616342268,val,-1,4.1,5.4
3.7770539030010917,4.868633502397468,-1.091579599396376,-1.9756372725171851,1,1.3479110424878282,val,-1,4.1,5.4
4.962364009376351,4.782369326831648,0.1799946825447033,-1.9951047493721628,0,-4.987761873430407,val,-1,4.1,5.4
4.503733286445346,4.524397058674193,-0.020663772228847358,-1.9647629968070013,0,-4.911907492017503,val,-1,4.1,5.4
3.899859701083091,4.904784436603203,-1.0049247355201119,-1.9630980297267695,1,1.173005604242767,val,-1,4.1,5.4
5.278718582779225,5.392364426011287,-0.11364584323206216,-1.5551763162704502,0,-3.8879407906761254,val,-1,4.1,5.4
4.227958691058875,4.833277415782914,-0.6053187247240382,-1.9854037749694695,0,-4.9635094374236735,val,-1,4.1,5.4
5.47077786615417,5.221663586713729,0.24911427944044104,-1.746196797365153,1,-0.39992700013519944,val,-1,4.1,5.4
4.856249371417049,5.227218801639916,-0.3709694302228671,-1.7407530573156766,1,-0.4276077678547508,val,-1,4.1,5.4
5.5376727817500715,5.380131844107827,0.15754093764224505,-1.5704426360724517,1,-1.1814171679175915,val,-1,4.1,5.4
4.7165173479146985,4.478647397137669,0.23786995077702916,-1.9456131694522956,0,-4.864032923630739,val,-1,4.1,5.4
5.025433529627613,4.336746299027261,0.688687230600352,-1.8605440664684454,0,-4.651360166171114,val,-1,4.1,5.4
4.002084057959275,4.509195976996712,-0.5071119190374377,-1.9588544621101338,0,-4.8971361552753345,val,-1,4.1,5.4
5.176561939934707,4.13200165132951,1.0445602886051968,-1.6725006431643807,1,4.233071219812692,val,-1,4.1,5.4
3.1634745532540913,4.384813046973759,-1.2213384937196683,-1.893650130239734,0,-4.734125325599335,val,-1,4.1,5.4
4.198591940783344,4.860312019304094,-0.6617200785207497,-1.9781586444691557,1,1.3879309107875923,val,-1,4.1,5.4
4.719929018243846,4.993524508670118,-0.2735954904262722,-1.9214820182365726,1,0.7376384618764842,val,-1,4.1,5.4
3.92902866120935,4.941563906915146,-1.012535245705796,-1.9477083235610195,1,0.9934875218400792,val,-1,4.1,5.4
4.143344132787772,5.211819065082407,-1.0684749322946352,-1.7557113026108369,0,-4.389278256527092,val,-1,4.1,5.4
5.197698661298804,5.011439228819423,0.18625943247938093,-1.9112334579842782,0,-4.778083644960695,val,-1,4.1,5.4
4.115296018984378,5.180898462283868,-1.06560244329949,-1.7844846655555473,1,-0.19647844289980135,val,-1,4.1,5.4
3.630299377339908,4.118111948314522,-0.48781257097461356,-1.6571070244575488,0,-4.142767561143872,val,-1,4.1,5.4
4.728594425014043,4.24999088356443,0.4786035414496132,-1.7899705829270645,0,-4.474926457317661,val,-1,4.1,5.4
5.029696543375287,4.345151070576188,0.6845454727990989,-1.8666452046940882,1,3.5743619072347954,val,-1,4.1,5.4
5.013770747189647,5.2444703923620875,-0.23069964517244052,-1.7235059583294543,1,-0.5134818069038972,val,-1,4.1,5.4
4.907553524946191,4.481528505711643,0.42602501923454744,-1.946939731370335,1,3.0658376351866594,val,-1,4.1,5.4
4.845003416374505,4.381510170252636,0.4634932461218692,-1.8915144119016225,1,3.444906148300013,val,-1,4.1,5.4
4.5350840094125715,4.215202437887846,0.319881571524726,-1.7578558604413554,1,3.997283355413405,val,-1,4.1,5.4
4.555781607366481,4.731393237128578,-0.17561162976209696,-1.9996388490953005,1,1.9939610452323508,val,-1,4.1,5.4
3.680123729354133,4.2697788358963695,-0.5896551065422364,-1.8072736379327723,1,3.8274863844449447,val,-1,4.1,5.4
4.0720938337378,4.940306825380621,-0.8682129916428212,-1.9482779372056311,0,-4.8706948430140775,val,-1,4.1,5.4
5.290681419208532,4.452217257815947,0.8384641613925847,-1.9326916347064445,1,3.180276672833288,val,-1,4.1,5.4
5.2210984462585035,4.9192361705998175,0.30186227565868634,-1.957366574270416,0,-4.89341643567604,val,-1,4.1,5.4
5.062451747648679,5.156732181531075,-0.09428043388239574,-1.805786389863784,0,-4.51446597465946,val,-1,4.1,5.4
4.799546325419615,4.854996987799722,-0.055450662380106944,-1.9796973991439952,1,1.4134419599015677,val,-1,4.1,5.4
4.567334842283908,4.107955934721546,0.45937890756236227,-1.6456488550989774,0,-4.114122137747444,val,-1,4.1,5.4
4.903633532504061,4.362205905608051,0.5414276268960105,-1.8786198423320726,0,-4.696549605830182,val,-1,4.1,5.4
4.441432191021146,4.4908435793704955,-0.049411388349349,-1.951118063667451,0,-4.8777951591686275,val,-1,4.1,5.4
4.520809181955778,5.181403855779005,-0.6605946738232275,-1.7840280098522985,0,-4.460070024630746,val,-1,4.1,5.4
4.83271928475095,4.372608986383313,0.4601102983676366,-1.8856560237451636,1,3.47702621533176,val,-1,4.1,5.4
5.125553523211367,5.383309777470067,-0.25775625425869986,-1.5664990631727655,1,-1.1968509140260157,val,-1,4.1,5.4
3.852186831311871,4.7629345089970325,-0.9107476776851616,-1.9974456934293854,1,1.8483700109449845,val,-1,4.1,5.4
5.969039830170368,5.169984460629045,0.7990553695413235,-1.7942347762632203,1,-0.14193996389379082,val,-1,4.1,5.4
5.784149474716026,4.672774894010215,1.111374580705811,-1.9984309293688693,1,2.259159605294558,val,-1,4.1,5.4
5.570482936774846,5.373617069943518,0.19686586683132834,-1.5784773470955045,1,-1.1497408060317784,val,-1,4.1,5.4
4.803853634737251,4.837757220241614,-0.033903585504362906,-1.9843033795061757,1,1.4959107673867031,val,-1,4.1,5.4
4.400356860306827,4.482569193886383,-0.08221233357955621,-1.94741492764428,0,-4.8685373191107,val,-1,4.1,5.4
4.999710177642915,5.215753550725947,-0.21604337308303215,-1.7519290734535062,0,-4.3798226836337655,val,-1,4.1,5.4
4.725747812869596,5.016956258414442,-0.2912084455448468,-1.9079536134299795,0,-4.769884033574948,val,-1,4.1,5.4
4.510939578570339,5.027842194035234,-0.5169026154648946,-1.9013117364338155,0,-4.753279341084538,val,-1,4.1,5.4
3.889338860000974,4.413836087846919,-0.5244972278459451,-1.9115262763563874,0,-4.778815690890968,val,-1,4.1,5.4
4.02818623067458,4.385610750287286,-0.3574245196127066,-1.8941628478736316,1,3.4300171521043077,val,-1,4.1,5.4
4.439214492414423,4.54927928335896,-0.11006479094453728,-1.973454158948748,1,2.7914090294795697,val,-1,4.1,5.4
4.880346010949811,4.8472394796357765,0.03310653131403455,-1.9818428829664159,1,1.450604523999266,val,-1,4.1,5.4
4.516741104098699,4.2653002412302286,0.25144086286847067,-1.8034191657053726,0,-4.508547914263431,val,-1,4.1,5.4
4.430270462709865,5.083133654010605,-0.6528631913007397,-1.8641156033003567,0,-4.660289008250892,val,-1,4.1,5.4
4.993513185248432,4.662631680336586,0.33088150491184565,-1.9975247218439973,0,-4.993811804609994,val,-1,4.1,5.4
4.460964890066522,5.076900671145717,-0.6159357810791947,-1.8685959028541796,0,-4.671489757135449,val,-1,4.1,5.4
4.338139658562577,4.977986100654757,-0.6398464420921803,-1.9298718750091401,0,-4.824679687522851,val,-1,4.1,5.4
5.634167207061384,5.398523803302618,0.23564340375876558,-1.5474011535114414,1,-1.270568199071267,val,-1,4.1,5.4
3.4999865985750214,4.588692760027614,-1.0887061614525926,-1.9847187445469148,1,2.625786290509347,val,-1,4.1,5.4
4.121822226790689,4.230516034559387,-0.10869380776869808,-1.772256960300105,0,-4.430642400750263,val,-1,4.1,5.4
4.000702852737517,5.233826555519173,-1.2331237027816568,-1.7342079613312666,1,-0.4605159190911403,val,-1,4.1,5.4
3.924092348089699,4.271644681594728,-0.347552333505029,-1.8088687728266517,1,3.82147693476126,val,-1,4.1,5.4
5.023389856172829,4.677785358136639,0.3456044980361904,-1.9988027088052385,0,-4.997006772013096,val,-1,4.1,5.4
5.156275558211184,4.703486756900813,0.45278880131037097,-1.9999207509404164,0,-4.999801877351041,val,-1,4.1,5.4
3.712439010507132,4.414774599059637,-0.7023355885525049,-1.9120775369754979,1,3.322475793703738,val,-1,4.1,5.4
4.728844927567091,5.399059107136356,-0.6702141795692651,-1.5467226468184951,0,-3.8668066170462376,val,-1,4.1,5.4
6.19004663918052,5.28732927019294,0.9027173689875803,-1.6784495468085556,0,-4.196123867021389,val,-1,4.1,5.4
5.170984215899333,4.954755948731518,0.2162282671678147,-1.9415452396128685,0,-4.853863099032171,val,-1,4.1,5.4
5.77863278313296,4.957739858038834,0.8208929250941267,-1.9401043153217044,1,0.9140939194577601,val,-1,4.1,5.4
