X_obs,X_true,x_noise,x_bias,a,y,split,domain_id,env_range_start,env_range_end
-4.490252788385994,-3.6663823962379407,-0.8238703921480534,1.0020621057516548,0,5.010310528758274,train,0,-4.0,-3.2
-3.2346447700208985,-3.4237404052462734,0.18909563522537506,0.5568382359905121,1,7.574802793781888,train,0,-4.0,-3.2
-3.492212111595104,-3.999908500146124,0.5076963885510201,1.513485367688312,1,2.7950335247006333,train,0,-4.0,-3.2
-4.27384350639372,-3.758133941894528,-0.5157095644991918,1.1564334396917144,0,5.782167198458572,train,0,-4.0,-3.2
-3.672267700147845,-3.8825952873463097,0.21032758719846442,1.350055972174048,0,6.75027986087024,train,0,-4.0,-3.2
-4.713499170927421,-3.926129124184962,-0.787370046742459,1.4129944198393234,1,3.4951760185612537,train,0,-4.0,-3.2
-3.874209136457494,-3.8509918308978635,-0.023217305559630672,1.3027560247462195,1,4.188635927904128,train,0,-4.0,-3.2
-4.693014831187539,-3.723551418365562,-0.9694634128219769,1.099322636002778,1,5.308759727548883,train,0,-4.0,-3.2
-3.009735395674066,-3.682586020615464,0.6728506249413984,1.0299755147313034,1,5.651369845162524,train,0,-4.0,-3.2
-3.323606290035218,-3.5689466127973146,0.24534032276209666,0.8289283708339693,1,6.550423700328185,train,0,-4.0,-3.2
-3.679414562002831,-3.664644388477364,-0.014770173525467013,0.9990523481157018,1,5.798470276358142,train,0,-4.0,-3.2
-3.9169213711840882,-3.4518243996825926,-0.46509697150149576,0.6105586556671055,1,7.388491309579971,train,0,-4.0,-3.2
-3.07218464211952,-3.836438200214786,0.764253558095266,1.280533606813444,0,6.40266803406722,train,0,-4.0,-3.2
-2.1172450013344033,-3.297506050887244,1.1802610495528407,0.31056496365695896,1,8.336474339147642,train,0,-4.0,-3.2
-5.0928790441097105,-3.978089925441659,-1.1147891186680512,1.4846012317524797,1,3.0038415342319125,train,0,-4.0,-3.2
-2.721927573585586,-3.4636259918572785,0.7416984182716921,0.6329920514092824,1,7.308451143084285,train,0,-4.0,-3.2
-2.689565706216955,-3.6661561581062987,0.9765904518893438,1.0016704938917638,1,5.786146884335556,train,0,-4.0,-3.2
-3.3502411192987136,-3.553048137243399,0.20280701794468545,0.7998875193313557,0,3.9994375966567786,train,0,-4.0,-3.2
-4.607251268524925,-3.887690449123813,-0.7195608194011115,1.3575567559588861,1,3.8526489395815093,train,0,-4.0,-3.2
-3.3235116182056843,-3.841518808732097,0.5180071905264129,1.2883224116375651,1,4.274466401471789,train,0,-4.0,-3.2
-3.467956526306461,-3.3594043450595708,-0.10855218124689027,0.4321870751100898,0,2.160935375550449,train,0,-4.0,-3.2
-3.5877431161004365,-3.225390739424482,-0.3623523766759544,0.16740009381061588,0,0.8370004690530795,train,0,-4.0,-3.2
-4.487295538872782,-3.7492606574726057,-0.738034881400177,1.1419089763059165,1,5.089156546999055,train,0,-4.0,-3.2
-3.1158194098788194,-3.4461419074645487,0.33032249758572924,0.5997264038005633,0,2.9986320190028164,train,0,-4.0,-3.2
-2.823204558611561,-3.2988886781631694,0.4756841195516086,0.3132963782531934,1,8.328830164624929,train,0,-4.0,-3.2
-3.6584331070047975,-3.2843146691969225,-0.37411843780787496,0.2844759554979005,0,1.4223797774895024,train,0,-4.0,-3.2
-3.619618828660155,-3.9319646309041776,0.3123458022440225,1.4212300755141196,1,3.4404422168751974,train,0,-4.0,-3.2
-4.6553610071875795,-3.968756173413694,-0.6866048337738856,1.4720282668129514,1,3.092736432260763,train,0,-4.0,-3.2
-3.383019045225538,-3.864135664348345,0.4811166191228068,1.3225887757619008,0,6.612943878809504,train,0,-4.0,-3.2
-3.2695456182019824,-3.29748599725647,0.027940379054487322,0.3105253428297064,0,1.552626714148532,train,0,-4.0,-3.2
-4.0332643960779695,-3.92132253293356,-0.11194186314440926,1.4061747222277636,1,3.5401698558403316,train,0,-4.0,-3.2
-3.7241614235134453,-3.6631138999959583,-0.06104752351748713,0.9963994584105358,1,5.810932758243169,train,0,-4.0,-3.2
-2.7123566816760776,-3.2336883758795985,0.5213316942035208,0.18393118127348837,1,8.671728034214325,train,0,-4.0,-3.2
-3.1232207881025817,-3.5734677720215866,0.45024698391900486,0.8371489739768412,1,6.516195344531738,train,0,-4.0,-3.2
-3.128819114227996,-3.4464983088396215,0.3176791946116255,0.6004063668410168,1,7.424277319757827,train,0,-4.0,-3.2
-3.664966769196718,-3.7475874951951496,0.08262072599843165,1.1391601079529232,1,5.1035522719119815,train,0,-4.0,-3.2
-3.4041065811071096,-3.450799257854733,0.04669267674762355,0.6086059262327007,1,7.395395558276624,train,0,-4.0,-3.2
-2.9612713052829873,-3.332299462482102,0.3710281571991147,0.3791058741388501,0,1.8955293706942506,train,0,-4.0,-3.2
-3.8458726426174037,-3.9853693781246466,0.13949673550724273,1.4943172531023816,0,7.471586265511908,train,0,-4.0,-3.2
-2.990353703925335,-3.3998845480440263,0.40953084411869106,0.5108589631632815,0,2.5542948158164074,train,0,-4.0,-3.2
-3.3949811929856404,-3.2089111288748042,-0.186070064110836,0.1345352828343013,0,0.6726764141715065,train,0,-4.0,-3.2
-4.862370134960412,-3.4014674764961286,-1.4609026584642832,0.5139191599790495,1,7.718322589434807,train,0,-4.0,-3.2
-3.1523500452328275,-3.7756448063484758,0.6232947611156484,1.1848283260478412,0,5.924141630239205,train,0,-4.0,-3.2
-2.056388749054255,-3.3685765372388095,1.3121877881845545,0.4500795998062511,0,2.2503979990312555,train,0,-4.0,-3.2
-3.652600528596737,-3.9174191947378865,0.26481866614114924,1.4006126692969654,1,3.5766483349061016,train,0,-4.0,-3.2
-3.701778319029376,-3.641685179059276,-0.060093139970099865,0.959013470580928,1,5.983980153531614,train,0,-4.0,-3.2
-3.3549904438631435,-3.2731235975255237,-0.08186684633761981,0.2623040315545191,1,8.468646639467174,train,0,-4.0,-3.2
-3.8365411939659424,-3.7651086813010566,-0.07143251266488593,1.1677863646856361,0,5.83893182342818,train,0,-4.0,-3.2
-3.7593340841509186,-3.769779729130921,0.010445644980002758,1.175357795484248,0,5.87678897742124,train,0,-4.0,-3.2
-4.569188379553511,-3.895977142305378,-0.673211237248133,1.3696805590411814,1,3.7760474321754063,train,0,-4.0,-3.2
-4.294763108455899,-3.9845064337037623,-0.31025667475213664,1.4931695921543335,1,2.9425782875639217,train,0,-4.0,-3.2
-4.055147670238245,-3.4569315736480872,-0.5982160965901576,0.6202773947835737,0,3.1013869739178683,train,0,-4.0,-3.2
-3.681418010367291,-3.830697507199953,0.14927949683266228,1.2716930984073533,0,6.358465492036767,train,0,-4.0,-3.2
-3.965547363924737,-3.787562672502219,-0.17798469142251763,1.203946594869037,0,6.019732974345185,train,0,-4.0,-3.2
-3.3096146781889533,-3.6067414725757296,0.29712679438677625,0.8971116281970298,1,6.260238766989793,train,0,-4.0,-3.2
-4.062131859751836,-3.9573099639063356,-0.10482189584550057,1.4564347836239417,0,7.2821739181197085,train,0,-4.0,-3.2
-2.9489048029136447,-3.54070591560639,0.5918011126927452,0.7772028990932642,0,3.886014495466321,train,0,-4.0,-3.2
-3.754496799274087,-3.882617140075352,0.12812034080126505,1.350088217394435,1,3.8994159598346374,train,0,-4.0,-3.2
-2.2141357330955325,-3.528555570477373,1.31441983738184,0.7547552807033059,0,3.7737764035165293,train,0,-4.0,-3.2
-4.5780098657179105,-3.440193311983255,-1.1378165537346554,0.5883661513254594,1,7.466368295266593,train,0,-4.0,-3.2
-4.306282469890684,-3.918132456937739,-0.38815001295294493,1.4016306266014198,0,7.008153133007099,train,0,-4.0,-3.2
-3.1278630747551186,-3.6687552097443454,0.5408921349892267,1.006166285665272,0,5.03083142832636,train,0,-4.0,-3.2
-1.9274844497339654,-3.444479873817804,1.5169954240838388,0.5965544758635188,1,7.437784211309751,train,0,-4.0,-3.2
-3.817837451007754,-3.668656584378478,-0.14918086662927602,1.0059958091906747,1,5.765735315255841,train,0,-4.0,-3.2
-3.9338358369360966,-3.9600372328431304,0.02620139590703352,1.4601676093848976,0,7.300838046924488,train,0,-4.0,-3.2
-3.7070714207757542,-3.571282875267591,-0.1357885455081634,0.8331784090936717,1,6.532753224115818,train,0,-4.0,-3.2
-2.6700900162716144,-3.468964283824169,0.7988742675525551,0.6431107257361238,1,7.271911024002097,train,0,-4.0,-3.2
-3.760473428438965,-3.5880887103533534,-0.17238471808561132,0.8636155097314702,1,6.4045962809329975,train,0,-4.0,-3.2
-2.8362822912804866,-3.2443241952073496,0.4080419039268628,0.20510187221959536,1,8.61827139880083,train,0,-4.0,-3.2
-3.7226369269376085,-3.530755967598406,-0.19188095933920277,0.7588288473711279,1,6.834142675955923,train,0,-4.0,-3.2
-4.04081372091729,-3.2772784677696936,-0.7635352531475965,0.2705397069724461,0,1.3526985348622307,train,0,-4.0,-3.2
-3.701891604404951,-3.89002023668301,0.1881286322780593,1.3609747957510117,1,3.8311390831322107,train,0,-4.0,-3.2
-3.5866680341381976,-3.888578922199393,0.30191088806119565,1.3588611082666753,0,6.794305541333376,train,0,-4.0,-3.2
-2.5781514395130243,-3.354086969032381,0.7759355295193571,0.42179753290538186,1,8.010805710045666,train,0,-4.0,-3.2
-3.7481267462619634,-3.6818585304115734,-0.0662682158503898,1.0287280366727591,0,5.143640183363796,train,0,-4.0,-3.2
-4.23813388053387,-3.867716642306454,-0.3704172382274166,1.3279526570093512,0,6.639763285046756,train,0,-4.0,-3.2
-2.920336477711757,-3.257993135683173,0.33765665797141575,0.2322756140335503,0,1.1613780701677514,train,0,-4.0,-3.2
-3.5773450568609557,-3.721787312203595,0.14444225534263933,1.0963735021358396,0,5.481867510679198,train,0,-4.0,-3.2
-3.230951271217492,-3.3993503174910757,0.16839904627358343,0.5098258725306125,0,2.5491293626530624,train,0,-4.0,-3.2
-3.463069233968006,-3.419201611719639,-0.04386762224836666,0.5481138739753474,1,7.6043565479234445,train,0,-4.0,-3.2
-2.5971519850390905,-3.2933551270353525,0.6962031419962618,0.3023611644785175,1,8.359327881129978,train,0,-4.0,-3.2
-3.279366604530079,-3.501062234355513,0.22169562982543423,0.7035555321331352,1,7.047871542856983,train,0,-4.0,-3.2
-2.256450827773542,-3.3992460527781305,1.1427952250045887,0.5096242293101085,1,7.732427928074833,train,0,-4.0,-3.2
-3.054247307281423,-3.720881326417726,0.6666340191363028,1.0948575991688754,0,5.474287995844377,train,0,-4.0,-3.2
-3.388627808927853,-3.784057686587979,0.3954298776601261,1.198341634952649,1,4.786597713127605,train,0,-4.0,-3.2
-4.2597540298129015,-3.283291025443147,-0.9764630043697544,0.2824493351174946,0,1.412246675587473,train,0,-4.0,-3.2
-3.296135479925587,-3.6575270481029643,0.3613915681773774,0.9866956612959378,1,5.856309699733451,train,0,-4.0,-3.2
-2.975958640093056,-3.2281279622812917,0.25216932218823573,0.17285469573915607,1,8.699285103633974,train,0,-4.0,-3.2
-2.9826757980631085,-3.469246801745242,0.4865710036821334,0.6436457272927294,0,3.218228636463647,train,0,-4.0,-3.2
-2.8759781670083475,-3.5026434238327027,0.6266652568243553,0.7065149023014313,0,3.5325745115071565,train,0,-4.0,-3.2
-4.148730136710656,-3.9082032216373,-0.24052691507335597,1.387395870480357,0,6.936979352401785,train,0,-4.0,-3.2
-2.746005221964099,-3.2404085930343434,0.49440337107024457,0.19731040350864068,0,0.9865520175432034,train,0,-4.0,-3.2
-3.9774535518275016,-3.6400702932160476,-0.33738325861145385,0.9561779732993193,0,4.780889866496596,train,0,-4.0,-3.2
-2.364361463484874,-3.537288308490295,1.1729268450054207,0.7709003654567761,0,3.8545018272838805,train,0,-4.0,-3.2
-4.472661557701324,-3.6734905577909753,-0.7991709999103489,1.0143399098204793,0,5.071699549102396,train,0,-4.0,-3.2
-4.866791552044848,-3.810378415805578,-1.05641313623927,1.2400675672101578,1,4.553870333678027,train,0,-4.0,-3.2
-4.267729143044657,-3.277296383550197,-0.9904327594944597,0.27057520915478306,0,1.3528760457739153,train,0,-4.0,-3.2
-4.07538976116,-3.5410564106621716,-0.5343333504978289,0.7778487477969951,1,6.758585055801271,train,0,-4.0,-3.2
-4.669172977510909,-3.9977037383750726,-0.6714692391358368,1.5105991292483254,0,7.552995646241627,train,0,-4.0,-3.2
-2.332636726881236,-3.506284069103421,1.1736473422221851,0.7133220427706017,0,3.566610213853009,train,0,-4.0,-3.2
-3.9345837774292334,-3.738684078582323,-0.19589969884691052,1.1244790757109944,0,5.622395378554971,train,0,-4.0,-3.2
-4.383958991820374,-3.5783535181939126,-0.8056054736264615,0.8460132451555313,0,4.230066225777657,train,0,-4.0,-3.2
-2.6226165344835053,-3.2912463205513807,0.6686297860678752,0.29819135885286624,1,8.370883086465218,train,0,-4.0,-3.2
-4.066098555290956,-3.714184191998,-0.3519143632929555,1.083624105804305,0,5.418120529021525,train,0,-4.0,-3.2
-4.0152839051889995,-3.2731718792641606,-0.7421120259248384,0.2623997606367003,1,8.468389863224543,train,0,-4.0,-3.2
-2.975808550776978,-3.5013119073665577,0.5255033565895797,0.7040229397942057,0,3.5201146989710286,train,0,-4.0,-3.2
-3.613325699775935,-3.987343005722755,0.37401730594681964,1.496937867494684,1,2.9154566273087545,train,0,-4.0,-3.2
-3.5174242227781276,-3.256450213004991,-0.2609740097731366,0.22921037499211797,0,1.14605187496059,train,0,-4.0,-3.2
-2.602758465841724,-3.447282465986461,0.8445240001447372,0.601902158327127,1,7.419021763813831,train,0,-4.0,-3.2
-3.1246807718123804,-3.2021417196388158,0.07746094782643527,0.12102415087944095,0,0.6051207543972047,train,0,-4.0,-3.2
-2.8919578340093572,-3.8621275933237373,0.9701697593143801,1.3195734967281776,1,4.087260116105446,train,0,-4.0,-3.2
-3.5886468710969552,-3.890291400296898,0.30164452919994256,1.3613721412924915,0,6.806860706462458,train,0,-4.0,-3.2
-2.3186403051983535,-3.253923629570269,0.9352833243719155,0.22418977658355824,1,8.569186532773687,train,0,-4.0,-3.2
-3.376903852952823,-3.44254547080808,0.0656416178552569,0.5928606668682618,1,7.450700345093867,train,0,-4.0,-3.2
-4.679046500009769,-3.94719986182235,-0.7318466381874195,1.4425027458708637,1,3.2969967484395153,train,0,-4.0,-3.2
-1.9260083684811888,-3.395629557918027,1.469621189436838,0.5026266789222553,1,7.755309869952774,train,0,-4.0,-3.2
-3.7243635500205436,-3.396899049231003,-0.32746450078954065,0.5050837692110266,0,2.525418846055133,train,0,-4.0,-3.2
-3.3808830892961512,-3.2615803715628133,-0.11930271773333803,0.23940002715487807,0,1.1970001357743905,train,0,-4.0,-3.2
-3.8510192960499756,-3.4307801930972226,-0.4202391029527528,0.5703471910439883,0,2.851735955219942,train,0,-4.0,-3.2
-4.022619899801003,-3.900583230422268,-0.12203666937873506,1.3763788559796093,1,3.7333566763557995,train,0,-4.0,-3.2
-3.8384942282790866,-3.9840958929281634,0.14560166464907676,1.492623208771279,1,2.9465016847175853,train,0,-4.0,-3.2
-3.857933103173422,-3.9790312104978245,0.12109810732440242,1.485862021998038,1,2.9948620556547034,train,0,-4.0,-3.2
-3.580742637024149,-3.9773548095833644,0.3966121725592157,1.483615676937538,1,3.010852391594321,train,0,-4.0,-3.2
-2.727736220532223,-3.803031145917563,1.07529492538534,1.2285052299929802,1,4.619159103103938,train,0,-4.0,-3.2
-3.3842563841267945,-3.31197764105369,-0.07227874307310446,0.33912354859956084,1,8.255678047369784,train,0,-4.0,-3.2
-4.308807589794534,-3.568935148526678,-0.739872441267856,0.8289075043022877,0,4.144537521511438,train,0,-4.0,-3.2
-4.267133292957167,-3.5577424170513874,-0.7093908759057802,0.8084836619251441,0,4.04241830962572,train,0,-4.0,-3.2
-3.7258279970317916,-3.3263752861123157,-0.39945271091947593,0.36746574162158613,0,1.8373287081079306,train,0,-4.0,-3.2
-4.90517883247543,-3.9006613479040713,-1.0045174845713591,1.3764922050978396,0,6.8824610254891985,train,0,-4.0,-3.2
-3.2816351621276967,-3.7766530567910883,0.4950178946633915,1.186452284362809,1,4.851478582883498,train,0,-4.0,-3.2
-3.8303207210120167,-3.53139258283337,-0.29892813817864683,0.7600067205200361,0,3.800033602600181,train,0,-4.0,-3.2
-3.410914388325971,-3.2243234013442605,-0.18659098698171053,0.16527281329244572,0,0.8263640664622286,train,0,-4.0,-3.2
-3.552310714298234,-3.551175824595432,-0.0011348897028022208,0.7964540216334823,1,6.68365702563508,train,0,-4.0,-3.2
-4.823054423258905,-3.9850821685016458,-0.8379722547572591,1.4939354061584615,0,7.469677030792308,train,0,-4.0,-3.2
-3.876283678321132,-3.359493861855507,-0.5167898164656252,0.4323618768836541,1,7.978325462083788,train,0,-4.0,-3.2
-3.4087936655144,-3.8136205809271835,0.4048269154127834,1.2451484848645542,0,6.225742424322771,train,0,-4.0,-3.2
-2.983192365033201,-3.3543158435049767,0.37112347847177596,0.42224497506768255,1,8.009435557140904,train,0,-4.0,-3.2
-3.9556146431690453,-3.6897114847486625,-0.2659031584203827,1.0421651249356556,0,5.210825624678278,train,0,-4.0,-3.2
-2.222845567877183,-3.309166516352457,1.0863209484752738,0.33358137918764197,1,8.271508665701093,train,0,-4.0,-3.2
-4.185738839344895,-3.4023026858102523,-0.7834361535346425,0.5155333101069458,0,2.577666550534729,train,0,-4.0,-3.2
-3.7620001389006523,-3.555007812807665,-0.2069923260929875,0.8034782219551689,0,4.017391109775844,train,0,-4.0,-3.2
-4.029339665352734,-3.890835819471452,-0.13850384588128156,1.3621695955112323,1,3.8236042625406337,train,0,-4.0,-3.2
-5.627916848478154,-3.9520658483902307,-1.675851000087924,1.449226720685156,1,3.251018805468421,train,0,-4.0,-3.2
-2.7404079472377623,-3.90292523540741,1.1625172881696477,1.379773472857879,0,6.898867364289395,train,0,-4.0,-3.2
-3.7445592884401555,-3.9643584971641905,0.21979920872403494,1.46605989574511,1,3.134527109053456,train,0,-4.0,-3.2
-4.540758325859801,-3.914004696715126,-0.6267536291446749,1.3957296868075404,1,3.6085137138560883,train,0,-4.0,-3.2
-2.58872846339925,-3.8194325291137163,1.2307040657144666,1.2542238088923012,0,6.271119044461506,train,0,-4.0,-3.2
-3.0782116155904293,-3.4296088156938587,0.35139720010342945,0.5681013262790918,1,7.536360192919806,train,0,-4.0,-3.2
-3.2945107303435073,-3.552226414356686,0.2577156840131787,0.7983809661805193,0,3.991904830902597,train,0,-4.0,-3.2
-4.354154254792735,-3.9899552158727074,-0.36419903892002764,1.5003974343207178,1,2.890459431961637,train,0,-4.0,-3.2
-2.1857181094694083,-2.851204078286397,0.6654859688169887,-0.5726491068240954,0,-2.863245534120477,train,1,-3.2,-2.4
-4.238209651503141,-3.179259014537687,-1.0589506369654533,0.07531491004990035,1,8.929814372828364,train,1,-3.2,-2.4
-2.828922795915105,-2.7602700176970325,-0.06865277821807242,-0.7442968595929738,0,-3.721484297964869,train,1,-3.2,-2.4
-3.150646602258434,-2.8517420859053786,-0.29890451635305526,-0.5716180586229922,1,9.903060586877722,train,1,-3.2,-2.4
-3.500185180128268,-2.863705758330009,-0.6364794217982592,-0.5486484445602838,1,9.885734439388592,train,1,-3.2,-2.4
-2.5807322307602933,-2.935732143196901,0.3549999124366074,-0.4088191531694942,0,-2.0440957658474708,train,1,-3.2,-2.4
-3.1462350370374748,-3.036281092769726,-0.10995394426774881,-0.21023401731089403,1,9.480039030113646,train,1,-3.2,-2.4
-2.0926703892979264,-2.704583226919469,0.6119128376215424,-0.8464636764111808,1,9.999695352611047,train,1,-3.2,-2.4
-3.8497555477539844,-2.9602762610603817,-0.8894792866936025,-0.36064908483975006,1,9.694329540377481,train,1,-3.2,-2.4
-2.478751044812459,-2.986538179917707,0.5077871351052479,-0.3088678393564189,1,9.626558815299143,train,1,-3.2,-2.4
-2.4043288447644717,-2.703092933784564,0.29876408902009244,-0.8491632104256972,0,-4.245816052128486,train,1,-3.2,-2.4
-2.700783819394465,-2.776686324578369,0.07590250518390373,-0.7137235852297944,0,-3.568617926148972,train,1,-3.2,-2.4
-3.9436223744131738,-3.0923360437240532,-0.8512863306891205,-0.09847338887785903,1,9.286842695663198,train,1,-3.2,-2.4
-2.9402019740092973,-2.789137502987403,-0.15106447102189444,-0.6904061463344031,0,-3.4520307316720156,train,1,-3.2,-2.4
-3.9804528742411174,-3.052448107482468,-0.9280047667586497,-0.1780530495458608,0,-0.8902652477293039,train,1,-3.2,-2.4
-3.8213230431936305,-2.5717318817466612,-1.2495911614469695,-1.079029654366135,1,9.901240888516162,train,1,-3.2,-2.4
-0.5489725252215696,-2.516819765888409,1.9678472406668395,-1.169826156308449,1,9.809372159026976,train,1,-3.2,-2.4
-2.222093738070294,-2.804610530094458,0.582516792024164,-0.6612809213518811,0,-3.3064046067594055,train,1,-3.2,-2.4
-1.4471951002750554,-2.5227508117140256,1.0755557114389702,-1.1601843422426685,0,-5.800921711213343,train,1,-3.2,-2.4
-3.3936916094986582,-3.1362836183927514,-0.2574079911059069,-0.010618020514255746,1,9.114939400168948,train,1,-3.2,-2.4
-2.3780843401357785,-2.7958031279026367,0.41771878776685833,-0.6778791500128072,0,-3.389395750064036,train,1,-3.2,-2.4
-2.72932103312434,-3.1477707964904975,0.4184497633661577,0.012356207196120335,1,9.06709074921488,train,1,-3.2,-2.4
-2.496592649721769,-2.8575021379220886,0.3609094882003198,-0.5605690757937694,0,-2.802845378968847,train,1,-3.2,-2.4
-3.1205795730428285,-3.12277526747151,0.0021956944286816243,-0.037632551234587884,1,9.169667767590127,train,1,-3.2,-2.4
-3.235220557555399,-3.0982720226389784,-0.13694853491642056,-0.08661416483284738,1,9.264664367877236,train,1,-3.2,-2.4
-3.9643711104163932,-2.722603752817123,-1.2417673575992703,-0.8136740425273816,0,-4.068370212636908,train,1,-3.2,-2.4
-2.653103947672617,-3.0191903995166114,0.3660864518439944,-0.24419367633099343,1,9.533044513201478,train,1,-3.2,-2.4
-2.86034531228629,-3.1144434525520137,0.25409814026572364,-0.05429173195167494,1,9.202590015878066,train,1,-3.2,-2.4
-2.353022994273047,-3.0237550343435524,0.670732040070505,-0.23513019759032222,0,-1.175650987951611,train,1,-3.2,-2.4
-3.084684225315476,-2.9201389719973605,-0.16454525331811554,-0.4392960723182248,0,-2.196480361591124,train,1,-3.2,-2.4
-1.7806826992508193,-2.82577001233416,1.0450873130833405,-0.6211970612680044,0,-3.1059853063400222,train,1,-3.2,-2.4
-3.3071059447036153,-3.038605418988028,-0.26850052571558747,-0.20561055532541428,0,-1.0280527766270713,train,1,-3.2,-2.4
-3.4409309508355834,-2.6876746198280683,-0.753256331007515,-0.8769803373227378,1,9.996946157356629,train,1,-3.2,-2.4
-2.2506459287941123,-2.813544131558599,0.5628982027644865,-0.6443924635096719,1,9.948881787613512,train,1,-3.2,-2.4
-3.0768183797201,-2.795810623985161,-0.28100775573493914,-0.6778650452427831,0,-3.3893252262139155,train,1,-3.2,-2.4
-3.6433180633728655,-2.8904858791051526,-0.7528321842677128,-0.4969523501061922,0,-2.484761750530961,train,1,-3.2,-2.4
-2.4901958486152314,-2.565090036446738,0.07489418783150674,-1.0901903219964646,0,-5.450951609982323,train,1,-3.2,-2.4
-2.282095371066223,-2.7359966568977545,0.45390128583153155,-0.7891329446932024,1,9.99721351746597,train,1,-3.2,-2.4
-2.9252973438931336,-3.070161121198149,0.1448637773050154,-0.1427416035051446,0,-0.7137080175257229,train,1,-3.2,-2.4
-2.340942733359433,-2.639398122714275,0.29845538935484234,-0.9627005292764621,0,-4.813502646382311,train,1,-3.2,-2.4
0.03685643835452446,-2.428359135928596,2.4652155742831203,-1.3085650712049033,1,9.599339674571056,train,1,-3.2,-2.4
-2.3073207846766794,-2.7999933110638264,0.492672526387147,-0.6699889052270178,0,-3.349944526135089,train,1,-3.2,-2.4
-1.5693277590529102,-2.488383948843084,0.9190561897901737,-1.2154753675674685,0,-6.077376837837343,train,1,-3.2,-2.4
-4.118216542138699,-2.926709077863112,-1.191507464275587,-0.4264673661767464,1,9.771212238379814,train,1,-3.2,-2.4
-2.527252588033328,-2.7462846978978326,0.2190321098645044,-0.7701848252048744,0,-3.8509241260243723,train,1,-3.2,-2.4
-2.3935140093202927,-2.857963229363112,0.46444922004281936,-0.559683797242748,1,9.894227680961402,train,1,-3.2,-2.4
-3.069289644546156,-2.8506021895785607,-0.2186874549675952,-0.5738023815201352,1,9.904637497423083,train,1,-3.2,-2.4
-3.104340338601557,-2.57875265200232,-0.525587686599237,-1.0671805167558357,0,-5.335902583779179,train,1,-3.2,-2.4
-2.53360456598985,-2.771516661201875,0.23791209521202508,-0.7233725614041432,0,-3.616862807020716,train,1,-3.2,-2.4
-2.625776679837665,-2.4370062184441066,-0.18877046139355852,-1.2954375967112357,0,-6.4771879835561785,train,1,-3.2,-2.4
-3.1208868216110823,-2.764633471881518,-0.35625334972956424,-0.7361897169666619,1,9.986355669466562,train,1,-3.2,-2.4
-2.4446237215491906,-3.13432406217998,0.6897003406307896,-0.014537054814203611,0,-0.07268527407101806,train,1,-3.2,-2.4
-2.1055863776555506,-2.9069260786599838,0.8013397010044331,-0.46503742382612484,0,-2.325187119130624,train,1,-3.2,-2.4
-2.337741995089539,-2.5193195967963984,0.1815776017068594,-1.165767299714539,0,-5.828836498572695,train,1,-3.2,-2.4
-3.1475166783913053,-2.8749799655616393,-0.27253671282966613,-0.5269306400305428,0,-2.634653200152714,train,1,-3.2,-2.4
-2.8696156768048513,-3.1782381072841206,0.3086224304792691,0.07327450489443105,1,8.934404755594265,train,1,-3.2,-2.4
-2.504583150434081,-3.0022582088021172,0.49767505836803627,-0.2777680807380341,1,9.582812617440444,train,1,-3.2,-2.4
-2.7679113230441645,-3.1462845034104365,0.37837318036627215,0.00938366521338325,0,0.04691832606691625,train,1,-3.2,-2.4
-3.2769370006570546,-2.4049183908629814,-0.8720186097940732,-1.3436564695155773,0,-6.718282347577887,train,1,-3.2,-2.4
-2.6263464157119976,-2.423535749298261,-0.2028106664137367,-1.3158451952238832,1,9.585711664802387,train,1,-3.2,-2.4
-2.3443133200176476,-2.5597933190939304,0.21547999907628274,-1.099056249876098,1,9.883798566960781,train,1,-3.2,-2.4
-2.3452140541948667,-2.7185463028756263,0.37333224868075976,-0.8210802916882561,1,9.999810437497615,train,1,-3.2,-2.4
-2.011562944732718,-2.588032111638655,0.5764691669059369,-1.0514387173454924,1,9.922776442461155,train,1,-3.2,-2.4
-2.609597434432596,-3.0646196427326577,0.4550222083000618,-0.15379404903786087,1,9.386054871634107,train,1,-3.2,-2.4
-3.6461725043628195,-2.9655814145444483,-0.680591089818371,-0.3502076846542799,0,-1.7510384232713996,train,1,-3.2,-2.4
-3.2051990322979806,-2.7807464997597084,-0.42445253253827203,-0.7061320395050331,0,-3.5306601975251657,train,1,-3.2,-2.4
-3.6475580741592544,-2.914700575101793,-0.7328574990574612,-0.4499006972711376,1,9.79604716797638,train,1,-3.2,-2.4
-2.080770842855845,-3.1634568278036803,1.0826859849478356,0.04372486451236035,0,0.21862432256180175,train,1,-3.2,-2.4
-2.3052313595673017,-2.4134772437142296,0.1082458841469278,-1.330928206523908,0,-6.654641032619541,train,1,-3.2,-2.4
-2.5150175000214356,-2.846916064516123,0.33189856449468724,-0.5808607893139236,1,9.90964870288755,train,1,-3.2,-2.4
-2.176982208940105,-2.7967996484966777,0.6198174395565728,-0.6760037443563213,0,-3.3800187217816062,train,1,-3.2,-2.4
-3.1385684067926647,-2.941166945972241,-0.19740146082042376,-0.39817306917646794,1,9.739442642939792,train,1,-3.2,-2.4
-3.6828059642869797,-2.9922041978022906,-0.6906017664846891,-0.29766685467436954,0,-1.4883342733718476,train,1,-3.2,-2.4
-3.146401574256552,-2.89048809174339,-0.2559134825131618,-0.49694806361398636,1,9.841822303668968,train,1,-3.2,-2.4
-2.6232747949987805,-2.534386480292399,-0.08888831470638106,-1.1411505456255102,1,9.841993413362971,train,1,-3.2,-2.4
-1.709740205816363,-2.6106023549703097,0.9008621491539467,-1.0127750596598666,1,9.94824212412196,train,1,-3.2,-2.4
-2.374872627919723,-2.8966315464466903,0.521758918526967,-0.48503718638595794,0,-2.4251859319297897,train,1,-3.2,-2.4
-3.8418404755498243,-3.1895861306443596,-0.6522543449054649,0.09595010937957203,1,8.882857346278888,train,1,-3.2,-2.4
-2.163543200736547,-2.562076048773925,0.398532848037378,-1.0952390615246448,1,9.887242656080076,train,1,-3.2,-2.4
-2.5435581612783884,-2.9844889619229593,0.4409308006445711,-0.3129164555524803,0,-1.5645822777624017,train,1,-3.2,-2.4
-3.3706715355352754,-2.7338520891767724,-0.6368194463585028,-0.7930722737264139,1,9.99769676322532,train,1,-3.2,-2.4
-3.2446693408716363,-3.179559246520246,-0.06511009435139069,0.07591494470639643,1,8.928462645767151,train,1,-3.2,-2.4
-3.780480768860225,-2.6702383845853395,-1.1102423842748859,-0.9081865860026039,0,-4.540932930013019,train,1,-3.2,-2.4
-2.6916884209020226,-2.8899812593013747,0.1982928383993521,-0.49792987463544613,1,9.842718939211203,train,1,-3.2,-2.4
-2.9917568871940543,-2.80234096101239,-0.18941592618166417,-0.6655630570447457,1,9.959570477752443,train,1,-3.2,-2.4
-3.6780765916995772,-2.8680753301002504,-0.8100012615993266,-0.5402393475411119,1,9.87905339331105,train,1,-3.2,-2.4
-3.3382050775084235,-2.919302478958688,-0.41890259854973566,-0.4409280488243516,0,-2.204640244121758,train,1,-3.2,-2.4
-2.6152469567767325,-2.7592176757404645,0.14397071896373184,-0.7462499583737708,1,9.989037370029731,train,1,-3.2,-2.4
-2.7534411118380735,-2.42167144810014,-0.3317696637379333,-1.3186508635206227,1,9.58038448899797,train,1,-3.2,-2.4
-2.930062939901448,-3.109779027809543,0.17971608790809498,-0.06361651917479161,1,9.220742191903062,train,1,-3.2,-2.4
-2.61779495989371,-2.9493931772562294,0.33159821736251943,-0.3820366629776505,1,9.720457252623056,train,1,-3.2,-2.4
-3.67082763964265,-3.166561832147752,-0.504265807494898,0.04993316818400382,1,8.986242213316814,train,1,-3.2,-2.4
-2.796642594898466,-2.6092801931032796,-0.18736240179518623,-1.0150543900444138,1,9.94688996787971,train,1,-3.2,-2.4
-1.3871832364061425,-2.6739900898727647,1.2868068534666222,-0.9014950154740112,0,-4.5074750773700565,train,1,-3.2,-2.4
-2.95562805393304,-3.028291402880037,0.07266334894699719,-0.2261179899109383,1,9.505164064506689,train,1,-3.2,-2.4
-3.3746944990088665,-2.8665972478437305,-0.508097251165136,-0.5430850306549871,1,9.881334488469921,train,1,-3.2,-2.4
-2.6486489832796964,-2.684926452681444,0.03627746940174725,-0.8819167728626501,0,-4.409583864313251,train,1,-3.2,-2.4
-3.4739682665487606,-2.6708149386276467,-0.8031533279211138,-0.9071590686893686,1,9.99135923992564,train,1,-3.2,-2.4
-2.3839706476529745,-3.0636182932129836,0.6796476455600091,-0.15579074072739915,1,9.389504744854065,train,1,-3.2,-2.4
-2.272495305752817,-2.494678211401161,0.22218290564834406,-1.205454332327571,0,-6.027271661637855,train,1,-3.2,-2.4
-1.9261096297399671,-2.577593472153225,0.651483842413258,-1.0691405361123811,1,9.90928833096879,train,1,-3.2,-2.4
-2.5515289961982934,-3.0928366334626474,0.5413076372643539,-0.09747341139630585,0,-0.4873670569815292,train,1,-3.2,-2.4
-2.2706888289678795,-2.504866698854337,0.23417786988645722,-1.1891322949179197,0,-5.945661474589599,train,1,-3.2,-2.4
-2.0156720500413776,-2.6009776973785166,0.585305647337139,-1.0293266953704894,1,9.938001799168896,train,1,-3.2,-2.4
-2.4461872887560685,-2.5611314767207354,0.11494418796466684,-1.0968192714523641,0,-5.484096357261821,train,1,-3.2,-2.4
-3.162649222609427,-2.7653238155328776,-0.3973254070765493,-0.7349057948239723,0,-3.6745289741198617,train,1,-3.2,-2.4
-3.6374386588296486,-3.0233296679508306,-0.6141089908788179,-0.2359750093979369,0,-1.1798750469896844,train,1,-3.2,-2.4
-2.7341379767349405,-2.4652330827283193,-0.2689048940066211,-1.251916330565029,1,9.69612144218376,train,1,-3.2,-2.4
-4.2296072171115355,-2.726332337866899,-1.5032748792446369,-0.8068562717770025,1,9.999027929659704,train,1,-3.2,-2.4
-1.8274129981550815,-2.923009672435883,1.0955966742808014,-0.433693078739763,1,9.779013369322138,train,1,-3.2,-2.4
-4.017417623233604,-2.9889771765759843,-1.0284404466576198,-0.30404745283893486,0,-1.5202372641946744,train,1,-3.2,-2.4
-2.5148513566663153,-2.468867618267894,-0.045983738398421355,-1.246239240911514,0,-6.23119620455757,train,1,-3.2,-2.4
-3.6547519928069656,-2.8642116309545433,-0.7905403618524225,-0.5476754424704724,0,-2.738377212352362,train,1,-3.2,-2.4
-3.9832029425670474,-2.7678467874662953,-1.2153561551007521,-0.7302105204296334,1,9.984626099064785,train,1,-3.2,-2.4
-2.7625934987758387,-2.7132462737559604,-0.049347225019878184,-0.8307342981242967,0,-4.153671490621483,train,1,-3.2,-2.4
-2.721800088162468,-2.539000137252674,-0.1827999509097942,-1.13356053908733,1,9.850057762159047,train,1,-3.2,-2.4
-2.7969839304231274,-2.7011494523502955,-0.09583447807283187,-0.8526808205567435,1,9.99936837169717,train,1,-3.2,-2.4
-2.7292623348388876,-3.058630270732459,0.32936793589357133,-0.16573449456637462,1,9.40654927437954,train,1,-3.2,-2.4
-3.098019408929771,-2.7269941178771635,-0.3710252910526073,-0.8056450227644931,0,-4.028225113822465,train,1,-3.2,-2.4
-2.581310386979928,-2.8085870664041126,0.22727667942418472,-0.6537699464592409,1,9.9537653126609,train,1,-3.2,-2.4
-2.453722909342099,-2.7616737759276986,0.3079508665855998,-0.7416902654924287,1,9.98785750277473,train,1,-3.2,-2.4
-2.8412899794421924,-2.6403835041675614,-0.20090647527463115,-0.9609726326462649,0,-4.804863163231325,train,1,-3.2,-2.4
-3.173462778694682,-3.0033510688766953,-0.17011170981798648,-0.2756033777223511,0,-1.3780168886117554,train,1,-3.2,-2.4
-2.7276437258564443,-3.050698283530816,0.3230545576743714,-0.1815385268739951,0,-0.9076926343699755,train,1,-3.2,-2.4
-3.0771829138504048,-3.1115334817630713,0.03435056791266635,-0.060109290702692664,1,9.213938037652573,train,1,-3.2,-2.4
-2.885299505981026,-2.9807525979711573,0.09545309199013173,-0.32029495225614235,1,9.6420608043601,train,1,-3.2,-2.4
-4.61644157892008,-3.1917999684803275,-1.4246416104397521,0.10037244799212217,0,0.5018622399606109,train,1,-3.2,-2.4
-2.6614002605679317,-2.6965122217363344,0.035111961168402823,-0.8610609551144462,1,9.998739669148897,train,1,-3.2,-2.4
-2.7379346092037817,-2.963862155824206,0.22592754662042464,-0.35359255765041026,1,9.6854690101716,train,1,-3.2,-2.4
-3.131458622820391,-3.050170764238482,-0.08128785858190928,-0.18258918489895143,1,9.434920919708926,train,1,-3.2,-2.4
-2.9222245211257416,-3.1237695581913574,0.20154503706561586,-0.0356443035824689,1,9.165696377859248,train,1,-3.2,-2.4
-1.8303698085196445,-2.9729953540277965,1.142625545508152,-0.33559940579442404,0,-1.6779970289721202,train,1,-3.2,-2.4
-2.976841832641854,-3.028060492695444,0.05121866005359015,-0.22657684318338978,1,9.505881189844661,train,1,-3.2,-2.4
-2.5723164461179424,-2.9715170128712782,0.399200566753336,-0.3385137978457229,1,9.66613776609347,train,1,-3.2,-2.4
-3.3328694156532963,-2.822872114024257,-0.5099973016290396,-0.6267035886227368,0,-3.133517943113684,train,1,-3.2,-2.4
-3.271807621142324,-2.7604025431292736,-0.5114050780130507,-0.7440508399404667,1,9.988475703133654,train,1,-3.2,-2.4
-2.811900574459829,-2.5239095075402385,-0.2879910669195906,-1.1582959305272793,1,9.822902648869277,train,1,-3.2,-2.4
-3.020981699058226,-2.4091922393726684,-0.6117894596855576,-1.3373128785378419,0,-6.68656439268921,train,1,-3.2,-2.4
-3.1654662140644967,-3.1609055310165193,-0.0045606830479773975,0.038623353745984426,1,9.010913606910893,train,1,-3.2,-2.4
-3.574603795701205,-3.014305398851069,-0.5602983968501362,-0.2538876282053507,1,9.547683947786416,train,1,-3.2,-2.4
-2.7903489644422677,-2.685350858201412,-0.10499810624085595,-0.8811548621677341,1,9.996344922425584,train,1,-3.2,-2.4
-3.9331128090251264,-3.070826749686659,-0.8622860593384677,-0.14141370990592264,1,9.364460150172603,train,1,-3.2,-2.4
-3.495203460049747,-2.5038832853047985,-0.9913201747449484,-1.1907131404959448,1,9.783413253167152,train,1,-3.2,-2.4
-3.4314751323564776,-3.0260780589559793,-0.40539707340049824,-0.23051573760693983,1,9.512017068700263,train,1,-3.2,-2.4
-3.2468362431632345,-2.6065959688932407,-0.6402402742699939,-1.019676374748683,1,9.94409136766068,train,1,-3.2,-2.4
-3.0693422764980864,-2.677583589415119,-0.39175868708296724,-0.8950737232291213,0,-4.475368616145606,train,1,-3.2,-2.4
-2.9281484408969822,-2.560891590796296,-0.36725685010068615,-1.0972204298239385,1,9.88546202417013,train,1,-3.2,-2.4
-3.385759426843455,-3.175001950187791,-0.21075747665566374,0.06680616361456604,0,0.3340308180728302,train,1,-3.2,-2.4
-2.3890539844214205,-3.016340777004524,0.6272867925831033,-0.24984928157624714,1,9.541611968211424,train,1,-3.2,-2.4
-1.8148883860630516,-2.6362980007036327,0.821409614640581,-0.9681305840057067,0,-4.840652920028534,train,1,-3.2,-2.4
-2.411362554098823,-1.9593616779403393,-0.4520008761584834,-1.8509070894254271,0,-9.254535447127136,train,2,-2.4,-1.5999999999999996
-2.879947892290172,-1.8334817419055158,-1.0464661503846564,-1.9313922528581589,1,6.379929974005324,train,2,-2.4,-1.5999999999999996
-2.0318260491221523,-2.1672762088696444,0.13545015974749205,-1.6546362108805959,1,8.550688225496575,train,2,-2.4,-1.5999999999999996
-1.8191168170249747,-1.9913379158418694,0.17222109881689465,-1.8257359356298266,1,7.511122581460722,train,2,-2.4,-1.5999999999999996
-1.7321070128578395,-1.6856424365218758,-0.0464645763359636,-1.9868248619009126,1,5.176053000367902,train,2,-2.4,-1.5999999999999996
-1.5173244305075433,-1.6829655288532492,0.1656410983457059,-1.9874312566580885,1,5.153130337969022,train,2,-2.4,-1.5999999999999996
-2.68857828461282,-2.299531751628931,-0.38904653298388897,-1.4920342261531925,0,-7.460171130765962,train,2,-2.4,-1.5999999999999996
-2.6766845999647053,-2.2342056974894504,-0.44247890247525506,-1.5757946031295158,1,8.878323806989515,train,2,-2.4,-1.5999999999999996
-2.4596802965324844,-2.358826237359336,-0.10085405917314867,-1.4104868166485067,0,-7.052434083242534,train,2,-2.4,-1.5999999999999996
-0.9017860395195514,-2.047352125079491,1.1455660855599394,-1.7771602385372398,1,7.868940426913315,train,2,-2.4,-1.5999999999999996
-1.887210306546351,-2.376099031297146,0.48888872475079515,-1.3857860091785696,0,-6.928930045892848,train,2,-2.4,-1.5999999999999996
-2.346528472942769,-2.034533420484231,-0.3119950524585381,-1.7887743372992064,1,7.789193388111329,train,2,-2.4,-1.5999999999999996
-1.545456838999737,-1.8806847619081912,0.33522792290845416,-1.904735195582279,1,6.7361718436193385,train,2,-2.4,-1.5999999999999996
-2.4642289701475457,-2.1772101738816194,-0.28701879626592625,-1.6433942664399956,0,-8.216971332199979,train,2,-2.4,-1.5999999999999996
-2.133352550698879,-1.8589960784158948,-0.27435647228298404,-1.9175142149625024,0,-9.587571074812512,train,2,-2.4,-1.5999999999999996
-1.4117393411081136,-1.927309746066919,0.5155704049588054,-1.8742387305046542,0,-9.37119365252327,train,2,-2.4,-1.5999999999999996
-2.6959732811916477,-2.3808144940982676,-0.31515878709338013,-1.378970548986277,0,-6.894852744931384,train,2,-2.4,-1.5999999999999996
-2.9582975101180513,-1.9529167296072942,-1.005380780510757,-1.8557520953436992,1,7.251994875407347,train,2,-2.4,-1.5999999999999996
-2.7364948628186245,-2.1925980424740277,-0.543896820344597,-1.625660552145344,1,8.679230395117937,train,2,-2.4,-1.5999999999999996
-2.0148699186707404,-2.067919042391944,0.053049123721203566,-1.7579167419280006,1,7.994183271192826,train,2,-2.4,-1.5999999999999996
-2.0963752419132846,-2.173179934582945,0.0768046926696605,-1.6479747707610573,0,-8.239873853805285,train,2,-2.4,-1.5999999999999996
-1.100519754454479,-1.8454896653496027,0.7449699108951238,-1.9250168506985095,0,-9.625084253492547,train,2,-2.4,-1.5999999999999996
-2.4772525043738596,-2.0476370258634082,-0.42961547851045145,-1.7768987862128574,0,-8.884493931064286,train,2,-2.4,-1.5999999999999996
-1.8356263677279658,-2.274505809220029,0.43887944149206326,-1.5248944327372806,1,9.056512764091512,train,2,-2.4,-1.5999999999999996
-1.7087007356646535,-1.964280785574524,0.2555800499098705,-1.8471573936256074,1,7.329770865183494,train,2,-2.4,-1.5999999999999996
-1.865156451720207,-1.775748188390906,-0.08940826332930105,-1.9581415655665841,1,5.924974479025367,train,2,-2.4,-1.5999999999999996
-1.6534028327898724,-2.154909174099056,0.5015063413091837,-1.6684032858222686,0,-8.342016429111343,train,2,-2.4,-1.5999999999999996
-1.9271623511059763,-2.2224336928542545,0.29527134174827807,-1.5901836403485679,1,8.823539005738336,train,2,-2.4,-1.5999999999999996
-2.607008086117605,-2.089622993955481,-0.5173850921621241,-1.7368031759185634,0,-8.684015879592817,train,2,-2.4,-1.5999999999999996
-1.007882722241979,-1.6508930801116553,0.6430103578696763,-1.9935879392506,1,4.875665785642563,train,2,-2.4,-1.5999999999999996
-2.3517448139593324,-1.6192036620216526,-0.73254115193768,-1.9976571874367368,0,-9.988285937183685,train,2,-2.4,-1.5999999999999996
-1.8263237994155512,-1.8620930592697489,0.035769259854197724,-1.915744532858801,0,-9.578722664294006,train,2,-2.4,-1.5999999999999996
-1.67626621597574,-1.6777327131692812,0.0014664971935410848,-1.988575502462953,0,-9.942877512314766,train,2,-2.4,-1.5999999999999996
-1.468617870449542,-1.7233993029654562,0.2547814325159141,-1.9767574895552296,0,-9.883787447776148,train,2,-2.4,-1.5999999999999996
-2.5328648551759962,-2.0976047669368887,-0.4352600882391074,-1.728832226796443,0,-8.644161133982216,train,2,-2.4,-1.5999999999999996
-2.347192424233875,-2.3262263929026203,-0.02096603133125436,-1.455953512823938,1,9.263611860855985,train,2,-2.4,-1.5999999999999996
-1.9616432941907218,-1.8772712779811709,-0.08437201620955094,-1.9068059948310827,0,-9.534029974155413,train,2,-2.4,-1.5999999999999996
-1.3554743698330483,-1.9537273900892391,0.5982530202561909,-1.8551469132455982,1,7.2575742039945865,train,2,-2.4,-1.5999999999999996
-2.5882970054839713,-2.110748189549937,-0.47754881593403414,-1.7154668589204969,1,8.244080441483433,train,2,-2.4,-1.5999999999999996
-2.1763090786372734,-2.219956396128134,0.04364731749086077,-1.5931836645971753,1,8.811854120267865,train,2,-2.4,-1.5999999999999996
-2.231528357702212,-2.0747840668990007,-0.15674429080321112,-1.751327529658444,0,-8.75663764829222,train,2,-2.4,-1.5999999999999996
-2.8036757836423543,-2.0248478010406648,-0.7788279826016894,-1.7973549307110495,0,-8.986774653555248,train,2,-2.4,-1.5999999999999996
-0.5789440568069375,-2.184611537399151,1.6056674805922133,-1.6349128956338554,1,8.63928515234354,train,2,-2.4,-1.5999999999999996
-2.2092971969159905,-2.1665657806196537,-0.042731416296336616,-1.655433936241474,0,-8.27716968120737,train,2,-2.4,-1.5999999999999996
-2.925845723094074,-2.0338508805416176,-0.8919948425524565,-1.7893845121307228,0,-8.946922560653615,train,2,-2.4,-1.5999999999999996
-0.8663966943330826,-1.7115728696424586,0.8451761753093759,-1.9802146729130228,1,5.396153925038096,train,2,-2.4,-1.5999999999999996
-2.5733489759172445,-1.9309976764257426,-0.6423512994915019,-1.8716517488403517,0,-9.358258744201759,train,2,-2.4,-1.5999999999999996
-1.9506877268360758,-2.173209710054232,0.222521983218156,-1.6479410279814934,1,8.58130359103918,train,2,-2.4,-1.5999999999999996
-1.659918737723459,-2.177617994701119,0.5176992569776598,-1.6429292757186122,0,-8.214646378593061,train,2,-2.4,-1.5999999999999996
-2.4253615532480772,-2.0363023395824422,-0.3890592136656349,-1.78718908702723,0,-8.93594543513615,train,2,-2.4,-1.5999999999999996
-2.494205757547371,-2.23567172431601,-0.2585340332313611,-1.5739873322340796,1,8.885060435375658,train,2,-2.4,-1.5999999999999996
-2.563059189439874,-2.2388970311655414,-0.32416215827433253,-1.569999374787866,0,-7.84999687393933,train,2,-2.4,-1.5999999999999996
-2.0663885579966785,-1.9887719521460463,-0.07761660585063244,-1.8278250574231079,1,7.494158034710216,train,2,-2.4,-1.5999999999999996
-3.303693207257127,-2.3302165049753563,-0.9734767022817709,-1.4504706811236603,0,-7.252353405618301,train,2,-2.4,-1.5999999999999996
-2.754513548582404,-2.013131574118731,-0.7413819744636735,-1.8075090463037764,1,7.653203683740578,train,2,-2.4,-1.5999999999999996
-2.1947308954005074,-2.110259030089733,-0.0844718653107742,-1.715969602239725,1,8.24131083271785,train,2,-2.4,-1.5999999999999996
-1.2104794321347896,-1.8338507025474629,0.6233712704126734,-1.9312005018533083,0,-9.656002509266541,train,2,-2.4,-1.5999999999999996
-1.423556515060944,-1.8026030215183961,0.37904650645745214,-1.9465058406929736,0,-9.732529203464868,train,2,-2.4,-1.5999999999999996
-0.80947520498921,-1.8471256625153882,1.0376504575261782,-1.924126740649419,0,-9.620633703247094,train,2,-2.4,-1.5999999999999996
-1.432224305754414,-1.8486556689960685,0.4164313632416545,-1.9232896375126591,0,-9.616448187563297,train,2,-2.4,-1.5999999999999996
-2.4077972962126055,-2.101119900680857,-0.3066773955317484,-1.7252868959238874,0,-8.626434479619437,train,2,-2.4,-1.5999999999999996
-1.9391981995796093,-1.8654921562117857,-0.07370604336782358,-1.9137810651357037,1,6.623113196185067,train,2,-2.4,-1.5999999999999996
-3.346357201101524,-2.1281210688345453,-1.2182361322669788,-1.6973462750399084,0,-8.486731375199541,train,2,-2.4,-1.5999999999999996
-2.51822997023326,-1.9417649041048997,-0.5764650661283602,-1.863953311661524,0,-9.31976655830762,train,2,-2.4,-1.5999999999999996
-2.7515698408304914,-2.1393542735481,-0.6122155672823912,-1.6853565553334666,1,8.402594758907014,train,2,-2.4,-1.5999999999999996
-1.8815279056067753,-2.043883960589174,0.16235605498239888,-1.7803313870910853,1,7.847491513857716,train,2,-2.4,-1.5999999999999996
-1.9620789768901337,-2.3507768553360484,0.38869787844591475,-1.4218544635075583,1,9.353276976355376,train,2,-2.4,-1.5999999999999996
-2.5420837135830268,-2.2058596622525295,-0.33622405133049715,-1.6100682513788687,1,8.744335557887178,train,2,-2.4,-1.5999999999999996
-1.975818886868803,-1.6227179150611455,-0.35310097180765737,-1.9973047542520213,0,-9.986523771260106,train,2,-2.4,-1.5999999999999996
-3.143466130202587,-2.2155326365159405,-0.9279334936866467,-1.5985165386866929,0,-7.992582693433464,train,2,-2.4,-1.5999999999999996
-1.9234752259736512,-1.8468179912421356,-0.07665723473151553,-1.9242945310728707,1,6.482054328406003,train,2,-2.4,-1.5999999999999996
-1.7307176971409144,-1.879618513429008,0.14890081628809368,-1.9053844227648584,0,-9.526922113824291,train,2,-2.4,-1.5999999999999996
-1.5533801132581284,-1.8208486884500141,0.2674685751918856,-1.9377989318032143,1,6.282143630619668,train,2,-2.4,-1.5999999999999996
-2.489554537560933,-2.0199291114924547,-0.46962542606847835,-1.8016479449528753,1,7.696778851766268,train,2,-2.4,-1.5999999999999996
-0.7295751724321788,-1.9226689803185095,1.1930938078863307,-1.8774578746500354,1,7.040441869281797,train,2,-2.4,-1.5999999999999996
-1.6293894592709735,-2.346424460853739,0.7170350015827655,-1.4279627552962557,1,9.337790421453073,train,2,-2.4,-1.5999999999999996
-2.399092848962588,-2.341950289742213,-0.05714255922037453,-1.4342137550434386,0,-7.1710687752171935,train,2,-2.4,-1.5999999999999996
-2.557131846562713,-2.240819178962337,-0.31631266760037596,-1.5676149496008647,1,8.90856248417202,train,2,-2.4,-1.5999999999999996
-2.471462018248477,-2.278511202393167,-0.19295081585531007,-1.5196988318930096,1,9.073423871791368,train,2,-2.4,-1.5999999999999996
-2.2292383013430492,-2.319916524334844,0.090678222991795,-1.4645765861433127,1,9.239662346668695,train,2,-2.4,-1.5999999999999996
-2.307741537647092,-2.2965649083129165,-0.011176629334175426,-1.495979054590615,0,-7.479895272953075,train,2,-2.4,-1.5999999999999996
-1.6672605421088929,-1.957377814553877,0.29011727244498414,-1.8524066634681107,0,-9.262033317340553,train,2,-2.4,-1.5999999999999996
-1.7883690454458856,-2.2497481400608974,0.46137909461501186,-1.5564627679573761,0,-7.78231383978688,train,2,-2.4,-1.5999999999999996
-0.8185732994396819,-1.638319005575033,0.819745706135351,-1.9954424198643828,0,-9.977212099321914,train,2,-2.4,-1.5999999999999996
-1.1663517010864917,-1.8547105769540584,0.6883588758675666,-1.9199327072112007,0,-9.599663536056003,train,2,-2.4,-1.5999999999999996
-2.033321754553337,-1.9671842613121828,-0.06613749324115416,-1.8449231739081917,1,7.3494909321835875,train,2,-2.4,-1.5999999999999996
-1.6013052707827449,-1.8342555193536816,0.23295024857093674,-1.930989813728223,1,6.385886476089265,train,2,-2.4,-1.5999999999999996
-2.421166971944767,-2.188890663237989,-0.23227630870677768,-1.6299684714038103,0,-8.149842357019052,train,2,-2.4,-1.5999999999999996
-2.010951639994005,-1.6586194525970175,-0.3523321873969872,-1.9922920547040215,0,-9.961460273520107,train,2,-2.4,-1.5999999999999996
-0.5821494429462037,-1.7286455537600232,1.1464961108138194,-1.9751353140898573,1,5.539097452172074,train,2,-2.4,-1.5999999999999996
-2.094852091388429,-1.81894440125757,-0.27590769013085936,-1.9387378673094484,0,-9.693689336547243,train,2,-2.4,-1.5999999999999996
-0.8213653477383245,-2.0158080351316716,1.1944426873933471,-1.80521125077687,1,7.670403280612139,train,2,-2.4,-1.5999999999999996
-1.9357386870882003,-1.7263174512986823,-0.20942123578951793,-1.9758618907354626,0,-9.879309453677314,train,2,-2.4,-1.5999999999999996
-1.6525030865275827,-1.8041981412605124,0.15169505473292974,-1.945770450938229,0,-9.728852254691144,train,2,-2.4,-1.5999999999999996
-1.2180935459685303,-1.8717392748803097,0.6536457289117794,-1.9101148084692385,1,6.669788862677219,train,2,-2.4,-1.5999999999999996
-1.6544665733099004,-1.6688197863952494,0.014353213085348896,-1.9903990926681636,1,5.031389513804056,train,2,-2.4,-1.5999999999999996
-1.6571923802151,-1.89306754896994,0.23587516875484002,-1.897037039715873,1,6.8271718277464055,train,2,-2.4,-1.5999999999999996
-2.2520784120035264,-2.1072475321179125,-0.14483087988561374,-1.719055679285548,1,8.224216389946013,train,2,-2.4,-1.5999999999999996
-2.2430392561675916,-1.9577243414796432,-0.28531491468794856,-1.8521452540505694,0,-9.260726270252848,train,2,-2.4,-1.5999999999999996
-2.342361752518753,-2.2428955386398903,-0.09946621387886276,-1.5650327173392813,1,8.917975870832704,train,2,-2.4,-1.5999999999999996
-2.636172615333332,-2.2463421628851172,-0.38983045244821474,-1.560731486680954,0,-7.80365743340477,train,2,-2.4,-1.5999999999999996
-0.8406345284785868,-1.819464300853743,0.9788297723751562,-1.9384822210753487,1,6.271366520648693,train,2,-2.4,-1.5999999999999996
-1.8726697989149732,-1.7720506372550948,-0.1006191616598784,-1.959633227840314,0,-9.79816613920157,train,2,-2.4,-1.5999999999999996
-0.5887197903449677,-1.622321309052987,1.0336015187080194,-1.9973457634921123,1,4.624253665923675,train,2,-2.4,-1.5999999999999996
-3.3302880730465736,-1.7192228663667983,-1.6110652066797753,-1.9780099776769309,1,5.460401613261716,train,2,-2.4,-1.5999999999999996
-1.9540720618945508,-1.9651245387233416,0.01105247682879081,-1.8465097312418948,0,-9.232548656209474,train,2,-2.4,-1.5999999999999996
-1.9909963009282965,-2.328167304381548,0.33717100345325157,-1.4532893872606136,1,9.270904586102587,train,2,-2.4,-1.5999999999999996
-2.185194147009675,-2.0089014043071094,-0.17629274270256598,-1.8111143212963685,1,7.62590782189824,train,2,-2.4,-1.5999999999999996
-1.0008590744310473,-1.657650921950299,0.6567918475192518,-1.9924610204182291,1,4.934555763138605,train,2,-2.4,-1.5999999999999996
-1.3860900272753498,-1.7699054403972185,0.3838154131218687,-1.9604863613867487,1,5.877806053615414,train,2,-2.4,-1.5999999999999996
-2.176684691349871,-2.0119246191567295,-0.1647600721931416,-1.8085410063655465,0,-9.042705031827733,train,2,-2.4,-1.5999999999999996
-1.7747709559122442,-2.0357765108152908,0.26100555490304655,-1.7876609027366368,1,7.796983087203719,train,2,-2.4,-1.5999999999999996
-0.5384843602689926,-2.225611385272517,1.6871270250035242,-1.5863211467527916,1,8.838448221267447,train,2,-2.4,-1.5999999999999996
-2.107032219348605,-2.258229295358541,0.15119707600993598,-1.545754966080557,1,8.98629997753658,train,2,-2.4,-1.5999999999999996
-2.161399665900336,-2.341101064624514,0.17970139872417798,-1.435396995076097,0,-7.176984975380485,train,2,-2.4,-1.5999999999999996
-1.9500802366671048,-1.6860854499303257,-0.26399478673677906,-1.9867231337446567,0,-9.933615668723284,train,2,-2.4,-1.5999999999999996
-1.8077604818670687,-1.8878587064807526,0.08009822461368384,-1.9003107962154553,1,6.789019270139908,train,2,-2.4,-1.5999999999999996
-3.0588908623099815,-2.285334146022943,-0.7735567162870388,-1.5107923486327715,0,-7.553961743163857,train,2,-2.4,-1.5999999999999996
-2.1876726182248127,-2.068698464227034,-0.11897415399777846,-1.7571727978248604,1,7.9988634123199684,train,2,-2.4,-1.5999999999999996
-0.8861602847071903,-2.360712860481701,1.4745525757745106,-1.4078092075383382,0,-7.039046037691691,train,2,-2.4,-1.5999999999999996
-1.5921719899403262,-2.232501320382109,0.6403293304417828,-1.5778914468966971,0,-7.889457234483485,train,2,-2.4,-1.5999999999999996
-1.4305811073403403,-1.815433500696769,0.3848523933564288,-1.9404505337596367,1,6.239919383923061,train,2,-2.4,-1.5999999999999996
-1.2167487848837228,-1.8791017836467203,0.6623529987629976,-1.9056982747181987,0,-9.528491373590994,train,2,-2.4,-1.5999999999999996
-0.8877643674339264,-2.0168173620984176,1.1290529946644912,-1.804341364576712,0,-9.021706822883559,train,2,-2.4,-1.5999999999999996
-1.824022726728816,-2.1801755956034885,0.3561528688746724,-1.6400069132310595,0,-8.200034566155297,train,2,-2.4,-1.5999999999999996
-0.6356943844814005,-1.878221499947052,1.2425271154656514,-1.9062317706560752,1,6.717945938432156,train,2,-2.4,-1.5999999999999996
-0.9929613758718995,-1.6348403909460953,0.6418790150741959,-1.9958997596110297,0,-9.979498798055149,train,2,-2.4,-1.5999999999999996
-1.9516718490488856,-2.0515835550598456,0.09991170601095996,-1.7732622446994981,1,7.894981554731899,train,2,-2.4,-1.5999999999999996
-1.312208062756682,-2.343893995929864,1.031685933173182,-1.4315016640890998,1,9.328705263530747,train,2,-2.4,-1.5999999999999996
-3.769343652549293,-2.353814809741626,-1.4155288428076669,-1.4175749313060442,0,-7.087874656530221,train,2,-2.4,-1.5999999999999996
-2.6765125621192194,-2.333703184961954,-0.3428093771572654,-1.4456607085312783,0,-7.228303542656391,train,2,-2.4,-1.5999999999999996
-1.4727620221486197,-1.6322342501974227,0.15947222804880304,-1.9962265687306326,1,4.711918930355258,train,2,-2.4,-1.5999999999999996
-2.5146458789311357,-1.9673913310508047,-0.5472545478803312,-1.8447632397106373,0,-9.223816198553186,train,2,-2.4,-1.5999999999999996
-1.8236650955619214,-1.7300300538642217,-0.09363504169769965,-1.9746981495111777,1,5.5506191652585795,train,2,-2.4,-1.5999999999999996
-2.647247702436874,-2.263973164610292,-0.38327453782658205,-1.5384399023757749,0,-7.692199511878874,train,2,-2.4,-1.5999999999999996
-2.584373068768268,-2.1917239418168677,-0.39264912695140003,-1.6266782592756,1,8.674885433388376,train,2,-2.4,-1.5999999999999996
-0.21926218978372258,-1.8464179905017255,1.627155800718003,-1.9245124015830324,0,-9.622562007915162,train,2,-2.4,-1.5999999999999996
-1.3070594040423855,-1.6835437374864128,0.37648433344402726,-1.9873014818776167,1,5.158084735998546,train,2,-2.4,-1.5999999999999996
-2.1598179219461646,-2.127449212431872,-0.03236870951429247,-1.698056605354268,1,8.337453444739559,train,2,-2.4,-1.5999999999999996
-1.5591611070428453,-2.3482614416077734,0.7891003345649281,-1.425387969296344,1,9.344348300210527,train,2,-2.4,-1.5999999999999996
-1.85110674979014,-1.7087042644714847,-0.1424024853186551,-1.9810115238833559,0,-9.90505761941678,train,2,-2.4,-1.5999999999999996
-1.6360982382339444,-2.167302043336419,0.5312038051024748,-1.654607186147089,0,-8.273035930735444,train,2,-2.4,-1.5999999999999996
-1.596644570302821,-1.8071340748803497,0.21048950457752877,-1.9444039719527613,1,6.174850957672024,train,2,-2.4,-1.5999999999999996
-1.2976289132635759,-2.273573076238805,0.9759441629752289,-1.5261008197692967,0,-7.630504098846483,train,2,-2.4,-1.5999999999999996
-2.6959520356842086,-1.844029251887299,-0.8519227837969098,-1.9258070770904825,1,6.460793862021543,train,2,-2.4,-1.5999999999999996
-1.2674316615608063,-1.7268643047750811,0.4594326432142749,-1.9756921856148333,0,-9.878460928074166,train,2,-2.4,-1.5999999999999996
-1.744928489783598,-1.8182783370026323,0.07334984721903438,-1.9390646202270196,0,-9.695323101135099,train,2,-2.4,-1.5999999999999996
-2.807144005507751,-2.1127139801092065,-0.6944300253985441,-1.713442340627413,0,-8.567211703137065,train,2,-2.4,-1.5999999999999996
-1.1793960898582418,-1.8186481988078413,0.6392521089495995,-1.9388832823418627,1,6.265007738594218,train,2,-2.4,-1.5999999999999996
-2.81185169745169,-2.2884263006540317,-0.5234253967976581,-1.5067327502659105,0,-7.533663751329552,train,2,-2.4,-1.5999999999999996
-0.39541149541502946,-0.8263761287890585,0.43096463337402907,-1.4709617364192575,0,-7.354808682096287,train,3,-1.5999999999999996,-0.7999999999999998
-0.8522784211909289,-1.1622142006594218,0.30993577946849293,-1.8353701570026,0,-9.176850785013,train,3,-1.5999999999999996,-0.7999999999999998
-0.41757161712753166,-0.8218525120280924,0.40428089490056074,-1.4648167948465662,0,-7.324083974232831,train,3,-1.5999999999999996,-0.7999999999999998
-0.4122742237370357,-1.028147205060508,0.6158729813234723,-1.7126873289900433,1,-1.1320226704256886,train,3,-1.5999999999999996,-0.7999999999999998
-1.4505059977625763,-1.041816940322183,-0.4086890574403932,-1.7266451504388212,1,-0.9961024790471774,train,3,-1.5999999999999996,-0.7999999999999998
-2.606737236199681,-1.4271284035356986,-1.1796088326639826,-1.9793950058334593,1,2.8167154959916734,train,3,-1.5999999999999996,-0.7999999999999998
-0.19443661610199814,-0.8189804361790064,0.6245438200770083,-1.4608997635394612,0,-7.304498817697306,train,3,-1.5999999999999996,-0.7999999999999998
-1.8402059831937851,-1.5950157958363278,-0.24519018735745735,-1.9994134459920607,1,4.380453381688251,train,3,-1.5999999999999996,-0.7999999999999998
-2.1220543865923,-1.3976141100932444,-0.7244402764990553,-1.9700828053239432,0,-9.850414026619717,train,3,-1.5999999999999996,-0.7999999999999998
-1.9531409433361726,-1.252166774076443,-0.7009741692597294,-1.8993312468875168,0,-9.496656234437584,train,3,-1.5999999999999996,-0.7999999999999998
-0.2994696636410473,-0.9764936625649978,0.6770239989239505,-1.6570783205140607,1,-1.6434997674942142,train,3,-1.5999999999999996,-0.7999999999999998
-1.333351952343764,-1.4418519403197971,0.10849998797603315,-1.983396369570162,0,-9.91698184785081,train,3,-1.5999999999999996,-0.7999999999999998
-0.7278641907242731,-0.909605411520622,0.18174122079634897,-1.5785230024626544,0,-7.892615012313272,train,3,-1.5999999999999996,-0.7999999999999998
-0.30304733569996845,-0.8132794582597496,0.5102321225597811,-1.4530889137057414,0,-7.265444568528707,train,3,-1.5999999999999996,-0.7999999999999998
-1.87506677394984,-1.4689262068762408,-0.4061405670735992,-1.9896314499763454,0,-9.948157249881728,train,3,-1.5999999999999996,-0.7999999999999998
-1.7972015992780195,-1.1221328448537125,-0.6750687544243071,-1.8020552744909328,1,-0.19458580572460651,train,3,-1.5999999999999996,-0.7999999999999998
-2.1045818899419464,-1.5928111218659557,-0.5117707680759906,-1.999515368371562,1,4.360623771793227,train,3,-1.5999999999999996,-0.7999999999999998
-1.9534877425220798,-1.2907429738850962,-0.6627447686369837,-1.9220813851298986,0,-9.610406925649492,train,3,-1.5999999999999996,-0.7999999999999998
-1.7393294327105364,-1.5646719536548,-0.1746574790557364,-1.9999624921708778,1,4.1057019024050465,train,3,-1.5999999999999996,-0.7999999999999998
-1.3692630651444078,-0.834677625828611,-0.5345854393157967,-1.4821602057245788,0,-7.4108010286228945,train,3,-1.5999999999999996,-0.7999999999999998
-1.2279015547085712,-1.2510826824961616,0.02318112778759049,-1.8986509141816268,1,1.0927139770579977,train,3,-1.5999999999999996,-0.7999999999999998
-1.1293276401050973,-0.8408181545747496,-0.28850948553034783,-1.4903779169018656,1,-2.962600251235256,train,3,-1.5999999999999996,-0.7999999999999998
-1.018942904726168,-0.9709552112519511,-0.04798769347421692,-1.6508506348092367,0,-8.254253174046184,train,3,-1.5999999999999996,-0.7999999999999998
-0.5170943594720273,-0.9069685611346411,0.3898742016626138,-1.575279164407138,1,-2.3247739359153554,train,3,-1.5999999999999996,-0.7999999999999998
-0.6207015265393391,-1.4614676628032413,0.8407661362639022,-1.988059144186815,1,3.1444791247770882,train,3,-1.5999999999999996,-0.7999999999999998
-0.6064783813228088,-1.540041130389514,0.9335627490667052,-1.9990541924494623,1,3.8798882667237944,train,3,-1.5999999999999996,-0.7999999999999998
-1.0504525150090127,-1.1194058228977843,0.06895330788877171,-1.7996828215394074,1,-0.22185010472066533,train,3,-1.5999999999999996,-0.7999999999999998
-1.3382000806008911,-1.4656222530252767,0.12742217242438553,-1.9889486070044642,0,-9.94474303502232,train,3,-1.5999999999999996,-0.7999999999999998
-1.3183240030211374,-1.0132958659915439,-0.3050281370295936,-1.6971603673168325,1,-1.2794511489184968,train,3,-1.5999999999999996,-0.7999999999999998
-0.6696557164936446,-1.273244911878388,0.6035891953847433,-1.912114461761979,1,1.3127228128401098,train,3,-1.5999999999999996,-0.7999999999999998
-0.2585984236450296,-1.1776729412656635,0.9190745176206339,-1.8474341506103824,0,-9.237170753051911,train,3,-1.5999999999999996,-0.7999999999999998
-1.2061038150684757,-0.8499427328392463,-0.3561610822292295,-1.5024852170949616,1,-2.875328616268194,train,3,-1.5999999999999996,-0.7999999999999998
-0.7241797029931586,-1.1826431020440333,0.45846339905087474,-1.8512192095521731,1,0.41038920138169926,train,3,-1.5999999999999996,-0.7999999999999998
-1.71118521702992,-1.5134452936902152,-0.19773992333970483,-1.9967117604403641,0,-9.98355880220182,train,3,-1.5999999999999996,-0.7999999999999998
-1.576090271201242,-1.4734212742521602,-0.10266899694908176,-1.9905255889783455,1,3.2577243823153985,train,3,-1.5999999999999996,-0.7999999999999998
-1.0532670240617412,-1.1638378786374295,0.11057085457568834,-1.836657939453866,1,0.2224339041795563,train,3,-1.5999999999999996,-0.7999999999999998
-1.4211828264934807,-1.180476735945221,-0.24070609054825962,-1.8495750157728623,1,0.38874284489770533,train,3,-1.5999999999999996,-0.7999999999999998
-0.5528491783666619,-1.089911804699205,0.537062626332543,-1.7731722439304418,1,-0.5165784614547454,train,3,-1.5999999999999996,-0.7999999999999998
-2.1763150638517885,-1.2788036451277813,-0.8975114187240074,-1.9153443232917449,0,-9.576721616458725,train,3,-1.5999999999999996,-0.7999999999999998
-1.4973940580384149,-1.080155912784526,-0.417238145253889,-1.7640625645653356,1,-0.6139809954404233,train,3,-1.5999999999999996,-0.7999999999999998
-1.354126862563178,-1.2824799976786136,-0.07164686488456426,-1.917447933062624,1,1.4042172190313207,train,3,-1.5999999999999996,-0.7999999999999998
-1.7277613314906222,-1.1008671091614213,-0.626894222329201,-1.7832006846498107,0,-8.916003423249053,train,3,-1.5999999999999996,-0.7999999999999998
-0.7696932360684392,-0.9860760263279007,0.21638279025946153,-1.6677330063659526,0,-8.338665031829763,train,3,-1.5999999999999996,-0.7999999999999998
-2.3657634514862727,-1.456820871967095,-0.9089425795191778,-1.9870236521592644,1,3.1003345236427653,train,3,-1.5999999999999996,-0.7999999999999998
-1.2664328428875533,-1.299539385129966,0.03310654224241266,-1.9268697385323987,0,-9.634348692661995,train,3,-1.5999999999999996,-0.7999999999999998
-2.062132478753389,-1.1979735525384523,-0.8641589262149368,-1.8626057476288826,0,-9.313028738144414,train,3,-1.5999999999999996,-0.7999999999999998
-1.137814378280076,-1.050666336066923,-0.08714804221315299,-1.7355091650699437,0,-8.677545825349718,train,3,-1.5999999999999996,-0.7999999999999998
-1.0922123010325888,-1.397056281070893,0.3048439800383043,-1.9698902510404956,1,2.526940168045079,train,3,-1.5999999999999996,-0.7999999999999998
0.1659311015921774,-1.1562073096459529,1.3221384112381303,-1.8305638947046858,1,0.14614135808771006,train,3,-1.5999999999999996,-0.7999999999999998
-0.45347472661095334,-1.1000553247487215,0.6465805981377681,-1.7824649075778907,1,-0.4152538546855549,train,3,-1.5999999999999996,-0.7999999999999998
0.0867456588365364,-0.883599067155083,0.9703447259916194,-1.546054063819379,1,-2.5514105776779807,train,3,-1.5999999999999996,-0.7999999999999998
-1.2689338132271177,-1.3097171292534986,0.04078331602638096,-1.9322239494549192,1,1.6733356437776772,train,3,-1.5999999999999996,-0.7999999999999998
0.17948716287807187,-1.0899543415850104,1.2694415044630822,-1.7732115943530313,1,-0.5161536600640447,train,3,-1.5999999999999996,-0.7999999999999998
-1.5915980826401446,-1.446842878304829,-0.14475520433531558,-1.9846552047476689,1,3.0053184188762554,train,3,-1.5999999999999996,-0.7999999999999998
-1.353083212798496,-1.2017647083061551,-0.15131850449234074,-1.8653541801978193,1,0.6013575070181585,train,3,-1.5999999999999996,-0.7999999999999998
-2.223293373295821,-1.4540436763430342,-0.7692496969527866,-1.9863842956707969,1,3.073919090334629,train,3,-1.5999999999999996,-0.7999999999999998
-0.7319425207770097,-0.8652935686881896,0.13335104791117988,-1.5225713025198517,1,-2.727969795134068,train,3,-1.5999999999999996,-0.7999999999999998
-0.6223821005831764,-1.2545423429270177,0.6321602423438413,-1.900814253214045,1,1.1270968071757963,train,3,-1.5999999999999996,-0.7999999999999998
-1.3161644044233793,-0.9358495183213228,-0.3803148861020566,-1.610206494703936,1,-2.042946783754083,train,3,-1.5999999999999996,-0.7999999999999998
-1.4889402702376866,-1.2665789562573098,-0.22236131398037676,-1.9081633574203367,0,-9.540816787101683,train,3,-1.5999999999999996,-0.7999999999999998
-1.1543929113462648,-0.8762659290053062,-0.2781269823409587,-1.536708687021878,0,-7.6835434351093905,train,3,-1.5999999999999996,-0.7999999999999998
-1.4750113592084044,-1.2761398261512749,-0.19887153305712948,-1.9138039096460684,0,-9.569019548230342,train,3,-1.5999999999999996,-0.7999999999999998
-1.6892904293396236,-1.3350603975271016,-0.3542300318125219,-1.9446854440546886,0,-9.723427220273443,train,3,-1.5999999999999996,-0.7999999999999998
-1.9523128181956309,-1.1422889837818009,-0.8100238344138299,-1.8191739639214792,1,0.006963301357351535,train,3,-1.5999999999999996,-0.7999999999999998
-0.09506420282296735,-0.9236450807247092,0.8285808779017418,-1.5956091862043544,0,-7.978045931021772,train,3,-1.5999999999999996,-0.7999999999999998
-2.0942403964389196,-0.9111885505975422,-1.1830518458413775,-1.5804652994966755,0,-7.902326497483378,train,3,-1.5999999999999996,-0.7999999999999998
-1.679698823100579,-1.1234495063453322,-0.5562493167552468,-1.8031959467487946,0,-9.015979733743972,train,3,-1.5999999999999996,-0.7999999999999998
-1.3260258410370285,-1.5322707111836715,0.20624487014664317,-1.9985159605092013,1,3.808154692886797,train,3,-1.5999999999999996,-0.7999999999999998
-0.5152496690495404,-1.1221867141446598,0.6069370450951194,-1.8021020047447351,1,-0.1940472145270736,train,3,-1.5999999999999996,-0.7999999999999998
-1.5287975213562874,-1.403637033133518,-0.12516048822276948,-1.9721227739873233,1,2.5905568118618327,train,3,-1.5999999999999996,-0.7999999999999998
-1.1838730156833925,-1.0139252411280255,-0.1699477745553671,-1.6978259941098186,1,-1.2732088713320273,train,3,-1.5999999999999996,-0.7999999999999998
-0.8545930403582075,-0.8842789661466087,0.029685925788401204,-1.5469163256496496,0,-7.7345816282482485,train,3,-1.5999999999999996,-0.7999999999999998
-1.3450000486760243,-1.1882128232694837,-0.15678722540654055,-1.8554065262444563,1,0.46603283822833325,train,3,-1.5999999999999996,-0.7999999999999998
-0.5911037024233133,-1.1171491917118346,0.5260454892885212,-1.797709478251595,0,-8.988547391257974,train,3,-1.5999999999999996,-0.7999999999999998
-1.8376729617398264,-1.5479457500937537,-0.2897272116460727,-1.999477873863982,0,-9.99738936931991,train,3,-1.5999999999999996,-0.7999999999999998
-1.7591912929160627,-1.1679402162857546,-0.5912510766303081,-1.839890033962524,0,-9.19945016981262,train,3,-1.5999999999999996,-0.7999999999999998
-1.7802482623850777,-1.4966505730636495,-0.28359768932142826,-1.9945049253693372,1,3.47644672644025,train,3,-1.5999999999999996,-0.7999999999999998
-1.0505889565623647,-1.108349722919734,0.05776076635736946,-1.789927303248963,1,-0.3323680825646844,train,3,-1.5999999999999996,-0.7999999999999998
-0.57155168529591,-1.3090797223641293,0.7375280370682192,-1.9318944977832249,0,-9.659472488916125,train,3,-1.5999999999999996,-0.7999999999999998
-0.02586706404473882,-0.9857935725354032,0.9599265084906644,-1.6674211299669686,0,-8.337105649834843,train,3,-1.5999999999999996,-0.7999999999999998
-1.8008212566273418,-1.5611726908643577,-0.23964856576298416,-1.9999073863462593,1,4.073769537928154,train,3,-1.5999999999999996,-0.7999999999999998
-2.390655642382178,-1.5121455055057245,-0.8785101368764533,-1.996561067135845,0,-9.982805335679224,train,3,-1.5999999999999996,-0.7999999999999998
-1.8831011957916954,-1.0527814279010976,-0.8303197678905978,-1.7376076529321955,1,-0.8869452294511997,train,3,-1.5999999999999996,-0.7999999999999998
0.08691624935629494,-1.1882770423330746,1.2751932916893696,-1.8554544707394165,0,-9.277272353697082,train,3,-1.5999999999999996,-0.7999999999999998
-1.3844087713372377,-1.1426869027082005,-0.24172186862903722,-1.8195045013121782,1,0.01094248900035069,train,3,-1.5999999999999996,-0.7999999999999998
-0.6502906748430535,-0.9250344048074755,0.27474372996442203,-1.5972829374588662,1,-2.1486954094273782,train,3,-1.5999999999999996,-0.7999999999999998
-0.05943897691672273,-1.2098098886802604,1.1503709117635377,-1.8710977433237344,0,-9.355488716618671,train,3,-1.5999999999999996,-0.7999999999999998
-1.3599542066345005,-0.9518844622990839,-0.40806974433541665,-1.6290204393866197,0,-8.145102196933099,train,3,-1.5999999999999996,-0.7999999999999998
-1.3085494925014105,-1.1918050965640477,-0.11674439593736274,-1.8580766727143783,1,0.5019134561710786,train,3,-1.5999999999999996,-0.7999999999999998
-1.2069805483611311,-0.8586234454077989,-0.34835710295333217,-1.5138874587344093,0,-7.569437293672046,train,3,-1.5999999999999996,-0.7999999999999998
-1.7240073847620532,-1.066457782768299,-0.657549601993754,-1.7509886005386617,0,-8.754943002693308,train,3,-1.5999999999999996,-0.7999999999999998
-1.0011652063963452,-1.4810185284527542,0.47985332205640885,-1.9919453591751866,0,-9.959726795875932,train,3,-1.5999999999999996,-0.7999999999999998
-0.6689375980631201,-1.308357459739395,0.6394198616762748,-1.9315202387800863,1,1.6599291148120265,train,3,-1.5999999999999996,-0.7999999999999998
-2.031623129725343,-0.9073800672447204,-1.1242430624806228,-1.5757861186857847,1,-2.320771423358904,train,3,-1.5999999999999996,-0.7999999999999998
-0.730745433750912,-1.319771831315587,0.589026397564675,-1.9373168980726723,0,-9.686584490363362,train,3,-1.5999999999999996,-0.7999999999999998
-1.590359662300664,-1.4487793924350758,-0.14158026986558805,-1.9851303299386016,1,3.0237826975587523,train,3,-1.5999999999999996,-0.7999999999999998
-1.111727161418991,-1.2219029526673812,0.11017579124839026,-1.8795031943352907,1,0.8022399676689934,train,3,-1.5999999999999996,-0.7999999999999998
-1.1670536592483587,-1.2857750601422957,0.1187214008939371,-1.9193113463250908,0,-9.596556731625455,train,3,-1.5999999999999996,-0.7999999999999998
-1.8887792620789354,-1.104856058684725,-0.7839232033942104,-1.7867990657862824,0,-8.933995328931413,train,3,-1.5999999999999996,-0.7999999999999998
-1.437109515804604,-1.250586966448389,-0.186522549356215,-1.8983390790309296,1,1.0877863662359557,train,3,-1.5999999999999996,-0.7999999999999998
-1.9858102066532464,-1.3912622741644032,-0.5945479324888431,-1.9678540086885086,1,2.470838370290676,train,3,-1.5999999999999996,-0.7999999999999998
-0.12087128700918415,-1.2700222306697944,1.1491509436606102,-1.9102148837418749,0,-9.551074418709375,train,3,-1.5999999999999996,-0.7999999999999998
0.0467361181228354,-1.2647727723581594,1.3115088904809948,-1.9070781731084523,0,-9.535390865542261,train,3,-1.5999999999999996,-0.7999999999999998
-0.8276424796792325,-0.8780625152990871,0.05042003561985458,-1.5390059249196044,0,-7.695029624598022,train,3,-1.5999999999999996,-0.7999999999999998
-1.523680602650039,-0.8163069903676116,-0.7073736122824273,-1.457242800338039,1,-3.1957948178497633,train,3,-1.5999999999999996,-0.7999999999999998
-0.40751129075290715,-1.1011449284744685,0.6936336377215614,-1.7834522218775704,1,-0.4043669714658854,train,3,-1.5999999999999996,-0.7999999999999998
-1.6474538026305061,-1.5334527019433106,-0.11400110068719554,-1.9986056157386967,0,-9.993028078693483,train,3,-1.5999999999999996,-0.7999999999999998
0.03366567792754971,-1.0136010259232038,1.0472667038507535,-1.697483188262891,0,-8.487415941314454,train,3,-1.5999999999999996,-0.7999999999999998
0.1241799551797671,-1.0570516780168127,1.1812316331965798,-1.7418206812205381,1,-0.844403066749347,train,3,-1.5999999999999996,-0.7999999999999998
0.06456215073774685,-0.9391817063798241,1.003743857117571,-1.6141504206172053,0,-8.070752103086026,train,3,-1.5999999999999996,-0.7999999999999998
-1.559194601323075,-1.322038930631155,-0.23715567069191992,-1.93843819741793,1,1.7946862243557922,train,3,-1.5999999999999996,-0.7999999999999998
-2.1517407975938267,-1.5528959246735012,-0.5988448729203256,-1.9996795841597839,0,-9.998397920798919,train,3,-1.5999999999999996,-0.7999999999999998
-1.5083725516971764,-1.1105425468357661,-0.3978300048614103,-1.791879607078981,1,-0.31045117712633596,train,3,-1.5999999999999996,-0.7999999999999998
-1.558595447819553,-1.500788305349382,-0.05780714247017103,-1.995100878356895,1,3.515213324364337,train,3,-1.5999999999999996,-0.7999999999999998
-1.546660777626717,-0.9923763766693346,-0.5542844009573824,-1.674655021138058,1,-1.4866316394468502,train,3,-1.5999999999999996,-0.7999999999999998
-0.24844023929746395,-0.964461345938686,0.7160211066412221,-1.6434841569071894,0,-8.217420784535946,train,3,-1.5999999999999996,-0.7999999999999998
-0.8786200749322968,-1.2730985706000815,0.39447849566778465,-1.912028632586246,1,1.3112720498659172,train,3,-1.5999999999999996,-0.7999999999999998
-0.8653411663681385,-0.8449619952935634,-0.02037917107457507,-1.4958917734445865,1,-2.9229968023811868,train,3,-1.5999999999999996,-0.7999999999999998
-1.7012119565245123,-1.460976164995779,-0.24023579152873314,-1.98795164843111,0,-9.93975824215555,train,3,-1.5999999999999996,-0.7999999999999998
-0.4563426323950521,-0.8459313202184157,0.3895886878233636,-1.4971778681390375,0,-7.485889340695188,train,3,-1.5999999999999996,-0.7999999999999998
-0.40055652723762847,-1.2276082601459712,0.8270517329083428,-1.8833733945735682,1,0.8590957873024969,train,3,-1.5999999999999996,-0.7999999999999998
-2.1474822938613807,-0.9896050869797068,-1.157877206881674,-1.6716184572887012,1,-1.5140308438752426,train,3,-1.5999999999999996,-0.7999999999999998
-0.8574196892741102,-0.9977438436156695,0.14032415434155932,-1.6804996754016117,1,-1.4335322488928588,train,3,-1.5999999999999996,-0.7999999999999998
-0.9953112487712874,-0.8150320646949912,-0.18027918407629615,-1.455495180772567,0,-7.277475903862834,train,3,-1.5999999999999996,-0.7999999999999998
-1.2679154251408773,-0.8213776046968553,-0.446537820444022,-1.464169933573702,0,-7.32084966786851,train,3,-1.5999999999999996,-0.7999999999999998
-1.7726806970212938,-1.567927100287065,-0.2047535967342289,-1.9999917675448946,0,-9.999958837724472,train,3,-1.5999999999999996,-0.7999999999999998
-1.5065127030792447,-1.587222977974751,0.08071027489550636,-1.9997301711985322,1,4.310267322634014,train,3,-1.5999999999999996,-0.7999999999999998
-0.043628436044261365,-1.1653677479811724,1.121739311936911,-1.8378668893355377,0,-9.189334446677687,train,3,-1.5999999999999996,-0.7999999999999998
-1.5386636076736122,-1.5728979056812724,0.0342342980076601,-1.9999955833678098,0,-9.999977916839049,train,3,-1.5999999999999996,-0.7999999999999998
-1.3318723441792084,-1.0740122913317818,-0.2578600528474265,-1.7582396731992804,0,-8.791198365996403,train,3,-1.5999999999999996,-0.7999999999999998
-1.9083920074051537,-1.1720779186684376,-0.7363140887367161,-1.8431186256763874,0,-9.215593128381936,train,3,-1.5999999999999996,-0.7999999999999998
-0.6023537279019847,-1.0667532831197917,0.46439955521780696,-1.7512741124367253,0,-8.756370562183626,train,3,-1.5999999999999996,-0.7999999999999998
-1.698049891265608,-1.2469274365018637,-0.45112245476374424,-1.896022586777108,1,1.0514010206547968,train,3,-1.5999999999999996,-0.7999999999999998
-1.450269881282701,-1.3820228330210107,-0.06824704826169031,-1.9644702660934874,1,2.381204540378373,train,3,-1.5999999999999996,-0.7999999999999998
-0.41241276815687145,-0.8402648480417246,0.4278520798848532,-1.4896397401496735,0,-7.448198700748367,train,3,-1.5999999999999996,-0.7999999999999998
-0.985962086444802,-1.0173844478454022,0.0314223614006002,-1.7014724357734197,0,-8.507362178867098,train,3,-1.5999999999999996,-0.7999999999999998
-1.8266780348465512,-1.5949408501876134,-0.23173718465893778,-1.9994170703095917,1,4.379779643318636,train,3,-1.5999999999999996,-0.7999999999999998
-1.6241697057263673,-1.52053778808466,-0.10363191764170729,-1.9974746109315675,1,3.6994064693552096,train,3,-1.5999999999999996,-0.7999999999999998
-0.555636792863715,-1.0946462039000162,0.5390094110363012,-1.7775322762997692,0,-8.887661381498846,train,3,-1.5999999999999996,-0.7999999999999998
-1.381352270889155,-1.369570538401833,-0.011781732487321998,-1.959644630079068,1,2.2600819317743697,train,3,-1.5999999999999996,-0.7999999999999998
-1.1282987394809147,-1.2739026581666737,0.14560391868575906,-1.9124997243606692,1,1.3192430722377047,train,3,-1.5999999999999996,-0.7999999999999998
-0.7210660208638103,-0.974775100881832,0.2537090800180216,-1.6551513220710272,0,-8.275756610355137,train,3,-1.5999999999999996,-0.7999999999999998
-1.517407182090199,-1.3166835694565073,-0.20072361263369168,-1.9357734353498453,0,-9.678867176749225,train,3,-1.5999999999999996,-0.7999999999999998
-0.6625896542735886,-0.8593531221765925,0.1967634679030039,-1.5148407140708864,1,-2.7850726757816386,train,3,-1.5999999999999996,-0.7999999999999998
-1.1897237977711113,-1.0236383028603067,-0.1660854949108045,-1.7080130836191065,1,-1.1768101996508802,train,3,-1.5999999999999996,-0.7999999999999998
-0.4781528535551999,-1.1584588474149,0.6803059938597001,-1.8323731541889805,1,0.16865394186353896,train,3,-1.5999999999999996,-0.7999999999999998
-1.1541419790777359,-1.4552281311799178,0.3010861521021818,-1.9866588507913117,1,3.085188002370349,train,3,-1.5999999999999996,-0.7999999999999998
-2.310529652486017,-1.2723268882658803,-1.038202764220137,-1.9115753635940236,0,-9.557876817970119,train,3,-1.5999999999999996,-0.7999999999999998
-1.1141069308622695,-0.9896945681253411,-0.12441236273692854,-1.671716704469087,1,-1.513146341649605,train,3,-1.5999999999999996,-0.7999999999999998
-0.14185780015779748,-0.8073625451863541,0.6655047450285566,-1.4449322727746816,1,-3.2804197894846516,train,3,-1.5999999999999996,-0.7999999999999998
-1.1302866332551766,-0.6224054631282083,-0.5078811701269684,-1.1659824645205408,1,-4.961746020802992,train,4,-0.7999999999999998,0.0
1.409070425434896,-0.10341415505809885,1.512484580492995,-0.2064598533991414,0,-1.032299266995707,train,4,-0.7999999999999998,0.0
-1.3740563446104228,-0.6346246757284587,-0.7394316688819641,-1.185750619269867,0,-5.928753096349335,train,4,-0.7999999999999998,0.0
0.37106068276421716,-0.06511127364966275,0.4361719564138799,-0.1301305541985126,0,-0.650652770992563,train,4,-0.7999999999999998,0.0
-0.38169791450276236,-0.4092710489641366,0.027573134461374223,-0.795881371930776,0,-3.97940685965388,train,4,-0.7999999999999998,0.0
-0.6028844969846001,-0.31060490967788335,-0.2922795873067168,-0.6112693127768694,1,-7.385976154479472,train,4,-0.7999999999999998,0.0
0.3024057018782361,-0.1872737148157475,0.4896794166939836,-0.37236194567419995,0,-1.8618097283709998,train,4,-0.7999999999999998,0.0
-0.554123682428646,-0.3852656097016453,-0.1688580727270006,-0.7516105803044502,1,-6.862545132619198,train,4,-0.7999999999999998,0.0
-1.9639326913053643,-0.5625595987390223,-1.4013730925663421,-1.066706177244609,1,-5.472148672195739,train,4,-0.7999999999999998,0.0
-1.3501900868971024,-0.6498230170709985,-0.7003670698261037,-1.2100910060325267,0,-6.050455030162634,train,4,-0.7999999999999998,0.0
-0.4608121420363083,-0.7354069849881,0.27459484295179165,-1.3417780281459335,1,-3.951082340117795,train,4,-0.7999999999999998,0.0
1.1335316040009373,-0.20924776304082396,1.3427793670417614,-0.4154482598692189,1,-8.030195909967127,train,4,-0.7999999999999998,0.0
-1.335708142568843,-0.4469526216832374,-0.8887555208856057,-0.864439031455669,1,-6.401089232208003,train,4,-0.7999999999999998,0.0
-0.6835192964664945,-0.6733521058298789,-0.010167190636615517,-1.2472198928104807,0,-6.236099464052404,train,4,-0.7999999999999998,0.0
0.7743897510721686,-0.09605037503897688,0.8704401261111454,-0.19180550980038572,1,-8.651965814163393,train,4,-0.7999999999999998,0.0
-0.21660863892110838,-0.5807308304062202,0.3641221914851118,-1.0972702054446204,1,-5.319161846611725,train,4,-0.7999999999999998,0.0
-0.6939844911823009,-0.46861198473515886,-0.225372506447142,-0.9032966782411264,0,-4.5164833912056315,train,4,-0.7999999999999998,0.0
-1.4162907832721492,-0.5631360538130815,-0.8531547294590677,-1.067681238250814,0,-5.33840619125407,train,4,-0.7999999999999998,0.0
-1.3656604517006254,-0.2969696728964133,-1.0686907788042121,-0.5852477443468017,0,-2.9262387217340087,train,4,-0.7999999999999998,0.0
-0.7848732242362123,-0.33612975184836386,-0.44874347238784845,-0.6596718182587717,1,-7.211514081562553,train,4,-0.7999999999999998,0.0
-0.5411023612910664,-0.3200566427000099,-0.22104571859105648,-0.6292406547369745,0,-3.146203273684873,train,4,-0.7999999999999998,0.0
-1.9368155830376814,-0.587344705971594,-1.3494708770660873,-1.108305344695525,1,-5.26303981598131,train,4,-0.7999999999999998,0.0
-1.5884563199922224,-0.5722512954869088,-1.0162050245053136,-1.0830520949645503,0,-5.415260474822752,train,4,-0.7999999999999998,0.0
-0.414940356196026,-0.5971294353809699,0.18218907918494384,-1.1245419421370233,1,-5.1795899908061465,train,4,-0.7999999999999998,0.0
-0.7833442446716785,-0.5379488418490126,-0.24539540282266598,-1.0247512303698183,0,-5.123756151849092,train,4,-0.7999999999999998,0.0
-1.1375669137240147,-0.6846685594772635,-0.4528983542467514,-1.264832605833687,1,-4.411898380204134,train,4,-0.7999999999999998,0.0
-0.9120212101602951,-0.6675097110389857,-0.24451149912130948,-1.2380642421573453,1,-4.565227224688729,train,4,-0.7999999999999998,0.0
-0.5164304334094291,-0.02885557674564651,-0.48757485666378253,-0.0577031450141211,0,-0.28851572507060547,train,4,-0.7999999999999998,0.0
0.5246910969787381,-0.031818627771444945,0.556509724750183,-0.06362651809426326,1,-8.955981807894183,train,4,-0.7999999999999998,0.0
0.3347041642080041,-0.6492682755232517,0.9839724397312558,-1.2092074595448399,0,-6.046037297724199,train,4,-0.7999999999999998,0.0
0.4636145664976453,-0.7805547506964102,1.2441693171940555,-1.4073473814878985,0,-7.036736907439493,train,4,-0.7999999999999998,0.0
-0.21047684701975283,-0.6363555628960393,0.4258787158762865,-1.1885365886903239,0,-5.9426829434516195,train,4,-0.7999999999999998,0.0
0.20816644662706454,-0.24012510869875395,0.4482915553258185,-0.4756482947932374,1,-7.842383063124572,train,4,-0.7999999999999998,0.0
0.7014689562484384,-0.17638833155557615,0.8778572878040146,-0.35095019257677723,0,-1.7547509628838862,train,4,-0.7999999999999998,0.0
0.2614157624938732,-0.7816535260487346,1.0430692885426078,-1.4089079425666238,0,-7.044539712833119,train,4,-0.7999999999999998,0.0
0.5412532171636892,-0.3378697134961951,0.8791229306598843,-0.6629559988348394,0,-3.314779994174197,train,4,-0.7999999999999998,0.0
-0.07131621850055603,-0.7986862618271636,0.7273700433266076,-1.4328803638365046,0,-7.164401819182523,train,4,-0.7999999999999998,0.0
-0.7684134102456535,-0.3876219104756851,-0.3807914997699683,-0.7559756512180051,0,-3.7798782560900257,train,4,-0.7999999999999998,0.0
-1.2479829614282583,-0.2881638590953142,-0.959819102332944,-0.5683845465710861,0,-2.8419227328554304,train,4,-0.7999999999999998,0.0
0.5147912095553968,-0.011500477756648928,0.5262916873120458,-0.02300044849513153,1,-9.044515132599187,train,4,-0.7999999999999998,0.0
-0.649021392070741,-0.5927219228711152,-0.05629946919962583,-1.1172414311171797,1,-5.217241661027675,train,4,-0.7999999999999998,0.0
-0.19140511260245213,-0.1580024917897038,-0.03340262081274833,-0.314691790957673,1,-8.324918150219215,train,4,-0.7999999999999998,0.0
-0.6372659708657956,-0.10361353039881346,-0.5336524404669821,-0.2068564696569868,0,-1.0342823482849341,train,4,-0.7999999999999998,0.0
-0.84237117986079,-0.06180030884346407,-0.7805708710173259,-0.12352195518657616,1,-8.818599140593053,train,4,-0.7999999999999998,0.0
0.04307134225146292,-0.798228629974045,0.8412999722255079,-1.4322416814414451,1,-3.3665664814042717,train,4,-0.7999999999999998,0.0
-0.14534870636572095,-0.42440930259393805,0.2790605962282171,-0.8235651232483091,1,-6.572644862968948,train,4,-0.7999999999999998,0.0
-0.6538445815443955,-0.014825009915191598,-0.6390195716292039,-0.02964893375755046,0,-0.1482446687877523,train,4,-0.7999999999999998,0.0
-0.24659179205078735,-0.48084415687771953,0.23425236482693218,-0.9250555475700362,1,-6.137079867575293,train,4,-0.7999999999999998,0.0
0.034346085394531295,-0.14901401793046545,0.18336010332499675,-0.2969262988778241,1,-8.374380687548404,train,4,-0.7999999999999998,0.0
-0.049725107432219195,-0.3628348016220177,0.3131096941897985,-0.7098517922018257,1,-7.023958170191731,train,4,-0.7999999999999998,0.0
1.1566457579591194,-0.18331673028782033,1.3399624882469396,-0.364583453785947,1,-8.182015588482324,train,4,-0.7999999999999998,0.0
-0.43287640074762856,-0.4120551400092335,-0.020821260738395103,-0.800986593141878,1,-6.66524930655183,train,4,-0.7999999999999998,0.0
-1.5444846584205805,-0.7767107490618257,-0.7677739093587548,-1.4018744918962136,1,-3.5683897620155265,train,4,-0.7999999999999998,0.0
-0.7088538643858839,-0.7307794492782358,0.02192558489235187,-1.334900516039163,0,-6.674502580195814,train,4,-0.7999999999999998,0.0
-1.0986509014118644,-0.7108369500975812,-0.38781395131428326,-1.3049365073870396,0,-6.524682536935198,train,4,-0.7999999999999998,0.0
-0.26986320853361745,-0.5990039106475618,0.3291407021139443,-1.1276401707907415,1,-5.163546537051111,train,4,-0.7999999999999998,0.0
0.0982577076380654,-0.028067765978908005,0.1263254736169734,-0.056128161657591026,0,-0.2806408082879551,train,4,-0.7999999999999998,0.0
-0.08668610752421188,-0.2945871578098036,0.20790105028559172,-0.5806896341323724,1,-7.4930071739439885,train,4,-0.7999999999999998,0.0
-0.48690253886802626,-0.14667183790771046,-0.3402307009603158,-0.2922930409841473,1,-8.387158474500044,train,4,-0.7999999999999998,0.0
-0.09892711811992516,-0.34713440312579485,0.2482072850058697,-0.6804090795065191,0,-3.4020453975325955,train,4,-0.7999999999999998,0.0
-0.597868669180257,-0.29171503553448547,-0.30615363364577164,-0.575190452108314,1,-7.511996294935457,train,4,-0.7999999999999998,0.0
0.15987752577405712,-0.15047808705567145,0.31035561282972857,-0.29982166806128974,1,-8.366370105499591,train,4,-0.7999999999999998,0.0
-0.2392569848353889,-0.05865390780490055,-0.18060307703048836,-0.11724056520593158,1,-8.833391107436926,train,4,-0.7999999999999998,0.0
-0.7409424478057964,-0.06989858903697346,-0.671043858768823,-0.1396833687408997,1,-8.780126066042925,train,4,-0.7999999999999998,0.0
0.15896275052195866,-0.14015142364917962,0.2991141741711383,-0.279386110326971,0,-1.3969305516348551,train,4,-0.7999999999999998,0.0
-1.1482941362205463,-0.7246378142581417,-0.4236563219624046,-1.3257286067125833,1,-4.049780642485009,train,4,-0.7999999999999998,0.0
0.3551673967967319,-0.5111612652289527,0.8663286620256846,-0.9783808106862438,0,-4.891904053431219,train,4,-0.7999999999999998,0.0
-0.5058190180733741,-0.7715927745917356,0.2657737565183615,-1.394555649988506,1,-3.616153191515395,train,4,-0.7999999999999998,0.0
-0.08229019239009466,-0.3629133211673544,0.28062312877725976,-0.7099986049857009,1,-7.023399256964058,train,4,-0.7999999999999998,0.0
-0.10227894922996697,-0.16308582331519658,0.06080687408522961,-0.32472770442032517,1,-8.29664715777882,train,4,-0.7999999999999998,0.0
-0.7946969460456104,-0.7590857575189222,-0.03561118852668817,-1.376516962832476,1,-3.732473671711907,train,4,-0.7999999999999998,0.0
-2.0810844579931396,-0.6490658113655136,-1.432018646627626,-1.2088848986637903,0,-6.044424493318951,train,4,-0.7999999999999998,0.0
0.22568454845658126,-0.507617785670268,0.7333023341268493,-0.9721935983762845,0,-4.860967991881423,train,4,-0.7999999999999998,0.0
-1.0929145110816063,-0.6045673064336732,-0.4883472046479331,-1.1368122633223874,0,-5.6840613166119365,train,4,-0.7999999999999998,0.0
0.40982709276528717,-0.16393002166317436,0.5737571144284616,-0.32639358179634226,0,-1.6319679089817112,train,4,-0.7999999999999998,0.0
-0.9014303846392062,-0.5183240513869051,-0.3831063332523011,-0.9908500407095349,0,-4.954250203547675,train,4,-0.7999999999999998,0.0
-0.37477370494599427,-0.2888978543517077,-0.08587585059428662,-0.5697918546492163,1,-7.530561971903222,train,4,-0.7999999999999998,0.0
-0.5397818580261058,-0.4052679584825921,-0.13451389954351362,-0.7885300550118133,0,-3.9426502750590666,train,4,-0.7999999999999998,0.0
-0.9562973490895705,-0.3332002050239547,-0.6230971440656159,-0.6541377867527312,0,-3.2706889337636555,train,4,-0.7999999999999998,0.0
-0.15158594749169557,-0.04856051842811872,-0.10302542906357685,-0.0970828707826886,1,-8.880251546918824,train,4,-0.7999999999999998,0.0
0.24063977142079113,-0.04516793438729633,0.28580770580808745,-0.09030515556992436,0,-0.4515257778496218,train,4,-0.7999999999999998,0.0
-0.9591530176058846,-0.7106460582531428,-0.24850695935274178,-1.3046471618028983,0,-6.5232358090144915,train,4,-0.7999999999999998,0.0
-0.8836060329979182,-0.12515602711182097,-0.7584500058860972,-0.24965908320680671,1,-8.502376676522449,train,4,-0.7999999999999998,0.0
-0.867106812203535,-0.523177478595238,-0.34392933360829697,-0.9992702034616271,1,-5.797445764635171,train,4,-0.7999999999999998,0.0
-0.5694477921571517,-0.7193381817098837,0.1498903895527321,-1.3177739376385211,0,-6.588869688192606,train,4,-0.7999999999999998,0.0
0.19504850182264216,-0.4932727471463077,0.6883212489689499,-0.9470220299127459,0,-4.735110149563729,train,4,-0.7999999999999998,0.0
0.10985021193472105,-0.39171616212860155,0.5015663740633226,-0.7635502967544929,0,-3.8177514837724646,train,4,-0.7999999999999998,0.0
0.14132465259516136,-0.031117534427896124,0.1724421870230575,-0.06222502562934351,1,-8.959098517825506,train,4,-0.7999999999999998,0.0
-1.100147687085495,-0.502789907737594,-0.5973577793479008,-0.963744087968524,1,-5.962347011036076,train,4,-0.7999999999999998,0.0
-0.24597079018015233,-0.7901044707197137,0.5441336805395613,-1.4208535995354459,0,-7.10426799767723,train,4,-0.7999999999999998,0.0
-0.09770804377777143,-0.11223449040944675,0.014526446631675329,-0.22399802059746762,1,-8.569683829370536,train,4,-0.7999999999999998,0.0
-0.8551004411823321,-0.7111114003677076,-0.14398904081462446,-1.3053524238796899,0,-6.526762119398449,train,4,-0.7999999999999998,0.0
0.12873757353351373,-0.41732876481057196,0.5460663383440857,-0.8106398517316595,1,-6.6258428422666515,train,4,-0.7999999999999998,0.0
0.2506908764125215,-0.12001597409104511,0.37070685050356667,-0.23945613297836923,0,-1.1972806648918461,train,4,-0.7999999999999998,0.0
-0.088438800080262,-0.38820962639945666,0.29977082631919466,-0.7570637478183819,0,-3.7853187390919096,train,4,-0.7999999999999998,0.0
-1.1336402848274094,-0.44271373766214933,-0.6909265471652601,-0.8567863046568125,0,-4.283931523284062,train,4,-0.7999999999999998,0.0
-0.5259287037818303,-0.15961886339954423,-0.36630984038228603,-0.3178838532020093,1,-8.3159519767153,train,4,-0.7999999999999998,0.0
-1.8060181417534933,-0.7836868972414793,-1.0223312445120138,-1.4117913970341558,0,-7.058956985170779,train,4,-0.7999999999999998,0.0
-0.22524265427394213,-0.34190508095376054,0.11666242667981841,-0.6705650196880838,0,-3.352825098440419,train,4,-0.7999999999999998,0.0
-0.4539483582893281,-0.47089310737649864,0.01694474908717055,-0.9073647417355556,0,-4.536823708677778,train,4,-0.7999999999999998,0.0
0.5476457419468288,-0.01189056184335637,0.5595363037901852,-0.023780563306485175,1,-9.042850437694733,train,4,-0.7999999999999998,0.0
-0.03165278440933822,-0.1588787756711439,0.12722599126180567,-0.3164224069099691,0,-1.5821120345498454,train,4,-0.7999999999999998,0.0
-0.9775970594146228,-0.7568303182838824,-0.22076674113074052,-1.3732409775076797,0,-6.866204887538398,train,4,-0.7999999999999998,0.0
0.6192752613883498,-0.6476177812355978,1.2668930426239475,-1.2065764891228214,1,-4.74129321574854,train,4,-0.7999999999999998,0.0
-1.0558090198875216,-0.43806492334641955,-0.6177440965411021,-0.8483758097366334,0,-4.241879048683167,train,4,-0.7999999999999998,0.0
-1.0394145238385417,-0.2376463383056174,-0.8017681855329244,-0.47083153830230434,1,-7.857738726535411,train,4,-0.7999999999999998,0.0
-0.9007018950460792,-0.5343614803714579,-0.36634041467462125,-1.018583274254906,0,-5.09291637127453,train,4,-0.7999999999999998,0.0
-0.19719688637898314,-0.5120134438629538,0.31481655748397064,-0.9798669564884374,0,-4.899334782442187,train,4,-0.7999999999999998,0.0
-0.27240842256185127,-0.0628235472326584,-0.20958487532919287,-0.1255644601553728,1,-8.813769838176007,train,4,-0.7999999999999998,0.0
-0.30153867300720283,-0.037095595418122324,-0.2644430775890805,-0.0741741764650705,0,-0.37087088232535254,train,4,-0.7999999999999998,0.0
-1.146623977596994,-0.47385141705828504,-0.672772560538709,-0.9126334385662102,0,-4.563167192831051,train,4,-0.7999999999999998,0.0
0.8025637617399276,-0.08114307609222136,0.883706837832149,-0.16210812342203917,1,-8.725751800645666,train,4,-0.7999999999999998,0.0
-0.909820740948196,-0.5357973984323948,-0.3740233425158011,-1.0210537082453632,1,-5.694159953737597,train,4,-0.7999999999999998,0.0
-1.3822303160837612,-0.7338091447360097,-0.6484211713477517,-1.339406534594201,0,-6.697032672971005,train,4,-0.7999999999999998,0.0
-0.45214400324960125,-0.3786259476331268,-0.07351805561647445,-0.7392881716428137,0,-3.6964408582140686,train,4,-0.7999999999999998,0.0
-0.7559703445638639,-0.27132448723329167,-0.48464585733057225,-0.536015409209393,0,-2.6800770460469647,train,4,-0.7999999999999998,0.0
-0.22514629880498468,-0.0856125645157613,-0.1395337342892234,-0.17101603958882688,1,-8.703832169296957,train,4,-0.7999999999999998,0.0
0.7732162395870137,-0.02787396238852748,0.8010902019755411,-0.055740706093519304,0,-0.27870353046759655,train,4,-0.7999999999999998,0.0
-0.45192789450245474,-0.1840538584869482,-0.2678740360155065,-0.36603290908484115,1,-8.177775383904326,train,4,-0.7999999999999998,0.0
-0.22259391595546893,-0.1927207053685392,-0.029873210586929728,-0.3830598737719615,1,-8.127588187489085,train,4,-0.7999999999999998,0.0
-0.45308762956495735,-0.23196076211644923,-0.22112686744850812,-0.45977242450715783,1,-7.892777611610549,train,4,-0.7999999999999998,0.0
-0.3538014750059333,-0.23875773393490207,-0.11504374107103121,-0.47299156623860306,0,-2.3649578311930153,train,4,-0.7999999999999998,0.0
0.3056730569399603,-0.18613489510577322,0.49180795204573347,-0.3701238887367077,0,-1.8506194436835386,train,4,-0.7999999999999998,0.0
0.29845981768461516,-0.020520416891484844,0.31898023457610003,-0.041037953546531704,1,-9.005670793758169,train,4,-0.7999999999999998,0.0
-0.7059974076224498,-0.5010283860832244,-0.20496902153922536,-0.9606555572474835,0,-4.803277786237418,train,4,-0.7999999999999998,0.0
-1.2920967338853417,-0.7335564455692439,-0.5585402883160979,-1.3390311684753677,0,-6.695155842376838,train,4,-0.7999999999999998,0.0
-0.6888178448788024,-0.60828764831022,-0.08053019656858239,-1.1429261905040347,0,-5.7146309525201735,train,4,-0.7999999999999998,0.0
-0.12325762415100605,-0.6228137919656037,0.49955616781459766,-1.1666458840560225,0,-5.833229420280112,train,4,-0.7999999999999998,0.0
-0.5195321239279598,-0.5091201625567151,-0.010411961371244666,-0.9748183694666784,0,-4.874091847333392,train,4,-0.7999999999999998,0.0
-0.2283435474822692,-0.15174861431011855,-0.07659493317215064,-0.3023337647679247,1,-8.359403943673339,train,4,-0.7999999999999998,0.0
-1.836673038636523,-0.75192306410692,-1.084749974529603,-1.3660891666954227,1,-3.798827946951638,train,4,-0.7999999999999998,0.0
0.1561762324402607,-0.44020515368275503,0.5963813861230157,-0.8522501384738174,0,-4.261250692369087,train,4,-0.7999999999999998,0.0
-1.0441408933042757,-0.149463578013324,-0.8946773152909517,-0.29781542490547924,1,-8.371922850625527,train,4,-0.7999999999999998,0.0
-1.3578737884046266,-0.5886093003674808,-0.7692644880371456,-1.1104097927490735,0,-5.552048963745367,train,4,-0.7999999999999998,0.0
-0.9747036602898744,-0.749279214421305,-0.2254244458685694,-1.3622223844354175,0,-6.811111922177088,train,4,-0.7999999999999998,0.0
-0.5855275367345768,-0.606313862195252,0.020786325460675187,-1.139684478902951,0,-5.698422394514755,train,4,-0.7999999999999998,0.0
-0.704896735749509,-0.7319436305998274,0.02704689485031845,-1.3366334364922383,1,-3.9828741511548222,train,4,-0.7999999999999998,0.0
-0.6120261874299251,-0.15377805172211834,-0.4582481357078067,-0.30634537069228013,0,-1.5317268534614006,train,4,-0.7999999999999998,0.0
-0.8516830438075129,-0.6637999394895341,-0.18788310431797886,-1.2322286817371357,0,-6.161143408685678,train,4,-0.7999999999999998,0.0
-1.0079180208957814,-0.643724299550049,-0.3641937213457325,-1.2003570753193902,0,-6.001785376596951,train,4,-0.7999999999999998,0.0
-1.2340171280479209,-0.14828639075371172,-1.085730737294209,-0.2954870932639593,0,-1.4774354663197964,train,4,-0.7999999999999998,0.0
-0.3050822220166316,-0.15177157665400345,-0.15331064536262817,-0.3023791616212643,1,-8.359277919478448,train,4,-0.7999999999999998,0.0
-0.7447805055030944,-0.32850089741300587,-0.4162796080900885,-0.6452489005784091,0,-3.2262445028920457,train,4,-0.7999999999999998,0.0
0.18330612667806984,-0.06821252790603037,0.2515186545841002,-0.1363192839522775,1,-8.788183703097168,train,4,-0.7999999999999998,0.0
-0.839262802533528,-0.7521426905962921,-0.08712011193723594,-1.3664099538786838,1,-3.7967962342701105,train,4,-0.7999999999999998,0.0
0.5502780921455167,-0.028002687783734177,0.5782807799292509,-0.05599805641368209,1,-8.972892300806025,train,4,-0.7999999999999998,0.0
0.07451336642066758,-0.3432198265153553,0.4177331929360229,-0.6730417293787321,1,-7.162214794365953,train,4,-0.7999999999999998,0.0
-0.018342232574146355,-0.5579855099996844,0.5396432774255381,-1.058956668609728,0,-5.29478334304864,train,4,-0.7999999999999998,0.0
0.5855915050898559,-0.13943533880131942,0.7250268438911753,-0.277967911752908,0,-1.3898395587645402,train,4,-0.7999999999999998,0.0
0.1434860468700611,-0.27246617571734294,0.41595222258740405,-0.5382149030565989,0,-2.6910745152829945,train,4,-0.7999999999999998,0.0
0.7452186877530325,0.7142881211488019,0.030930566604230558,1.310159431418674,1,-9.596379060669198,train,5,0.0,0.8000000000000007
0.13383149171925982,0.265583844240942,-0.1317523525216822,0.5249453743541743,1,-9.866441120839314,train,5,0.0,0.8000000000000007
0.3250293997582727,0.656983298446266,-0.3319538986879933,1.2214617899333273,1,-9.741701900104164,train,5,0.0,0.8000000000000007
-0.1909892213467829,0.03335730058019995,-0.22434652192698284,0.06670222952028318,1,-9.22670542692441,train,5,0.0,0.8000000000000007
-0.6245247712080692,0.08612534394877444,-0.7106501151568436,0.1720378197988178,1,-9.417236172569304,train,5,0.0,0.8000000000000007
0.15913774463797736,0.4760416513649926,-0.31690390672701524,0.9165290637482384,0,4.582645318741192,train,5,0.0,0.8000000000000007
0.02573355725312565,0.42385388975425764,-0.398120332501132,0.8225527206802119,1,-9.999856899426442,train,5,0.0,0.8000000000000007
0.07480405250607547,0.33504594284532374,-0.26024189033924827,0.657625116847383,1,-9.955704349494654,train,5,0.0,0.8000000000000007
0.0011798348299603134,0.2683262794186636,-0.2671464445887033,0.5302359613086216,1,-9.870871185954533,train,5,0.0,0.8000000000000007
0.4128400101947288,0.49801554575687257,-0.08517553556214377,0.9553661466119356,0,4.776830733059678,train,5,0.0,0.8000000000000007
0.6219537064293059,0.35051314088709956,0.27144056554220636,0.6867595856733257,1,-9.969054973711657,train,5,0.0,0.8000000000000007
0.4030281454947532,0.5887056850789527,-0.1856775395841995,1.1105701165429216,0,5.552850582714608,train,5,0.0,0.8000000000000007
0.4689073079632881,0.41442912959941536,0.05447817836387276,0.8053349037903007,1,-9.998908584159938,train,5,0.0,0.8000000000000007
0.6252468335939794,0.4630868801809261,0.1621599534130533,0.893423988234455,0,4.467119941172275,train,5,0.0,0.8000000000000007
0.32758898067137787,0.5162840767164755,-0.1886950960450976,0.9873039305829905,1,-9.962108969665653,train,5,0.0,0.8000000000000007
0.7051940709343663,0.7921794170987339,-0.0869853461643676,1.4237711133616202,0,7.118855566808101,train,5,0.0,0.8000000000000007
0.8691088961601078,0.6558865575374737,0.2132223386226341,1.2197241729215484,0,6.098620864607742,train,5,0.0,0.8000000000000007
-0.688791004769419,0.3305607478529449,-1.0193517526223639,0.6491469372685024,1,-9.951387304098137,train,5,0.0,0.8000000000000007
1.0953686659235866,0.7010141241653025,0.39435454175828405,1.2899860015547937,0,6.449930007773968,train,5,0.0,0.8000000000000007
0.37558216833170377,0.6590075460564176,-0.2834253777247139,1.2246650384946975,0,6.123325192473487,train,5,0.0,0.8000000000000007
-2.1705617884784063,0.04357960625788375,-2.21414139473629,0.08713162659965575,1,-9.265638781691809,train,5,0.0,0.8000000000000007
0.8952147390746044,0.5749097892513559,0.3203049498232485,1.087518168610059,0,5.437590843050295,train,5,0.0,0.8000000000000007
-0.07907438677818113,0.6417364499395809,-0.720810836717762,1.1971746788874196,0,5.985873394437098,train,5,0.0,0.8000000000000007
1.1241169548784797,0.5891253150491517,0.534991639829328,1.1112679977396147,0,5.556339988698074,train,5,0.0,0.8000000000000007
-0.023531357638856942,0.5673054006249344,-0.5908367582637913,1.074723013081978,1,-9.904791028310022,train,5,0.0,0.8000000000000007
0.3063732995950106,0.4327494834420229,-0.12637618384701232,0.8387368197177418,1,-9.999937136214683,train,5,0.0,0.8000000000000007
0.4995540940484072,0.09985933950448792,0.3996947545439193,0.19938691576148856,0,0.9969345788074429,train,5,0.0,0.8000000000000007
0.2883688873681343,0.7661178363757354,-0.47774894900760106,1.3866859063056698,1,-9.437792620114296,train,5,0.0,0.8000000000000007
-0.27464685563493335,0.3226050389879362,-0.5972518946228695,0.634076571465021,1,-9.943237437156485,train,5,0.0,0.8000000000000007
0.10508463240921714,0.17356092825884822,-0.06847629584963108,0.34538173133035915,0,1.7269086566517957,train,5,0.0,0.8000000000000007
1.3959295911335776,0.5738206771626561,0.8221089139709216,1.0856894681651454,0,5.428447340825727,train,5,0.0,0.8000000000000007
1.4551579546748343,0.7953659507375508,0.6597920039372835,1.4282396537113187,1,-9.33708256164173,train,5,0.0,0.8000000000000007
1.0448401186038947,0.20449124448066822,0.8403488741232265,0.40613806180352724,1,-9.748582257428136,train,5,0.0,0.8000000000000007
0.7678723722396933,0.5370475455514248,0.2308248266882685,1.0232028173269774,0,5.116014086634887,train,5,0.0,0.8000000000000007
0.7721751992429478,0.47920473051129364,0.29297046873165417,0.9221472591803611,1,-9.98750207551123,train,5,0.0,0.8000000000000007
1.2160515550203708,0.573865716444411,0.6421858385759599,1.0857651180209669,1,-9.895546815568595,train,5,0.0,0.8000000000000007
1.091011669205505,0.7498796277159243,0.3411320414895807,1.3631013600497397,0,6.8155068002486985,train,5,0.0,0.8000000000000007
-0.20153152871676727,0.2814478148317619,-0.48297934354852917,0.5554935775037602,0,2.777467887518801,train,5,0.0,0.8000000000000007
0.6724855101406447,0.20290727797711697,0.4695782321635278,0.4030356263134099,0,2.0151781315670494,train,5,0.0,0.8000000000000007
0.02592688226052231,0.3219780072294187,-0.2960511249688964,0.6328870770770761,0,3.1644353853853806,train,5,0.0,0.8000000000000007
0.10527699679208524,0.5972085737479885,-0.4919315769559033,1.1246728260441903,1,-9.859203407774984,train,5,0.0,0.8000000000000007
0.6624846671827193,0.5792564539293511,0.08322821325336814,1.0948036736842703,0,5.474018368421351,train,5,0.0,0.8000000000000007
0.27705084748252806,0.32488623684671175,-0.04783538936418371,0.6384019521122494,1,-9.945638686421503,train,5,0.0,0.8000000000000007
1.3151031709003698,0.7915038786240026,0.5235992922763671,1.4228219333160328,0,7.114109666580164,train,5,0.0,0.8000000000000007
0.5275095056775367,0.3603994245961331,0.1671100810814036,0.7052960507501066,0,3.526480253750533,train,5,0.0,0.8000000000000007
0.04252266773478314,0.2990467472802826,-0.25652407954549944,0.5892187908490547,1,-9.91541538548177,train,5,0.0,0.8000000000000007
0.531647320998767,0.5677028849353621,-0.03605556393659515,1.0753933665481372,1,-9.904243056396716,train,5,0.0,0.8000000000000007
-0.27512613225383664,0.06596684264936685,-0.3410929749032035,0.13183801847728005,0,0.6591900923864003,train,5,0.0,0.8000000000000007
0.12450295292364791,0.31869833504902684,-0.19419538212537893,0.6266614160021833,1,-9.939004958833179,train,5,0.0,0.8000000000000007
1.3763667958297838,0.6167047730463043,0.7596620227834794,1.1567001931503633,1,-9.824731080866352,train,5,0.0,0.8000000000000007
0.8599387926688065,0.6118007868003742,0.24813800586843227,1.148685083555395,0,5.743425417776975,train,5,0.0,0.8000000000000007
0.0030614332603689787,0.22708750684615808,-0.2240260735857891,0.450281527825034,0,2.25140763912517,train,5,0.0,0.8000000000000007
-0.040466023994105954,0.15163375229630457,-0.19209977629041053,0.3021066786759517,0,1.5105333933797584,train,5,0.0,0.8000000000000007
0.021083270488838568,0.37700077178825236,-0.3559175012994138,0.7362670562646354,1,-9.986377379472207,train,5,0.0,0.8000000000000007
0.1552503627494501,0.26784483560209904,-0.11259447285264897,0.529307468250353,0,2.646537341251765,train,5,0.0,0.8000000000000007
-0.3040472227054488,0.5877880349709212,-0.8918352576763701,1.1090433032202736,1,-9.87451831027805,train,5,0.0,0.8000000000000007
0.5184223419204882,0.15128569242789164,0.36713664949259656,0.30141852820042686,0,1.5070926410021344,train,5,0.0,0.8000000000000007
0.10297682109471903,0.26488325929687034,-0.1619064382021513,0.5235932015758825,1,-9.865297511550725,train,5,0.0,0.8000000000000007
1.0908785999746111,0.6753827366580557,0.41549586331655547,1.2503921522400534,0,6.251960761200267,train,5,0.0,0.8000000000000007
1.0688192228836266,0.4920192274579013,0.5767999954257255,0.944813116518496,0,4.7240655825924796,train,5,0.0,0.8000000000000007
0.8972626469309277,0.708211263789898,0.18905138314102973,1.300952439202,0,6.50476219601,train,5,0.0,0.8000000000000007
0.1724431144869668,0.7812424163261431,-0.6087993018391763,1.4083242535377687,0,7.041621267688844,train,5,0.0,0.8000000000000007
-0.06401855526619649,0.6695268743257466,-0.7335454295919431,1.241230142786053,0,6.206150713930265,train,5,0.0,0.8000000000000007
0.6383472579118068,0.14465970086875157,0.49368755704305517,0.28831138670105505,1,-9.597897684423815,train,5,0.0,0.8000000000000007
0.996613316916753,0.49472840676367114,0.5018849101530819,0.9495852804085274,1,-9.978540226220579,train,5,0.0,0.8000000000000007
-0.4459695276382294,0.38088709861867565,-0.826856626256905,0.7434882809471282,0,3.7174414047356406,train,5,0.0,0.8000000000000007
-0.24393196042259924,0.3233253237381828,-0.567257284160782,0.635442661331331,1,-9.944001218150836,train,5,0.0,0.8000000000000007
1.2482788333676345,0.5935069500392078,0.6547718833284267,1.1185433262639537,1,-9.865325543259898,train,5,0.0,0.8000000000000007
0.7052052709038935,0.6607466313353475,0.04445863956854598,1.2274130279596058,1,-9.733134763582981,train,5,0.0,0.8000000000000007
1.7650400738632308,0.5465838643901137,1.218456209473117,1.0395436906891922,1,-9.931188515724635,train,5,0.0,0.8000000000000007
0.4215541079583267,0.11141728439277801,0.3101368235655487,0.22237381714950966,1,-9.499294199104337,train,5,0.0,0.8000000000000007
1.1195744637318494,0.5622600459187295,0.5573144178131199,1.0661993502973812,1,-9.91161052783837,train,5,0.0,0.8000000000000007
-0.003432775434484614,0.0470698321313105,-0.05050260756579512,0.09410490595816072,1,-9.278710366112094,train,5,0.0,0.8000000000000007
-0.11500703881197955,0.15413237980097283,-0.2691394186129524,0.30704564506353976,0,1.5352282253176988,train,5,0.0,0.8000000000000007
-0.13012174458896186,0.7398350119641577,-0.8699567565531195,1.3483321279484972,1,-9.521407847628772,train,5,0.0,0.8000000000000007
-1.300076508003985,0.3240819658911936,-1.6241584738951786,0.6368773514690802,1,-9.94479799583987,train,5,0.0,0.8000000000000007
0.7880494927826533,0.11863322608075466,0.6694162667018987,0.23671030189136036,0,1.1835515094568019,train,5,0.0,0.8000000000000007
1.0222916590670188,0.5458297045396675,0.47646195452735135,1.038254829952551,0,5.191274149762755,train,5,0.0,0.8000000000000007
-0.17176918889602674,0.13079100061169488,-0.3025601895077216,0.2608368560949924,0,1.3041842804749622,train,5,0.0,0.8000000000000007
1.1500861530184796,0.5185801928532089,0.6315059601652706,0.9912950031317331,0,4.956475015658666,train,5,0.0,0.8000000000000007
-0.6789407176839892,0.2012913145363826,-0.8802320322203718,0.39986947804413686,0,1.9993473902206844,train,5,0.0,0.8000000000000007
0.9775628956892588,0.033100401040721414,0.9444624946485374,0.06618871407394208,0,0.33094357036971045,train,5,0.0,0.8000000000000007
1.0503805105654362,0.7669780802527797,0.28340243031265666,1.3879251898986602,1,-9.434945365821777,train,5,0.0,0.8000000000000007
1.0591344092817292,0.052976384650745306,1.0061580246309838,0.10590321689473309,0,0.5295160844736655,train,5,0.0,0.8000000000000007
-0.6043743931219387,0.41035214886851107,-1.0147265419904499,0.7978645326445072,0,3.989322663222536,train,5,0.0,0.8000000000000007
1.1297217375006643,0.273037272975937,0.8566844645247272,0.5393148743705964,0,2.696574371852982,train,5,0.0,0.8000000000000007
1.0851441297960216,0.5280078549163186,0.5571362748797029,1.0076270046759224,1,-9.951228364564017,train,5,0.0,0.8000000000000007
0.8792239336066602,0.675541869695032,0.20368206391162816,1.2506405328049595,1,-9.698118684008662,train,5,0.0,0.8000000000000007
-0.038175986991474675,0.48309324536568493,-0.5212692323571596,0.9290413098241161,0,4.645206549120581,train,5,0.0,0.8000000000000007
0.6826735507315763,0.46977095278058867,0.21290259795098762,0.9053641245274499,1,-9.991772607553246,train,5,0.0,0.8000000000000007
0.25131170723490515,0.09362642842771356,0.15768527880719158,0.1869794031806565,1,-9.442203720127068,train,5,0.0,0.8000000000000007
0.20293939409625839,0.568360268354222,-0.36542087425796366,1.0765016644429335,0,5.382508322214667,train,5,0.0,0.8000000000000007
-0.6590126480097462,0.1636186062761064,-0.8226312542858526,0.3257790851630568,1,-9.649391012617055,train,5,0.0,0.8000000000000007
-0.24888063025255475,0.39229423460572804,-0.6411748648582828,0.7646187421423216,1,-9.993189239959376,train,5,0.0,0.8000000000000007
-0.2891336085827641,0.02928682434880863,-0.31842043293157274,0.058565275777118064,1,-9.210933713992308,train,5,0.0,0.8000000000000007
0.9344882221384245,0.252322860471017,0.6821653616674075,0.49930787627747364,0,2.496539381387368,train,5,0.0,0.8000000000000007
1.402659238378259,0.6904243256794741,0.7122349126987849,1.2737287687930345,0,6.368643843965173,train,5,0.0,0.8000000000000007
1.4613107917759767,0.4467732945793355,1.0145374971966412,0.8641155945183239,0,4.32057797259162,train,5,0.0,0.8000000000000007
0.7315350803100915,0.43736626102118886,0.29416881928890265,0.8471102216366472,0,4.235551108183236,train,5,0.0,0.8000000000000007
-0.5730583830482676,0.29425972714729004,-0.8673181101955577,0.5800629517473549,1,-9.909088739653281,train,5,0.0,0.8000000000000007
0.21666486231036552,0.6625253480791583,-0.4458604857687928,1.2302198003557594,0,6.151099001778797,train,5,0.0,0.8000000000000007
-0.4713462828545112,0.2210803675461114,-0.6924266504006226,0.4385676469004268,1,-9.784204077059126,train,5,0.0,0.8000000000000007
-0.054077767583813385,0.10052667333329932,-0.1546044409171127,0.20071488987367822,0,1.0035744493683911,train,5,0.0,0.8000000000000007
1.2763132897070184,0.4502248635941414,0.8260884261128769,0.8703360017691474,0,4.351680008845737,train,5,0.0,0.8000000000000007
0.10648276532551534,0.21387120429915527,-0.10738843897363992,0.42448897171980027,1,-9.769054088267726,train,5,0.0,0.8000000000000007
0.36164999431796097,0.6200279426450872,-0.25837794832712624,1.1621158044546542,1,-9.81848230922606,train,5,0.0,0.8000000000000007
0.46096856032785827,0.14352507643163137,0.3174434838962269,0.28606565498741576,0,1.4303282749370787,train,5,0.0,0.8000000000000007
1.066623815669798,0.626605337069997,0.440018478599801,1.1727967752208392,1,-9.805794785768192,train,5,0.0,0.8000000000000007
1.0664265669171233,0.48639705666743455,0.5800295102496889,0.9348876902354867,1,-9.983649042281533,train,5,0.0,0.8000000000000007
-0.5277653603358755,0.033399100922842644,-0.5611644612587181,0.0667857836399451,1,-9.226866596491254,train,5,0.0,0.8000000000000007
-0.07790485286621518,0.44902010575328144,-0.5269249586194966,0.868165964984015,0,4.340829824920075,train,5,0.0,0.8000000000000007
0.2610732316209475,0.5345101878615541,-0.27343695624060665,1.0188392165382183,1,-9.944603910987516,train,5,0.0,0.8000000000000007
1.196559629092406,0.7507140853332682,0.4458455437591379,1.3643221489576511,0,6.821610744788256,train,5,0.0,0.8000000000000007
0.74478339197113,0.6288046870495712,0.11597870492155882,1.1763569831005019,1,-9.801457661432798,train,5,0.0,0.8000000000000007
0.017550371922713803,0.6003443772166704,-0.5827940052939566,1.1298533333784475,0,5.649266666892237,train,5,0.0,0.8000000000000007
1.5357640912686195,0.39764078066764297,1.1381233106009765,0.7744885513734655,1,-9.995019332579066,train,5,0.0,0.8000000000000007
-0.29179636809004744,0.03418600132230217,-0.3259823694123496,0.06835868589349335,1,-9.229897639337802,train,5,0.0,0.8000000000000007
0.5792171887498075,0.6534939971565953,-0.07427680840678776,1.2159284410923583,1,-9.7495219482444,train,5,0.0,0.8000000000000007
-0.0470483125153993,0.010898995353471285,-0.05794730786887059,0.021797559152523474,0,0.10898779576261737,train,5,0.0,0.8000000000000007
-0.0519758155031933,0.44003294857208436,-0.49200876407527766,0.851938550220373,1,-9.999413639705526,train,5,0.0,0.8000000000000007
0.43209138161689,0.45343741706004137,-0.021346035443151397,0.8761163410178359,0,4.380581705089179,train,5,0.0,0.8000000000000007
0.1241449116869319,0.0903346678297172,0.0338102438572147,0.18042371499626703,0,0.9021185749813352,train,5,0.0,0.8000000000000007
0.2074138657624784,0.05022099186501143,0.15719287389746697,0.10039976746236137,1,-9.290414992715247,train,5,0.0,0.8000000000000007
0.6491227178212255,0.45977937997361956,0.18934333784760596,0.887500818074589,1,-9.995325994928807,train,5,0.0,0.8000000000000007
0.06871400600342514,0.38838821263255213,-0.319674206629127,0.7573943303843167,1,-9.991671647172408,train,5,0.0,0.8000000000000007
-0.314043781415273,0.24113767770811204,-0.555181459123385,0.47761508383857704,1,-9.823676523121943,train,5,0.0,0.8000000000000007
0.6881883110283357,0.031836446437302816,0.6563518645910329,0.06366213737733413,1,-9.220830508432801,train,5,0.0,0.8000000000000007
0.3763052899326659,0.5071153091792909,-0.13081001924662503,0.9713152422736958,0,4.856576211368479,train,5,0.0,0.8000000000000007
0.7581111026181145,0.09946854656043502,0.6586425560576795,0.1986092083741795,1,-9.46128140705417,train,5,0.0,0.8000000000000007
0.28133642893369365,0.009284675532309902,0.27205175340138377,0.018569084270000164,1,-9.131219668623524,train,5,0.0,0.8000000000000007
1.831010433022238,0.22133327094282526,1.6096771620794128,0.4390611288880972,0,2.1953056444404857,train,5,0.0,0.8000000000000007
0.18369167921724472,0.24123643207532922,-0.057544752858084504,0.4778068757072045,1,-9.823861105734796,train,5,0.0,0.8000000000000007
-0.8482510284517828,0.1442541052026755,-0.9925051336544582,0.28750864455403846,1,-9.596758307689012,train,5,0.0,0.8000000000000007
-0.13564801513528593,0.053582370465173716,-0.18923038560045966,0.10711346870483406,0,0.5355673435241702,train,5,0.0,0.8000000000000007
1.3503747321205424,0.6233871628208222,0.7269875692997202,1.16757712209456,1,-9.81205554892992,train,5,0.0,0.8000000000000007
1.4613052978286336,0.32059877938265324,1.1407065184459804,0.6302697735759022,0,3.151348867879511,train,5,0.0,0.8000000000000007
1.247136791684924,0.19665188104540246,1.0504849106395215,0.39077368781799554,1,-9.730814742972163,train,5,0.0,0.8000000000000007
0.8203717905141779,0.41901775028480126,0.40135404022937654,0.8137267502912687,0,4.0686337514563435,train,5,0.0,0.8000000000000007
1.166223005087744,0.2039885551145722,0.9622344499731719,0.4051535794432031,0,2.025767897216016,train,5,0.0,0.8000000000000007
0.09361255974343963,0.6815267694435424,-0.5879142097001028,1.2599589299168026,1,-9.68335064519945,train,5,0.0,0.8000000000000007
0.056068180480430274,0.38680286247226253,-0.33073468199183226,0.7544588312274848,1,-9.991012202910376,train,5,0.0,0.8000000000000007
-0.04809189559239535,0.4985199609088605,-0.5466118565012559,0.9562523149732113,1,-9.975985878754777,train,5,0.0,0.8000000000000007
1.1512963617302918,0.7784580039034136,0.3728383578268782,1.4043647152447332,0,7.021823576223666,train,5,0.0,0.8000000000000007
1.0833162185337293,0.28379802363348733,0.799518194900242,0.5600075156920158,1,-9.89447211169412,train,5,0.0,0.8000000000000007
0.2219321136490402,0.17971650737656455,0.04221560627247564,0.35750130761182164,0,1.7875065380591082,train,5,0.0,0.8000000000000007
1.0540641161371807,0.7829710445011774,0.2710930716360034,1.4107769357849185,0,7.053884678924592,train,5,0.0,0.8000000000000007
0.2165782886940577,0.46965953680065065,-0.25308124810659294,0.905165425889791,0,4.525827129448955,train,5,0.0,0.8000000000000007
0.5873380173768883,0.7853451109900013,-0.19800709361311297,1.414138532948809,0,7.070692664744045,train,5,0.0,0.8000000000000007
0.8733873029114632,0.774932864252356,0.09845443865910725,1.3993362211590048,0,6.996681105795024,train,5,0.0,0.8000000000000007
1.5146650562194006,0.564083148577111,0.9505819076422897,1.0692824576398845,1,-9.909175454546657,train,5,0.0,0.8000000000000007
0.8743934746235027,0.8610466314991664,0.01334684312433628,1.5170500185829607,1,-9.081959309584034,train,6,0.8000000000000007,1.6000000000000005
1.1664938776584972,1.4239350337920922,-0.25744115613359503,1.978470498503818,0,9.89235249251909,train,6,0.8000000000000007,1.6000000000000005
0.7618642094172994,1.1507273851527153,-0.3888631757354159,1.8261216529342938,1,-7.508001444941156,train,6,0.8000000000000007,1.6000000000000005
2.42731848587394,1.3787721422647536,1.0485463436091864,1.9632398766622965,0,9.816199383311483,train,6,0.8000000000000007,1.6000000000000005
1.3481597207803446,1.5823916095972828,-0.23423188881693813,1.9998655509231391,1,-4.055755367156724,train,6,0.8000000000000007,1.6000000000000005
0.723243114051663,1.2307966963283477,-0.5075535822766847,1.8855095775258357,0,9.427547887629178,train,6,0.8000000000000007,1.6000000000000005
1.5831640706154153,1.200896370927951,0.3822676996874642,1.8647270368852236,0,9.323635184426118,train,6,0.8000000000000007,1.6000000000000005
0.9360146930451618,0.8576409066878099,0.07837378635735189,1.5126025892749575,1,-9.096161111861228,train,6,0.8000000000000007,1.6000000000000005
0.9692628642979468,1.0147511840814976,-0.045488319783550696,1.6986984904730629,1,-8.334096257742129,train,6,0.8000000000000007,1.6000000000000005
1.668687087290744,1.1999060006604485,0.46878108663029544,1.8640100409199671,1,-7.174215777007314,train,6,0.8000000000000007,1.6000000000000005
1.6365592464323642,1.343383996896753,0.2931752495356113,1.948506130234976,1,-6.104400152852935,train,6,0.8000000000000007,1.6000000000000005
1.6603052294541565,1.442991228883501,0.2173140005706556,1.9836880785315527,0,9.918440392657764,train,6,0.8000000000000007,1.6000000000000005
1.6832731971536767,1.1047529065188313,0.5785202906348454,1.7867063713701115,0,8.933531856850557,train,6,0.8000000000000007,1.6000000000000005
1.0229309318255988,0.8527490775247247,0.17018185430087412,1.5061838176326725,0,7.530919088163363,train,6,0.8000000000000007,1.6000000000000005
0.6603633099921118,1.0305164794463955,-0.3701531694542836,1.715129536372279,1,-8.245936377429794,train,6,0.8000000000000007,1.6000000000000005
1.3103054851238574,1.5276748221756915,-0.21736933705183412,1.998140823955431,0,9.990704119777154,train,6,0.8000000000000007,1.6000000000000005
0.6581248816813459,0.9707082828639331,-0.31258340118258715,1.6505717967358098,0,8.25285898367905,train,6,0.8000000000000007,1.6000000000000005
1.2875324036401075,1.1616991694541472,0.12583323418596035,1.8349606609788482,0,9.17480330489424,train,6,0.8000000000000007,1.6000000000000005
0.8981738792007946,1.544964815751218,-0.6467909365504233,1.9993327701401418,0,9.99666385070071,train,6,0.8000000000000007,1.6000000000000005
-0.2795361979968666,0.8199193820402791,-1.0994555800371457,1.4621816561383878,0,7.3109082806919385,train,6,0.8000000000000007,1.6000000000000005
1.333332088730336,1.2804391339712986,0.052892954759037415,1.9162833486051543,0,9.581416743025772,train,6,0.8000000000000007,1.6000000000000005
0.7581912703575004,1.560103600330917,-0.8019123299734165,1.9998856666901252,0,9.999428333450627,train,6,0.8000000000000007,1.6000000000000005
-0.18694455591030257,0.9842423032167725,-1.171186859127075,1.665705897339588,0,8.32852948669794,train,6,0.8000000000000007,1.6000000000000005
1.462790405678838,1.238791935388825,0.22399847029001294,1.890781868999799,1,-6.897965909182001,train,6,0.8000000000000007,1.6000000000000005
1.100670782235261,1.5273026999093855,-0.42663191767412434,1.9981086026108876,0,9.990543013054438,train,6,0.8000000000000007,1.6000000000000005
1.2042108099508464,0.9065355566074008,0.2976752533434455,1.5747454371686596,1,-8.882238448118526,train,6,0.8000000000000007,1.6000000000000005
0.90021781338423,1.2187300645390133,-0.3185122511547834,1.8773243825150043,1,-7.041816661673917,train,6,0.8000000000000007,1.6000000000000005
0.7271504543582806,1.4003278872816285,-0.6731774329233479,1.9710108141580587,0,9.855054070790294,train,6,0.8000000000000007,1.6000000000000005
0.5891000843935222,1.3352105927071316,-0.7461105083136094,1.9447555808789492,0,9.723777904394746,train,6,0.8000000000000007,1.6000000000000005
0.8652459541737587,1.1742022877959852,-0.3089563336222266,1.8447639854284956,1,-7.3508884164896395,train,6,0.8000000000000007,1.6000000000000005
0.7998495884907689,0.9638792722382368,-0.16402968374746785,1.642820477965546,0,8.21410238982773,train,6,0.8000000000000007,1.6000000000000005
0.6985366608631409,1.192612711272857,-0.4940760504097161,1.8586736748801351,1,-7.224832440063431,train,6,0.8000000000000007,1.6000000000000005
0.9292430038199965,1.0979077515080478,-0.16866474768805126,1.7805127486435175,1,-7.8462575668969325,train,6,0.8000000000000007,1.6000000000000005
0.26025954615378666,1.1819209238812713,-0.9216613777274847,1.8506720673526467,0,9.253360336763233,train,6,0.8000000000000007,1.6000000000000005
1.101405675610241,1.092712308624475,0.008693366985765952,1.7757561093498742,1,-7.878361698044704,train,6,0.8000000000000007,1.6000000000000005
0.3941451503671818,1.470334395447409,-1.0761892450802273,1.9899158858754278,1,-5.052447941894029,train,6,0.8000000000000007,1.6000000000000005
1.2986042150430694,1.414918005215608,-0.11631379017253861,1.9757511086378503,1,-5.522677405166201,train,6,0.8000000000000007,1.6000000000000005
1.4695722076378759,1.0511957417701303,0.4183764658677455,1.7360351436354406,1,-8.127193806780543,train,6,0.8000000000000007,1.6000000000000005
1.9132635474620576,1.258100266115164,0.6551632813468938,1.9030153063107553,0,9.515076531553778,train,6,0.8000000000000007,1.6000000000000005
2.049467386786012,1.0208392386645568,1.028628148121455,1.7050939015216167,1,-8.30029603219995,train,6,0.8000000000000007,1.6000000000000005
0.22850175792790572,1.162274346037121,-0.9337725881092153,1.8354179462304183,0,9.177089731152092,train,6,0.8000000000000007,1.6000000000000005
1.5376178130882079,1.0823826927555165,0.4552351203326913,1.7661566659318995,1,-7.941558797002727,train,6,0.8000000000000007,1.6000000000000005
2.0496888866933154,1.3259195702238071,0.7237693164695082,1.940334422156101,1,-6.241791377535957,train,6,0.8000000000000007,1.6000000000000005
1.6846150572932088,1.0962808663904289,0.5883341909027798,1.7790284316145155,0,8.895142158072577,train,6,0.8000000000000007,1.6000000000000005
0.6096800932494026,1.1672743823131457,-0.5575942890637431,1.8393675491986154,0,9.196837745993077,train,6,0.8000000000000007,1.6000000000000005
1.622537396676821,1.3754592980072338,0.24707809866958735,1.9619646178652534,1,-5.847247374943323,train,6,0.8000000000000007,1.6000000000000005
2.2464268666273557,1.1303934632910684,1.1160334033362873,1.809159988678289,1,-7.64075162292441,train,6,0.8000000000000007,1.6000000000000005
0.6267744299175141,1.5251386153314714,-0.8983641854139574,1.9979157354977701,0,9.98957867748885,train,6,0.8000000000000007,1.6000000000000005
1.2301639155164974,0.944361295362146,0.28580262015435137,1.620245303602617,0,8.101226518013085,train,6,0.8000000000000007,1.6000000000000005
2.0602693897260616,1.392895098330612,0.6673742913954493,1.9684345356956743,0,9.842172678478372,train,6,0.8000000000000007,1.6000000000000005
0.7199446255193509,1.137899234914513,-0.4179546093951621,1.8155084476221353,1,-7.592115074806534,train,6,0.8000000000000007,1.6000000000000005
1.4909450401195277,1.1411628581479545,0.3497821819715732,1.8182369696662433,0,9.091184848331217,train,6,0.8000000000000007,1.6000000000000005
0.6649683901101493,1.3075038949070716,-0.6425355047969223,1.93107664315186,1,-6.384603083444629,train,6,0.8000000000000007,1.6000000000000005
0.7309998119636336,1.218324960822677,-0.4873251488590433,1.8770448381168172,1,-7.044692400563366,train,6,0.8000000000000007,1.6000000000000005
0.6416606346542468,1.1319087827515553,-0.49024814809730843,1.810449884351862,0,9.05224942175931,train,6,0.8000000000000007,1.6000000000000005
0.9165261237415587,0.8011415044502073,0.11538461929135144,1.436301834333898,0,7.18150917166949,train,6,0.8000000000000007,1.6000000000000005
0.8192211170577417,0.8738098766774024,-0.054588759619660726,1.5335601870674858,1,-9.027801082238431,train,6,0.8000000000000007,1.6000000000000005
1.9399846396134097,1.3675155149801708,0.5724691246332391,1.9588190154868732,1,-5.911504698210593,train,6,0.8000000000000007,1.6000000000000005
0.6553090088687936,1.2194764774121585,-0.5641674685433649,1.8778386426492515,1,-7.036515021025934,train,6,0.8000000000000007,1.6000000000000005
1.2781629807580766,1.3569283708135758,-0.07876539005549917,1.9544345736525401,1,-5.996563609892554,train,6,0.8000000000000007,1.6000000000000005
2.141020536570445,1.5643746584023412,0.5766458781681036,1.999958762316769,0,9.999793811583844,train,6,0.8000000000000007,1.6000000000000005
1.682797386841302,1.3463310835003346,0.3364663033409673,1.9498265506161347,0,9.749132753080673,train,6,0.8000000000000007,1.6000000000000005
0.04771815118962819,0.8425029525383667,-0.7947848013487385,1.4926228269849364,0,7.463114134924682,train,6,0.8000000000000007,1.6000000000000005
1.4462043588656652,1.0470821478910384,0.3991222109746269,1.7319353927299146,1,-8.151093049595481,train,6,0.8000000000000007,1.6000000000000005
0.9870250219759595,1.274075749858699,-0.28705072788273944,1.9126009720725448,1,-6.638269600235375,train,6,0.8000000000000007,1.6000000000000005
1.2193282485427617,0.9880963258059721,0.23123192273678952,1.6699598752698965,0,8.349799376349482,train,6,0.8000000000000007,1.6000000000000005
1.7523850486426469,1.571976799628902,0.18040824901374494,1.99999860648405,1,-4.1507314593241675,train,6,0.8000000000000007,1.6000000000000005
2.287629909415413,1.5560385790342357,0.7315913303811773,1.9997822128337517,1,-4.295202158003744,train,6,0.8000000000000007,1.6000000000000005
1.5486566685113727,1.4787207046701516,0.0699359638412212,1.9915280677121825,1,-4.9798992796852515,train,6,0.8000000000000007,1.6000000000000005
0.06557567412609866,1.1778591970307224,-1.1122835229046237,1.847576818569414,1,-7.326046543638887,train,6,0.8000000000000007,1.6000000000000005
0.6512655405312018,1.4731813719187183,-0.8219158313875166,1.990478884492649,1,-5.0278587736821265,train,6,0.8000000000000007,1.6000000000000005
1.3435811451347663,0.9048885138783318,0.43869263125643443,1.5727125733915985,1,-8.88979309135456,train,6,0.8000000000000007,1.6000000000000005
0.8919971258957022,1.046986925838269,-0.15498979994256662,1.731840143792585,0,8.659200718962925,train,6,0.8000000000000007,1.6000000000000005
1.853184551379972,1.1703971153235342,0.6827874360564379,1.8418109206859081,1,-7.3766330942509875,train,6,0.8000000000000007,1.6000000000000005
1.5575410513053887,1.393477760546774,0.16406329075861464,1.9686404223897584,0,9.843202111948791,train,6,0.8000000000000007,1.6000000000000005
0.7392207413998022,1.188660182967118,-0.44943944156731575,1.8557403558178367,0,9.278701779089184,train,6,0.8000000000000007,1.6000000000000005
1.5589449508718902,0.9095008950379614,0.6494440558339288,1.578394635637409,0,7.891973178187045,train,6,0.8000000000000007,1.6000000000000005
0.590390614845991,1.0748292237634873,-0.48443860891749635,1.7590177876913635,1,-7.98723530599308,train,6,0.8000000000000007,1.6000000000000005
-0.1720403692272514,1.059540935737955,-1.2315813049652065,1.744261933462562,1,-8.078287659076842,train,6,0.8000000000000007,1.6000000000000005
2.2786124540921415,1.0403351234544325,1.2382773306377088,1.725147650188281,0,8.625738250941405,train,6,0.8000000000000007,1.6000000000000005
-0.21404820620068665,0.9324011203726307,-1.1464493265733173,1.6061062000769304,0,8.030531000384652,train,6,0.8000000000000007,1.6000000000000005
1.5137691334461936,1.1319214180586021,0.38184771538759144,1.810460622517754,1,-7.630885455228784,train,6,0.8000000000000007,1.6000000000000005
1.7218075873773828,1.1584965260021793,0.5633110613752036,1.8324033524258059,1,-7.456457909877835,train,6,0.8000000000000007,1.6000000000000005
1.5081598185121694,1.4199203006512142,0.08823951786095525,1.9772795736793165,0,9.886397868396582,train,6,0.8000000000000007,1.6000000000000005
0.42707445444318615,1.4371125606260393,-1.0100381061828532,1.9821552502401099,0,9.910776251200549,train,6,0.8000000000000007,1.6000000000000005
1.8269210636778244,1.2179121024012902,0.609008961276534,1.8767596255939318,0,9.383798127969659,train,6,0.8000000000000007,1.6000000000000005
0.3035780069475432,1.1685042369306222,-0.864926229983079,1.840331986944275,0,9.201659934721375,train,6,0.8000000000000007,1.6000000000000005
0.616393742300838,1.4225708812351179,-0.8061771389342799,1.978069414114482,1,-5.458716819681837,train,6,0.8000000000000007,1.6000000000000005
1.2928301738832086,1.5098311614821884,-0.21700098759897987,1.9962843996625173,0,9.981421998312586,train,6,0.8000000000000007,1.6000000000000005
1.813037760363629,1.3399350158934307,0.47310274447019834,1.9469393486860174,1,-6.131681876181822,train,6,0.8000000000000007,1.6000000000000005
1.6204515826372476,1.4403832391987714,0.18006834343847616,1.9830165177184513,1,-5.308614575506675,train,6,0.8000000000000007,1.6000000000000005
2.0377500544582596,1.5512890829857489,0.48646097147251094,1.9996194795059032,1,-4.338044219948335,train,6,0.8000000000000007,1.6000000000000005
0.5663383492211231,0.8325246475493493,-0.2661862983282261,1.4792656820096508,0,7.396328410048254,train,6,0.8000000000000007,1.6000000000000005
1.3972274079624913,1.500537379896067,-0.10330997193357577,1.9950657106508551,0,9.975328553254275,train,6,0.8000000000000007,1.6000000000000005
0.3389683850617887,1.021250457960908,-0.6822820728991194,1.70552360540367,0,8.52761802701835,train,6,0.8000000000000007,1.6000000000000005
0.9904923276057904,1.180611599539396,-0.19011927193360553,1.8496776258286836,1,-7.307284468327591,train,6,0.8000000000000007,1.6000000000000005
1.7932856566314597,1.4374087655455223,0.3558768910859374,1.982234123184867,0,9.911170615924336,train,6,0.8000000000000007,1.6000000000000005
1.1938969534351127,1.3737937858201845,-0.17989683238507173,1.9613153545992896,0,9.806576772996449,train,6,0.8000000000000007,1.6000000000000005
1.2029937904421244,0.9177180575533551,0.28527573288876934,1.5884342061076109,0,7.942171030538054,train,6,0.8000000000000007,1.6000000000000005
0.9830340562336052,1.3269986071633169,-0.3439645509297117,1.9408564889077462,0,9.70428244453873,train,6,0.8000000000000007,1.6000000000000005
0.4999667003340182,0.8554016560078691,-0.3554349556738509,1.509668858735747,1,-9.105441261220633,train,6,0.8000000000000007,1.6000000000000005
1.1091576925188538,1.0856565026823037,0.023501189836549984,1.7692195065811074,1,-7.9216208695964045,train,6,0.8000000000000007,1.6000000000000005
1.3333347384459913,1.4502636401309656,-0.1169289016849744,1.98548945180661,0,9.92744725903305,train,6,0.8000000000000007,1.6000000000000005
1.497595011982916,1.142163866422041,0.35543114556087496,1.8190699737624958,1,-7.56429002237971,train,6,0.8000000000000007,1.6000000000000005
1.3868576949983338,1.2798835500347576,0.10697414496357617,1.915964931634944,1,-6.594722152514787,train,6,0.8000000000000007,1.6000000000000005
2.426736803753402,1.3825290265177077,1.0442077772356944,1.9646599931971753,1,-5.789749843901476,train,6,0.8000000000000007,1.6000000000000005
1.3252853839386476,1.456982086645248,-0.1316967027066005,1.9870602958576276,0,9.935301479288137,train,6,0.8000000000000007,1.6000000000000005
1.2720605061304466,1.408412095984227,-0.13635158985378046,1.9736892527705252,0,9.868446263852626,train,6,0.8000000000000007,1.6000000000000005
0.1816359819520822,0.8057146202231995,-0.6240786382711173,1.442651540409564,1,-9.299531415812003,train,6,0.8000000000000007,1.6000000000000005
1.1498722473895402,1.1362054669380286,0.013666780451511653,1.8140847646068134,1,-7.60312796613671,train,6,0.8000000000000007,1.6000000000000005
1.5802063376338378,1.1705089744305184,0.4096973632033195,1.8418981113927828,1,-7.375877810367475,train,6,0.8000000000000007,1.6000000000000005
0.40022221764636184,0.8443996024901789,-0.444177384843817,1.4951449495529907,0,7.4757247477649535,train,6,0.8000000000000007,1.6000000000000005
1.2033503480203998,1.2331537056761763,-0.029803357655776658,1.8870764013498171,1,-6.938677015978843,train,6,0.8000000000000007,1.6000000000000005
1.7173506572629964,1.2862166011550944,0.43113405610790206,1.9195594623382097,0,9.597797311691048,train,6,0.8000000000000007,1.6000000000000005
1.3866170665904858,1.4627625559969009,-0.07614548940641497,1.9883400515469714,0,9.941700257734857,train,6,0.8000000000000007,1.6000000000000005
1.2419650338642236,1.5534474145531594,-0.3114823806889358,1.9996990227932714,0,9.998495113966356,train,6,0.8000000000000007,1.6000000000000005
1.4863741736703089,0.902518283202187,0.5838558904681219,1.5697796281676515,0,7.848898140838258,train,6,0.8000000000000007,1.6000000000000005
1.042556278861935,0.9843445395281762,0.05821173933375868,1.6658190630701804,0,8.329095315350902,train,6,0.8000000000000007,1.6000000000000005
1.5652654211021788,1.3273267176564494,0.23793870344572945,1.941014789466719,1,-6.230791422429478,train,6,0.8000000000000007,1.6000000000000005
1.6088152611797106,0.9059791910533995,0.7028360701263111,1.5740592200631416,1,-8.884793077430174,train,6,0.8000000000000007,1.6000000000000005
1.666452460638836,0.9792629095570562,0.6871895510817797,1.6601731378557167,1,-8.524935584791386,train,6,0.8000000000000007,1.6000000000000005
1.0515675605869064,1.2598900700713198,-0.20832250948441353,1.9041134348136919,0,9.520567174068459,train,6,0.8000000000000007,1.6000000000000005
0.6203611471692168,0.935618978852968,-0.3152578316837512,1.6099329700039393,0,8.049664850019697,train,6,0.8000000000000007,1.6000000000000005
1.596369481058302,1.4257841210590232,0.17058535999927882,1.9790082843245076,0,9.895041421622539,train,6,0.8000000000000007,1.6000000000000005
1.405907979746129,1.4855805008894087,-0.07967252114327975,1.9927426563536867,0,9.963713281768435,train,6,0.8000000000000007,1.6000000000000005
-0.31297742796712935,0.8269393636022793,-1.1399167915694086,1.4717247374760192,0,7.358623687380096,train,6,0.8000000000000007,1.6000000000000005
1.9913328847544722,1.2261158439549396,0.7652170407995326,1.8823669284175129,1,-6.989184575089977,train,6,0.8000000000000007,1.6000000000000005
1.449177882454406,1.437561085954852,0.011616796499553942,1.9822746150934778,1,-5.332509984352763,train,6,0.8000000000000007,1.6000000000000005
2.021938524914773,1.5801117449256932,0.4418267799890797,1.9999132236125674,0,9.999566118062837,train,6,0.8000000000000007,1.6000000000000005
0.3156569359874357,1.0194068745555376,-0.7037499385681019,1.7035949008405098,0,8.517974504202549,train,6,0.8000000000000007,1.6000000000000005
1.7082029859473433,0.9352808506923074,0.7729221352550361,1.6095316413874066,1,-8.746528203067406,train,6,0.8000000000000007,1.6000000000000005
1.1484030605079247,1.5013607441453087,-0.35295768363738395,1.9951806366287494,1,-4.782309297816109,train,6,0.8000000000000007,1.6000000000000005
1.4627457269246829,1.5273459710086794,-0.06460024408399657,1.9981123635877422,0,9.990561817938712,train,6,0.8000000000000007,1.6000000000000005
0.11717150973730006,0.9580263115737262,-0.8408548018364261,1.6361160474388314,0,8.180580237194157,train,6,0.8000000000000007,1.6000000000000005
1.0530539521231599,1.1532237941621124,-0.1001698420389525,1.8281521486040335,0,9.140760743020168,train,6,0.8000000000000007,1.6000000000000005
1.237503353739407,1.3753857133538698,-0.137882359614463,1.9619360474083043,1,-5.847844301196673,train,6,0.8000000000000007,1.6000000000000005
1.3650598035201476,1.4762761270111793,-0.11121632349103173,1.9910725813168422,1,-5.0010833360551725,train,6,0.8000000000000007,1.6000000000000005
1.1977230899472877,0.9346202442937962,0.2631028456534914,1.6087470283282805,1,-8.749728583047405,train,6,0.8000000000000007,1.6000000000000005
1.368182679044911,1.3319751703238094,0.036207508721101546,1.943235028139102,1,-6.194365954243643,train,6,0.8000000000000007,1.6000000000000005
2.0317379424939053,1.4462683674368562,0.585469575057049,1.9845128164528243,0,9.922564082264122,train,6,0.8000000000000007,1.6000000000000005
0.9588763852497508,1.2397712966405825,-0.28089491139083167,1.891419385428172,1,-6.8908719952269335,train,6,0.8000000000000007,1.6000000000000005
0.3341637817945926,0.931773327023211,-0.5976095452286184,1.6053576701241021,1,-8.763477081901783,train,6,0.8000000000000007,1.6000000000000005
0.8169592088922545,0.8284230438642914,-0.011463834972036978,1.4737324090802866,0,7.368662045401432,train,6,0.8000000000000007,1.6000000000000005
1.4022478760610657,1.0252270542787956,0.3770208217822702,1.7096640621292762,0,8.548320310646382,train,6,0.8000000000000007,1.6000000000000005
2.193081740943537,1.4462966771628418,0.7467850637806951,1.9845198481537303,1,-5.258408110268343,train,6,0.8000000000000007,1.6000000000000005
1.324165870014475,0.835813008676112,0.48835286133836286,1.4836838799087646,0,7.418419399543823,train,6,0.8000000000000007,1.6000000000000005
-0.25269119656354566,0.8065732040314504,-1.059264400594996,1.443840311842468,1,-9.296371164276172,train,6,0.8000000000000007,1.6000000000000005
1.3155283330057759,1.0892933181696465,0.2262350148361295,1.7725997261614688,0,8.862998630807343,train,6,0.8000000000000007,1.6000000000000005
1.7271208923115826,0.8508978285588422,0.8762230637527405,1.5037453079506478,0,7.518726539753239,train,6,0.8000000000000007,1.6000000000000005
0.9571348624673932,0.919589042659385,0.03754581980800814,1.5907051732398951,1,-8.821514282554588,train,6,0.8000000000000007,1.6000000000000005
1.9558137355324625,2.2987435222334534,-0.3429297867009907,1.49308356865534,0,7.4654178432767,train,7,1.6000000000000005,2.4000000000000004
1.5408306297410244,2.374832530256746,-0.8340019005157219,1.387611294151618,0,6.938056470758091,train,7,1.6000000000000005,2.4000000000000004
0.858227747960908,2.295355632171136,-1.4371278842102282,1.4975831789948435,0,7.4879158949742175,train,7,1.6000000000000005,2.4000000000000004
2.7170944387876927,2.0246845532444797,0.6924098855432131,1.7974981110227775,1,0.24682046492695275,train,7,1.6000000000000005,2.4000000000000004
2.7990396846560213,1.786182662381833,1.0128570222741882,1.9537877951911662,0,9.76893897595583,train,7,1.6000000000000005,2.4000000000000004
1.7433904147111223,1.6091190434219445,0.13427137128917785,1.99853154912118,1,-3.8100307220899596,train,7,1.6000000000000005,2.4000000000000004
1.8234057478514278,1.9443750546339928,-0.12096930678256511,1.8620545097332708,0,9.310272548666354,train,7,1.6000000000000005,2.4000000000000004
2.2216681521030157,1.9218810880298922,0.29978706407312367,1.8780003959761902,1,-0.7803948192837362,train,7,1.6000000000000005,2.4000000000000004
1.9093368768766639,2.018139737082056,-0.108802860205392,1.803198897040029,1,0.18138742284822884,train,7,1.6000000000000005,2.4000000000000004
0.9328242798613533,1.9827134366419223,-1.049889156780569,1.8327099201313657,0,9.163549600656829,train,7,1.6000000000000005,2.4000000000000004
1.3180348388747856,2.044285179057865,-0.7262503401830794,1.7799656238797426,0,8.899828119398713,train,7,1.6000000000000005,2.4000000000000004
2.2892537236974073,2.034708814034033,0.25454490966337456,1.7886174049504937,1,0.34701845492170347,train,7,1.6000000000000005,2.4000000000000004
1.975435491783128,2.2087164604823437,-0.23328096869921558,1.6066722175987878,1,2.072043871461749,train,7,1.6000000000000005,2.4000000000000004
1.2359781870638784,2.1698996592656736,-0.9339214722017951,1.651683159246457,1,1.6908345391622317,train,7,1.6000000000000005,2.4000000000000004
1.232220231004186,2.095745676882752,-0.863525445878566,1.730698653815252,0,8.653493269076261,train,7,1.6000000000000005,2.4000000000000004
2.510229803053701,1.9408734163809542,0.5693563866727468,1.8645989321035608,0,9.322994660517804,train,7,1.6000000000000005,2.4000000000000004
0.9153407026004393,1.8312600224144706,-0.9159193198140313,1.932541334238979,1,-1.6794035619622765,train,7,1.6000000000000005,2.4000000000000004
3.0612062357346606,2.3790841929603572,0.6821220427743034,1.3814749966493214,1,3.700698363751794,train,7,1.6000000000000005,2.4000000000000004
2.1577346350665785,1.8670192364085367,0.29071539865804175,1.9128917567986943,1,-1.3258917393830563,train,7,1.6000000000000005,2.4000000000000004
1.1739388815236267,1.7750408486558629,-0.6011019671322361,1.958428991291711,1,-2.230665429166007,train,7,1.6000000000000005,2.4000000000000004
1.4615738013625352,1.6526467102297697,-0.19107290886723446,1.9933042541549757,0,9.966521270774878,train,7,1.6000000000000005,2.4000000000000004
2.481172096338392,2.3862964372427475,0.09487565909564427,1.3710087290509045,1,3.7676035680518263,train,7,1.6000000000000005,2.4000000000000004
1.9188006355842224,1.702284570340026,0.21651606524419648,1.9827357370409024,0,9.913678685204513,train,7,1.6000000000000005,2.4000000000000004
2.010979630261938,1.857704634563344,0.1532749956985943,1.9182467413293653,0,9.591233706646827,train,7,1.6000000000000005,2.4000000000000004
2.512389076311054,1.6567542758001594,0.8556348005108947,1.9926157793747261,1,-3.365452518047045,train,7,1.6000000000000005,2.4000000000000004
2.336166379416402,1.779815951174437,0.556350428241965,1.9564696273691309,0,9.782348136845654,train,7,1.6000000000000005,2.4000000000000004
1.6085698535383985,1.9149079319548843,-0.3063380784164857,1.8827510667605196,0,9.413755333802598,train,7,1.6000000000000005,2.4000000000000004
2.2139757179029744,2.3169160039045087,-0.10294028600153447,1.4686566644830747,1,3.116376310084271,train,7,1.6000000000000005,2.4000000000000004
1.330131691328849,1.8763692895982942,-0.5462375982694452,1.907349478380315,0,9.536747391901576,train,7,1.6000000000000005,2.4000000000000004
2.074071028387687,2.3877995498282174,-0.3137285214405306,1.3688184431792845,0,6.844092215896422,train,7,1.6000000000000005,2.4000000000000004
1.6673797189759068,1.6229856391706368,0.04439407980526992,1.9972768938404717,0,9.986384469202358,train,7,1.6000000000000005,2.4000000000000004
0.4732779513587273,1.8813477890160966,-1.4080698376573693,1.9043303935472733,0,9.521651967736366,train,7,1.6000000000000005,2.4000000000000004
1.964614590918776,1.9047671113630829,0.0598474795556931,1.8894963673530607,1,-0.950890045771491,train,7,1.6000000000000005,2.4000000000000004
2.183500005283799,2.2113281050927682,-0.027828099808968925,1.6035561378247354,0,8.017780689123677,train,7,1.6000000000000005,2.4000000000000004
2.202461447538163,2.351043130648618,-0.14858168311045486,1.4214798885830096,0,7.107399442915048,train,7,1.6000000000000005,2.4000000000000004
1.0725303673303284,1.8557518371736226,-0.7832214698432942,1.9193483205923634,0,9.596741602961817,train,7,1.6000000000000005,2.4000000000000004
1.6002013452421386,1.945980746232333,-0.34577940099019433,1.860880116630813,1,-0.5399298551859861,train,7,1.6000000000000005,2.4000000000000004
1.3574343976470948,1.8161165932731727,-0.4586821956260777,1.9401191851204962,1,-1.8284887908022809,train,7,1.6000000000000005,2.4000000000000004
2.2043950995197994,2.240844709061116,-0.03644960954131655,1.5675832405082313,1,2.385230395139465,train,7,1.6000000000000005,2.4000000000000004
0.6499015889401922,2.1105910448984977,-1.4606894559583055,1.7156284122045056,0,8.578142061022527,train,7,1.6000000000000005,2.4000000000000004
1.4563600685426856,1.6549521067665263,-0.19859203822384067,1.9929219835016136,1,-3.382417480062708,train,7,1.6000000000000005,2.4000000000000004
2.3665004087107486,2.0829155810952895,0.28358482761545917,1.7434159536781981,0,8.71707976839099,train,7,1.6000000000000005,2.4000000000000004
1.705358600998605,2.2364596467431817,-0.5311010457445766,1.5730146088147254,1,2.342622643554392,train,7,1.6000000000000005,2.4000000000000004
1.0591906479214226,1.625606525140638,-0.5664158772192154,1.9969965941623542,1,-3.657080854835671,train,7,1.6000000000000005,2.4000000000000004
2.405102381123769,1.964358257684747,0.44074412343902175,1.84709798108804,1,-0.3563419664291428,train,7,1.6000000000000005,2.4000000000000004
3.817903787795941,2.232138033070629,1.5857657547253123,1.5783377959076232,0,7.891688979538117,train,7,1.6000000000000005,2.4000000000000004
2.757932009636561,2.390877214490984,0.36705479514557754,1.3643241287083652,0,6.821620643541825,train,7,1.6000000000000005,2.4000000000000004
2.4617679443146927,2.067171634800774,0.3945963095139187,1.7586291259822304,1,0.6712113280676256,train,7,1.6000000000000005,2.4000000000000004
1.6587574264528144,1.631129838113858,0.02762758833895656,1.9963609714917223,1,-3.6056182241221473,train,7,1.6000000000000005,2.4000000000000004
2.419295901715912,1.9571383260143225,0.4621575757015896,1.8525871963837839,1,-0.42848551495908827,train,7,1.6000000000000005,2.4000000000000004
2.1063696478811176,1.7505380122346519,0.35583163564646586,1.9677798118179155,0,9.838899059089577,train,7,1.6000000000000005,2.4000000000000004
1.541578370224086,2.1016445174841993,-0.5600661472601133,1.724755943059016,0,8.62377971529508,train,7,1.6000000000000005,2.4000000000000004
1.9975141879190685,1.7722542395781975,0.22525994834087115,1.959551787633031,0,9.797758938165156,train,7,1.6000000000000005,2.4000000000000004
2.2726505479280483,1.7207760861259975,0.551874461802051,1.9775482049225204,0,9.887741024612602,train,7,1.6000000000000005,2.4000000000000004
1.6004329347276192,2.02891544534366,-0.4284825106160411,1.7937718516083194,0,8.968859258041597,train,7,1.6000000000000005,2.4000000000000004
1.9050130803865857,1.68030943537964,0.22470364500694576,1.9880188605032296,0,9.940094302516147,train,7,1.6000000000000005,2.4000000000000004
2.9392460910733287,2.1849267455845305,0.7543193454887983,1.6345497006347172,0,8.172748503173587,train,7,1.6000000000000005,2.4000000000000004
2.9373829475920212,2.35172083155294,0.5856621160390812,1.4205260982470351,0,7.102630491235176,train,7,1.6000000000000005,2.4000000000000004
2.341323622949559,2.354654547570562,-0.013330924621002606,1.4163896924041968,0,7.081948462020984,train,7,1.6000000000000005,2.4000000000000004
3.1393525715104094,1.8997908040142215,1.2395617674961878,1.892735395720213,0,9.463676978601065,train,7,1.6000000000000005,2.4000000000000004
2.6957441296152247,2.076600196699221,0.6191439329160036,1.749570546910961,0,8.747852734554804,train,7,1.6000000000000005,2.4000000000000004
1.9799853472793114,2.1295861698195746,-0.1496008225402631,1.6957946182903183,1,1.2922379329375353,train,7,1.6000000000000005,2.4000000000000004
0.8270308098335233,2.0084643642026165,-1.1814335543690933,1.8114849543555251,1,0.08464263130765542,train,7,1.6000000000000005,2.4000000000000004
1.7805330741953238,1.97671406531508,-0.19618099111975634,1.8374808079365181,1,-0.2328383033479513,train,7,1.6000000000000005,2.4000000000000004
1.687461316035047,1.6070978284681212,0.08036348756692559,1.9986823456861011,0,9.993411728430505,train,7,1.6000000000000005,2.4000000000000004
1.4256034881196635,1.654317122852296,-0.2287136347326323,1.9930283307428724,0,9.965141653714362,train,7,1.6000000000000005,2.4000000000000004
1.9627480085973001,1.9478529827068716,0.014895025890428501,1.8595047158710958,1,-0.5212338650978743,train,7,1.6000000000000005,2.4000000000000004
2.928061085265819,1.9451949047042891,0.9828661805615295,1.8614554760058841,1,-0.5477766399893188,train,7,1.6000000000000005,2.4000000000000004
2.240516685573467,1.7487069484158173,0.49180973715764975,1.9684312111017288,1,-2.486566058197214,train,7,1.6000000000000005,2.4000000000000004
2.8316611204290143,2.023764253361524,0.8078968670674903,1.7983043853054974,0,8.991521926527486,train,7,1.6000000000000005,2.4000000000000004
1.2544098587185206,2.079269002352112,-0.8248591436335911,1.7469781889267597,1,0.7918601297983919,train,7,1.6000000000000005,2.4000000000000004
2.182518303227814,2.1767395733500674,0.005778729877746564,1.64393049789395,0,8.21965248946975,train,7,1.6000000000000005,2.4000000000000004
2.6439767097137206,1.8451166853113874,0.7988600244023331,1.925219059797954,0,9.62609529898977,train,7,1.6000000000000005,2.4000000000000004
1.4269695436131373,1.9235163718198127,-0.49654682820667545,1.8768730829636604,0,9.384365414818301,train,7,1.6000000000000005,2.4000000000000004
3.4191915829664183,2.2582259363980217,1.1609656465683966,1.5457592289640643,0,7.728796144820321,train,7,1.6000000000000005,2.4000000000000004
1.3047689208996913,2.069704280988238,-0.764935360088547,1.756211186297392,0,8.781055931486959,train,7,1.6000000000000005,2.4000000000000004
1.7710798987303216,2.1652124347243653,-0.3941325359940437,1.6569512685357994,0,8.284756342678998,train,7,1.6000000000000005,2.4000000000000004
2.9164026252246122,2.0084657973457465,0.9079368278788655,1.811483739539968,1,0.08465696222548004,train,7,1.6000000000000005,2.4000000000000004
0.9535111366128461,2.2640493287944943,-1.3105381921816481,1.53834256250984,0,7.691712812549199,train,7,1.6000000000000005,2.4000000000000004
2.655888767649358,2.176542409183858,0.4793463584655,1.6441550507696165,0,8.220775253848082,train,7,1.6000000000000005,2.4000000000000004
1.5282562918002727,2.2930093463053183,-0.7647530545050455,1.5006893164425805,1,2.888346136043645,train,7,1.6000000000000005,2.4000000000000004
1.058961588800348,1.7627278177215928,-0.7037662289212446,1.9632752486839855,1,-2.350521124008298,train,7,1.6000000000000005,2.4000000000000004
1.8565612879479318,1.8388278810269008,0.017733406921031127,1.9285881503913431,1,-1.6047524473821826,train,7,1.6000000000000005,2.4000000000000004
1.9362173796902742,1.9806432176510196,-0.044425837960745326,1.8343636855991092,1,-0.19355573588886218,train,7,1.6000000000000005,2.4000000000000004
2.3205822833701357,1.9948835983371749,0.32569868503296084,1.8228293806640425,1,-0.051163793403639905,train,7,1.6000000000000005,2.4000000000000004
1.9848109133862144,2.0861409045742305,-0.1013299911880161,1.740245908140596,0,8.70122954070298,train,7,1.6000000000000005,2.4000000000000004
2.062993055217977,2.2551484616260695,-0.1921554064080924,1.5496575426950319,1,2.5238906672036387,train,7,1.6000000000000005,2.4000000000000004
1.305447427420976,2.02217907073593,-0.7167316433149539,1.7996895915376676,0,8.998447957688338,train,7,1.6000000000000005,2.4000000000000004
2.508238000269739,2.3513633088190975,0.15687469145064145,1.421029353953544,1,3.4417814350583105,train,7,1.6000000000000005,2.4000000000000004
0.673803846270955,2.1787067319898195,-1.5049028857188644,1.641686576770833,0,8.208432883854165,train,7,1.6000000000000005,2.4000000000000004
2.116298071726264,1.7430056125342945,0.3732924591919695,1.9704171795433547,1,-2.5417480123978486,train,7,1.6000000000000005,2.4000000000000004
2.211114581211953,2.0957803332767275,0.11533424793522562,1.730663915343132,0,8.65331957671566,train,7,1.6000000000000005,2.4000000000000004
2.8619782688375834,2.049826707169307,0.8121515616682765,1.7748845118017875,0,8.874422559008938,train,7,1.6000000000000005,2.4000000000000004
3.045628710171442,2.2107236917097173,0.8349050184617245,1.6042782662202717,0,8.02139133110136,train,7,1.6000000000000005,2.4000000000000004
1.3783679458324374,2.245317068170581,-0.8669491223381438,1.5620126977790088,0,7.810063488895044,train,7,1.6000000000000005,2.4000000000000004
2.183921599935085,1.8389001620422405,0.3450214378928444,1.9285498604428444,0,9.642749302214222,train,7,1.6000000000000005,2.4000000000000004
1.2216535813333929,1.7107077653728726,-0.48905418403947964,1.980456700932187,0,9.902283504660934,train,7,1.6000000000000005,2.4000000000000004
1.7951874197444322,2.1083183313430913,-0.3131309115986592,1.7179601466933907,1,1.0810664158173555,train,7,1.6000000000000005,2.4000000000000004
2.062293081259461,1.6066466995460569,0.4556463817134042,1.99871488842317,0,9.99357444211585,train,7,1.6000000000000005,2.4000000000000004
2.496369287597352,2.230866611598312,0.2655026759990405,1.5798982734974532,0,7.899491367487266,train,7,1.6000000000000005,2.4000000000000004
2.2644207251164756,2.001661914108391,0.26275881100808446,1.8172091422492647,1,0.016619133433682542,train,7,1.6000000000000005,2.4000000000000004
2.3432251543893283,2.397694929229218,-0.054469774839889774,1.3543222585208095,1,3.8729419885564393,train,7,1.6000000000000005,2.4000000000000004
2.493456725064776,2.3872325178987848,0.10622420716599103,1.3696450668678155,0,6.8482253343390775,train,7,1.6000000000000005,2.4000000000000004
1.1011784680031906,1.7816629012666207,-0.6804844332634301,1.95569980298479,0,9.77849901492395,train,7,1.6000000000000005,2.4000000000000004
1.888333536023374,2.279965832151777,-0.3916322961284032,1.5178059177082845,1,2.763228112064555,train,7,1.6000000000000005,2.4000000000000004
2.6053067592408947,2.2502540285105375,0.3550527307303574,1.5558271955503569,1,2.476500826486556,train,7,1.6000000000000005,2.4000000000000004
1.0750180837737138,1.7889074962018001,-0.7138894124280862,1.9526158140580412,1,-2.0952827771747735,train,7,1.6000000000000005,2.4000000000000004
1.736112971256715,2.12548263536446,-0.38936966410774504,1.7001313920972716,1,1.2515358852870386,train,7,1.6000000000000005,2.4000000000000004
2.823108122603008,2.3817368012386075,0.4413713213644005,1.377633909093593,1,3.7253281505474254,train,7,1.6000000000000005,2.4000000000000004
2.1517094722101895,2.185254811841928,-0.033545339631738315,1.6341715175958582,1,1.8419699135011256,train,7,1.6000000000000005,2.4000000000000004
1.17295525818282,1.6765026890407098,-0.5035474308578899,1.988836565655326,0,9.94418282827663,train,7,1.6000000000000005,2.4000000000000004
2.170140692709694,2.000484884755453,0.16965580795424082,1.8181910733651867,0,9.090955366825934,train,7,1.6000000000000005,2.4000000000000004
2.744105185828527,1.9698880628304172,0.7742171229981101,1.8428286173802007,1,-0.3010738681597553,train,7,1.6000000000000005,2.4000000000000004
1.0031651705035216,1.6005951115547254,-0.5974299410512038,1.9991120981320936,1,-3.8887013934310444,train,7,1.6000000000000005,2.4000000000000004
1.4706093736997778,2.391151152368338,-0.9205417786685604,1.3639234702170508,0,6.819617351085254,train,7,1.6000000000000005,2.4000000000000004
2.365278402700088,2.302095952940076,0.06318244976001176,1.4886141841311955,1,2.9752189640576825,train,7,1.6000000000000005,2.4000000000000004
1.2430285674517285,1.773768922332972,-0.5307403548812435,1.9589433701097305,1,-2.2430624001913606,train,7,1.6000000000000005,2.4000000000000004
1.863768032234341,2.084302001050094,-0.2205339688157529,1.7420555156870525,0,8.710277578435262,train,7,1.6000000000000005,2.4000000000000004
1.6303841713687295,1.9775624964287437,-0.3471783250600143,1.8368101201095999,1,-0.22435620956655156,train,7,1.6000000000000005,2.4000000000000004
1.3424613151847171,1.8872871318346247,-0.5448258166499077,1.900666893112642,0,9.50333446556321,train,7,1.6000000000000005,2.4000000000000004
1.9857729429985533,2.0234339618466644,-0.03766101884811111,1.7985933821740643,0,8.992966910870322,train,7,1.6000000000000005,2.4000000000000004
2.152652724809254,2.051858488546991,0.10079423626226304,1.7730078766901054,0,8.865039383450528,train,7,1.6000000000000005,2.4000000000000004
1.5937752028347139,2.2668392009993528,-0.6730639981646389,1.5347708855898128,0,7.673854427949064,train,7,1.6000000000000005,2.4000000000000004
2.2262165579860835,1.6502506579879916,0.575965899998092,1.993690329710202,0,9.96845164855101,train,7,1.6000000000000005,2.4000000000000004
2.8597731679838403,2.085093298525938,0.7746798694579026,1.7412775462426535,0,8.706387731213267,train,7,1.6000000000000005,2.4000000000000004
1.8579891314894308,2.0028901959525514,-0.1449010644631206,1.816181769627328,1,0.028901919288065063,train,7,1.6000000000000005,2.4000000000000004
1.8053387452482494,1.7282389542604444,0.07709979098780516,1.975262981259466,1,-2.6842826683790397,train,7,1.6000000000000005,2.4000000000000004
2.5856703382511528,1.7163563828450188,0.8693139554061341,1.9788496536631737,1,-2.7985552445863244,train,7,1.6000000000000005,2.4000000000000004
1.2941962541877436,2.110272689617264,-0.8160764354295204,1.715955568962026,0,8.579777844810131,train,7,1.6000000000000005,2.4000000000000004
1.623900931097753,2.3063249122890395,-0.6824239811912866,1.4829523742821569,1,3.0155667482268154,train,7,1.6000000000000005,2.4000000000000004
1.3573671448783817,1.6262926486804576,-0.26892550380207597,1.9969209486281265,0,9.984604743140633,train,7,1.6000000000000005,2.4000000000000004
1.8737939481287706,1.9424175211744965,-0.06862357304572578,1.8634797435053294,1,-0.5755066266135644,train,7,1.6000000000000005,2.4000000000000004
2.624758686399284,2.302314458609197,0.322444227790087,1.488322296028573,0,7.441611480142864,train,7,1.6000000000000005,2.4000000000000004
2.079048046068582,1.9812056635882667,0.09784238248031546,1.83391516104442,1,-0.18793229986508983,train,7,1.6000000000000005,2.4000000000000004
0.7283160005116149,1.8940564300392746,-1.1657404295276597,1.8964097121439871,0,9.482048560719935,train,7,1.6000000000000005,2.4000000000000004
2.3797652787073815,1.7925202014872632,0.5872450772201183,1.951039597868533,1,-2.0599440548204715,train,7,1.6000000000000005,2.4000000000000004
2.318630947842302,1.6385854217309044,0.6800455261113977,1.9954063981170789,0,9.977031990585395,train,7,1.6000000000000005,2.4000000000000004
1.113598805766613,1.7401334233673205,-0.6265346176007075,1.9713934038145626,1,-2.569516105992626,train,7,1.6000000000000005,2.4000000000000004
2.31872515227275,2.04542034613308,0.27330480613967,1.778929218350609,1,0.4540473065552675,train,7,1.6000000000000005,2.4000000000000004
1.5883634677554417,2.0240683863783206,-0.4357049186228789,1.798038102981108,0,8.99019051490554,train,7,1.6000000000000005,2.4000000000000004
1.7298747785159534,2.0353772404936,-0.3055024619776468,1.7880188299241349,0,8.940094149620673,train,7,1.6000000000000005,2.4000000000000004
1.3725542078808524,1.8392421988933736,-0.4666879910125212,1.9283685341255588,0,9.641842670627794,train,7,1.6000000000000005,2.4000000000000004
3.1770008813127277,2.2923392249715704,0.8846616563411573,1.501574942573523,1,2.8819298870187025,train,7,1.6000000000000005,2.4000000000000004
1.699399416247262,2.277557234837283,-0.5781578185900207,1.5209384871369505,0,7.604692435684752,train,7,1.6000000000000005,2.4000000000000004
1.8864932650440585,1.9725602933044089,-0.0860670282603503,1.8407452809379536,0,9.203726404689768,train,7,1.6000000000000005,2.4000000000000004
2.4738479992644233,2.201086557428642,0.27276144183578155,1.6157129728529303,1,1.9973411193104627,train,7,1.6000000000000005,2.4000000000000004
1.6488172317935654,2.226856538213343,-0.5780393064197775,1.5848032898503894,1,2.2491571910799686,train,7,1.6000000000000005,2.4000000000000004
1.6843114495635771,1.8944774788235927,-0.2101660292600157,1.8961420437688643,1,-1.0532679792138646,train,7,1.6000000000000005,2.4000000000000004
1.6223793755386302,1.74185048050721,-0.11947110496857977,1.9708117502613653,0,9.854058751306827,train,7,1.6000000000000005,2.4000000000000004
2.769730663653855,1.802296402920826,0.9674342607330291,1.9466466320153089,0,9.733233160076544,train,7,1.6000000000000005,2.4000000000000004
2.1672404667713843,2.4082993231085603,-0.24105885633717591,1.3386402394024888,0,6.693201197012444,train,8,2.4000000000000004,3.2
3.965692012623772,2.8014996737189914,1.1641923389047806,0.667149495812292,1,7.184001165753342,train,8,2.4000000000000004,3.2
2.049975822101958,2.796618634507317,-0.7466428124053591,0.676344454259867,1,7.1499617437419225,train,8,2.4000000000000004,3.2
3.0706495581827946,2.5070636231674217,0.563585935015373,1.1855965686118708,0,5.927982843059354,train,8,2.4000000000000004,3.2
2.369204122438929,2.5136888683636314,-0.14448474592470228,1.1748993311945903,0,5.874496655972951,train,8,2.4000000000000004,3.2
2.737331287754542,2.574846940500863,0.16248434725367938,1.0737788175867646,0,5.368894087933823,train,8,2.4000000000000004,3.2
2.0774827667722824,2.7348065444083622,-0.6573237776360797,0.791319496463577,1,6.704436317831202,train,8,2.4000000000000004,3.2
4.039286718668583,2.5984809347308477,1.440805783937735,1.0336048929814898,1,5.6338808373634315,train,8,2.4000000000000004,3.2
2.29930187522207,2.4672477209322805,-0.16794584571021012,1.2487715341213799,1,4.504307284252241,train,8,2.4000000000000004,3.2
3.894879389301318,2.6763989120403204,1.2184804772609974,0.8971919268073447,1,6.259888452775572,train,8,2.4000000000000004,3.2
2.4842573967479,2.5334210772258574,-0.04916368047795772,1.1427356790813032,1,5.084821067464342,train,8,2.4000000000000004,3.2
2.3716714195743926,3.1028472684261272,-0.7311758488517345,0.07747138352891533,1,8.924952557524142,train,8,2.4000000000000004,3.2
2.676648927510808,3.1607712253013736,-0.48412229779056576,-0.038354792060916104,1,9.171108168382094,train,8,2.4000000000000004,3.2
3.221823835807098,2.430998700665856,0.7908251351412419,1.304568174543439,0,6.522840872717195,train,8,2.4000000000000004,3.2
2.6121027179036567,2.9592859131190092,-0.3471831952153524,0.3625971343273077,1,8.187818163766602,train,8,2.4000000000000004,3.2
2.9074393518714454,2.8582078524555277,0.049231499415917576,0.5592140816104765,0,2.7960704080523824,train,8,2.4000000000000004,3.2
3.95595198908813,3.1184056945801197,0.8375462945080102,0.04636976275695379,1,8.994046876435133,train,8,2.4000000000000004,3.2
3.5826469550533644,2.9335191783357097,0.6491277767176546,0.41315062680611475,0,2.0657531340305737,train,8,2.4000000000000004,3.2
2.2283336709786603,2.8382702264371855,-0.6099365554585251,0.5973852113231364,1,7.434874469670859,train,8,2.4000000000000004,3.2
2.78674295662636,2.9619419392544444,-0.17519898262808428,0.35737184002763367,1,8.20303763937478,train,8,2.4000000000000004,3.2
3.6447966640861478,2.7091817356917325,0.9356149283944153,0.8381220611308832,0,4.190610305654416,train,8,2.4000000000000004,3.2
2.6277708312871986,2.9555509422115667,-0.3277801109243681,0.3699407388265295,1,8.166318455852219,train,8,2.4000000000000004,3.2
3.6362507959550903,3.0598963716004386,0.5763544243546517,0.16321086993502756,1,8.723048166295982,train,8,2.4000000000000004,3.2
2.8992610929076363,2.772534780293813,0.1267263126138235,0.7214738022406192,1,6.979527461247868,train,8,2.4000000000000004,3.2
2.4051966601780146,3.152419527621325,-0.7472228674433105,-0.02165332501914947,0,-0.10826662509574736,train,8,2.4000000000000004,3.2
3.2257188740131597,3.0429918160098546,0.18272705800330527,0.19688229389099476,0,0.9844114694549738,train,8,2.4000000000000004,3.2
2.8276591233167157,3.1866873985794664,-0.3590282752627509,-0.09015892582434212,1,9.271327148360026,train,8,2.4000000000000004,3.2
2.609548523480859,2.535709006067014,0.07383951741384476,1.1389773121025988,1,5.104508469091227,train,8,2.4000000000000004,3.2
2.3423655591487087,2.816867769167838,-0.47450221001912923,0.6380961205977862,1,7.2900537233576665,train,8,2.4000000000000004,3.2
3.5427504536563124,3.1564139335809926,0.38633652007531954,-0.029641474729110964,0,-0.1482073736455548,train,8,2.4000000000000004,3.2
2.8838421353638064,2.9196323705283813,-0.03579023516457511,0.44028447559770517,1,7.953788489339529,train,8,2.4000000000000004,3.2
3.6366134823899587,3.0886655385805577,0.5479479438094009,0.1058048157259948,0,0.529024078629974,train,8,2.4000000000000004,3.2
2.5223303180904457,3.1766768096721805,-0.6543464915817345,-0.07015391804474283,0,-0.3507695902237141,train,8,2.4000000000000004,3.2
2.4435229214670997,2.548433349547569,-0.10491042808046915,1.1179668724368805,1,5.213509801088431,train,8,2.4000000000000004,3.2
3.233659996079998,2.594492540250727,0.6391674558292707,1.0404256203590396,1,5.600884303173835,train,8,2.4000000000000004,3.2
3.8410587511878505,3.0987206744809,0.7423380767069502,0.08571769430481634,0,0.4285884715240817,train,8,2.4000000000000004,3.2
3.7368994033727194,3.125021821538806,0.6118775818339132,0.033140147380870545,1,9.022770028193673,train,8,2.4000000000000004,3.2
3.523034785141486,3.0066223894373194,0.5164123957041664,0.2691216913139014,1,8.450305992118686,train,8,2.4000000000000004,3.2
2.238061249369444,2.677521563020416,-0.43946031365097227,0.8951846576351258,1,6.2686392978428085,train,8,2.4000000000000004,3.2
3.034962665307135,2.770827771187246,0.26413489411988855,0.724656893789667,1,6.96729265829104,train,8,2.4000000000000004,3.2
3.2760686393399494,2.888430192678504,0.3876384466614454,0.5009337292900116,1,7.760827348582561,train,8,2.4000000000000004,3.2
2.9541731130710183,2.79702537413695,0.1571477389340685,0.6755788458251277,1,7.15280478435108,train,8,2.4000000000000004,3.2
3.206708415829876,2.782379210830678,0.4243292049991983,0.7030759759129227,0,3.5153798795646134,train,8,2.4000000000000004,3.2
2.486453127580523,2.748444371813077,-0.2619912442325538,0.7661968010002517,1,6.804996998783455,train,8,2.4000000000000004,3.2
3.5726181403844155,3.096326637141225,0.47629150324319053,0.09050111919043757,1,8.895351278746364,train,8,2.4000000000000004,3.2
2.393555070310665,2.5498869176491374,-0.15633184733847266,1.1155551564611996,1,5.225908201117798,train,8,2.4000000000000004,3.2
2.4463429733537447,2.9501392745541404,-0.5037963012003958,0.3805718387559915,0,1.9028591937799575,train,8,2.4000000000000004,3.2
2.0749989490497316,2.962823339041111,-0.8878243899913795,0.3556372720689935,0,1.7781863603449675,train,8,2.4000000000000004,3.2
3.8045970220643457,3.140160061816886,0.6644369602474596,0.0028651825657691494,1,9.087003254111256,train,8,2.4000000000000004,3.2
1.7135114955068538,2.431563854139414,-0.7180523586325601,1.303711222312865,0,6.518556111564325,train,8,2.4000000000000004,3.2
2.301354908301068,2.9176933708360893,-0.6163384625350213,0.4440665090155095,1,7.94202102320695,train,8,2.4000000000000004,3.2
1.9677658352247467,2.9104431877739083,-0.9426773525491615,0.458193137831517,0,2.290965689157585,train,8,2.4000000000000004,3.2
3.9951437023159437,2.769358129976558,1.2257855723393856,0.7273956698208482,1,6.956742899178118,train,8,2.4000000000000004,3.2
3.5764383878583192,2.442447539588315,1.133990848270004,1.2871271980670618,1,4.281526025845289,train,8,2.4000000000000004,3.2
1.9516597739747685,2.430856738529887,-0.47919696455511845,1.3047833687788901,1,4.176493953222736,train,8,2.4000000000000004,3.2
1.4407529267448802,2.535625131366302,-1.0948722046214217,1.1391151979684297,0,5.6955759898421485,train,8,2.4000000000000004,3.2
2.570006295061485,3.035638309582832,-0.4656320145213471,0.21151241794860573,0,1.0575620897430287,train,8,2.4000000000000004,3.2
2.1415271992516693,2.530084837248065,-0.3885576379963959,1.148205374196192,0,5.74102687098096,train,8,2.4000000000000004,3.2
2.218590195035783,2.510990959823642,-0.29240076478785926,1.1792616727638825,1,4.89041861789397,train,8,2.4000000000000004,3.2
2.907491893022991,2.682333562586146,0.2251583304368452,0.8865681836356892,0,4.432840918178446,train,8,2.4000000000000004,3.2
2.1659949390418194,2.787598764122242,-0.6216038250804226,0.6932936269224141,0,3.4664681346120707,train,8,2.4000000000000004,3.2
2.877834721406105,2.958189108099022,-0.08035438669291725,0.3647541735516495,1,8.181516429716515,train,8,2.4000000000000004,3.2
3.271852487546403,3.040925145356549,0.23092734218985356,0.2009951356573838,0,1.004975678286919,train,8,2.4000000000000004,3.2
2.8260576505205974,2.613419501657553,0.21263814886304402,1.0079125621506397,1,5.756668931300232,train,8,2.4000000000000004,3.2
3.3331635420426693,3.1275809674066,0.20558257463606897,0.028022455416316226,1,9.033774402221812,train,8,2.4000000000000004,3.2
2.0599130594939745,2.418293559975742,-0.35838050048176767,1.3237227131559468,0,6.618613565779734,train,8,2.4000000000000004,3.2
2.5869692728421225,2.7000982099966193,-0.11312893715449662,0.8545821785017572,0,4.272910892508786,train,8,2.4000000000000004,3.2
2.979901646193733,2.5597066629185803,0.42019498327515287,1.0992010439233337,0,5.496005219616668,train,8,2.4000000000000004,3.2
1.8788701247275996,2.6742441833291286,-0.795374058601529,0.9010413525717427,0,4.505206762858713,train,8,2.4000000000000004,3.2
3.3175069046251267,2.7552898360352374,0.5622170685898891,0.7535325338980533,1,6.854997192073396,train,8,2.4000000000000004,3.2
2.5280978727937033,2.7985116882894343,-0.2704138154957308,0.6727801983408936,1,7.163183800305209,train,8,2.4000000000000004,3.2
3.290154538782811,2.7314770598396976,0.5586774789431134,0.79743067751259,0,3.98715338756295,train,8,2.4000000000000004,3.2
1.4881460019978328,2.57140477030795,-1.0832587683101174,1.0795804366533979,1,5.408141933877774,train,8,2.4000000000000004,3.2
2.8315510349694963,2.57331177018149,0.25823926478800635,1.0763678522162143,0,5.381839261081072,train,8,2.4000000000000004,3.2
2.2454693541113,2.5858457017971994,-0.340376347685899,1.0551559756021684,0,5.275779878010843,train,8,2.4000000000000004,3.2
3.6252419345022786,2.9832684965011302,0.6419734380011484,0.3153270916508192,1,8.323135573689179,train,8,2.4000000000000004,3.2
2.6601291846196875,2.732734933611834,-0.07260574899214618,0.7951229187302363,0,3.9756145936511817,train,8,2.4000000000000004,3.2
2.247435714741206,2.8671185424110397,-0.6196828276698337,0.5420815415546848,1,7.624677262164247,train,8,2.4000000000000004,3.2
3.2966378007742825,2.7954692841061655,0.5011685166681171,0.6785072781510826,1,7.141921588272444,train,8,2.4000000000000004,3.2
2.232885278626278,2.7440374513689494,-0.5111521727426716,0.7743307457921053,0,3.8716537289605264,train,8,2.4000000000000004,3.2
2.276847761937577,2.9878126536289358,-0.7109648916913588,0.3063492211885514,1,8.348238048064506,train,8,2.4000000000000004,3.2
2.226522040520977,2.8449731894429195,-0.6184511489219425,0.584577949910148,0,2.92288974955074,train,8,2.4000000000000004,3.2
2.0931733671055297,2.6421045133280057,-0.5489311462224759,0.957952553277182,0,4.78976276638591,train,8,2.4000000000000004,3.2
2.6821139095855853,3.176638555850765,-0.4945246462651797,-0.07007745743232346,1,9.233203335986646,train,8,2.4000000000000004,3.2
2.137475852860269,2.579874089698644,-0.44239823683837504,1.0652829496512677,0,5.326414748256338,train,8,2.4000000000000004,3.2
3.0255537420792855,2.5110153255637386,0.514538416515547,1.1792223133190043,1,4.890631149123615,train,8,2.4000000000000004,3.2
3.4602583110347793,2.8919459802897753,0.5683123307450041,0.49412320238037266,0,2.470616011901863,train,8,2.4000000000000004,3.2
3.5117262905712967,2.793543151427797,0.7181831391434997,0.6821298238091371,1,7.128426388796835,train,8,2.4000000000000004,3.2
3.685372619800403,2.546522186922577,1.1388504328778264,1.1211342199435037,1,5.197191529800241,train,8,2.4000000000000004,3.2
2.8023221947982653,2.48744841213176,0.3148737826665054,1.2169607256460673,1,4.683730087685427,train,8,2.4000000000000004,3.2
2.747312730004967,2.831660419938739,-0.08434768993377222,0.6099881991480521,0,3.049940995740261,train,8,2.4000000000000004,3.2
1.8565500807692974,2.6314394252385953,-0.774889344469298,0.9766219407067374,1,5.903072423919009,train,8,2.4000000000000004,3.2
2.197732820553856,2.482443241476899,-0.2847104209230426,1.2248893448730183,0,6.124446724365091,train,8,2.4000000000000004,3.2
2.7888417928714477,2.7924812385394526,-0.0036394456680050426,0.6841259194747459,1,7.12097492088933,train,8,2.4000000000000004,3.2
3.6905922715952317,2.905673347785964,0.7849189238092674,0.46747385014857823,0,2.337369250742891,train,8,2.4000000000000004,3.2
2.0394392356585302,2.4303753735415587,-0.39093613788302856,1.305512853281009,1,4.172119747441575,train,8,2.4000000000000004,3.2
3.7616643891886747,2.8000863363534076,0.9615780528352673,0.6698136017330366,0,3.349068008665183,train,8,2.4000000000000004,3.2
3.405551405939672,2.4668347439435565,0.9387166619961157,1.2494165935913029,0,6.247082967956514,train,8,2.4000000000000004,3.2
2.878216210977782,3.033054587795501,-0.15483837681771886,0.21665017124860253,0,1.0832508562430125,train,8,2.4000000000000004,3.2
2.7908961114708157,3.0064288199382174,-0.2155327084674017,0.2695053043675281,1,8.44927078295421,train,8,2.4000000000000004,3.2
2.6156943987876704,2.6098185766423616,0.005875822145308713,1.0141264619821424,0,5.070632309910712,train,8,2.4000000000000004,3.2
2.0067284234401184,2.4806868728361775,-0.473958449396059,1.2276643202439654,1,4.6238831927947475,train,8,2.4000000000000004,3.2
2.4714736304365688,3.133754164928347,-0.6622805344917785,0.015676816786161493,0,0.07838408393080747,train,8,2.4000000000000004,3.2
2.4757065640969973,2.8139681934150644,-0.33826162931806725,0.6435895098549319,1,7.2701752782301625,train,8,2.4000000000000004,3.2
2.795640805333619,2.5068317407387473,0.2888090645948716,1.1859700302144593,1,4.85409720512741,train,8,2.4000000000000004,3.2
1.1196033965210066,2.4900344912346855,-1.3704310947136789,1.212852196767458,0,6.06426098383729,train,8,2.4000000000000004,3.2
3.4892738892812,3.073312918731262,0.41596097054993836,0.13645338496003037,1,8.787863000945643,train,8,2.4000000000000004,3.2
3.8115677530263685,2.8368597892243375,0.9747079638020313,0.6000767159733642,0,3.000383579866821,train,8,2.4000000000000004,3.2
3.3469527799018803,2.608813266518023,0.7381395133838574,1.0158589206303488,1,5.718943531875949,train,8,2.4000000000000004,3.2
3.850123279077513,2.8606604142558916,0.9894628648216216,0.5545029240595566,0,2.772514620297783,train,8,2.4000000000000004,3.2
1.759522336421921,2.6510820854223383,-0.8915597490004172,0.9421526357618982,1,6.0604748193227165,train,8,2.4000000000000004,3.2
2.387163205157641,3.0332985482453934,-0.6461353430877524,0.2161651150651142,1,8.589924770244052,train,8,2.4000000000000004,3.2
3.745220748099218,2.7944725747223673,0.9507481733768504,0.6803821397621314,0,3.401910698810657,train,8,2.4000000000000004,3.2
3.404962868598581,3.1721265467680375,0.23283632183054334,-0.061058297692976736,0,-0.3052914884648837,train,8,2.4000000000000004,3.2
3.5815336447139243,2.816249555597723,0.7652840891162012,0.6392678082362508,0,3.196339041181254,train,8,2.4000000000000004,3.2
3.2489995442371633,3.1224172763978157,0.12658226783934753,0.03834840419647932,1,9.011509763016809,train,8,2.4000000000000004,3.2
2.9717450923611657,2.599843648481854,0.37190144387931184,1.0312706827549378,1,5.645134240176223,train,8,2.4000000000000004,3.2
2.21581227322403,2.8171898425471524,-0.6013775693231224,0.6374856048062075,1,7.292257963181354,train,8,2.4000000000000004,3.2
2.4850299149592203,2.8045965467120038,-0.3195666317527832,0.6613073151116102,1,7.205509463335251,train,8,2.4000000000000004,3.2
3.6120737288725238,3.050457184582611,0.5616165442899127,0.1820187289524308,0,0.9100936447621539,train,8,2.4000000000000004,3.2
2.5661080254277047,2.4585553769846644,0.10755264844304036,1.262303646987452,0,6.31151823493726,train,8,2.4000000000000004,3.2
3.0467607431246266,3.0689656005957966,-0.022204857471170125,0.1451264446263642,1,8.767033948524078,train,8,2.4000000000000004,3.2
3.5489845242375466,3.043388508303064,0.5055960159344828,0.19609274740265278,1,8.641146044526021,train,8,2.4000000000000004,3.2
2.2370917919543514,2.725057016682453,-0.4879652247281015,0.8091894816646059,1,6.631781185392907,train,8,2.4000000000000004,3.2
1.4253981204461057,2.4291609986577343,-1.0037628782116286,1.307351832944713,0,6.5367591647235646,train,8,2.4000000000000004,3.2
2.50347218171372,3.013803285562061,-0.5103311038483407,0.25488369845256864,0,1.2744184922628432,train,8,2.4000000000000004,3.2
2.7741128514187445,2.943142055224482,-0.16902920380573747,0.3943011523551159,1,8.094072575914513,train,8,2.4000000000000004,3.2
4.047101964721831,3.1351431106059344,0.9119588541158967,0.012898996541540286,1,9.065945767457306,train,8,2.4000000000000004,3.2
2.272632113956045,2.848148497841646,-0.575516383885601,0.5785017274421955,1,7.50057157902492,train,8,2.4000000000000004,3.2
3.609409533370462,3.1741751677805916,0.4352343655898703,-0.06515349890819601,1,9.22371516482841,train,8,2.4000000000000004,3.2
2.979964659203346,2.6467074808605466,0.33325717834279944,0.9498612074683122,0,4.749306037341561,train,8,2.4000000000000004,3.2
3.168961885675896,2.671111972892282,0.497849912783614,0.9066295854172715,0,4.5331479270863575,train,8,2.4000000000000004,3.2
3.8660203489273277,2.9847054491575737,0.8813148997697542,0.31248880601779383,0,1.5624440300889693,train,8,2.4000000000000004,3.2
2.958802557217875,2.9610959247474495,-0.002293367529574803,0.3590365097149116,1,8.198196109756767,train,8,2.4000000000000004,3.2
3.6147712397739777,2.9802791374930018,0.634492102280976,0.3212296154629666,0,1.606148077314833,train,8,2.4000000000000004,3.2
2.524955222127594,3.115154195253509,-0.5901989731259147,0.052870756796870075,1,8.979786503937197,train,8,2.4000000000000004,3.2
3.624535707930666,2.973319269914779,0.6512164380158869,0.3349607419616906,1,8.26757547512784,train,8,2.4000000000000004,3.2
3.165241185300857,2.9457222161371224,0.2195189691637343,0.3892408041686338,0,1.9462040208431692,train,8,2.4000000000000004,3.2
2.4187009218557485,3.07449347364169,-0.6557925517859411,0.1340976823514029,0,0.6704884117570145,train,8,2.4000000000000004,3.2
1.5742121752252145,2.9160951987961385,-1.341883023570924,0.4471825010160842,0,2.235912505080421,train,8,2.4000000000000004,3.2
2.5680657846699595,2.642159110503007,-0.0740933258330477,0.9578566980084635,1,5.989258614022872,train,8,2.4000000000000004,3.2
2.956045561522044,3.06302496179966,-0.1069794002776157,0.15697377043407265,0,0.7848688521703633,train,8,2.4000000000000004,3.2
3.925627962827571,2.5957756381410797,1.3298523246864915,1.0382331392165087,0,5.191165696082543,train,8,2.4000000000000004,3.2
4.3148134321426,2.963024554393985,1.3517888777486153,0.3552412475932435,1,8.209224610997708,train,8,2.4000000000000004,3.2
2.2248859482877994,2.82871059267491,-0.6038246443871108,0.6156040981077154,0,3.0780204905385773,train,8,2.4000000000000004,3.2
3.306971163604754,2.7046476149988106,0.6023235486059436,0.8463470006986324,1,6.477654088187268,train,8,2.4000000000000004,3.2
2.4683738974896583,2.5428943481270823,-0.07452045063742388,1.1271353209391757,0,5.635676604695878,train,8,2.4000000000000004,3.2
3.017184394833087,3.108665283546445,-0.09148088871335786,0.06584284065186241,0,0.32921420325931205,train,8,2.4000000000000004,3.2
1.6835209954836987,2.46418679478783,-0.7806657993041314,1.2535475542099963,1,4.4769579289824515,train,8,2.4000000000000004,3.2
2.878323389988886,3.0428709176604123,-0.16454752767152642,0.19712291471351523,1,8.638539878855607,train,8,2.4000000000000004,3.2
3.081554926170564,3.817056514613397,-0.7355015884428329,-1.2505187780230904,1,9.698308882032322,train,9,3.2,4.0
3.0835256776478253,3.2166015594875215,-0.13307588183969635,-0.1498771762628011,1,9.37926075930002,train,9,3.2,4.0
4.510874373915552,3.7069185879410202,0.803955785974532,-1.0713821360087485,1,9.90749661754342,train,9,3.2,4.0
3.8166289325967915,3.7990431060308896,0.017585826565901852,-1.222201477404634,1,9.74064593309355,train,9,3.2,4.0
4.790037057495706,3.5988056098420724,1.1912314476536332,-0.8828980969606487,0,-4.414490484803244,train,9,3.2,4.0
4.248136676825611,3.379837316424678,0.8682993604009334,-0.47199447089997815,1,9.818226659311922,train,9,3.2,4.0
3.185872643617351,3.3584502918076993,-0.17257764819034838,-0.43032385566640424,0,-2.151619278332021,train,9,3.2,4.0
2.992838225895568,3.808424569759167,-0.8155863438635993,-1.236999324210276,0,-6.184996621051379,train,9,3.2,4.0
3.306463874112376,3.3352886692500285,-0.028824795137652386,-0.3849741995788574,1,9.72396011523016,train,9,3.2,4.0
2.9821994472599944,3.2706718513392086,-0.2884724040792142,-0.2574421107370106,1,9.552996967122535,train,9,3.2,4.0
3.9749397062734433,3.748287854694238,0.22665185157920514,-1.1403111296557742,1,9.842896876239921,train,9,3.2,4.0
4.931359461443228,3.962714676955949,0.9686447844872789,-1.4638216749374668,1,9.241780239339745,train,9,3.2,4.0
2.5292961919277017,3.2031586130623317,-0.6738624211346298,-0.12305414781772166,0,-0.6152707390886083,train,9,3.2,4.0
3.3765170425957347,3.6097538107086216,-0.23323676811288674,-0.9024921332428322,1,9.992412531924273,train,9,3.2,4.0
4.049506739040601,3.850096769321691,0.19940996971891004,-1.3013972411011463,0,-6.506986205505731,train,9,3.2,4.0
4.3710047573126545,3.6900208534635106,0.6809839038491434,-1.0426931713343532,0,-5.213465856671766,train,9,3.2,4.0
4.083832900784158,3.7774042539454395,0.3064286468387177,-1.1876614307953972,0,-5.938307153976986,train,9,3.2,4.0
3.682079439252912,3.4335008545365064,0.24857858471640557,-0.5755604505134371,1,9.905897725267227,train,9,3.2,4.0
4.740948952029919,3.9342192980103547,0.8067296540195645,-1.4243991424163887,1,9.346855186514551,train,9,3.2,4.0
4.067769817067126,3.7716606267181527,0.29610919034897315,-1.1783993614774826,1,9.798945019133807,train,9,3.2,4.0
3.4918329836949207,3.634035494409009,-0.14220251071408863,-0.9455597610561183,0,-4.7277988052805915,train,9,3.2,4.0
3.3481071281748327,3.3137360380812217,0.03437109009361085,-0.3425888918679288,0,-1.712944459339644,train,9,3.2,4.0
3.0744297398008773,3.4986726080411756,-0.4242428682402983,-0.6990797478870877,1,9.974002118612459,train,9,3.2,4.0
4.067305794573797,3.7393068920530763,0.32799890252072067,-1.1255089591791654,1,9.858356596665633,train,9,3.2,4.0
4.118966784902481,3.553466539538397,0.565500245364084,-0.800654413907637,0,-4.003272069538185,train,9,3.2,4.0
1.759453132029955,3.547211194666635,-1.7877580626366802,-0.789174375093161,0,-3.945871875465805,train,9,3.2,4.0
4.425102892986082,3.6942135827754536,0.7308893102106284,-1.049839675070248,1,9.923937525692555,train,9,3.2,4.0
3.5765981601939583,3.6105105940435127,-0.03391243384955431,-0.9038425809166986,0,-4.519212904583493,train,9,3.2,4.0
3.996850816984493,3.7203177455451737,0.27653307143931954,-1.0939141574859328,1,9.888424829874399,train,9,3.2,4.0
4.078255569758415,3.6808311627236354,0.3974244070347798,-1.026965410647936,1,9.93952273124529,train,9,3.2,4.0
2.4671165600886233,3.844178557466197,-1.377061997377574,-1.2923866790046712,0,-6.461933395023356,train,9,3.2,4.0
2.8997601350367965,3.6173177219149073,-0.7175575868781106,-0.9159662497795005,1,9.989180750479509,train,9,3.2,4.0
3.7270584073642334,3.9269191046469345,-0.199860697282701,-1.4141121421725207,0,-7.070560710862603,train,9,3.2,4.0
2.98055440861037,3.4553888711908365,-0.47483446258046624,-0.6173433901636667,1,9.933479476725418,train,9,3.2,4.0
3.43687114787279,3.272367479416726,0.1645036684560641,-0.26080478278763636,0,-1.3040239139381817,train,9,3.2,4.0
3.131614091826212,3.440560045308963,-0.30894595348275106,-0.5890671218267852,1,9.915312358883021,train,9,3.2,4.0
2.2645447711982816,3.29118748949084,-1.0266427182925586,-0.2980750113519375,1,9.611634648038391,train,9,3.2,4.0
4.230323448545271,3.8629450610461413,0.3673783874991302,-1.320801632652408,1,9.576272285118613,train,9,3.2,4.0
3.897594679919397,3.2375170555114,0.6600776244079972,-0.1915547233381665,0,-0.9577736166908325,train,9,3.2,4.0
4.039641234480785,3.701029718649114,0.33861151583167076,-1.0614183285501884,1,9.915316111560873,train,9,3.2,4.0
3.210389262639159,3.638068924735395,-0.42767966209623587,-0.952660411156279,0,-4.763302055781395,train,9,3.2,4.0
3.69891390940355,3.8554295965360548,-0.156515687132505,-1.3094775138947252,0,-6.547387569473626,train,9,3.2,4.0
3.688214871520545,3.35915803174305,0.3290568397774949,-0.4317060748254299,1,9.7768808353208,train,9,3.2,4.0
4.2473996721045415,3.8854802419661865,0.36191943013835515,-1.354307341632112,1,9.508942597018105,train,9,3.2,4.0
4.085438794720564,3.4813221115456705,0.6041166831748935,-0.6664640503302952,1,9.959998521150407,train,9,3.2,4.0
3.62706254878992,3.803718153223886,-0.1766556044339657,-1.2295891879093945,0,-6.147945939546973,train,9,3.2,4.0
2.584241056411203,3.4367693655037432,-0.8525283090925405,-0.5818178478422451,0,-2.9090892392112258,train,9,3.2,4.0
3.4997811188769243,3.907149183648949,-0.40736806477202453,-1.3858767245209642,0,-6.929383622604821,train,9,3.2,4.0
3.7807401958523243,3.460409310265799,0.32033088558652506,-0.6268861384788176,1,9.939135375025344,train,9,3.2,4.0
3.7783973604468737,3.332012718175319,0.4463846422715548,-0.37854276700780115,0,-1.8927138350390058,train,9,3.2,4.0
4.849053178451187,3.51402339515727,1.3350297832939166,-0.7277612165280887,0,-3.6388060826404436,train,9,3.2,4.0
3.3450771517636104,3.2747682996469205,0.0703088521166899,-0.2655646665666903,0,-1.3278233328334514,train,9,3.2,4.0
4.003653238428536,3.8568845262695426,0.14676871215899387,-1.311675559711743,0,-6.558377798558715,train,9,3.2,4.0
3.214542322126711,3.320921615714051,-0.10637929358734034,-0.356738673571849,0,-1.783693367859245,train,9,3.2,4.0
3.2638538423643046,3.5072915589537597,-0.2434377165894552,-0.7152041427035409,0,-3.5760207135177047,train,9,3.2,4.0
4.42447368401641,3.955408569791041,0.469065114225369,-1.453825925962323,1,9.269439886805541,train,9,3.2,4.0
4.202186948203808,3.990100379921498,0.21208656828230996,-1.5005893870598814,0,-7.502946935299407,train,9,3.2,4.0
3.4406759462429646,3.5650436376758274,-0.12436769143286265,-0.8218181482813652,1,9.99983453329582,train,9,3.2,4.0
3.213079844698883,3.860898275074192,-0.6478184303753092,-1.317724950604501,0,-6.588624753022505,train,9,3.2,4.0
3.3272574102595636,3.4010993073656475,-0.07384189710608395,-0.5132075115584983,0,-2.5660375577924914,train,9,3.2,4.0
3.4433080074008657,3.6778973185847077,-0.23458931118384208,-1.0219259351280732,0,-5.109629675640366,train,9,3.2,4.0
4.675369647291045,3.922265408265302,0.7531042390257429,-1.407515060838379,1,9.388679545363162,train,9,3.2,4.0
4.1959220059465645,3.627646359041452,0.5682756469051126,-0.934280574557142,1,9.983844720926797,train,9,3.2,4.0
3.0587746750219016,3.6721610903883386,-0.6133864153664369,-1.0120474215865924,1,9.948669896707539,train,9,3.2,4.0
3.9317264348227807,3.2314254137803102,0.7003010210424704,-0.17942396999310198,1,9.429642713561995,train,9,3.2,4.0
3.142559318934969,3.485745406907629,-0.34318608797265987,-0.6747984658099169,1,9.963853502301177,train,9,3.2,4.0
3.3435729702474064,3.2636904721247717,0.0798824981226348,-0.24358934940415308,0,-1.2179467470207654,train,9,3.2,4.0
4.1660142590561975,3.4443679346742546,0.7216463243819429,-0.5963407849409385,1,9.920185706907887,train,9,3.2,4.0
2.8497236693585353,3.4645754495857055,-0.6148517802271702,-0.6347930653244751,1,9.94363864930545,train,9,3.2,4.0
3.915303734734012,3.819064236968477,0.09623949776553525,-1.2536499768508471,1,9.693394939434615,train,9,3.2,4.0
2.5536821946683776,3.231967366951982,-0.6782851722836045,-0.18050347935303532,1,9.431445457996716,train,9,3.2,4.0
2.3788139341318537,3.5435937427453106,-1.1647798086134566,-0.782521373120603,0,-3.912606865603015,train,9,3.2,4.0
4.04390018761295,3.451941497474151,0.5919586901387985,-0.6107816672336451,0,-3.0539083361682255,train,9,3.2,4.0
3.726129334833508,3.709192914454036,0.01693642037947192,-1.075220308305647,1,9.904384683805729,train,9,3.2,4.0
2.9836571613656275,3.4770777200640266,-0.49342055869839885,-0.6584544659141967,1,9.956116247770622,train,9,3.2,4.0
2.2825468284552866,3.234477884963996,-0.9519310565087091,-0.18550345036848853,1,9.439760259031093,train,9,3.2,4.0
3.6630484479913004,3.9039321396143327,-0.24088369162303241,-1.3812306039622224,0,-6.9061530198111125,train,9,3.2,4.0
4.6159000402679595,3.810592469714945,0.8053075705530149,-1.2404034215382722,1,9.713864120317238,train,9,3.2,4.0
4.143958770272955,3.9024773141798867,0.24148145609306843,-1.3791248185931175,1,9.45496294917592,train,9,3.2,4.0
3.3103504652092934,3.5340073150714137,-0.2236568498621204,-0.7648412937457137,0,-3.8242064687285686,train,9,3.2,4.0
3.281247989633998,3.6844620515150055,-0.40321406188100756,-1.0331899584660245,0,-5.165949792330123,train,9,3.2,4.0
3.674260551604084,3.610773301926631,0.06348724967745323,-0.9043112509627274,0,-4.521556254813637,train,9,3.2,4.0
2.7498860838198618,3.678269318370379,-0.9283832345505174,-1.0225654084636426,0,-5.112827042318213,train,9,3.2,4.0
4.2166564352824984,3.4097725289055605,0.8068839063769382,-0.5299536252759108,0,-2.6497681263795543,train,9,3.2,4.0
3.7426105561344594,3.440697047152566,0.30191350898189334,-0.5893289654927244,1,9.915490187968572,train,9,3.2,4.0
3.936930187118033,3.220319825640085,0.7166103614779477,-0.15729174501025703,1,9.392092150084682,train,9,3.2,4.0
3.1043466458031417,3.442450048520828,-0.3381034027176861,-0.5926783972037882,1,9.917749165559304,train,9,3.2,4.0
3.9065579541104225,3.393660700322822,0.5128972537876005,-0.4988143698879462,0,-2.494071849439731,train,9,3.2,4.0
4.05880538632703,3.6460625509301154,0.4127428353969147,-0.9666868801040663,1,9.97168834677899,train,9,3.2,4.0
2.732564384936425,3.652405615910534,-0.9198412309741093,-0.9777731877701067,1,9.966718097469847,train,9,3.2,4.0
3.6694822185181737,3.5801057979320405,0.08937642058613295,-0.8491875192235494,1,9.999566671865324,train,9,3.2,4.0
3.6233050819646073,3.4342383810316073,0.18906670093300007,-0.5769729469006887,1,9.906904443294227,train,9,3.2,4.0
2.906450250124392,3.2514008485558596,-0.34495059843146764,-0.2191753060718407,1,9.494254069546187,train,9,3.2,4.0
3.7669526359484427,3.983055316606114,-0.21610268065767144,-1.4912371925491434,1,9.162180291230547,train,9,3.2,4.0
3.7334774528299346,3.471766274910291,0.2617111779196434,-0.6484145532618762,1,9.951005304475748,train,9,3.2,4.0
3.573288175498143,3.5960389047059635,-0.022750729207820414,-0.8779296708232998,1,9.996814230468514,train,9,3.2,4.0
3.3788347692224883,3.9816645807381454,-0.6028298115156573,-1.4893822534846015,1,9.1677438304667,train,9,3.2,4.0
3.907490911898727,3.5526190599205334,0.35487185197819354,-0.7991009129366025,0,-3.9955045646830123,train,9,3.2,4.0
3.591308662690286,3.4546182443831612,0.13669041830712467,-0.6158772148916645,0,-3.0793860744583226,train,9,3.2,4.0
3.765344783432105,3.615837588700304,0.14950719473180116,-0.9133336863252173,1,9.989858138382907,train,9,3.2,4.0
3.719967085948605,3.6625091439059743,0.05745794204263094,-0.9953505538568512,0,-4.976752769284256,train,9,3.2,4.0
4.1525600388166835,3.883147000400389,0.2694130384162939,-1.3508698657546492,0,-6.754349328773246,train,9,3.2,4.0
3.082876614234568,3.25447781883036,-0.1716012045957924,-0.22529113507260842,0,-1.1264556753630421,train,9,3.2,4.0
3.0539696665852603,3.571624646223466,-0.517654979638206,-0.8337997648482337,1,9.999996569434817,train,9,3.2,4.0
3.380464391633074,3.8255592948953185,-0.4450949032622446,-1.2637448424193758,1,9.677230587127282,train,9,3.2,4.0
4.43822733000064,3.7748822483058,0.6633450816948391,-1.1835992969549094,1,9.792466518335216,train,9,3.2,4.0
2.4581863924378906,3.6688175840425408,-1.21063119160465,-1.0062740961875976,0,-5.031370480937988,train,9,3.2,4.0
3.553999958448285,3.2296755305875267,0.3243244278607581,-0.17593804261198898,1,9.423803024018556,train,9,3.2,4.0
2.615145783457735,3.4805251130265065,-0.8653793295687715,-0.6649609469144477,0,-3.324804734572239,train,9,3.2,4.0
2.685242329891326,3.650552547594196,-0.9653102177028701,-0.974538472383004,1,9.968211582235318,train,9,3.2,4.0
2.835842760862045,3.4397838979396504,-0.6039411370776053,-0.5875835078393408,1,9.914301402091269,train,9,3.2,4.0
3.45534714773796,3.6098673226188396,-0.15452017488087968,-0.9026947233871907,1,9.992368257349163,train,9,3.2,4.0
4.1770780085114945,3.7387735402277764,0.4383044682837182,-1.1246270361968607,0,-5.6231351809843035,train,9,3.2,4.0
2.308314092005327,3.327354986702475,-1.019040894697148,-0.36939160971309737,1,9.705142092027193,train,9,3.2,4.0
4.244827463477925,3.2403821361231984,1.004445327354727,-0.19725774774804072,1,9.45908046784003,train,9,3.2,4.0
4.168486929752765,3.4702527096517435,0.6982342201010213,-0.6455501883388121,0,-3.2277509416940604,train,9,3.2,4.0
3.2069068626326587,3.2864510182235622,-0.07954415559090341,-0.2887045584606565,0,-1.4435227923032825,train,9,3.2,4.0
3.168974761689394,3.3431222468568724,-0.1741474851674784,-0.40033640208079047,1,9.741940183031973,train,9,3.2,4.0
3.3365422263642808,3.9086616769341647,-0.5721194505698839,-1.3880561442212875,1,9.434643952240702,train,9,3.2,4.0
3.845116333256609,3.4922919769712926,0.35282435628531655,-0.6871092977126251,0,-3.4355464885631255,train,9,3.2,4.0
3.4162963617889694,3.3750154793436296,0.04128088244534,-0.4626177439584451,0,-2.3130887197922254,train,9,3.2,4.0
4.649235518829069,3.8019969361748824,0.8472385826541864,-1.2268723639220476,0,-6.134361819610238,train,9,3.2,4.0
2.873774298587387,3.2855036675148557,-0.41172936892746875,-0.2868295721896736,0,-1.434147860948368,train,9,3.2,4.0
4.124448948724848,3.7956825926204485,0.3287663561043994,-1.2168745384133737,1,9.748194755820935,train,9,3.2,4.0
3.553998712071067,3.5758282347523958,-0.021829522681328813,-0.8414340995361889,1,9.999873399778664,train,9,3.2,4.0
3.1703947851963754,3.6786045370232876,-0.508209751826912,-1.023141533259285,0,-5.115707666296425,train,9,3.2,4.0
4.45947857880744,3.3180961538282383,1.141382424979202,-0.35117695367006624,0,-1.7558847683503311,train,9,3.2,4.0
3.514991092982528,3.3472278576745214,0.16776323530800658,-0.4083780446629068,1,9.751124917935066,train,9,3.2,4.0
4.088210402082675,3.7160577011745937,0.3721527009080813,-1.0867715698806946,0,-5.433857849403473,train,9,3.2,4.0
2.5977617799299946,3.2389024050107245,-0.6411406250807298,-0.19431250013011594,1,9.454269350468678,train,9,3.2,4.0
2.9653175661385447,3.398890006242216,-0.43357244010367113,-0.5089356097281775,1,9.85260460480138,train,9,3.2,4.0
3.684410546217454,3.6339268129824034,0.05048373323505067,-0.9453682195508205,1,9.980079325971875,train,9,3.2,4.0
3.0307455806407866,3.3814186746160075,-0.3506730939752209,-0.4750672608929011,1,9.82121580858101,train,9,3.2,4.0
3.866342590375934,3.505129227923706,0.36121336245222807,-0.7111637841072063,0,-3.5558189205360313,train,9,3.2,4.0
4.200805373024652,3.937786229522837,0.26301914350181493,-1.4293978785724486,1,9.334116178282894,train,9,3.2,4.0
3.4708795817074183,3.9402854982942213,-0.4694059165868029,-1.4328895488746978,1,9.325119474235025,train,9,3.2,4.0
3.7691615301614756,3.65339993966,0.11576159050147589,-0.9795074955069697,1,9.965902610545939,train,9,3.2,4.0
3.629191655183965,3.626776707991202,0.0024149471927629525,-0.9327423597386211,1,9.984335076145548,train,9,3.2,4.0
3.113442845300143,3.2118880197065827,-0.09844517440643989,-0.14047497409509174,0,-0.7023748704754587,train,9,3.2,4.0
3.2930320520768874,3.982319410721604,-0.6892873586447162,-1.4902560132915585,0,-7.451280066457793,train,9,3.2,4.0
3.1571180208443983,3.658423123226549,-0.5013051023821508,-0.9882541348032939,0,-4.94127067401647,train,9,3.2,4.0
3.9596760340489308,3.833405597021299,0.12627043702763197,-1.2758687215591358,0,-6.379343607795679,train,9,3.2,4.0
4.257636666670909,3.6492458882210954,0.6083907784498136,-0.9722555558120984,0,-4.861277779060492,train,9,3.2,4.0
3.3197494994662025,3.9018681932519477,-0.5821186937857454,-1.378242280050716,1,9.456944692892321,train,9,3.2,4.0
4.397665598310873,3.6673566628245404,0.7303089354863322,-1.0037479476207738,1,9.953416719224418,train,9,3.2,4.0
3.876668288236594,3.7670798610951644,0.10958842714142987,-1.1709846216012545,1,9.807981555055648,train,9,3.2,4.0
2.556935006003437,3.318826761085167,-0.7618917550817298,-0.3526153723954046,1,9.684232643744487,train,9,3.2,4.0
3.7367945490073167,3.5427605911743174,0.19403395783299907,-0.7809876364362278,0,-3.904938182181139,train,9,3.2,4.0
4.286576967636868,3.7551120530739293,0.5314649145629383,-1.1514971502853373,1,9.830618902789956,train,9,3.2,4.0
3.4423326105967096,3.2836957956182826,0.15863681497842716,-0.28325073874800094,1,9.590689559759381,train,9,3.2,4.0
-5.872526448092279,-6.049325777808077,0.17679932971579787,0.46346742056894036,0,2.317337102844702,test,-1,-6.5,-4.0
-7.079140171205165,-6.451311896280939,-0.6278282749242267,-0.33467129603257284,1,-8.268401191257732,test,-1,-6.5,-4.0
-4.949275849904511,-5.341953683754139,0.39267783384962757,1.6165677689565836,1,-8.7175271455284,test,-1,-6.5,-4.0
-4.652042411788533,-4.68766517701963,0.03562276523109754,1.9993887646837545,1,-3.935406542174743,test,-1,-6.5,-4.0
-5.1201539797377915,-5.449490988530681,0.3293370087928894,1.4808390718210407,0,7.404195359105204,test,-1,-6.5,-4.0
-5.598341819206094,-5.286432254580544,-0.31190956462555003,1.679424438104421,0,8.397122190522104,test,-1,-6.5,-4.0
-6.9491802052385685,-6.468047963523478,-0.4811322417150906,-0.3676230634703305,1,-8.173117799390448,test,-1,-6.5,-4.0
-5.829680913462361,-5.281570981700321,-0.5481099317620389,1.6846842235035935,1,-8.405976649517447,test,-1,-6.5,-4.0
-3.4814661011842327,-4.145483369141584,0.6640172679573516,1.6871335462848267,1,1.3726717046247263,test,-1,-6.5,-4.0
-4.504458191572476,-4.373012276558053,-0.13144591501442293,1.8859246872281663,0,9.429623436140831,test,-1,-6.5,-4.0
-4.813287726769427,-4.675088824447954,-0.13819890232147258,1.9986088596696339,1,-3.819483056441017,test,-1,-6.5,-4.0
-7.301956549151725,-6.228159820327563,-1.0737967288241614,0.10999544664417378,1,-9.308083154193099,test,-1,-6.5,-4.0
-4.299512485568509,-4.265239574287297,-0.03427291128121214,1.803366704620477,1,0.1794476967259358,test,-1,-6.5,-4.0
-6.433284045745633,-4.357114382317926,-2.0761696634277067,1.875102011654071,0,9.375510058270356,test,-1,-6.5,-4.0
-5.269973921474311,-6.087283456011932,0.817309534537621,0.3893024300603939,0,1.9465121503019693,test,-1,-6.5,-4.0
-5.064209273950506,-4.91916496544126,-0.1450443085092464,1.9573958168732364,1,-5.939659247231496,test,-1,-6.5,-4.0
-6.436238389370465,-6.448790968021918,0.012552578651453506,-0.32969947160002344,0,-1.6484973580001172,test,-1,-6.5,-4.0
-7.065348793035249,-6.208156828049959,-0.8571919649852905,0.14991621262393254,0,0.7495810631196627,test,-1,-6.5,-4.0
-6.366589573756716,-5.709081720968649,-0.6575078527880676,1.0861646174630575,0,5.430823087315288,test,-1,-6.5,-4.0
-5.74242964961684,-6.105219233312658,0.3627895836958182,0.354056278196559,1,-9.686054927942829,test,-1,-6.5,-4.0
-4.727673997572352,-4.602551029598737,-0.1251229679736151,1.987947748786743,0,9.939738743933715,test,-1,-6.5,-4.0
-4.1967709555746415,-4.454311605339641,0.25754064976499935,1.9337649223823898,1,-1.702923038339343,test,-1,-6.5,-4.0
-4.875940699225486,-5.6384387726019565,0.76249807337647,1.2019917500887063,1,-9.76860432178078,test,-1,-6.5,-4.0
-5.305060266921003,-5.703003007843916,0.3979427409229125,1.0963528285403386,0,5.481764142701692,test,-1,-6.5,-4.0
-7.360212008684082,-6.220846920013349,-1.1393650886707327,0.12459603948194038,1,-9.334563239709983,test,-1,-6.5,-4.0
-6.880812338857328,-6.290117141694857,-0.5906951971624704,-0.013863558005163328,0,-0.06931779002581664,test,-1,-6.5,-4.0
-5.399620589772458,-4.718185160777892,-0.6814354289945657,1.9999664043869052,1,-4.21410268599333,test,-1,-6.5,-4.0
-5.547120153608403,-5.001141509355861,-0.545978644252542,1.9171996938696871,1,-6.5784675696758175,test,-1,-6.5,-4.0
-7.608955202133722,-6.360815801037304,-1.2481394010964186,-0.15510508814171173,1,-8.742856191350382,test,-1,-6.5,-4.0
-6.531543817046243,-5.300506795851424,-1.2310370211948192,1.6639727614831736,1,-8.507031253065541,test,-1,-6.5,-4.0
-5.942083565963443,-5.4958087984233694,-0.44627476754007284,1.4170085958762673,1,-9.36538924015745,test,-1,-6.5,-4.0
-4.738851825764687,-4.3800525061325635,-0.3587993196321236,1.890565287500958,1,-0.9671578175064077,test,-1,-6.5,-4.0
-4.39558067042087,-4.705377051650303,0.30979638122943365,1.9999508330568743,1,-4.097607297055306,test,-1,-6.5,-4.0
-5.189695032611557,-4.9948398718779385,-0.19485516073361928,1.9207504696300366,0,9.603752348150183,test,-1,-6.5,-4.0
-4.266176378106544,-5.119040446236257,0.8528640681297127,1.836900871164194,0,9.18450435582097,test,-1,-6.5,-4.0
-5.223387192083536,-4.127244005633406,-1.0961431864501305,1.6672640443157185,0,8.336320221578593,test,-1,-6.5,-4.0
-4.868346563621427,-4.033316674103829,-0.8350298895175977,1.5563114228213641,1,2.4727667407543032,test,-1,-6.5,-4.0
-5.5052779624563914,-5.65486487587618,0.1495869134197886,1.1755735797946756,1,-9.802416686130568,test,-1,-6.5,-4.0
-6.0647546557010585,-5.900313302368817,-0.1644413533322418,0.7471721305920979,0,3.7358606529604894,test,-1,-6.5,-4.0
-5.102807166224107,-4.508910615030135,-0.5938965511939723,1.9587392115963693,1,-2.2381332920333525,test,-1,-6.5,-4.0
-5.880070173315833,-6.340783923063362,0.4607137497475291,-0.11513354593273176,1,-8.838332705035093,test,-1,-6.5,-4.0
-4.936334845566829,-5.5884608925098975,0.6521260469430682,1.280347501765914,1,-9.649559830187386,test,-1,-6.5,-4.0
-5.539716286193486,-6.324942993438744,0.7852267072452573,-0.08349110361441246,1,-8.91132489746679,test,-1,-6.5,-4.0
-5.942028762182145,-5.701580732372725,-0.24044802980941976,1.098730795246565,1,-9.884094422298324,test,-1,-6.5,-4.0
-6.32954703580409,-6.324043512232608,-0.005503523571482324,-0.08169367587099592,1,-8.915402626740077,test,-1,-6.5,-4.0
-5.638920001589854,-5.77434083216172,0.1354208305718658,0.9743368862187289,0,4.8716844310936445,test,-1,-6.5,-4.0
-4.491592259784369,-4.524747191415527,0.03315493163115787,1.9648937465883412,1,-2.39219453345372,test,-1,-6.5,-4.0
-3.625538791287939,-4.23649919799982,0.6109604067118815,1.777770875900992,0,8.88885437950496,test,-1,-6.5,-4.0
-4.814362928388018,-4.518446537300185,-0.2959163910878337,1.9625040800711047,0,9.812520400355524,test,-1,-6.5,-4.0
-4.874670413902764,-5.095453224637804,0.22078281073504033,1.855047373100879,0,9.275236865504395,test,-1,-6.5,-4.0
-6.287581472111121,-4.959954037318371,-1.32762743479275,1.9390239267127907,1,-6.262771984556473,test,-1,-6.5,-4.0
-5.14455138008499,-5.596291144491995,0.45173976440700536,1.2682775026689523,1,-9.66981130562096,test,-1,-6.5,-4.0
-5.095493106302221,-6.077956753536368,0.9824636472341476,0.40758184508185946,1,-9.750222524230521,test,-1,-6.5,-4.0
-5.426664148779079,-5.409397665837098,-0.01726648294198151,1.5335316405262558,1,-9.027896714716258,test,-1,-6.5,-4.0
-4.046920876504821,-4.66793665912956,0.621015782624739,1.9980243164978522,0,9.99012158248926,test,-1,-6.5,-4.0
-7.341275265754234,-6.3427809403482485,-0.9984943254059856,-0.1191207247972757,1,-8.82897299964409,test,-1,-6.5,-4.0
-6.649302823069256,-6.448167552797072,-0.20113527027218417,-0.32846963543158797,0,-1.6423481771579398,test,-1,-6.5,-4.0
-5.500063103838495,-4.573629833962452,-0.926433269876043,1.9807767728297196,1,-2.8637816190532943,test,-1,-6.5,-4.0
-5.559928678428646,-5.750119976423614,0.19019129799496773,1.0163515021101608,1,-9.946112248286191,test,-1,-6.5,-4.0
-4.434613025658538,-4.747089312391208,0.3124762867326698,1.998796007777806,1,-4.474429085403769,test,-1,-6.5,-4.0
-5.48695417027317,-4.663330697738746,-0.8236234725344235,1.9975937675549054,1,-3.7105548456280983,test,-1,-6.5,-4.0
-4.676908338833229,-4.167738432031635,-0.5091699068015936,1.7106168012396425,1,1.1519060036279574,test,-1,-6.5,-4.0
-5.851524659468363,-5.499178917695479,-0.35234574177288386,1.4122439277744259,1,-9.377150444925338,test,-1,-6.5,-4.0
-4.151388407314394,-5.603905179129609,1.4525167718152152,1.2564662167046092,0,6.282331083523046,test,-1,-6.5,-4.0
-4.528510570374795,-4.483583022680698,-0.04492754769409767,1.9478758313006164,1,-1.9905910274239296,test,-1,-6.5,-4.0
-4.517554875308802,-4.588772258638821,0.07121738333001924,1.9847383555147389,1,-3.008529853105091,test,-1,-6.5,-4.0
-4.652962448866572,-4.86846315021104,0.21550070134446794,1.9756902607154443,1,-5.52431002106551,test,-1,-6.5,-4.0
-4.294844909316494,-4.472583565112331,0.17773865579583725,1.9427684195271417,0,9.713842097635709,test,-1,-6.5,-4.0
-5.038827751268233,-4.894462853147362,-0.1443648981208701,1.966940585537175,1,-5.739141303406166,test,-1,-6.5,-4.0
-4.906009054523885,-4.106389867935112,-0.7996191865887725,1.6438668598687143,1,1.758758726891223,test,-1,-6.5,-4.0
-6.073897536944804,-5.665313946372269,-0.40858359057253524,1.158602783799171,1,-9.822549825337545,test,-1,-6.5,-4.0
-3.6745730753514048,-4.654368442878318,0.9797953675269133,1.9966345614992544,0,9.983172807496272,test,-1,-6.5,-4.0
-3.9725660192990415,-4.125416735657047,0.15285071635800548,1.6652427856154077,1,1.571148847242962,test,-1,-6.5,-4.0
-5.888358083312488,-5.6640896145969,-0.22426846871558787,1.1605978534707346,1,-9.820246224932655,test,-1,-6.5,-4.0
-5.783662609489674,-4.970920008162964,-0.8127426013267102,1.9335331590237008,0,9.667665795118504,test,-1,-6.5,-4.0
-5.620269621589305,-5.585824581057118,-0.03444504053218761,1.2843936356843657,1,-9.642608313094458,test,-1,-6.5,-4.0
-5.328058684150915,-5.346149271531749,0.01809058738083345,1.6116128901051747,0,8.058064450525874,test,-1,-6.5,-4.0
-6.704989188774908,-6.312495017228211,-0.3924941715466969,-0.058611027533333505,0,-0.2930551376666675,test,-1,-6.5,-4.0
-5.9173863180520065,-6.451641594254394,0.5342552762023868,-0.33532137628561204,1,-8.266546398396994,test,-1,-6.5,-4.0
-4.955051513223522,-4.600876331119566,-0.3541751821039561,1.987577809629603,0,9.937889048148016,test,-1,-6.5,-4.0
-5.46998228812413,-5.368102088770006,-0.10188019935412367,1.5852266598645848,1,-8.842645556424122,test,-1,-6.5,-4.0
-4.4380974589116695,-4.942914980867526,0.5048175219558564,1.9470926880562867,0,9.735463440281434,test,-1,-6.5,-4.0
-4.516365884913827,-4.650121205505263,0.1337553205914356,1.9961239768219596,1,-3.587569931029451,test,-1,-6.5,-4.0
-4.780404500162652,-5.453341424545398,0.6729369243827464,1.475652004583627,0,7.378260022918135,test,-1,-6.5,-4.0
-5.7192758515831725,-5.5809559373308755,-0.13831991425229734,1.2918424020547221,0,6.45921201027361,test,-1,-6.5,-4.0
-6.337634375640671,-6.077427973523119,-0.26020640211755186,0.40861715458161074,0,2.0430857729080536,test,-1,-6.5,-4.0
-4.2351409082551825,-4.515318983412982,0.28017807515779913,1.9612889437134984,0,9.806444718567493,test,-1,-6.5,-4.0
-4.289235093347394,-4.417406478538932,0.128171385191537,1.913614459170552,1,-1.3381852792907005,test,-1,-6.5,-4.0
-3.953630036403946,-4.6644675317366175,0.7108374953326713,1.9977039742052134,0,9.988519871026067,test,-1,-6.5,-4.0
-4.0685893603680015,-4.3117635499407925,0.2431741895727911,1.8416345195789519,0,9.208172597894759,test,-1,-6.5,-4.0
-4.896051187057204,-4.879858895060466,-0.016192291996737978,1.9720193154110583,1,-5.618939481796819,test,-1,-6.5,-4.0
-4.490510290669582,-4.7598345630733565,0.26932427240377466,1.9977493389329894,0,9.988746694664947,test,-1,-6.5,-4.0
-5.624620644557077,-6.017454799333506,0.3928341547764285,0.525228411696112,0,2.62614205848056,test,-1,-6.5,-4.0
-5.253722832587611,-4.580919412651729,-0.6728034199358819,1.9827406338547946,0,9.913703169273973,test,-1,-6.5,-4.0
-5.75085020947054,-5.664792764244153,-0.08605744522638784,1.1594522715047029,0,5.797261357523515,test,-1,-6.5,-4.0
-5.6058454109398825,-5.405101984843054,-0.20074342609682802,1.539032501134167,1,-9.00933851150402,test,-1,-6.5,-4.0
-4.982721958813361,-5.702824400603562,0.7201024417902017,1.0966515719304797,0,5.483257859652398,test,-1,-6.5,-4.0
-5.370356530796869,-5.079275827681834,-0.2910807031150347,1.866897179845987,0,9.334485899229936,test,-1,-6.5,-4.0
-4.215139197064937,-4.853269121417279,0.6381299243523427,1.980185590145934,0,9.90092795072967,test,-1,-6.5,-4.0
-5.820100924205857,-5.0611036473619135,-0.7589972768439434,1.8796253492831887,1,-7.017980163608115,test,-1,-6.5,-4.0
-5.737843175141325,-5.704532015032381,-0.03331116010894419,1.0937939387181839,1,-9.88853176090409,test,-1,-6.5,-4.0
-5.3146923720648225,-5.9549915618237,0.6402991897588778,0.6446674146868413,0,3.2233370734342066,test,-1,-6.5,-4.0
-4.544143261504186,-4.38765367281956,-0.1564895886846258,1.8954704236732802,0,9.477352118366401,test,-1,-6.5,-4.0
-5.0530534157623865,-5.744588280530973,0.6915348647685868,1.0258642872580377,1,-9.940225116829142,test,-1,-6.5,-4.0
-6.620832160741191,-5.4044483228066404,-1.2163838379345508,1.5398670650329798,0,7.699335325164899,test,-1,-6.5,-4.0
-6.255157707779227,-6.271463532685875,0.01630582490664816,0.023443012133850454,0,0.11721506066925227,test,-1,-6.5,-4.0
-5.650781738328181,-5.747552075397666,0.09677033706948474,1.02077137322135,0,5.103856866106749,test,-1,-6.5,-4.0
-6.361066090830469,-6.285762984966533,-0.07530310586393486,-0.0051553498648352035,1,-9.082217146803167,test,-1,-6.5,-4.0
-6.545749503574898,-5.640716732599239,-0.9050327709756589,1.1983473058767666,0,5.991736529383833,test,-1,-6.5,-4.0
-4.3270681255238514,-4.72674745557141,0.39967933004755934,1.9997938377323163,1,-4.291596155833552,test,-1,-6.5,-4.0
-5.463266395973601,-4.065079360586852,-1.39818703538675,1.5954181940520007,1,2.163808308544562,test,-1,-6.5,-4.0
-4.367832092619096,-4.936937899821699,0.5691058072026033,1.949789293673,0,9.748946468365,test,-1,-6.5,-4.0
-5.651698225401649,-5.826741149553639,0.17504292415199016,0.8815181711991503,0,4.4075908559957515,test,-1,-6.5,-4.0
-4.26595027765177,-4.8582279845283445,0.592277706876574,1.9787686557379014,1,-5.438706046909387,test,-1,-6.5,-4.0
-5.084834042002115,-4.932505452021723,-0.15232858998039253,1.9517440502997516,1,-6.046450442417052,test,-1,-6.5,-4.0
-5.1024470737138365,-4.435869427319375,-0.6665776463944614,1.9240229133339,0,9.6201145666695,test,-1,-6.5,-4.0
-5.475304415641135,-5.165765045259117,-0.3095393703820185,1.797947003443001,1,-7.723799954940331,test,-1,-6.5,-4.0
-4.500486392448835,-4.222195837998183,-0.27829055445065154,1.764483888692458,0,8.822419443462291,test,-1,-6.5,-4.0
-5.102015381303243,-5.4612408269379,0.35922544563465625,1.4649420246339322,0,7.324710123169661,test,-1,-6.5,-4.0
-5.971528670649804,-5.784888326262026,-0.18664034438777863,0.9558606084895472,1,-9.976140068460664,test,-1,-6.5,-4.0
-4.953286059258643,-5.202480646030852,0.24919458677220943,1.7645794293542019,1,-7.951745246172647,test,-1,-6.5,-4.0
-3.9027749144870345,-4.193874404322825,0.29109948983579065,1.7371125992856995,1,0.8919221972957524,test,-1,-6.5,-4.0
-3.836703065432549,-4.690221843450965,0.8535187780184161,1.9995086381611844,1,-3.958897273536759,test,-1,-6.5,-4.0
-6.4564582330128575,-5.265217497166235,-1.1912407358466222,1.7020853682406638,0,8.51042684120332,test,-1,-6.5,-4.0
-5.496663670837293,-5.256259118129344,-0.24040455270794914,1.7114249717319767,0,8.557124858659883,test,-1,-6.5,-4.0
-4.4627090647905,-4.878194504288249,0.41548543949774897,1.9725714523076365,1,-5.605163710467709,test,-1,-6.5,-4.0
-4.963247536159605,-5.380572099085722,0.417324562926117,1.5698972587339552,1,-8.900189773927934,test,-1,-6.5,-4.0
-5.4551184312411385,-5.1234013226190775,-0.3317171086220608,1.833433647756493,0,9.167168238782464,test,-1,-6.5,-4.0
-4.225543780890333,-4.0720619909225135,-0.1534817899678191,1.6038008767814058,1,2.0955840612003334,test,-1,-6.5,-4.0
-4.219294763687001,-4.168965702653407,-0.050329061033594504,1.7118872576878796,0,8.559436288439398,test,-1,-6.5,-4.0
-4.3131757084522215,-4.398286424028388,0.08511071557616687,1.902148077622898,1,-1.1484713675707798,test,-1,-6.5,-4.0
-6.512962000353611,-6.182379347221501,-0.3305826531321099,0.20127063530176842,0,1.006353176508842,test,-1,-6.5,-4.0
-5.486511774961147,-5.10869723532064,-0.3778145396405071,1.8449846948516537,1,-7.348950583857951,test,-1,-6.5,-4.0
-6.246280434853022,-5.5839319723962895,-0.6623484624567321,1.287292853309378,1,-9.637576488733353,test,-1,-6.5,-4.0
-4.439640319344645,-4.220511289310065,-0.21912903003457976,1.7628952273383587,0,8.814476136691793,test,-1,-6.5,-4.0
-4.874669456946763,-5.715802117241614,0.8411326602948508,1.0748542173770539,1,-9.90468391111235,test,-1,-6.5,-4.0
-4.732209585578592,-4.1730851938518265,-0.5591243917267656,1.7161328437297756,1,1.0987780853948603,test,-1,-6.5,-4.0
-5.316284734306871,-5.904134746900072,0.5878500125932002,0.7400771825458897,1,-9.98742596231036,test,-1,-6.5,-4.0
-4.274979769314709,-5.449023062885871,1.174043293571162,1.4814679374518631,0,7.407339687259316,test,-1,-6.5,-4.0
-3.965934877974197,-4.100093381648795,0.13415850367459825,1.6366615710089691,0,8.183307855044845,test,-1,-6.5,-4.0
-3.58348743966288,-5.0112832738423645,1.427795834179484,1.911325327388025,1,-6.65451083025939,test,-1,-6.5,-4.0
-4.23939866630256,-4.1696284458269455,-0.06977022047561474,1.7125722497795905,0,8.562861248897953,test,-1,-6.5,-4.0
-4.1376367522675785,-5.1528742702873105,1.0152375180197322,1.8090897051384023,0,9.045448525692011,test,-1,-6.5,-4.0
-5.941543800180064,-5.929907834514357,-0.011635965665706417,0.6919494573190281,1,-9.971189904688945,test,-1,-6.5,-4.0
-5.426887019434357,-4.717592699417413,-0.709294320016944,1.9999729213693331,0,9.999864606846666,test,-1,-6.5,-4.0
-4.9694637394913475,-5.196066271510492,0.22660253201914482,1.7705816659353792,0,8.852908329676897,test,-1,-6.5,-4.0
-4.086104348472413,-5.236317078451073,1.1502127299786598,1.7317213911834441,0,8.658606955917222,test,-1,-6.5,-4.0
-6.491506657480777,-6.158788716861141,-0.33271794061963583,0.2481520180918018,0,1.240760090459009,test,-1,-6.5,-4.0
-5.82877630439899,-6.137701345238724,0.308925040839734,0.28994259193817246,0,1.4497129596908622,test,-1,-6.5,-4.0
-4.751558928181394,-4.175987214124389,-0.5755717140570057,1.7191062126998333,1,1.0699290107045707,test,-1,-6.5,-4.0
-4.617866957295408,-4.109854339879282,-0.5080126174161252,1.647803599230527,1,1.7246435505910074,test,-1,-6.5,-4.0
-3.789169448414908,-4.085172758251709,0.2960033098368005,1.6193288469232376,0,8.096644234616189,test,-1,-6.5,-4.0
-5.692499042860173,-5.605526896760456,-0.08697214609971665,1.253941091314668,0,6.26970545657334,test,-1,-6.5,-4.0
-6.0221504020984495,-6.385324487022967,0.3631740849245167,-0.20392335890925034,0,-1.0196167945462518,test,-1,-6.5,-4.0
-4.326997569786526,-5.115181817946035,0.7881842481595093,1.8399396422691747,0,9.199698211345874,test,-1,-6.5,-4.0
-5.3408033897811995,-4.659226320544822,-0.6815770692363772,1.9971743971854665,0,9.985871985927332,test,-1,-6.5,-4.0
-5.265836778628536,-4.8798838170685075,-0.3859529615600282,1.9720110063894865,0,9.860055031947432,test,-1,-6.5,-4.0
-6.313940815858793,-6.367667877213157,0.05372706135436497,-0.16876421916921056,1,-8.709390420563135,test,-1,-6.5,-4.0
-4.50056706582526,-5.917792918426779,1.4172258526015185,0.7146316132911328,1,-9.979647507364685,test,-1,-6.5,-4.0
-4.901124804475185,-4.735289353436722,-0.16583545103846256,1.9994755958323245,1,-4.3685915227062395,test,-1,-6.5,-4.0
-6.621857129941691,-6.362287919735535,-0.2595692102061555,-0.1580402891519386,1,-8.73570088197821,test,-1,-6.5,-4.0
-4.090387691143219,-4.383757557131603,0.2933698659883841,1.8929698703479967,1,-1.0040279135536412,test,-1,-6.5,-4.0
-2.730767559278539,-4.02729709605161,1.2965295367730707,1.5487218221703882,0,7.743609110851941,test,-1,-6.5,-4.0
-6.195496998367584,-5.880500893791995,-0.3149961045755885,0.783778889428268,0,3.91889444714134,test,-1,-6.5,-4.0
-6.512899433307747,-6.364711738811965,-0.14818769449578145,-0.16287229986734703,0,-0.8143614993367352,test,-1,-6.5,-4.0
-3.9892876434385105,-4.050766729202486,0.06147908576397566,1.577993125770137,1,2.3033174256021245,test,-1,-6.5,-4.0
-4.090866230432598,-4.581959288464565,0.4910930580319668,1.9830121988685199,1,-2.9434872443853486,test,-1,-6.5,-4.0
-4.017236115153954,-5.3645054996822426,1.347269384528288,1.5896022554194524,1,-8.825792822912117,test,-1,-6.5,-4.0
-6.012220673139602,-5.304358399417908,-0.7078622737216942,1.659686720746315,0,8.298433603731576,test,-1,-6.5,-4.0
-5.167404230324294,-4.21124248975335,-0.9561617405709444,1.7540646567145364,1,0.7188077358419047,test,-1,-6.5,-4.0
-5.474066003850065,-5.610424800343495,0.1363587964934298,1.2462947265534403,0,6.231473632767202,test,-1,-6.5,-4.0
-6.002727292183495,-6.367050428052511,0.36432313586901494,-0.1675336930582301,0,-0.8376684652911505,test,-1,-6.5,-4.0
-6.258569706146583,-4.965074176941591,-1.2934955292049917,1.9364892023726552,0,9.682446011863275,test,-1,-6.5,-4.0
-6.040647548828152,-5.718638101796991,-0.32200944703116113,1.0700666719315801,0,5.350333359657901,test,-1,-6.5,-4.0
-4.172938078359416,-4.7961023925044275,0.6231643141450116,1.9929961562718799,1,-4.907210364248301,test,-1,-6.5,-4.0
-4.397478395073992,-4.130124925619615,-0.2673534694543768,1.6704395018805989,1,1.524634447105771,test,-1,-6.5,-4.0
-5.258879385419923,-5.598550304008094,0.33967091858817117,1.2647806177666803,0,6.323903088833402,test,-1,-6.5,-4.0
-5.7275532964618545,-5.882504618199061,0.15495132173720597,0.7800904162263802,1,-9.995932472630852,test,-1,-6.5,-4.0
-5.925687598754959,-6.367620329728882,0.44193273097392294,-0.1686694631690126,1,-8.709624054810503,test,-1,-6.5,-4.0
-4.108279555244603,-4.420850151173804,0.3125705959292007,1.9156054189823226,0,9.578027094911613,test,-1,-6.5,-4.0
-6.094128431657792,-6.30405048071085,0.2099220490530578,-0.04172731920598535,1,-9.004171542612427,test,-1,-6.5,-4.0
-3.317852726542883,-4.119561299264394,0.801708572721511,1.6587282952573585,0,8.293641476286792,test,-1,-6.5,-4.0
-5.016058945766491,-4.734630930430666,-0.28142801533582534,1.9995053160521814,1,-4.36266786424179,test,-1,-6.5,-4.0
-4.0908297363364685,-4.221167883077292,0.13033814674082292,1.7635150418686885,1,0.6197767691489835,test,-1,-6.5,-4.0
-3.7294451859302735,-4.463897822712374,0.7344526367821004,1.9385692244389188,0,9.692846122194593,test,-1,-6.5,-4.0
-6.301257388566017,-6.023195967867785,-0.2780614206982317,0.5141404989906225,1,-9.857173835468538,test,-1,-6.5,-4.0
-6.223886916895857,-6.060241295685106,-0.16364562121075119,0.44220345303859676,0,2.211017265192984,test,-1,-6.5,-4.0
-4.488583295408628,-4.096530570607315,-0.3920527248013135,1.63255575839631,0,8.16277879198155,test,-1,-6.5,-4.0
-6.275509446650182,-5.772405060491679,-0.5031043861585026,0.977716108455671,0,4.888580542278355,test,-1,-6.5,-4.0
-3.249079808260552,-4.5234661850674796,1.274386376806928,1.9644142100398885,1,-2.379754444058902,test,-1,-6.5,-4.0
-5.72927642160637,-6.073024630429588,0.3437482088232178,0.41723408796658595,0,2.0861704398329297,test,-1,-6.5,-4.0
-4.564311166548845,-5.752274424270037,1.1879632577211918,1.0126380951770106,0,5.063190475885053,test,-1,-6.5,-4.0
-4.314421730741006,-4.816274640699511,0.5018529099585051,1.9892174721097577,1,-5.081964233705723,test,-1,-6.5,-4.0
-5.769789775342999,-5.878950794392136,0.10916101904913703,0.7866301677314486,1,-9.996882867095609,test,-1,-6.5,-4.0
-4.725938367994832,-4.620332077092864,-0.10560629090196834,1.9915315095910078,1,-3.307958423691653,test,-1,-6.5,-4.0
-4.079966734756451,-4.301859842369003,0.2218931076125519,1.8338195501732693,1,-0.18673449787510896,test,-1,-6.5,-4.0
-5.662054515762319,-5.699068875777046,0.037014360014726175,1.102925050116906,1,-9.880249954124217,test,-1,-6.5,-4.0
-5.142835637263343,-5.7532303090852706,0.6103946718219275,1.0109890254611067,0,5.054945127305533,test,-1,-6.5,-4.0
-6.890184582864783,-6.4306683481041125,-0.4595162347606703,-0.2938979308237371,1,-8.382738152772959,test,-1,-6.5,-4.0
-5.278718672552204,-5.4433500633841225,0.16463139083191922,1.48906628244596,0,7.4453314122298,test,-1,-6.5,-4.0
-5.995369079930671,-6.336383543224513,0.3410144632938415,-0.10634629459354372,0,-0.5317314729677186,test,-1,-6.5,-4.0
-5.138198577809678,-5.063360140498476,-0.07483843731120206,1.8780785224808874,0,9.390392612404437,test,-1,-6.5,-4.0
-4.85599147647442,-4.780159382821406,-0.07583209365301406,1.9954089301231352,1,-4.767678493454984,test,-1,-6.5,-4.0
-4.686029663536231,-5.079235422680231,0.39320575914399974,1.866926165775846,1,-7.145985910837108,test,-1,-6.5,-4.0
-4.591560502323333,-4.990683631518095,0.39912312919476295,1.9230506467938593,0,9.615253233969296,test,-1,-6.5,-4.0
-4.999508674051223,-5.00087473938454,0.0013660653333166157,1.9173515546794326,0,9.586757773397164,test,-1,-6.5,-4.0
-4.188497247328626,-4.243381427452438,0.054884180123811875,1.784034629423819,0,8.920173147119094,test,-1,-6.5,-4.0
-5.443255267908931,-5.172426485215151,-0.2708287826937802,1.7920716933936889,0,8.960358466968444,test,-1,-6.5,-4.0
-3.950755537029739,-4.346518281466639,0.3957627444369001,1.8676252235041952,1,-0.6329064399133446,test,-1,-6.5,-4.0
-5.630357986458993,-5.620071015240015,-0.010286971218977533,1.2311482823690592,1,-9.7276741900231,test,-1,-6.5,-4.0
-7.026665658510881,-6.148435286866299,-0.878230371644582,0.26868520320065414,0,1.3434260160032707,test,-1,-6.5,-4.0
-6.071859102952432,-5.945307272411094,-0.12655183054133756,0.6629717004360862,0,3.314858502180431,test,-1,-6.5,-4.0
-4.089909225588618,-4.516794844380413,0.4268856187917948,1.9618647454555558,0,9.809323727277778,test,-1,-6.5,-4.0
-5.699642885894217,-5.925790690418284,0.22614780452406746,0.6996693410284622,1,-9.974228374288609,test,-1,-6.5,-4.0
-5.044636082815268,-4.568655631454136,-0.47598045136113265,1.9793762670602055,0,9.896881335301028,test,-1,-6.5,-4.0
-3.7480941436400466,-4.2429079186481164,0.49481377500807,1.7836063763179002,1,0.40266499294833535,test,-1,-6.5,-4.0
-4.723296914139149,-5.1390320218036285,0.41573510766447985,1.8207200868470608,1,-7.551262753913504,test,-1,-6.5,-4.0
-5.725412686035556,-6.141943347590614,0.41653066155505886,0.28154562991931087,0,1.4077281495965543,test,-1,-6.5,-4.0
-3.97676674507073,-4.941258491356788,0.9644917462860578,1.9478469977280684,0,9.73923498864034,test,-1,-6.5,-4.0
-5.701352577219305,-5.551257029033661,-0.15009554818564366,1.336610595664701,0,6.683052978323505,test,-1,-6.5,-4.0
-3.8202712486807413,-4.228880142848651,0.40860889416790985,1.7707383153814522,0,8.853691576907261,test,-1,-6.5,-4.0
-6.04856176126398,-5.940903798870518,-0.10765796239346272,0.6712742498622525,1,-9.962246465683315,test,-1,-6.5,-4.0
-5.278217495586488,-5.91427872015519,0.6360612245687022,0.7211915943718021,1,-9.981826814071127,test,-1,-6.5,-4.0
-4.555242099457892,-5.29409726104408,0.7388551615861881,1.6710505023730318,1,-8.473165248530163,test,-1,-6.5,-4.0
-4.931051123994826,-5.266114094122345,0.33506297012751934,1.701143084351898,0,8.50571542175949,test,-1,-6.5,-4.0
-5.543448152348453,-6.0305857142030685,0.48713756185461576,0.49984379676163027,1,-9.84445988717003,test,-1,-6.5,-4.0
-6.010533236833991,-5.564161079075361,-0.44637215775863004,1.317301534552215,1,-9.582951728103149,test,-1,-6.5,-4.0
-4.417735575860228,-4.8295724443307195,0.4118368684704912,1.9862837424900648,1,-5.1960377020124024,test,-1,-6.5,-4.0
-5.999516636676184,-5.323699876961994,-0.6758167597141892,1.6377926876119373,1,-8.626645987048759,test,-1,-6.5,-4.0
-5.019302917711744,-6.350700680676387,1.3313977629646432,-0.1349281846855628,1,-8.791508084380455,test,-1,-6.5,-4.0
-4.736748184145122,-5.461731210967872,0.72498302682275,1.4642741433693633,0,7.3213707168468165,test,-1,-6.5,-4.0
-6.345875482253196,-5.4604761103077895,-0.8853993719454062,1.4659828316305263,0,7.329914158152632,test,-1,-6.5,-4.0
-6.946809648158535,-5.380988057179067,-1.5658215909794677,1.5693817002347497,0,7.846908501173749,test,-1,-6.5,-4.0
-5.634028630352361,-6.440400489977852,0.8063718596254908,-0.313136689749104,1,-8.329277555466575,test,-1,-6.5,-4.0
-6.30318748452399,-5.815019020480627,-0.48816846404336234,0.902501288501135,1,-9.992410533942897,test,-1,-6.5,-4.0
-3.775555004578236,-4.123971836043763,0.3484168314655273,1.6636405539871133,0,8.318202769935567,test,-1,-6.5,-4.0
-5.050068599844295,-4.292483079273009,-0.7575855205712851,1.8262546121501324,1,-0.09297638130824626,test,-1,-6.5,-4.0
-4.086745702021907,-4.148227519074034,0.06148181705212733,1.6900745406246822,0,8.450372703123412,test,-1,-6.5,-4.0
-4.972532771193561,-4.602774740943157,-0.36975803025040394,1.9879967442767639,0,9.93998372138382,test,-1,-6.5,-4.0
-5.040316063435192,-5.415019843531708,0.3747037800965158,1.5262893875282766,0,7.631446937641383,test,-1,-6.5,-4.0
-4.341635492720262,-4.156239539068088,-0.18539595365217346,1.6985883771035162,0,8.492941885517581,test,-1,-6.5,-4.0
-4.843229889311337,-5.748347314253867,0.9051174249425304,1.0194033262697255,1,-9.944258814261488,test,-1,-6.5,-4.0
-5.458110353436365,-5.016960351027193,-0.44115000240917207,1.9079511588253315,0,9.539755794126657,test,-1,-6.5,-4.0
-4.2515020000013966,-5.031414440506969,0.7799124405055725,1.89908304986751,1,-6.803419684692918,test,-1,-6.5,-4.0
-5.396244404585454,-5.39811504096013,0.0018706363746756407,1.5479189681571894,1,-8.978798559654495,test,-1,-6.5,-4.0
-5.550630144682323,-5.874079464421639,0.3234493197393164,0.7955782370412946,1,-9.997980454036346,test,-1,-6.5,-4.0
-6.618439809664515,-5.673794727834511,-0.9446450818300047,1.1447356866398508,0,5.723678433199254,test,-1,-6.5,-4.0
-5.933990097872121,-4.892701820408302,-1.041288277463819,1.9675752740584345,1,-5.7247110418559055,test,-1,-6.5,-4.0
-5.150624174652033,-5.789946032548112,0.6393218578960793,0.9469630650103658,1,-9.979504213866408,test,-1,-6.5,-4.0
-6.36214270840486,-5.634510715111299,-0.7276319932935609,1.2082614773935778,0,6.041307386967889,test,-1,-6.5,-4.0
-5.81059205145381,-5.614743419047174,-0.1958486324066362,1.2395279038068694,1,-9.715187713053554,test,-1,-6.5,-4.0
-5.87267521702168,-5.687985324021996,-0.184689892999684,1.1213487180822097,1,-9.862542195654138,test,-1,-6.5,-4.0
-4.962241414192041,-4.4286745668983025,-0.5335668472937385,1.9200446235068878,0,9.600223117534439,test,-1,-6.5,-4.0
-5.007757900490947,-5.135536662334009,0.12777876184306178,1.8236018376401095,1,-7.528301816169121,test,-1,-6.5,-4.0
-7.293508581667524,-6.4540752639253185,-0.8394333177422054,-0.34011881952972295,0,-1.7005940976486147,test,-1,-6.5,-4.0
-5.353189196108156,-4.646053423617991,-0.7071357724901656,1.9956012073029303,0,9.978006036514651,test,-1,-6.5,-4.0
-4.685805468286953,-5.244575542410817,0.5587700741238631,1.7233992576523935,0,8.616996288261968,test,-1,-6.5,-4.0
-5.0298017662103645,-4.552766920996084,-0.47703484521428074,1.9745748513745542,0,9.872874256872771,test,-1,-6.5,-4.0
-4.814065254926034,-5.263590911282352,0.449525656356317,1.7037913449719329,1,-8.307232328015697,test,-1,-6.5,-4.0
-5.32122731510641,-5.722905617534686,0.401678302428277,1.0628462912451366,1,-9.914218312523209,test,-1,-6.5,-4.0
-3.48822337987416,-4.401778973495293,0.9135555936211324,1.9042946096833924,1,-1.1831586914064307,test,-1,-6.5,-4.0
-5.790450794802618,-6.066637443313362,0.27618664851074376,0.4297187971560749,1,-9.774738364441118,test,-1,-6.5,-4.0
-6.8998131597936645,-5.804308575576581,-1.0955045842170839,0.9215651021304446,1,-9.987665472857358,test,-1,-6.5,-4.0
-5.67633526078187,-5.28963029360572,-0.3867049671761501,1.6759425830013852,0,8.379712915006927,test,-1,-6.5,-4.0
-4.594611511544877,-4.350322035081524,-0.24428947646335314,1.8703333868531622,0,9.351666934265811,test,-1,-6.5,-4.0
-5.473048055838824,-6.211969945365096,0.738921889526273,0.1423103615526837,1,-9.366035955268062,test,-1,-6.5,-4.0
-5.444218192457265,-5.65327882405995,0.20906063160268584,1.1781383823087976,1,-9.799267090294368,test,-1,-6.5,-4.0
-5.460383829442419,-5.169399552233133,-0.2909842772092853,1.7947512853061234,1,-7.7468338505917185,test,-1,-6.5,-4.0
-4.541662554854119,-4.804126102730277,0.2624635478761577,1.9915902007283535,1,-4.976963582529815,test,-1,-6.5,-4.0
-6.450295891519984,-6.237014826902162,-0.21328106461782195,0.09230815664329645,0,0.46154078321648223,test,-1,-6.5,-4.0
-4.282029906226207,-4.611790918190137,0.32976101196393104,1.9898885614871953,1,-3.2272356277324965,test,-1,-6.5,-4.0
-5.015474215328964,-5.107697261137628,0.092223045808664,1.8457557830947828,0,9.228778915473914,test,-1,-6.5,-4.0
-4.541760843047002,-5.207139001852103,0.665378158805101,1.7601748601115697,0,8.800874300557847,test,-1,-6.5,-4.0
-5.346564414950746,-5.547823845819547,0.20125943086880124,1.341710509955113,1,-9.534986374609687,test,-1,-6.5,-4.0
-5.115952915988074,-5.713382199674112,0.597429283686038,1.078932548584065,0,5.3946627429203255,test,-1,-6.5,-4.0
-4.2801753403843765,-4.273738448027789,-0.006436892356587963,1.8106512615336119,0,9.05325630766806,test,-1,-6.5,-4.0
-3.5882800902479657,-4.015558826527895,0.4272787362799299,1.5337608245618337,0,7.668804122809169,test,-1,-6.5,-4.0
-6.152924222939491,-6.0619628381124,-0.09096138482709083,0.4388449283275661,0,2.1942246416378306,test,-1,-6.5,-4.0
-5.585017346308148,-5.97124705465969,0.3862297083515421,0.6138078504076953,0,3.0690392520384764,test,-1,-6.5,-4.0
-4.697978911775976,-4.832414764571734,0.13443585279575854,1.9856110976838015,0,9.928055488419007,test,-1,-6.5,-4.0
-4.662956639481266,-4.588592753883281,-0.07436388559798442,1.984694056901821,0,9.923470284509104,test,-1,-6.5,-4.0
-4.694272683494665,-4.442585485178045,-0.2516871983166205,1.9276465835276237,0,9.638232917638119,test,-1,-6.5,-4.0
-5.90811862309423,-5.7438861544396875,-0.16423246865454302,1.0270694853092057,1,-9.939456118449964,test,-1,-6.5,-4.0
-5.693106112522238,-5.977249235905372,0.2841431233831345,0.6023718244966295,0,3.0118591224831475,test,-1,-6.5,-4.0
-7.693647757963741,-6.318576889593956,-1.3750708683697848,-0.07076838901222583,0,-0.35384194506112915,test,-1,-6.5,-4.0
-4.814738729459136,-5.559169332676356,0.7444306032172199,1.3247971584152745,0,6.623985792076372,test,-1,-6.5,-4.0
-6.514239864199103,-5.093788160534586,-1.4204517036645172,1.856289484324519,1,-7.247027091739114,test,-1,-6.5,-4.0
-4.432419681633196,-4.318621627423042,-0.11379805421015506,1.8469403914164522,1,-0.35428904284198526,test,-1,-6.5,-4.0
-6.615101055333269,-6.417388957376312,-0.1977120979569565,-0.2676023286676304,0,-1.338011643338152,test,-1,-6.5,-4.0
-5.832213344570422,-6.27586171500022,0.44364837042979793,0.01464705342545636,0,0.0732352671272818,test,-1,-6.5,-4.0
-4.725673851548826,-4.867137187839712,0.14146333629088667,1.9761007424244244,1,-5.513252494186801,test,-1,-6.5,-4.0
-4.8476098219091375,-4.821697352932216,-0.025912468976921444,1.9880635718169548,0,9.940317859084773,test,-1,-6.5,-4.0
-6.139329010060009,-6.189671270074904,0.05034226001489588,0.18675560384665008,1,-9.441833539825698,test,-1,-6.5,-4.0
-5.691337300676067,-6.2590857410181915,0.5677484403421248,0.04819446686991418,0,0.2409723343495709,test,-1,-6.5,-4.0
-5.025425755181744,-6.430059217498968,1.4046334623172243,-0.2926928405160596,0,-1.463464202580298,test,-1,-6.5,-4.0
-4.651925143018626,-4.878164813788202,0.22623967076957618,1.9725812520858779,0,9.862906260429389,test,-1,-6.5,-4.0
-7.035959872440053,-5.800358046265602,-1.2356018261744504,0.9285701853680811,1,-9.985625999058396,test,-1,-6.5,-4.0
-6.149042449591392,-5.897517620319099,-0.2515248292722931,0.7523557282482647,1,-9.990524586234327,test,-1,-6.5,-4.0
-4.586787453504413,-4.838627518051535,0.2518400645471221,1.9840849838240413,1,-5.273190838838129,test,-1,-6.5,-4.0
-4.208689422145709,-6.197498833085281,1.988809410939572,0.17116331688839698,1,-9.415758961861023,test,-1,-6.5,-4.0
-5.618220731519305,-5.15896686140437,-0.459253870114934,1.8038606614807555,0,9.019303307403778,test,-1,-6.5,-4.0
-6.495935173496852,-6.272687895838271,-0.22324727765858107,0.020994437095085573,0,0.10497218547542786,test,-1,-6.5,-4.0
-6.000097428111562,-6.335626478061333,0.3355290499497711,-0.10483427596433008,0,-0.5241713798216504,test,-1,-6.5,-4.0
-4.634699263398015,-4.828667067515401,0.1939678041173857,1.9864946334600024,1,-5.188299967387423,test,-1,-6.5,-4.0
-5.315281527292343,-4.520963803075987,-0.7943177242163558,1.9634681610151583,1,-2.355442103643087,test,-1,-6.5,-4.0
-4.775665526163469,-5.343930579871168,0.5682650537076989,1.6142366465307605,0,8.071183232653802,test,-1,-6.5,-4.0
-6.2842765870780966,-5.494634854401857,-0.7896417326762393,1.4186645389204688,0,7.093322694602344,test,-1,-6.5,-4.0
-4.906063332678558,-4.746128003678166,-0.15993532900039195,1.9988617862844615,0,9.994308931422308,test,-1,-6.5,-4.0
-5.515039832950556,-6.309896555183198,0.7948567222326418,-0.05341614349088308,1,-8.978585788848122,test,-1,-6.5,-4.0
-6.595575198457569,-5.804292812042865,-0.7912823864147033,0.9215930827001921,0,4.607965413500961,test,-1,-6.5,-4.0
-4.44346512035205,-4.2368314781541025,-0.20663364219794775,1.77807523246394,0,8.8903761623197,test,-1,-6.5,-4.0
-3.1255421663147294,-4.127610482733293,1.0020683164185638,1.6676687577875835,0,8.338343788937918,test,-1,-6.5,-4.0
-6.560364141810029,-6.404009769378445,-0.1563543724315842,-0.2410613994013774,1,-8.525098157057469,test,-1,-6.5,-4.0
-7.121537735705872,-6.4923396936943085,-0.6291980420115639,-0.4152655785665289,0,-2.0763278928326443,test,-1,-6.5,-4.0
-4.929584665008475,-4.5802896943113,-0.34929497069717547,1.982575139715212,1,-2.927526869909305,test,-1,-6.5,-4.0
-4.8684250123369,-5.370304309505572,0.501879297168673,1.5825373216481866,1,-8.85290817461884,test,-1,-6.5,-4.0
-5.5353953170770405,-4.593923859584057,-0.9414714574929839,1.9859824202053051,1,-3.057619014288135,test,-1,-6.5,-4.0
-5.272630545836786,-4.892542351018663,-0.38008819481812284,1.967632446675592,0,9.83816223337796,test,-1,-6.5,-4.0
-6.255450033849209,-5.380084024432632,-0.8753660094165769,1.5705018556177,0,7.852509278088499,test,-1,-6.5,-4.0
-5.420133701195727,-4.725047586167746,-0.6950861150279805,1.999839761839364,1,-4.276236255075197,test,-1,-6.5,-4.0
-4.216322202554338,-4.9886819018136,0.7723596992592623,1.924146608910781,0,9.620733044553905,test,-1,-6.5,-4.0
-6.511382964608693,-6.460709854814527,-0.05067310979416565,-0.35318713836565263,0,-1.7659356918282632,test,-1,-6.5,-4.0
-5.598605008160064,-5.334698707258389,-0.2639063009016748,1.6250685087538859,1,-8.681752560055276,test,-1,-6.5,-4.0
-4.039860937117423,-4.294988376330271,0.25512743921284803,1.8282915703642446,1,-0.11802795100196918,test,-1,-6.5,-4.0
-4.978754521510036,-4.549288889509027,-0.429465632001009,1.9734572786933362,0,9.867286393466681,test,-1,-6.5,-4.0
-5.58621352770052,-4.862679698465275,-0.723533829235245,1.9774551835712637,1,-5.476009439564344,test,-1,-6.5,-4.0
-4.257851760903835,-4.94605319145068,0.6882014305468455,1.9456490053588358,1,-6.153799337949439,test,-1,-6.5,-4.0
-3.931633849957258,-4.458469102799545,0.5268352528422868,1.9358703741727783,0,9.679351870863892,test,-1,-6.5,-4.0
-6.2806886064206715,-5.771643851134051,-0.5090447552866202,0.9790439273440835,0,4.895219636720418,test,-1,-6.5,-4.0
-5.092116369503457,-5.51473714547608,0.42262077597262365,1.3900406391738906,0,6.950203195869453,test,-1,-6.5,-4.0
-4.047258415177647,-4.923359335607088,0.8761009204294413,1.9556563483035014,1,-5.973350197818393,test,-1,-6.5,-4.0
-4.153039967925173,-4.447610544702105,0.29457057677693205,1.9303010138810441,0,9.651505069405221,test,-1,-6.5,-4.0
-5.396431646661831,-5.696528306980401,0.3000966603185695,1.1071601694351763,1,-9.876298129622327,test,-1,-6.5,-4.0
-6.8254430852313135,-6.078804716210196,-0.7466383690211179,0.40592136335434503,0,2.029606816771725,test,-1,-6.5,-4.0
-5.900295519186889,-5.819359301705699,-0.08093621748118988,0.8947463020781204,1,-9.994007069224017,test,-1,-6.5,-4.0
-6.527776997697086,-5.4025591158196535,-1.1252178818774325,1.5422754126099842,1,-8.998274451390863,test,-1,-6.5,-4.0
-5.584817006615808,-6.25384255533401,0.6690255487182016,0.058677082712407076,1,-9.211151448683532,test,-1,-6.5,-4.0
-5.034005379804976,-4.929161224602958,-0.10484415520201862,1.9531935127819198,0,9.765967563909598,test,-1,-6.5,-4.0
-3.4633085881855354,-4.258799931430893,0.7954913432453579,1.7977603873261594,0,8.988801936630797,test,-1,-6.5,-4.0
-6.111390176746804,-5.644505469510366,-0.4668847072364379,1.1922720493203367,1,-9.781399792348678,test,-1,-6.5,-4.0
-3.583131977727321,-4.109052645910201,0.5259206681828797,1.6468943776019715,1,1.732539807457014,test,-1,-6.5,-4.0
-6.407146161390387,-5.450929732172093,-0.9562164292182939,1.4789034511217842,1,-9.198682398811291,test,-1,-6.5,-4.0
-5.406126814812856,-5.160640515363265,-0.245486299449591,1.8024124951911003,0,9.012062475955501,test,-1,-6.5,-4.0
-3.7302352130440295,-4.058172789901871,0.32793757685784136,1.5870502985155357,1,2.231185638828204,test,-1,-6.5,-4.0
-4.511495251603938,-4.724916266659701,0.21342101505576305,1.999843069150901,1,-4.275049146483754,test,-1,-6.5,-4.0
-5.272987661129779,-5.23622681170072,-0.036760849429058974,1.7318117023621182,0,8.659058511810592,test,-1,-6.5,-4.0
-5.60830434285568,-4.613604958441341,-0.9946993844143394,1.9902496497685473,0,9.951248248842736,test,-1,-6.5,-4.0
-4.519805185966268,-5.316731681079627,0.7969264951133597,1.6457515336901145,0,8.228757668450573,test,-1,-6.5,-4.0
-4.29877398596818,-4.696065046331362,0.3972910603631822,1.999733535094195,1,-4.012487402624218,test,-1,-6.5,-4.0
-5.257296028133687,-5.944127305581736,0.6868312774480492,0.665197741843802,0,3.32598870921901,test,-1,-6.5,-4.0
-5.628786054583416,-6.307761126417047,0.6789750718336309,-0.049146690931182714,0,-0.24573345465591356,test,-1,-6.5,-4.0
-5.2303754246898135,-5.002106934918177,-0.22826848977163652,1.916648977852756,0,9.58324488926378,test,-1,-6.5,-4.0
-4.955159251415331,-5.1907899015414145,0.2356306501260834,1.775464419456246,1,-7.880313059946036,test,-1,-6.5,-4.0
-3.750572517567509,-5.348284661197458,1.5977121436299495,1.609080151788664,0,8.04540075894332,test,-1,-6.5,-4.0
-6.713603818841155,-6.20630642736031,-0.5072973914808443,0.15360634371750553,0,0.7680317185875276,test,-1,-6.5,-4.0
-3.918596080476817,-4.163640092355494,0.2450440118786767,1.7063555898356129,1,1.192606802743734,test,-1,-6.5,-4.0
-6.56066921501143,-6.220653891888755,-0.3400153231226746,0.12498134352873169,0,0.6249067176436585,test,-1,-6.5,-4.0
-3.0242863305405816,-4.081337611661018,1.0570512811204367,1.6148153069338103,1,2.0047985526212333,test,-1,-6.5,-4.0
-5.600768047990703,-5.704702231608509,0.10393418361780637,1.0935089122663384,0,5.467544561331692,test,-1,-6.5,-4.0
-6.425934977208669,-5.795425106679652,-0.6305098705290182,0.9372969212670998,0,4.686484606335499,test,-1,-6.5,-4.0
-4.517462142386344,-4.15002694585692,-0.36743519652942364,1.6919961370703356,1,1.3276520158152851,test,-1,-6.5,-4.0
-4.952447637090094,-4.098515827133604,-0.8539318099564895,1.634846144071242,0,8.17423072035621,test,-1,-6.5,-4.0
-6.130702945504017,-4.748346490563741,-1.3823564549402756,1.9987071967640868,0,9.993535983820435,test,-1,-6.5,-4.0
-5.757070743882844,-4.111912397664068,-1.6451583462187758,1.6501328446880579,0,8.250664223440289,test,-1,-6.5,-4.0
-6.50532776326097,-6.06255481974707,-0.4427729435139006,0.43768974148525036,1,-9.783273526372428,test,-1,-6.5,-4.0
-5.045791190361333,-4.358395848410466,-0.6873953419508672,1.8759919821998814,1,-0.7513965497164861,test,-1,-6.5,-4.0
-4.865953137073894,-4.954503133131857,0.08854999605796347,1.941666529600209,1,-6.220183880485198,test,-1,-6.5,-4.0
-6.264575608804064,-5.761101877883518,-0.5034737309205464,0.997374196080976,0,4.98687098040488,test,-1,-6.5,-4.0
-4.874702041396533,-5.008918472777345,0.13421643138081127,1.9127126779190082,0,9.563563389595041,test,-1,-6.5,-4.0
-5.153920002723232,-6.2267713943119505,1.072851391588719,0.11276798894249022,0,0.5638399447124511,test,-1,-6.5,-4.0
-5.236219999335476,-4.520025497980972,-0.7161945013545031,1.9631102561942604,1,-2.3463220220928127,test,-1,-6.5,-4.0
-5.6330014592882955,-4.895306689357705,-0.7376947699305905,1.9666342991922285,1,-5.746049564672565,test,-1,-6.5,-4.0
-5.637692049982284,-6.232398084329419,0.5947060343471356,0.10153078545904821,0,0.5076539272952411,test,-1,-6.5,-4.0
-4.529055627610749,-5.950853039703029,1.4217974120922805,0.6524971377456146,1,-9.953116334266984,test,-1,-6.5,-4.0
-6.303288300402951,-5.770646635542327,-0.5326416648606235,0.9807825662330827,1,-9.965296481014867,test,-1,-6.5,-4.0
-6.343857828992396,-5.315711370048262,-1.0281464589441347,1.6469102018158546,0,8.234551009079272,test,-1,-6.5,-4.0
-6.1023807201143345,-5.923434621462889,-0.1789460986514457,0.7040817797668095,0,3.520408898834048,test,-1,-6.5,-4.0
-6.004530357133728,-5.756100702992228,-0.24842965414150026,1.0060315445011982,0,5.030157722505991,test,-1,-6.5,-4.0
-4.691988863293201,-5.121292983173786,0.429304119880586,1.8351142932272173,1,-7.43378731554145,test,-1,-6.5,-4.0
-6.78014134485219,-6.132535927885131,-0.647605416967059,0.3001603767697973,0,1.5008018838489865,test,-1,-6.5,-4.0
-4.7789218502740445,-4.616701643892109,-0.16222020638193485,1.9908509176323956,0,9.954254588161978,test,-1,-6.5,-4.0
-5.565205071515151,-5.373579101624731,-0.19162596989042005,1.5785239776270816,0,7.892619888135409,test,-1,-6.5,-4.0
-6.443558857165505,-5.482246060755045,-0.9613127964104596,1.4360203073381255,0,7.180101536690628,test,-1,-6.5,-4.0
-6.023646862549537,-5.066300539639161,-0.9573463229103762,1.8760485296891076,1,-7.054906640021521,test,-1,-6.5,-4.0
-5.837360304879083,-6.10578907977407,0.26842877489498634,0.35293452839782224,1,-9.68463670056822,test,-1,-6.5,-4.0
-3.9417802680049725,-4.271184588541516,0.3294043205365434,1.8084760182569954,1,0.12000430588399814,test,-1,-6.5,-4.0
-6.6988445410207245,-6.212101634486889,-0.4867429065338353,0.14204764967186612,0,0.7102382483593306,test,-1,-6.5,-4.0
-4.183683587791581,-5.132203507602666,0.9485199198110847,1.8263291061446068,1,-7.50632071980003,test,-1,-6.5,-4.0
-3.5217860124724654,-4.087636969313284,0.5658509568408184,1.6222163844261186,1,1.9430445139100723,test,-1,-6.5,-4.0
-5.872583213661944,-6.152021885333092,0.2794386716711482,0.2615753187911765,0,1.3078765939558825,test,-1,-6.5,-4.0
-4.384577027188525,-4.7529742219761335,0.3683971947876078,1.9983530642477265,1,-4.526980784173412,test,-1,-6.5,-4.0
-3.8519885604047674,-4.062010976490689,0.21002241608592145,1.5917099577230986,0,7.9585497886154934,test,-1,-6.5,-4.0
-3.5736280545620667,-4.010429265114209,0.43680121055214255,1.5271564723435738,1,2.6938661344356896,test,-1,-6.5,-4.0
-5.10701307262871,-5.630656970877548,0.5236438982488383,1.2143944736752599,0,6.071972368376299,test,-1,-6.5,-4.0
-4.896617572648547,-4.935591652920512,0.03897408027196493,1.9503870551298794,1,-6.071003045802911,test,-1,-6.5,-4.0
-5.397183685201314,-4.144060094243514,-1.2531235909578005,1.6856031715654565,0,8.428015857827283,test,-1,-6.5,-4.0
-5.04063804551719,-4.938655255946188,-0.1019827895710028,1.9490216229838178,1,-6.095318679443938,test,-1,-6.5,-4.0
-4.829494927823654,-4.317950635828679,-0.5115442919949749,1.84642509676621,1,-0.34758326013571994,test,-1,-6.5,-4.0
-5.484613668796941,-4.756061185242403,-0.7285524835545382,1.9980930416407898,0,9.990465208203949,test,-1,-6.5,-4.0
-6.047793398481458,-6.407748353955149,0.3599549554736918,-0.2484823550541856,1,-8.50549662408018,test,-1,-6.5,-4.0
-6.7271785615697635,-5.636180496748487,-1.0909980648212763,1.2055985456032978,1,-9.763749467083858,test,-1,-6.5,-4.0
-3.7628439900393937,-4.265431870927427,0.5025878808880326,1.803532968242739,0,9.017664841213694,test,-1,-6.5,-4.0
-5.722740039011922,-5.327998598395974,-0.39474144061594807,1.6328431416904474,0,8.164215708452238,test,-1,-6.5,-4.0
-6.169192626346431,-5.4150751787071645,-0.7541174476392668,1.5262178669507176,0,7.631089334753588,test,-1,-6.5,-4.0
-6.274026220011172,-5.737699594777216,-0.5363266252339561,1.0376667505344481,1,-9.932468582183448,test,-1,-6.5,-4.0
-4.679703712137786,-6.100658782129711,1.4209550699919256,0.3630294102285769,0,1.8151470511428844,test,-1,-6.5,-4.0
-3.9334830111383443,-4.827816824520005,0.8943338133816604,1.9866911993945626,1,-5.181029557379934,test,-1,-6.5,-4.0
-5.689920466061464,-5.511647582185846,-0.17827288387561754,1.3944767286646713,0,6.972383643323356,test,-1,-6.5,-4.0
-3.6482450490859506,-4.294735339403528,0.6464902903175773,1.828086356783837,1,-0.1154977542369224,test,-1,-6.5,-4.0
-5.309569996422014,-6.392024600697167,1.082454604275153,-0.2172490717225206,0,-1.0862453586126029,test,-1,-6.5,-4.0
-4.852569871116512,-4.314126673938195,-0.5384431971783176,1.8434725855951268,0,9.217362927975634,test,-1,-6.5,-4.0
-6.449927045950882,-6.269076691309854,-0.18085035464102792,0.028216295627814036,0,0.14108147813907018,test,-1,-6.5,-4.0
-3.8847139149845518,-4.441204689151289,0.5564907741667372,1.9269086657425842,1,-1.573625752467346,test,-1,-6.5,-4.0
-5.115196346027862,-5.354937336868522,0.23974099084065972,1.6011425764088574,1,-8.780403494174502,test,-1,-6.5,-4.0
-4.882837984160177,-4.6495626506685355,-0.2332753334916417,1.9960541504548364,0,9.980270752274182,test,-1,-6.5,-4.0
-4.3831190180623105,-5.3727804224704485,0.989661404408138,1.5795043424802235,0,7.897521712401118,test,-1,-6.5,-4.0
-5.797671585527796,-6.103660528583797,0.3059889430560007,0.3571240192932123,1,-9.689918145026372,test,-1,-6.5,-4.0
-3.6503220090437836,-4.1295258466114895,0.4792038375677059,1.6697803155067934,0,8.348901577533967,test,-1,-6.5,-4.0
-3.4349026177507014,-4.893804974650784,1.4589023569000827,1.9671784034014137,0,9.835892017007069,test,-1,-6.5,-4.0
-5.668077938352228,-5.9629575904558765,0.2948796521036482,0.6295654184755503,1,-9.94067994531001,test,-1,-6.5,-4.0
-3.392958637727685,-5.008714370603439,1.6157557328757541,1.9128319165854877,1,-6.635313535033217,test,-1,-6.5,-4.0
-5.7933338514519725,-5.9759262097349835,0.18259235828301065,0.6048944806270011,1,-9.925739694538162,test,-1,-6.5,-4.0
-5.598340240213905,-5.495157672389659,-0.1031825678242458,1.4179273031748496,1,-9.36310464409816,test,-1,-6.5,-4.0
-4.937358280237742,-5.011937540080855,0.07457925984311328,1.9109396030099233,1,-6.659393120107275,test,-1,-6.5,-4.0
-4.443935456403552,-4.974329938621776,0.5303944822182239,1.9317783509679904,0,9.658891754839953,test,-1,-6.5,-4.0
-5.83277298937157,-6.230155877149509,0.3973828877779399,0.10600915866744973,1,-9.3007688747991,test,-1,-6.5,-4.0
-5.794894203044252,-6.018582723702398,0.22368852065814626,0.5230514075415368,0,2.615257037707684,test,-1,-6.5,-4.0
-6.269200676244799,-5.354380102884994,-0.9148205733598053,1.6018101588164677,1,-8.777735283871863,test,-1,-6.5,-4.0
-5.881600545994555,-5.209606233835824,-0.6719943121587306,1.7578265641503554,0,8.789132820751778,test,-1,-6.5,-4.0
-4.525201970062797,-4.356889307671867,-0.16831266239092982,1.8749453807068184,0,9.374726903534093,test,-1,-6.5,-4.0
-4.617248533152712,-5.058170062506415,0.44092152935370216,1.8816220123702794,0,9.408110061851398,test,-1,-6.5,-4.0
-3.59055172884117,-4.471203911430227,0.8806521825890571,1.9421111976943317,0,9.710555988471658,test,-1,-6.5,-4.0
-7.05357511923407,-5.575731993652027,-1.477843125582044,1.2998006988180804,1,-9.615376876269291,test,-1,-6.5,-4.0
-6.12859774213142,-6.030685764506445,-0.09791197762497525,0.499650043646333,0,2.498250218231665,test,-1,-6.5,-4.0
-6.089374415282235,-5.800771257780813,-0.28860315750142157,0.9278381549646473,0,4.639190774823236,test,-1,-6.5,-4.0
-6.5125437415818554,-6.4375636451362945,-0.07498009644556071,-0.30753172046507393,0,-1.5376586023253696,test,-1,-6.5,-4.0
-5.468937657575886,-5.589672403312945,0.12073474573705974,1.2784851243406892,1,-9.652731895059796,test,-1,-6.5,-4.0
-5.443182222514081,-4.9112490536481666,-0.5319331688659145,1.96058481901751,0,9.80292409508755,test,-1,-6.5,-4.0
-5.215984668665339,-4.395069536542464,-0.8209151321228743,1.9001504401931055,1,-1.116509461201517,test,-1,-6.5,-4.0
-5.3012477322365505,-5.913016633445615,0.6117689012090647,0.7235453719095083,0,3.6177268595475414,test,-1,-6.5,-4.0
-4.283543319736218,-4.735583223622797,0.45203990388657905,1.9994620511980843,0,9.99731025599042,test,-1,-6.5,-4.0
-4.884381570911166,-4.618901136480814,-0.2654804344303516,1.991266386787756,1,-3.294451221556223,test,-1,-6.5,-4.0
-4.8560592488504435,-4.77195255572229,-0.0841066931281529,1.9964532292875685,1,-4.695378337299523,test,-1,-6.5,-4.0
-4.525842798281559,-4.091553435154839,-0.4342893631267206,1.6267853829268397,1,1.904611480385673,test,-1,-6.5,-4.0
-5.92454760062001,-5.050293068872819,-0.8742545317471911,1.886903107530511,1,-6.940559611843167,test,-1,-6.5,-4.0
-5.003287365018362,-5.391109872377651,0.3878225073592893,1.5567527532468015,0,7.783763766234007,test,-1,-6.5,-4.0
-5.577836583915764,-5.158003068712744,-0.4198335152030202,1.8046923121269587,0,9.023461560634793,test,-1,-6.5,-4.0
-7.185962886775107,-6.4880954071933585,-0.6978674795817478,-0.40695828302651255,0,-2.034791415132563,test,-1,-6.5,-4.0
-6.863096958818655,-6.4831931322930965,-0.37990382652555854,-0.39735399984239517,0,-1.9867699992119758,test,-1,-6.5,-4.0
-4.271510293103725,-5.2659981124253585,0.9944878193216332,1.7012650530285665,1,-8.320608789746395,test,-1,-6.5,-4.0
-5.297469000680941,-5.558517497175291,0.26104849649435036,1.3257735241191857,0,6.628867620595928,test,-1,-6.5,-4.0
-6.028768873518354,-6.162547237457117,0.1337783639387627,0.24069132801457244,1,-9.527701650715345,test,-1,-6.5,-4.0
-5.569313042633773,-5.614281445392144,0.04496840275837042,1.2402528745312449,0,6.201264372656224,test,-1,-6.5,-4.0
-4.378283051720143,-4.8963633532326725,0.5180803015125287,1.9662487883515056,1,-5.754694418920781,test,-1,-6.5,-4.0
-4.754728819873582,-5.193036814883536,0.4383079950099538,1.773391160376414,1,-7.894125944704888,test,-1,-6.5,-4.0
-6.320403299134827,-5.508983107813051,-0.8114201913217765,1.3982917743477143,1,-9.410759510527972,test,-1,-6.5,-4.0
-4.733718900248123,-4.574889310232198,-0.15882959001592514,1.9811236088473578,0,9.905618044236789,test,-1,-6.5,-4.0
-6.77714967738151,-6.366615035122002,-0.4105346422595077,-0.166665951825347,1,-8.714559164562177,test,-1,-6.5,-4.0
-4.1657260417077335,-4.284649061023371,0.11892301931563756,1.8198111780415995,0,9.099055890207998,test,-1,-6.5,-4.0
-4.853862311125887,-4.802169088828251,-0.051693222297636586,1.9919449449352156,1,-4.959979876555238,test,-1,-6.5,-4.0
-6.690472922889732,-5.451282417929135,-1.2391905049605971,1.478428496288881,0,7.392142481444405,test,-1,-6.5,-4.0
-4.080056721337585,-4.770670858962974,0.6906141376253884,1.9966041840285673,0,9.983020920142836,test,-1,-6.5,-4.0
-4.006623924381276,-4.151892709130723,0.14526878474944765,1.6939827885010554,1,1.3091572493495014,test,-1,-6.5,-4.0
-5.94218902373691,-4.862902988572485,-1.0792860351644251,1.977388269793848,0,9.886941348969241,test,-1,-6.5,-4.0
-4.144681112197591,-4.8291408791349735,0.6844597669373824,1.986384470798039,0,9.931922353990196,test,-1,-6.5,-4.0
-4.686314017319745,-4.744757101778875,0.05844308445913024,1.998952396186334,1,-4.45355968466608,test,-1,-6.5,-4.0
-3.939154067498696,-4.210795208756749,0.2716411412580529,1.753634705631415,1,0.7232689036328381,test,-1,-6.5,-4.0
-4.277321771254718,-4.276685596724361,-0.0006361745303565997,1.8131468095936873,0,9.065734047968437,test,-1,-6.5,-4.0
-5.7225142098606,-5.801592702987025,0.07907849312642498,0.9263824423032713,0,4.631912211516356,test,-1,-6.5,-4.0
-6.774522436237892,-6.443928883839262,-0.3305935523986307,-0.3201044833365974,1,-8.309700260632617,test,-1,-6.5,-4.0
-6.8478620516418545,-5.805462092274539,-1.0423999593673163,0.9195169671865858,0,4.597584835932929,test,-1,-6.5,-4.0
-5.992488516854274,-5.5899332873036265,-0.40255522955064726,1.2780838385645121,0,6.390419192822561,test,-1,-6.5,-4.0
-5.7955988284141915,-5.881363876122183,0.08576504770799145,0.7821906890242616,0,3.910953445121308,test,-1,-6.5,-4.0
-5.358900769422732,-5.356741636416667,-0.0021591330060647435,1.5989775633309404,0,7.994887816654702,test,-1,-6.5,-4.0
-3.783031810631943,-4.155030755987571,0.3719989453556279,1.6973108552672422,0,8.48655427633621,test,-1,-6.5,-4.0
-6.112941845168038,-6.026615239807755,-0.08632660536028298,0.5075287873423613,1,-9.851357898565233,test,-1,-6.5,-4.0
-6.950034287875408,-5.5462506131868885,-1.4037836746885193,1.3440422304551989,1,-9.530232895639196,test,-1,-6.5,-4.0
-3.999077656623837,-4.417395740811264,0.41831808418742716,1.9136082156491165,1,-1.3380788677038402,test,-1,-6.5,-4.0
-6.699395722117933,-6.172343695346958,-0.5270520267709754,0.2212295741460335,1,-9.497493852481277,test,-1,-6.5,-4.0
-6.474156127023095,-5.619055555494281,-0.855100571528814,1.232748172298247,0,6.163740861491235,test,-1,-6.5,-4.0
-5.353626228626416,-5.12276813742125,-0.23085809120516598,1.8339392427320234,0,9.169696213660117,test,-1,-6.5,-4.0
-5.4474861519906,-4.576592606669506,-0.870893545321094,1.9815876656191616,1,-2.8921558274872847,test,-1,-6.5,-4.0
-4.162473719901378,-4.345393948723194,0.18292022882181627,1.8668195550333768,1,-0.6216852561329236,test,-1,-6.5,-4.0
-6.464053346196875,-5.860049706021767,-0.6040036401751081,0.8212430531174476,1,-9.999815893073071,test,-1,-6.5,-4.0
-2.9716769059157198,-4.1191243772090465,1.1474474712933267,1.6582399128747118,0,8.29119956437356,test,-1,-6.5,-4.0
-5.60601875689191,-5.412869333555683,-0.19314942333622645,1.5290652940959812,0,7.645326470479906,test,-1,-6.5,-4.0
-6.5541508529866706,-6.1725732922479954,-0.3815775607386753,0.2207731924261808,1,-9.49677493779918,test,-1,-6.5,-4.0
-6.544527467149904,-6.102553278634963,-0.44197418851494075,0.3593027098482646,0,1.7965135492413231,test,-1,-6.5,-4.0
-6.769779718848887,-5.40658118529554,-1.363198533553347,1.5371415027177646,1,-9.015747738488379,test,-1,-6.5,-4.0
-5.04541282552306,-4.470410285089365,-0.5750025404336955,1.9417314651654307,1,-1.8613308785201292,test,-1,-6.5,-4.0
-6.834997133870725,-6.327539313649693,-0.5074578202210318,-0.08867893024896015,0,-0.4433946512448007,test,-1,-6.5,-4.0
-6.202677645698092,-5.956236659761097,-0.24644098593699537,0.6423096311724684,1,-9.947765086726074,test,-1,-6.5,-4.0
-5.8969948011676765,-4.495651634283644,-1.4013431668840328,1.9532085232642618,0,9.76604261632131,test,-1,-6.5,-4.0
-4.460833837089326,-4.441586732672034,-0.019247104417291938,1.9271132031234763,0,9.635566015617382,test,-1,-6.5,-4.0
-5.256168060085955,-5.99993706881652,0.7437690087305647,0.5589518445961564,1,-9.893674011536053,test,-1,-6.5,-4.0
-6.66383673836969,-6.359429740404132,-0.3044069979655574,-0.15234116766053452,1,-8.74957589341495,test,-1,-6.5,-4.0
-4.938815531307563,-4.864916907318169,-0.07389862398939417,1.9767803006630973,1,-5.494715333005752,test,-1,-6.5,-4.0
-4.294883236825709,-4.515144187601081,0.2202609507753723,1.9612204648010096,1,-2.2988438095468586,test,-1,-6.5,-4.0
-6.904345852309664,-6.375578993273952,-0.5287668590357115,-0.18452457527825702,1,-8.670243767615716,test,-1,-6.5,-4.0
-5.500009222608731,-5.1934761409121455,-0.30653308169658516,1.7729847412170814,1,-7.896822042648055,test,-1,-6.5,-4.0
5.042284111227614,4.385407105949181,0.6568770052784337,-1.8940320716125258,1,6.861515874704378,test,-1,4.0,6.5
5.121606540322859,5.850124241288512,-0.7285177009656526,-0.8393024981446815,1,-6.50719480761035,test,-1,4.0,6.5
5.2342664715542355,4.658287537962837,0.5759789335913985,-1.997073747785756,0,-9.98536873892878,test,-1,4.0,6.5
4.633668262408331,5.334348483450745,-0.7006802210424137,-1.6254767094158897,1,-1.9156441099249535,test,-1,4.0,6.5
3.8359834697347788,4.036437406213549,-0.20045393647877058,-1.5602239232270065,1,8.935339073249025,test,-1,4.0,6.5
6.793322054462867,6.296867520249712,0.4964545342131549,0.027363572364673117,0,0.13681786182336558,test,-1,4.0,6.5
6.770797338779561,6.25178713529253,0.5190102034870306,-0.06278602637036831,1,-8.95785147269355,test,-1,4.0,6.5
3.5703106028611598,4.083553569065861,-0.5132429662047016,-1.6174261430467063,1,8.7139516894267,test,-1,4.0,6.5
6.435463446186948,6.392373340687792,0.04309010549915594,0.2179424113843136,1,-9.492304982406873,test,-1,4.0,6.5
3.6674504019457075,4.343023303390191,-0.6755729014444835,-1.8651130780200735,0,-9.325565390100367,test,-1,4.0,6.5
4.585785263457355,4.709570882394865,-0.12378561893751001,-1.9999920583289756,1,4.18707669955454,test,-1,4.0,6.5
5.768156184343225,5.515207960897072,0.2529482234461529,-1.389363461888074,0,-6.94681730944037,test,-1,4.0,6.5
6.029188990350522,6.360562840132605,-0.3313738497820828,0.15460068507698882,0,0.773003425384944,test,-1,4.0,6.5
7.020470038076886,6.131838852773212,0.8886311853036738,-0.30153866356997255,0,-1.5076933178498628,test,-1,4.0,6.5
4.303203631724356,4.005648083796284,0.2975555479280726,-1.5209644766663264,0,-7.604822383331632,test,-1,4.0,6.5
5.712669065170528,5.303065068050732,0.40960399711979567,-1.6611286807882961,1,-1.6077164111603304,test,-1,4.0,6.5
5.040868033182307,5.380094083161416,-0.3392260499791089,-1.5704893992578546,1,-2.362467417009502,test,-1,4.0,6.5
5.1343602526063865,5.213443534156775,-0.07908328155038774,-1.754152988002688,0,-8.77076494001344,test,-1,4.0,6.5
6.100859711189478,5.920335385161056,0.18052432602842247,-0.709880064069849,0,-3.5494003203492452,test,-1,4.0,6.5
4.9224476460911895,4.401791882813925,0.5206557632772641,-1.904302500720351,1,6.741407737291032,test,-1,4.0,6.5
6.336298608011695,5.911401125847197,0.42489748216449813,-0.7265565931250642,0,-3.6327829656253208,test,-1,4.0,6.5
3.8089747397202416,4.052024494880166,-0.24304975515992402,-1.5795374136441622,1,8.864271115059339,test,-1,4.0,6.5
3.834523791780946,4.338025445922792,-0.5035016541418459,-1.8614811065399706,0,-9.307405532699853,test,-1,4.0,6.5
3.5800513004178,4.290682543504224,-0.7106312430864239,-1.8247835875014782,1,7.518807512318509,test,-1,4.0,6.5
6.058470096918608,4.774743961225073,1.2837261356935357,-1.9961131160062076,1,3.586755909921093,test,-1,4.0,6.5
6.359965779162679,5.6786316130300065,0.6813341661326723,-1.1367898642547638,1,-5.115940312612222,test,-1,4.0,6.5
6.0508947322793025,5.178074445625035,0.8728202866542671,-1.78702795480154,1,-0.3647370017563982,test,-1,4.0,6.5
5.952083412137711,6.0404207451150675,-0.08833733297735703,-0.4807740775340557,1,-7.825979019058651,test,-1,4.0,6.5
5.940436486062005,4.7239669588263835,1.2164695272356216,-1.9998659519126378,1,4.055913539053909,test,-1,4.0,6.5
6.141381121628516,5.832814944031677,0.30856617759683963,-0.8705979933901928,1,-6.3747939312842945,test,-1,4.0,6.5
5.899337322955252,5.756555888138116,0.14278143481713598,-1.0052446279913598,1,-5.76928492850773,test,-1,4.0,6.5
4.503533378479421,4.818923690658558,-0.3153903121791362,-1.9886610859824239,0,-9.943305429912119,test,-1,4.0,6.5
3.989567842048041,4.836618822765139,-0.8470509807170978,-1.9845867843166052,0,-9.922933921583025,test,-1,4.0,6.5
6.854894453645859,6.445145197541297,0.4097492561045619,0.3225055132579755,0,1.6125275662898775,test,-1,4.0,6.5
5.606286863398661,5.561455279338381,0.04483158406027972,-1.3213686587951088,0,-6.606843293975544,test,-1,4.0,6.5
6.373604931107069,6.375783811748813,-0.00217888064174408,0.1849324611461276,0,0.924662305730638,test,-1,4.0,6.5
5.109340037281816,5.918689126551222,-0.8093490892694056,-0.7129572390950338,0,-3.564786195475169,test,-1,4.0,6.5
4.861209542608868,6.062523133036934,-1.201313590428066,-0.43775157849280144,0,-2.1887578924640074,test,-1,4.0,6.5
4.350689909690998,5.016600754516654,-0.6659108448256558,-1.9081667101587239,1,1.2466669566040325,test,-1,4.0,6.5
5.66032222860615,5.128271028553286,0.5320512000528639,-1.8295206632334446,1,0.13321231018099206,test,-1,4.0,6.5
6.143941747030545,5.001579068404184,1.142362678626361,-1.9169503146735423,1,1.3955656689946092,test,-1,4.0,6.5
6.096418527295715,6.487845400846396,-0.39142687355068073,0.40646871824453756,1,-9.748958358398456,test,-1,4.0,6.5
4.246261484182177,4.443910439844723,-0.1976489556625464,-1.928351203580001,1,6.424432177052318,test,-1,4.0,6.5
5.464465608549624,6.406492257569626,-0.9420266490200025,0.24598943125879572,0,1.2299471562939785,test,-1,4.0,6.5
4.4410249193966305,5.048125675647766,-0.6071007562511351,-1.8883357013786632,0,-9.441678506893316,test,-1,4.0,6.5
5.251989981744303,5.060131116377497,0.19185886536680535,-1.8802890687413474,0,-9.401445343706737,test,-1,4.0,6.5
4.693938380535471,5.157872174318364,-0.4639337937828934,-1.8048051307972597,0,-9.024025653986298,test,-1,4.0,6.5
4.995523861124993,4.934307872059788,0.06121598906520506,-1.9509537877661431,1,2.058035670796099,test,-1,4.0,6.5
5.903276049520351,5.163770250431277,0.7395057990890744,-1.7996908773913118,1,-0.22175778893208958,test,-1,4.0,6.5
3.975355964686583,4.087920653677012,-0.11256468899042861,-1.622548170927787,0,-8.112740854638934,test,-1,4.0,6.5
3.5146878582696273,4.2106816743296145,-0.6959938160599871,-1.753525514266525,0,-8.767627571332625,test,-1,4.0,6.5
6.829528498301162,5.831301745354875,0.998226752946286,-0.8733216186185334,1,-6.363127934739151,test,-1,4.0,6.5
5.954665653395347,5.590499984582169,0.3641656688131782,-1.2772118581305671,1,-4.339813840070578,test,-1,4.0,6.5
4.192832149029423,4.069769472153832,0.12306267687559157,-1.6010572987622709,1,8.780743994683686,test,-1,4.0,6.5
4.939956197485356,4.750425149559966,0.18953104792538913,-1.9985534242498952,0,-9.992767121249477,test,-1,4.0,6.5
4.4217104089447865,4.552131302072214,-0.13042089312742683,-1.9743723955088803,1,5.559133572867489,test,-1,4.0,6.5
4.552434210024046,4.1375499833505005,0.41488422667354574,-1.678559701115469,1,8.436483667627774,test,-1,4.0,6.5
4.473841294966811,5.30811517694573,-0.8342738819789192,-1.6554824819572627,1,-1.6575398502021952,test,-1,4.0,6.5
5.02836992118456,5.040924143236525,-0.012554222051964763,-1.8930319972804783,0,-9.46515998640239,test,-1,4.0,6.5
3.410231740166041,4.120546874563926,-0.7103151343978854,-1.6598287879271156,1,8.526548810287375,test,-1,4.0,6.5
5.388618130047551,5.431011288824023,-0.04239315877647253,-1.5054268881500263,0,-7.527134440750132,test,-1,4.0,6.5
6.394025537441688,6.008791626693441,0.3852339107482469,-0.5419266998008466,0,-2.7096334990042332,test,-1,4.0,6.5
4.1809645720466015,4.284004298849543,-0.1030397268029413,-1.8192758852515731,1,7.56266912875544,test,-1,4.0,6.5
5.74662176713664,4.692793036062991,1.0538287310736492,-1.9996160112540498,1,4.338843400762874,test,-1,4.0,6.5
5.585875942282313,5.604195229213557,-0.018319286931244166,-1.2560148313278738,1,-4.462786452023707,test,-1,4.0,6.5
4.817424510711541,5.231843263591269,-0.4144187528797277,-1.7361804125569968,0,-8.680902062784984,test,-1,4.0,6.5
5.460265099537,5.266390189170237,0.19387491036676294,-1.7008526451952501,1,-1.244738461064962,test,-1,4.0,6.5
5.29878080828975,5.153600650164888,0.14518015812486113,-1.8084698024312147,1,-0.12007708001038217,test,-1,4.0,6.5
6.440263905284667,6.236857684819727,0.20340622046493945,-0.09262210474480687,0,-0.46311052372403433,test,-1,4.0,6.5
5.54790096464189,5.5144442328389625,0.033456731802927984,-1.3904617821056722,0,-6.952308910528361,test,-1,4.0,6.5
5.454002489295334,5.508389007918884,-0.0543865186235504,-1.399141065475593,0,-6.995705327377965,test,-1,4.0,6.5
5.677643633976829,5.109679640478173,0.5679639934986564,-1.8442253576694587,1,0.31907596470450045,test,-1,4.0,6.5
4.227522776892518,5.200116958317226,-0.972594181424708,-1.7667997055126259,0,-8.833998527563129,test,-1,4.0,6.5
6.6754679984276875,6.221118818074232,0.45434918035345545,-0.12405329503525406,1,-8.817343757662439,test,-1,4.0,6.5
4.1798232640247255,4.52125122115045,-0.3414279571257245,-1.9635774472233127,0,-9.817887236116563,test,-1,4.0,6.5
6.300746543734523,6.361453655390812,-0.060707111656288386,0.156376923114545,0,0.781884615572725,test,-1,4.0,6.5
3.6546522511226494,4.183675109855664,-0.529022858733015,-1.726913076134381,0,-8.634565380671905,test,-1,4.0,6.5
6.250167030184232,5.487881141590226,0.7622858885940056,-1.4281531488763617,1,-3.3940896060321277,test,-1,4.0,6.5
2.8431265644997636,4.077877677129416,-1.234751112629652,-1.6107229684936206,0,-8.053614842468104,test,-1,4.0,6.5
4.926506147362684,5.663143581326973,-0.7366374339642898,-1.162138239608037,1,-4.982254645489098,test,-1,4.0,6.5
5.340898153619218,5.5934637378524235,-0.25256558423320524,-1.2726448380090494,1,-4.366495841332525,test,-1,4.0,6.5
6.567799003349158,6.156162905744037,0.4116360976051211,-0.2533621980748992,1,-8.49253729804086,test,-1,4.0,6.5
5.562435001159218,6.354094280849142,-0.7916592796899239,0.14169913182278157,0,0.7084956591139079,test,-1,4.0,6.5
5.428039641102684,5.114067633526564,0.3139720075761202,-1.8408119965367427,0,-9.204059982683713,test,-1,4.0,6.5
6.327545775536191,5.674894081089388,0.6526516944468028,-1.142932062547904,1,-5.083790760113035,test,-1,4.0,6.5
5.771836163193569,6.310826749079979,-0.5389905858864096,0.05527584426151128,1,-9.204515087702163,test,-1,4.0,6.5
4.01341586318777,5.548558666919367,-1.535142803731596,-1.3406202783364058,1,-3.958249652887322,test,-1,4.0,6.5
5.258569638740502,4.806464331772035,0.4521053069684672,-1.9911563534644285,0,-9.955781767322144,test,-1,4.0,6.5
4.696673375794476,4.798690777333953,-0.10201740153947748,-1.99255662142134,1,3.362214415528369,test,-1,4.0,6.5
4.673208339327162,4.728641712516632,-0.05543337318947013,-1.9997358545128554,1,4.013139580072962,test,-1,4.0,6.5
7.0385161034585435,6.393543559347643,0.6449725441109007,0.22026876142375407,1,-9.495979772447924,test,-1,4.0,6.5
5.4699077848963045,5.0148958573991065,0.4550119274971979,-1.9091853104319583,0,-9.545926552159791,test,-1,4.0,6.5
6.025587234362429,6.366389555907007,-0.3408023215445785,0.1662165577047795,1,-9.407369806290365,test,-1,4.0,6.5
6.23369781331283,6.142976397079859,0.09072141623297095,-0.27949995544036493,1,-8.422178187662269,test,-1,4.0,6.5
5.1927324527563234,5.722319165081144,-0.5295867123248204,-1.0638396838008004,0,-5.319198419004002,test,-1,4.0,6.5
4.276408664646761,4.008219921880849,0.26818874276591087,-1.5242995339347898,0,-7.621497669673949,test,-1,4.0,6.5
6.207025875976966,6.250258749142456,-0.0432328731654896,-0.06584121751971152,0,-0.3292060875985576,test,-1,4.0,6.5
6.605212357446048,6.299662177405809,0.3055501800402388,0.032952249385942836,0,0.16476124692971417,test,-1,4.0,6.5
3.6292914434299193,4.014773389671211,-0.38548194624129134,-1.532752180492322,1,9.030505244192602,test,-1,4.0,6.5
5.73949995835656,5.607315371089614,0.1321845872669459,-1.2511524906737754,0,-6.255762453368877,test,-1,4.0,6.5
5.162520670057693,4.963042450607685,0.1994782194500074,-1.9375010874552578,1,1.7760301212151623,test,-1,4.0,6.5
5.830245596981793,5.489354735717266,0.34089086126452645,-1.4260883680101495,1,-3.407947115640306,test,-1,4.0,6.5
5.576794937853308,5.5270176387610235,0.04977729909228464,-1.3722771619342409,1,-3.7595297841093305,test,-1,4.0,6.5
4.281779071931152,5.499047970993344,-1.2172688990621923,-1.4124293598265445,1,-3.4989153492672145,test,-1,4.0,6.5
5.0850987693095515,4.780709992108129,0.30438877720142277,-1.995334054740391,0,-9.976670273701956,test,-1,4.0,6.5
3.4626862340891043,4.1746841869077205,-0.7119979528186163,-1.7177729388348513,0,-8.588864694174257,test,-1,4.0,6.5
6.614601209816084,6.001835585538819,0.6127656242772651,-0.5553051075362461,0,-2.7765255376812306,test,-1,4.0,6.5
6.267123084582146,6.278585125333298,-0.011462040751151342,-0.009200331243429845,0,-0.046001656217149224,test,-1,4.0,6.5
4.485117453763857,4.4866865726063425,-0.0015691188424854464,-1.9492743099346717,1,6.090847583614102,test,-1,4.0,6.5
4.136548918864931,4.52651909713221,-0.38997017826727914,-1.9655517334983474,0,-9.827758667491738,test,-1,4.0,6.5
5.996032904754631,4.943601955901611,1.0524309488530195,-1.9467782952729145,0,-9.733891476364573,test,-1,4.0,6.5
4.5405448428644375,5.007118025431684,-0.46657318256724634,-1.9137617691998077,1,1.3406970079927991,test,-1,4.0,6.5
7.046752282252026,6.212944236081987,0.8338080461700392,-0.1403666520347441,0,-0.7018332601737205,test,-1,4.0,6.5
5.490539353075596,4.505385858425181,0.985153494650415,-1.9573025014093997,1,5.94148638812122,test,-1,4.0,6.5
6.947471168245674,5.047537068709376,1.8999340995362974,-1.8887232248034302,1,0.9391696982129367,test,-1,4.0,6.5
6.450271261260504,5.619897933348153,0.8303733279123503,-1.23142106832788,0,-6.157105341639399,test,-1,4.0,6.5
5.232717610311635,5.279107381983327,-0.04638977167169257,-1.6873345889754945,0,-8.436672944877472,test,-1,4.0,6.5
4.2874854132611,4.834581213786508,-0.547095800525407,-1.985087626604807,0,-9.925438133024034,test,-1,4.0,6.5
5.5174114108606,5.946183584648361,-0.428772173787761,-0.6613179146714168,0,-3.306589573357084,test,-1,4.0,6.5
3.4619712886849863,4.338587836419027,-0.8766165477340404,-1.8618921223003637,0,-9.30946061150182,test,-1,4.0,6.5
5.322185558296372,4.479276930638889,0.8429086276574824,-1.9459044077039114,0,-9.729522038519557,test,-1,4.0,6.5
5.233575443910602,5.006472869739912,0.22710257417068974,-1.9141361813061557,0,-9.570680906530779,test,-1,4.0,6.5
5.328998498521285,5.967111163119312,-0.6381126645980272,-0.6216751691665978,0,-3.108375845832989,test,-1,4.0,6.5
5.114135520218917,4.634520484819223,0.47961503539969397,-1.9939395606178347,1,4.856199095348336,test,-1,4.0,6.5
4.360918884236407,4.273713553328797,0.08720533090760936,-1.810630114511814,1,7.629596065374946,test,-1,4.0,6.5
6.977209002341505,6.326690035954716,0.6505189663867894,0.0869820135734977,1,-9.265357113464889,test,-1,4.0,6.5
4.565222736748389,4.315968209436494,0.24925452731189499,-1.8448978173521298,1,7.3497135993761855,test,-1,4.0,6.5
4.891184133095752,5.512513475908909,-0.6213293428131571,-1.393234792651264,0,-6.96617396325632,test,-1,4.0,6.5
4.858882147317365,4.725304841469568,0.13357730584779656,-1.9998331828514844,1,4.043680936116755,test,-1,4.0,6.5
6.150024697709297,5.566323479806425,0.5837012179028711,-1.3140442656690947,0,-6.570221328345474,test,-1,4.0,6.5
5.750537907386608,5.648689884602041,0.10184802278456767,-1.1855424357210773,1,-4.856418180437678,test,-1,4.0,6.5
4.268291193105002,4.169315404064237,0.09897578904076419,-1.7122487926276364,0,-8.561243963138182,test,-1,4.0,6.5
4.179046912798228,4.888607312002557,-0.7095603992043293,-1.9690273733560393,1,2.5029538704101286,test,-1,4.0,6.5
4.488534650116892,4.836810193691932,-0.34827554357503937,-1.984539322223522,0,-9.92269661111761,test,-1,4.0,6.5
4.514528970881616,4.443765918041839,0.07076305283977756,-1.9282745103505257,1,6.425539628643779,test,-1,4.0,6.5
4.537437743635185,4.020008349455703,0.5174293941794819,-1.5394569416896433,1,9.007895657538986,test,-1,4.0,6.5
3.7121792747195816,4.026096005236803,-0.3139167305172214,-1.547200739016716,0,-7.73600369508358,test,-1,4.0,6.5
5.30513654675231,5.493647011597808,-0.18851046484549774,-1.420056456447651,1,-3.448268903727378,test,-1,4.0,6.5
5.531494672980997,4.211596300880304,1.319898372100693,-1.754404510842783,1,8.016177604042348,test,-1,4.0,6.5
4.243526558934352,4.789170592321664,-0.5456440333873122,-1.9941074798266685,0,-9.970537399133342,test,-1,4.0,6.5
6.313064119155395,6.421545822424917,-0.10848170326952229,0.2758389676045028,1,-9.58002432031435,test,-1,4.0,6.5
5.635312639061753,6.183956378092533,-0.5486437390307802,-0.19813233654950393,1,-8.635983821463672,test,-1,4.0,6.5
6.309041986473461,6.2819599854270605,0.027082001046399993,-0.0024506428918139016,1,-9.087868305666301,test,-1,4.0,6.5
4.9427020405209365,4.4247456523297135,0.5179563881912229,-1.917830218960112,0,-9.58915109480056,test,-1,4.0,6.5
5.315162780332552,4.792019751722613,0.5231430286099391,-1.9936622903011862,0,-9.968311451505931,test,-1,4.0,6.5
4.875949887216169,4.604450589285157,0.27149929793101274,-1.9883606108951437,1,5.116826190557083,test,-1,4.0,6.5
6.011879326392436,5.227387424562457,0.784491901829979,-1.740586977187361,0,-8.702934885936806,test,-1,4.0,6.5
5.379597401555622,5.359858523921284,0.019738877634338035,-1.5952252920444616,1,-2.1653696307815964,test,-1,4.0,6.5
5.43209738962185,5.013635967712526,0.4184614219093244,-1.9099344730101144,1,1.2760780098878346,test,-1,4.0,6.5
5.277275724059261,5.856025782941984,-0.5787500588827228,-0.8285744580031543,0,-4.142872290015772,test,-1,4.0,6.5
6.246364278662689,5.609332539413007,0.6370317392496824,-1.2480025070365584,1,-4.508700842694907,test,-1,4.0,6.5
5.296033399676771,5.6483583767866765,-0.35232497710990535,-1.1860763440611424,1,-4.853520011897831,test,-1,4.0,6.5
5.167601783255955,4.373059213169333,0.7945425700866212,-1.885955935491361,1,6.950816316123416,test,-1,4.0,6.5
5.258663184944065,5.866459474514389,-0.6077962895703248,-0.8095373335797047,0,-4.047686667898524,test,-1,4.0,6.5
5.8106583156133125,5.603618989039041,0.20703932657427157,-1.2569114914296586,1,-4.45762897230087,test,-1,4.0,6.5
4.943010887131269,4.745577573079092,0.19743331405217696,-1.998898618416595,0,-9.994493092082976,test,-1,4.0,6.5
5.135281764863481,4.939569738298649,0.19571202656483183,-1.948610497147972,1,2.006515146137107,test,-1,4.0,6.5
6.3983252834772735,6.471569662937869,-0.07324437946059507,0.37454415937839997,1,-9.711428949444482,test,-1,4.0,6.5
5.819124137214521,4.861487350699795,0.9576367865147266,-1.9778108277405222,0,-9.889054138702612,test,-1,4.0,6.5
5.115786129314547,4.858612501628188,0.2571736276863586,-1.9786567514241118,0,-9.893283757120559,test,-1,4.0,6.5
4.858842101029955,5.534133635937758,-0.6752915349078032,-1.361889144045512,0,-6.8094457202275605,test,-1,4.0,6.5
5.250519905516647,5.54598178184835,-0.29546187633170246,-1.3444403382927164,0,-6.722201691463582,test,-1,4.0,6.5
4.794241408900032,4.033383555478115,0.7608578534219168,-1.5563954318978468,1,8.949009045556833,test,-1,4.0,6.5
4.911667679302791,5.436081987067672,-0.5244143077648805,-1.4987309920123608,0,-7.493654960061804,test,-1,4.0,6.5
7.059766935768392,5.944198630199054,1.1155683055693388,-0.6650632121676605,0,-3.3253160608383023,test,-1,4.0,6.5
6.16772035906014,6.374705192844376,-0.206984833784236,0.18278435816972405,0,0.9139217908486202,test,-1,4.0,6.5
4.6697478589645005,5.757455432750028,-1.0877075737855277,-1.0036888978674783,1,-5.776630025661361,test,-1,4.0,6.5
4.840416394223902,4.290514333619562,0.5499020606043394,-1.8246458590235437,1,7.519916412239944,test,-1,4.0,6.5
4.08331968664999,4.616503695307728,-0.5331840086577382,-1.990813054065063,0,-9.954065270325316,test,-1,4.0,6.5
2.820939031508685,5.0473467017939315,-2.2264076702852464,-1.888848417371538,0,-9.44424208685769,test,-1,4.0,6.5
5.599208673328583,5.580078866784599,0.01912980654398363,-1.293181023487956,0,-6.46590511743978,test,-1,4.0,6.5
3.4649403272110595,4.2386756336621785,-0.7737353064511191,-1.7797608427424527,0,-8.898804213712264,test,-1,4.0,6.5
5.089508479458007,4.975773023557831,0.11373545590017616,-1.9310289493726385,0,-9.655144746863192,test,-1,4.0,6.5
5.221008956853094,4.804918968826817,0.4160899880262774,-1.99144430819562,0,-9.9572215409781,test,-1,4.0,6.5
6.909483712397787,6.428313234818945,0.48117047757884224,0.28923802736501314,1,-9.599211037478279,test,-1,4.0,6.5
6.28511953523361,6.422955949028603,-0.13783641379499312,0.27863199373183667,0,1.3931599686591833,test,-1,4.0,6.5
4.896047161848735,5.8585449205637845,-0.96249775871505,-0.8239862667351269,0,-4.119931333675634,test,-1,4.0,6.5
6.0692988068219655,5.294223237588671,0.7750755692332945,-1.6709120529723247,1,-1.520386577963506,test,-1,4.0,6.5
4.465114721226733,4.4111998902972775,0.05391483092945595,-1.909968827336324,0,-9.549844136681621,test,-1,4.0,6.5
6.399561059756256,6.373453925962434,0.026107133793821694,0.18029215512613767,0,0.9014607756306883,test,-1,4.0,6.5
5.369322095947345,6.304564886709711,-0.9352427907623666,0.042755901696199056,1,-9.179859876054213,test,-1,4.0,6.5
5.77732852071909,6.206426750847627,-0.4290982301285371,-0.15336640643670454,1,-8.747085355329832,test,-1,4.0,6.5
4.20636627898105,4.127596500062676,0.07876977891837357,-1.6676533203451165,0,-8.338266601725582,test,-1,4.0,6.5
5.802457275289314,5.937350538586823,-0.1348932632975082,-0.6779642791071356,1,-7.143941351841294,test,-1,4.0,6.5
4.351935090956416,4.2647378810586485,0.08719720989776715,-1.8029326164333288,0,-9.014663082166644,test,-1,4.0,6.5
5.654644300277906,6.2634896665741335,-0.6088453662962278,-0.0393887344940987,1,-9.009253173619676,test,-1,4.0,6.5
4.429844545492436,5.469716211779007,-1.0398716662865701,-1.4533494943155898,0,-7.266747471577949,test,-1,4.0,6.5
6.656420534968119,6.470224394237297,0.18619614073082255,0.37190088462602816,0,1.8595044231301407,test,-1,4.0,6.5
4.968797521410005,5.071653391290445,-0.10285586988044,-1.8723113990718727,0,-9.361556995359363,test,-1,4.0,6.5
6.219055631275247,5.574624947377851,0.6444306838973961,-1.3014826553474026,0,-6.507413276737013,test,-1,4.0,6.5
6.742927034246532,5.940703335663298,0.8022236985832333,-0.6716519055899616,0,-3.3582595279498078,test,-1,4.0,6.5
4.546808634135591,4.649543719419035,-0.1027350852834445,-1.996051772899884,1,4.724327409759459,test,-1,4.0,6.5
5.370864793800521,5.5972826731553935,-0.22641787935487226,-1.2667435413355577,0,-6.333717706677788,test,-1,4.0,6.5
6.839439107930707,6.066999937901689,0.7724391700290175,-0.4290107118905019,0,-2.1450535594525095,test,-1,4.0,6.5
5.847653661815712,5.303263145801074,0.5443905160146383,-1.6609080202178135,1,-1.6096713904268252,test,-1,4.0,6.5
4.523042192045521,5.061212847193882,-0.5381706551483609,-1.8795507130695515,1,0.8029327985961603,test,-1,4.0,6.5
6.446801125896679,5.327507594510705,1.1192935313859735,-1.633410011448791,1,-1.848457850085473,test,-1,4.0,6.5
6.5259179383295205,6.364945306675151,0.1609726316543695,0.16333787958389073,1,-9.402462012661713,test,-1,4.0,6.5
6.401493518348839,6.498184155360607,-0.09669063701176847,0.42669260600137526,1,-9.771457338524907,test,-1,4.0,6.5
4.881344529174829,5.677308972120653,-0.7959644429458249,-1.1389652903934104,1,-5.104571349338314,test,-1,4.0,6.5
5.753897449657069,5.973940342605706,-0.22004289294863724,-0.6086790079506708,1,-7.395137344570805,test,-1,4.0,6.5
6.793567603942589,6.453968886734092,0.3395987172084969,0.3399091622436614,0,1.699545811218307,test,-1,4.0,6.5
4.577052747007568,4.353896030381542,0.22315671662602515,-1.8728533111100676,0,-9.364266555550337,test,-1,4.0,6.5
4.920592074308775,4.0657175497169655,0.8548745245918093,-1.5961875793777172,0,-7.980937896888586,test,-1,4.0,6.5
6.45666544502667,5.866106903060368,0.5905585419663016,-0.8101820794081187,0,-4.050910397040593,test,-1,4.0,6.5
4.956579595505717,5.541470185101176,-0.5848905895954579,-1.3511069659586121,0,-6.755534829793061,test,-1,4.0,6.5
4.1214383967210715,4.248011748190182,-0.12657335146911072,-1.7882013110858037,0,-8.941006555429018,test,-1,4.0,6.5
5.090842205741517,5.3047566883928905,-0.21391448265137358,-1.6592421014776215,1,-1.6244102540971617,test,-1,4.0,6.5
4.828213203285046,5.268579953696656,-0.44036675041160894,-1.698544524508006,0,-8.492722622540029,test,-1,4.0,6.5
4.273840336080832,4.714232564806521,-0.4403922287256881,-1.9999966011974422,0,-9.999983005987211,test,-1,4.0,6.5
4.053522144052818,4.621096223187021,-0.5675740791342037,-1.99167141934887,1,4.973108884245915,test,-1,4.0,6.5
3.8734392014437526,4.450872950492354,-0.5774337490486008,-1.9319982518660717,1,6.3709208546554486,test,-1,4.0,6.5
5.398330321740283,5.459557667437781,-0.061227345697497715,-1.4672317324256783,0,-7.336158662128391,test,-1,4.0,6.5
4.585754913505913,4.384796518377413,0.20095839512850047,-1.8936394938686907,1,6.8659563671183745,test,-1,4.0,6.5
6.5078420749454855,5.779318969263171,0.7285231056823142,-0.9656299550523167,1,-5.953701867383828,test,-1,4.0,6.5
5.629486071999433,6.146881013630088,-0.5173949416306548,-0.27176524474823566,0,-1.3588262237411783,test,-1,4.0,6.5
5.383928251140771,5.7161034269954625,-0.33217517585469086,-1.074345973412117,0,-5.371729867060585,test,-1,4.0,6.5
2.7698158070269443,4.662824022030479,-1.8930082150035348,-1.9975438178039668,0,-9.987719089019834,test,-1,4.0,6.5
4.8766900592644,4.99258176716838,-0.11589170790398062,-1.9220042854696182,0,-9.61002142734809,test,-1,4.0,6.5
5.387418548666335,5.282540063030608,0.10487848563572684,-1.6836388730324647,1,-1.4048119186127703,test,-1,4.0,6.5
4.520682946644595,4.860510552011984,-0.33982760536739004,-1.9781000843269791,1,2.773954461688618,test,-1,4.0,6.5
5.377969756335291,5.3640058174950145,0.013963938840276323,-1.5902085411800837,0,-7.951042705900418,test,-1,4.0,6.5
5.212553278394025,5.7152918370760775,-0.5027385586820527,-1.0757147263439042,1,-5.427426956685566,test,-1,4.0,6.5
4.273490887856836,4.7492322374835325,-0.4757413496266963,-1.9986427279497545,1,3.823705242160081,test,-1,4.0,6.5
3.6672035489062367,4.538394558661768,-0.8711910097555311,-1.9698022407296556,1,5.67279083013775,test,-1,4.0,6.5
5.294803341969364,5.970771974829782,-0.6759686328604186,-0.614712086535593,1,-7.373772664667944,test,-1,4.0,6.5
4.806084496283697,5.939622364868517,-1.1335378685848196,-0.6736878975748603,1,-7.159819860149879,test,-1,4.0,6.5
4.7953438035404865,4.104314876554674,0.6910289269858128,-1.6414995606856384,0,-8.207497803428192,test,-1,4.0,6.5
6.098012425475231,5.613713423860701,0.4842990016145303,-1.241143902320586,1,-4.547760770164192,test,-1,4.0,6.5
4.347642517389893,4.320482756265215,0.02715976112467776,-1.8483653111065803,0,-9.241826555532901,test,-1,4.0,6.5
5.276495445639205,5.369131257355769,-0.09263581171656385,-1.5839708017150564,1,-2.255802565599527,test,-1,4.0,6.5
5.622778383287889,4.728808616639866,0.8939697666480225,-1.9997304016024067,1,4.011610781624195,test,-1,4.0,6.5
6.3763665476278035,6.064612790493257,0.31175375713454695,-0.43367264777011444,1,-7.974276486381538,test,-1,4.0,6.5
3.817684916491698,4.2433809298614635,-0.42569601336976565,-1.7840341796001347,0,-8.920170898000674,test,-1,4.0,6.5
6.278751915861119,6.243779778396387,0.034972137464731594,-0.07879066290470024,0,-0.39395331452350124,test,-1,4.0,6.5
5.056086276934086,4.854972864961957,0.20111341197212862,-1.9797042554907913,0,-9.898521277453957,test,-1,4.0,6.5
4.500768101208307,4.330213262603772,0.170554838604535,-1.8557108398427116,0,-9.278554199213557,test,-1,4.0,6.5
5.3316032042419,5.143957371036901,0.18764583320499897,-1.8166216314281989,0,-9.083108157140995,test,-1,4.0,6.5
3.2050441586977536,4.211094520159356,-1.0060503614616019,-1.7539224590448388,1,8.019176425081428,test,-1,4.0,6.5
5.378599764919791,5.850566483111116,-0.47196671819132496,-0.8384995831837473,1,-6.510552193899443,test,-1,4.0,6.5
3.705680583291132,4.909344546952878,-1.2036639636617457,-1.9613337411054383,0,-9.806668705527192,test,-1,4.0,6.5
5.02175251563203,4.83390290554058,0.1878496100914492,-1.985252525715474,0,-9.926262628577371,test,-1,4.0,6.5
4.020991783911087,4.2660616588658815,-0.24506987495479488,-1.8040770289095074,1,7.678837599632472,test,-1,4.0,6.5
3.6971770186784036,4.465364050189984,-0.7681870315115802,-1.9392883534708707,1,6.258560240701425,test,-1,4.0,6.5
6.619383963197218,5.298122011911734,1.3212619512854837,-1.6666141647508044,0,-8.333070823754023,test,-1,4.0,6.5
5.0563710745979185,4.281555697608965,0.7748153769889535,-1.8172361257618481,0,-9.08618062880924,test,-1,4.0,6.5
4.915669433946727,5.209813973660399,-0.29414453971367227,-1.757628350075532,1,-0.6816841369126305,test,-1,4.0,6.5
6.829962481014822,6.328720942510906,0.5012415385039153,0.09103980130188775,1,-9.272978409444399,test,-1,4.0,6.5
4.630714290249502,4.99713798607065,-0.36642369582114864,-1.919464382699666,1,1.4395279854167797,test,-1,4.0,6.5
5.0307866270828585,4.45097996133387,0.5798066657489889,-1.9320535751110945,1,6.370095991777886,test,-1,4.0,6.5
6.502784588221502,6.013730100715226,0.48905448750627584,-0.5324126819553646,1,-7.657054726392365,test,-1,4.0,6.5
5.360169421324793,5.651838654977689,-0.2916692336528957,-1.1804647108758475,0,-5.902323554379238,test,-1,4.0,6.5
5.899662671722035,5.533587786347306,0.36607488537472815,-1.3626884305903144,1,-3.8203297358182886,test,-1,4.0,6.5
5.4091087257809605,4.3097053873130795,1.0994033384678807,-1.8400252766087117,0,-9.200126383043559,test,-1,4.0,6.5
5.50549219489654,4.8788538669228885,0.6266383279736513,-1.9723533720602915,0,-9.861766860301458,test,-1,4.0,6.5
4.50203865573605,5.182749504024315,-0.6807108482882646,-1.7828099080902167,1,-0.41145232247450936,test,-1,4.0,6.5
5.231513698996703,4.945963251562124,0.2855504474345787,-1.9456906475193392,0,-9.728453237596696,test,-1,4.0,6.5
5.065255258516725,4.554809165557033,0.5104460929596923,-1.9752199426412398,1,5.536854188440772,test,-1,4.0,6.5
4.7533261239035856,4.5672007237987,0.1861254001048856,-1.9789573733734478,1,5.433244023351583,test,-1,4.0,6.5
5.08419214867964,4.357070362381707,0.7271217862979328,-1.8750713853589285,0,-9.375356926794643,test,-1,4.0,6.5
5.47018720424506,5.823562802921283,-0.3533755986762234,-0.8872196386788501,0,-4.43609819339425,test,-1,4.0,6.5
2.964380435890792,4.30752902352494,-1.3431485876341478,-1.8383151355547176,0,-9.191575677773589,test,-1,4.0,6.5
5.787370159455861,4.799444935180802,0.9879252242750582,-1.9924260459662657,0,-9.96213022983133,test,-1,4.0,6.5
4.372302398759398,4.979149051632426,-0.6068466528730279,-1.9292600545821028,0,-9.646300272910514,test,-1,4.0,6.5
4.092337828249264,4.094853048629863,-0.0025152203805992508,-1.6306153894360418,1,8.657963398649565,test,-1,4.0,6.5
3.5235398347593674,4.38752821726313,-0.8639883825037624,-1.8953903535745287,1,6.846070244472219,test,-1,4.0,6.5
4.994398598449021,4.426622515542255,0.5677760829067665,-1.9188917469829643,1,6.555948678463514,test,-1,4.0,6.5
5.3566200818895595,5.925780513904526,-0.569160432014966,-0.6996884079415667,1,-7.062504499815998,test,-1,4.0,6.5
4.745951310577491,4.597996352605849,0.1479549579716419,-1.9869285900575293,1,5.172172388241493,test,-1,4.0,6.5
5.93881062671334,5.867925218084865,0.0708854086284745,-0.8068558570422886,0,-4.034279285211443,test,-1,4.0,6.5
5.825184730584411,4.868735461610238,0.9564492689741725,-1.9756055305873303,1,2.6948402268099088,test,-1,4.0,6.5
6.876953267473131,5.653033420500213,1.2239198469729182,-1.1785349595224428,1,-4.894341611744019,test,-1,4.0,6.5
6.175649818034123,5.636384999580964,0.5392648184531587,-1.2052721776905937,0,-6.0263608884529685,test,-1,4.0,6.5
5.277874295369041,4.5824398572307485,0.6954344381382925,-1.9831369756155945,1,5.304682097613816,test,-1,4.0,6.5
5.278179091243053,5.052436925020493,0.22574216622255946,-1.88547735105525,1,0.8903766282663956,test,-1,4.0,6.5
5.895749383332848,5.691358788874873,0.20439059445797408,-1.1157556447448365,0,-5.578778223724182,test,-1,4.0,6.5
5.060257994897574,5.513363215639769,-0.45310522074219534,-1.3920150104588338,1,-3.6326560770661604,test,-1,4.0,6.5
5.912710760285211,5.521701266354151,0.39100949393105955,-1.3799927446301987,0,-6.899963723150994,test,-1,4.0,6.5
2.9357108795167335,4.098708554439163,-1.16299767492243,-1.6350681501252382,1,8.638606278844872,test,-1,4.0,6.5
6.834997403688985,6.263589886937397,0.571407516751588,-0.03918833244614683,1,-9.009688058854696,test,-1,4.0,6.5
6.3332019391383225,6.222640952248711,0.1105609868896114,-0.12101474590837871,1,-8.824514150815887,test,-1,4.0,6.5
4.474855960149795,4.446703206781913,0.028152753367882213,-1.9298253269970493,0,-9.649126634985247,test,-1,4.0,6.5
5.703385861892176,4.969758820643538,0.7336270412486381,-1.9341255953144851,0,-9.670627976572426,test,-1,4.0,6.5
5.183888020659124,6.269086485372225,-1.0851984647131012,-0.028196709451224822,1,-9.033400689974767,test,-1,4.0,6.5
4.586139525301638,5.1303288754335465,-0.5441893501319086,-1.827854062915018,1,0.1126353998010288,test,-1,4.0,6.5
5.451004807726634,5.083232841978931,0.3677719657477037,-1.8640437206221703,0,-9.32021860311085,test,-1,4.0,6.5
5.602292098194043,5.774030673417329,-0.17173857522328506,-0.9748785675867329,0,-4.874392837933664,test,-1,4.0,6.5
4.786511773654341,4.402255344628132,0.38425642902621004,-1.9045855892810544,1,6.737983871080633,test,-1,4.0,6.5
6.042282687597604,6.159379564598278,-0.11709687700067371,-0.24697941066658693,0,-1.2348970533329346,test,-1,4.0,6.5
3.359217886108005,4.034656453620088,-0.6754385675120835,-1.5579929799257073,0,-7.789964899628536,test,-1,4.0,6.5
4.470113431311249,4.185233023582531,0.2848804077287188,-1.7284826755929317,0,-8.642413377964658,test,-1,4.0,6.5
5.084067397773933,4.939789357587711,0.14427804018622212,-1.9485115197389893,0,-9.742557598694946,test,-1,4.0,6.5
4.971474040986234,4.623408807251301,0.348065233734933,-1.992087751273219,1,4.953032262714664,test,-1,4.0,6.5
5.617474576799587,5.281558362200185,0.3359162145994023,-1.6846978257568788,1,-1.395091586796763,test,-1,4.0,6.5
5.600370686645354,4.358700642299829,1.2416700443455244,-1.8762032062853178,0,-9.381016031426588,test,-1,4.0,6.5
5.045895612553736,5.604138753339304,-0.5582431407855675,-1.2561027292061215,1,-4.46228104566532,test,-1,4.0,6.5
5.009720952623793,5.347763759496311,-0.33804280687251814,-1.6096986587937345,0,-8.048493293968672,test,-1,4.0,6.5
6.964831111019729,6.074785439424978,0.890045671594751,-0.4137893096751388,1,-8.035246077054515,test,-1,4.0,6.5
4.18053542623178,4.672812269883188,-0.4922768436514075,-1.9984338884206945,1,4.517985776117228,test,-1,4.0,6.5
4.512997790519458,4.427639304081778,0.08535848643768089,-1.9194640059244028,1,6.5482673902207775,test,-1,4.0,6.5
6.008123695101277,5.316081911043616,0.6920417840576615,-1.6464896125986168,0,-8.232448062993084,test,-1,4.0,6.5
4.863681713885623,4.6046385218315455,0.25904319205407755,-1.988401067322415,0,-9.942005336612075,test,-1,4.0,6.5
5.454445038115234,5.140535280671186,0.3139097574440486,-1.8194738816491174,0,-9.097369408245587,test,-1,4.0,6.5
4.274415360606074,4.2912050283672984,-0.016789667761224675,-1.82521106331285,0,-9.12605531656425,test,-1,4.0,6.5
4.428804775580644,5.499516570172125,-1.0707117945914815,-1.4117656704402324,1,-3.503304756223134,test,-1,4.0,6.5
6.549058865073988,6.091587231679674,0.45747163339431424,-0.3808559401186732,1,-8.134123509439888,test,-1,4.0,6.5
6.817506234621283,6.280829778234179,0.5366764563871039,-0.004711053534252144,1,-9.083146591883672,test,-1,4.0,6.5
6.656781951779097,6.376567680100227,0.28021427167886925,0.1864934244086108,1,-9.441399729317709,test,-1,4.0,6.5
5.218202957508918,5.453823423216285,-0.23562046570736678,-1.4750011437080195,1,-3.07182312447065,test,-1,4.0,6.5
5.437575143239903,5.286725764702284,0.15084937853761918,-1.679105595189113,0,-8.395527975945566,test,-1,4.0,6.5
6.397368114419532,5.941790529802164,0.45557758461736814,-0.6696034004218184,0,-3.348017002109092,test,-1,4.0,6.5
5.4771790829819444,5.680243315205186,-0.20306423222324185,-1.1341363141392136,1,-5.129781847104881,test,-1,4.0,6.5
4.125980642411762,4.409468851658426,-0.2834882092466639,-1.9089389203212868,1,6.684507326801424,test,-1,4.0,6.5
4.433644527192471,5.0688958879814345,-0.635251360788963,-1.8742432757317187,1,0.7263275097579182,test,-1,4.0,6.5
4.677844190788308,4.385981651659037,0.2918625391292711,-1.8944008313807088,0,-9.472004156903544,test,-1,4.0,6.5
4.688638279358379,5.416753993260875,-0.7281157139024963,-1.524045782655567,0,-7.620228913277835,test,-1,4.0,6.5
4.99737915200484,5.272757724208685,-0.2753785722038453,-1.6941183635729828,1,-1.3078929400551822,test,-1,4.0,6.5
5.961300313377588,5.134446290225133,0.8268540231524547,-1.8244962379536205,1,0.07146302536745747,test,-1,4.0,6.5
5.261116035205056,6.477528179912422,-1.2164121447073664,0.3862436399980048,0,1.931218199990024,test,-1,4.0,6.5
5.788614811219109,6.25036638083815,-0.46175156961904174,-0.0656260704266137,1,-8.951527360639588,test,-1,4.0,6.5
4.94296272340852,4.3785644480730195,0.564398275335501,-1.889592229244994,1,6.911132354501239,test,-1,4.0,6.5
5.367542358676051,5.519186879591265,-0.15164452091521463,-1.3836282693168798,0,-6.918141346584399,test,-1,4.0,6.5
5.919363231114273,5.195510783457204,0.7238524476570692,-1.7710980386045958,1,-0.5389200885037584,test,-1,4.0,6.5
5.367448875662584,6.071561116147912,-0.7041122404853277,-0.42009626645979664,1,-8.016010863306594,test,-1,4.0,6.5
5.777948826222609,6.3235636273799125,-0.5456148011573039,0.0807346978007488,0,0.403673489003744,test,-1,4.0,6.5
6.7669344587238935,6.0719127703907,0.6950216883331936,-0.41940862209023727,0,-2.097043110451186,test,-1,4.0,6.5
3.471564104304531,4.066917592297564,-0.5953534879930329,-1.597632560777723,1,8.794355201803107,test,-1,4.0,6.5
6.2568659680245915,6.22567704560632,0.03118892241827159,-0.11495313651863663,0,-0.5747656825931832,test,-1,4.0,6.5
4.25777932981199,4.410746199756017,-0.15296686994402625,-1.909699450753226,0,-9.54849725376613,test,-1,4.0,6.5
5.668706600197841,4.8349306865138955,0.8337759136839458,-1.9850023120525075,1,3.018780219851066,test,-1,4.0,6.5
4.284175510434948,4.943252898653531,-0.6590773882185837,-1.9469381554642962,1,1.9704190703721536,test,-1,4.0,6.5
6.107247432338538,6.0457023353194925,0.06154509701904621,-0.4705139820375652,0,-2.3525699101878264,test,-1,4.0,6.5
5.033198327504485,4.4951327172990485,0.538065610205437,-1.9529850798625787,0,-9.764925399312894,test,-1,4.0,6.5
5.229849396390241,4.440065117445689,0.7897842789445515,-1.9262968945596237,0,-9.63148447279812,test,-1,4.0,6.5
6.5942562417207276,6.481090132475981,0.11316610924474607,0.3932309710815219,1,-9.733694656685985,test,-1,4.0,6.5
4.62585122307606,4.111746860860228,0.5141043622158321,-1.6499457536558801,0,-8.2497287682794,test,-1,4.0,6.5
4.4217445882035324,4.777122214474099,-0.3553776262705671,-1.9958110714817607,0,-9.979055357408804,test,-1,4.0,6.5
6.235631780913108,5.0289589279572295,1.206672852955879,-1.900617623532852,0,-9.50308811766426,test,-1,4.0,6.5
4.902633095730991,4.563158134289096,0.3394749614418948,-1.9777714527408417,1,5.467137996634368,test,-1,4.0,6.5
5.212817187298536,4.676507202053633,0.5363099852449024,-1.998712636116326,0,-9.993563180581631,test,-1,4.0,6.5
5.420428869633112,4.268044316773187,1.1523845528599252,-1.8057851325368526,0,-9.028925662684262,test,-1,4.0,6.5
6.264065480527225,6.027551664624168,0.23651381590305642,-0.5057170211963681,0,-2.5285851059818403,test,-1,4.0,6.5
4.707797440927663,4.614950219264529,0.09284722166313415,-1.9905131972847454,0,-9.952565986423727,test,-1,4.0,6.5
6.103581877377082,5.584629289309141,0.5189525880679415,-1.2862251950942376,0,-6.431125975471188,test,-1,4.0,6.5
5.789916673710415,4.901094725382129,0.8888219483282862,-1.9644956882861133,0,-9.822478441430567,test,-1,4.0,6.5
3.2331975229770946,4.012156719436551,-0.7789591964594568,-1.5293850800904516,1,9.041713812872146,test,-1,4.0,6.5
3.6569036303317,4.618052244853203,-0.9611486145215032,-1.9911071783442489,0,-9.955535891721244,test,-1,4.0,6.5
6.518627296330706,6.074767987999322,0.4438593083313846,-0.41382345727832903,1,-8.035142192460915,test,-1,4.0,6.5
4.971734102226714,5.027900805736904,-0.05616670351018998,-1.9012753649173881,0,-9.50637682458694,test,-1,4.0,6.5
4.301571230020011,4.224786459961391,0.07678477005862037,-1.7669172754027884,0,-8.834586377013942,test,-1,4.0,6.5
7.715945432817752,6.436843749623457,1.2791016831942947,0.30610897285850625,0,1.5305448642925312,test,-1,4.0,6.5
5.568686712190875,5.630905660079938,-0.06221894788906326,-1.2139992435474212,0,-6.069996217737106,test,-1,4.0,6.5
5.636909146530799,5.640388965778319,-0.0034798192475198482,-1.1988720742478869,0,-5.994360371239434,test,-1,4.0,6.5
7.120398481464268,6.318790677100027,0.8016078043642418,0.07119569464926764,1,-9.235350418304776,test,-1,4.0,6.5
5.88138060136667,6.332556546919133,-0.45117594555246354,0.09870236991766657,0,0.49351184958833283,test,-1,4.0,6.5
6.334325906520748,6.195641472216978,0.13868443430377028,-0.17486411253748685,0,-0.8743205626874342,test,-1,4.0,6.5
4.923839838036151,5.00381328073856,-0.0799734427024089,-1.9156712436666092,0,-9.578356218333045,test,-1,4.0,6.5
4.839402393682454,4.6973741527573125,0.14202824092514177,-1.9997745591867442,1,4.29752359439989,test,-1,4.0,6.5
5.379865716295526,5.202312491667194,0.17755322462833115,-1.7647377071992763,1,-0.6068253363923817,test,-1,4.0,6.5
5.203962488796098,5.892052078408348,-0.68808958961225,-0.7624726086717263,1,-6.819748441001875,test,-1,4.0,6.5
5.018073132393294,5.272206450412045,-0.25413331801875144,-1.6947041086019468,0,-8.473520543009734,test,-1,4.0,6.5
4.5911506957248305,4.938182971606894,-0.34703227588206337,-1.9492333106571331,1,2.0200988481561066,test,-1,4.0,6.5
4.69625436227813,5.494379160174153,-0.7981247978960234,-1.4190249571031013,0,-7.095124785515506,test,-1,4.0,6.5
5.863590491409649,5.605407963296345,0.25818252811330406,-1.2541263910016816,1,-4.473635852818123,test,-1,4.0,6.5
6.054924052049185,6.446324614205538,-0.39140056215635244,0.32483325202191676,0,1.6241662601095839,test,-1,4.0,6.5
4.847667384222833,5.553845488080561,-0.7061781038577278,-1.3327550796145544,0,-6.663775398072772,test,-1,4.0,6.5
4.007825919660852,4.983501078994575,-0.9756751593337228,-1.9269473375777912,1,1.574338680046654,test,-1,4.0,6.5
6.029243828125497,6.337095929267936,-0.30785210114243905,0.10776902396065578,1,-9.30400245384654,test,-1,4.0,6.5
5.104925039499243,5.829551865750426,-0.7246268262511839,-0.8764687550740397,1,-6.349619082965923,test,-1,4.0,6.5
5.291706523057205,5.076424079457495,0.21528244359970977,-1.8689354939321348,0,-9.344677469660674,test,-1,4.0,6.5
5.706550738346248,5.148792816980051,0.5577579213661968,-1.8125551150807326,0,-9.062775575403663,test,-1,4.0,6.5
6.1871876329901205,6.4969760221865975,-0.3097883891964774,0.42433165940054707,1,-9.768882073357316,test,-1,4.0,6.5
5.94838000708552,6.408995460415517,-0.46061545332999754,0.25095704906612787,0,1.2547852453306394,test,-1,4.0,6.5
3.7334966055693335,4.016299007337875,-0.2828024017685419,-1.5347104856438487,1,9.023941685649291,test,-1,4.0,6.5
6.5126137578158385,6.114887926524081,0.3977258312917572,-0.3350080579312344,0,-1.675040289656172,test,-1,4.0,6.5
4.449133440411037,4.906202834766708,-0.45706939435567007,-1.9625536293676344,0,-9.812768146838172,test,-1,4.0,6.5
5.315454551791792,4.993216537386364,0.3222380144054273,-1.9216528183905601,0,-9.608264091952801,test,-1,4.0,6.5
4.33484306366224,4.736149114944073,-0.40130605128183255,-1.9994354825643803,1,3.944263790329602,test,-1,4.0,6.5
4.074341100871135,5.536990416631735,-1.4626493157606,-1.3576993516829592,1,-3.8517529227840903,test,-1,4.0,6.5
5.414841382619426,4.441588948591974,0.9732524340274515,-1.9271143886560058,0,-9.635571943280029,test,-1,4.0,6.5
5.01908536869652,4.520954626485017,0.4981307422115024,-1.9634646690885236,0,-9.817323345442619,test,-1,4.0,6.5
4.395739076393876,4.540720561262644,-0.1449814848687675,-1.9706022564532724,0,-9.853011282266362,test,-1,4.0,6.5
5.484310997654221,5.403567060819002,0.08074393683521944,-1.540991175949166,1,-2.5898809692520777,test,-1,4.0,6.5
4.359056979518785,4.257718318335022,0.10133866118376274,-1.7968114221587226,1,7.732016252933215,test,-1,4.0,6.5
5.780328160791238,4.778314942258742,1.002013218532496,-1.9956553414676539,1,3.5533993509769966,test,-1,4.0,6.5
5.817411567296851,6.017203926082201,-0.1997923587853498,-0.5257125308230596,1,-7.679351825608722,test,-1,4.0,6.5
5.389065701412138,5.215087663534306,0.1739780378778318,-1.7525711003425648,0,-8.762855501712824,test,-1,4.0,6.5
6.242549884338277,6.389335783578446,-0.1467858992401688,0.21190247887520988,0,1.0595123943760494,test,-1,4.0,6.5
5.432098329546684,5.786392521329839,-0.35429419178315463,-0.9532169649643135,0,-4.766084824821568,test,-1,4.0,6.5
4.5808396967533,4.288113335999256,0.29272636075404335,-1.8226743215884935,1,7.535721441116477,test,-1,4.0,6.5
5.422857373940355,5.119654487825649,0.30320288611470614,-1.8364147736786787,1,0.21936406061690228,test,-1,4.0,6.5
5.021087825913185,5.316923699641086,-0.29583587372790054,-1.6455332852688886,1,-1.7443411787956407,test,-1,4.0,6.5
7.705491751933893,6.240842157542992,1.4646495943909013,-0.08466099526672911,0,-0.42330497633364556,test,-1,4.0,6.5
4.606499107505948,6.300632880165137,-1.6941337726591887,0.03489337554743533,1,-9.164194110994234,test,-1,4.0,6.5
5.04229347631319,4.13320911972105,0.9090843565921396,-1.6738236490766494,0,-8.369118245383246,test,-1,4.0,6.5
5.5999060399213505,6.274251669300275,-0.6743456293789248,-0.017867038095364714,0,-0.08933519047682358,test,-1,4.0,6.5
5.278311271556668,5.722683649048815,-0.4443723774921467,-1.0632223269578847,0,-5.316111634789423,test,-1,4.0,6.5
5.844201844924981,5.436102010115763,0.40809983480921735,-1.4987044749253213,1,-2.902703664203608,test,-1,4.0,6.5
6.892011697564018,6.295816523950423,0.5961951736135954,0.025261761786768512,0,0.12630880893384255,test,-1,4.0,6.5
5.8736558241367,5.012576563706205,0.8610792604304943,-1.9105620753120762,0,-9.55281037656038,test,-1,4.0,6.5
4.858562669408083,5.681126500264978,-0.8225638308568953,-1.1326809643897162,0,-5.663404821948581,test,-1,4.0,6.5
7.36843880154836,6.063713991713886,1.3047248098344741,-0.4354273014359822,0,-2.177136507179911,test,-1,4.0,6.5
5.475789311265441,6.040020913866694,-0.564231602601253,-0.48155025317333355,1,-7.8234893339855125,test,-1,4.0,6.5
5.657995423613364,5.400906384641923,0.25708903897144086,-1.54437778866775,1,-2.564172879727082,test,-1,4.0,6.5
6.252898971534634,5.399224093422266,0.8536748781123684,-1.5465134345395515,1,-2.547908801033048,test,-1,4.0,6.5
6.242440181353372,6.145031596779378,0.0974085845739936,-0.27542930470272475,0,-1.3771465235136238,test,-1,4.0,6.5
4.535493183419441,4.513836544223575,0.02165663919586588,-1.9607062748885211,0,-9.803531374442606,test,-1,4.0,6.5
6.372980262266448,5.789352291512148,0.5836279707543002,-0.9480088366900856,1,-6.034013724932212,test,-1,4.0,6.5
6.117349188345545,6.039678856555163,0.07767033179038185,-0.48221421359485167,1,-7.821358405260987,test,-1,4.0,6.5
3.68217043253573,4.298191308461789,-0.6160208759260585,-1.8308790330348421,0,-9.154395165174211,test,-1,4.0,6.5
6.872350575468872,6.12168040473536,0.7506701707335117,-0.3216074127975818,0,-1.6080370639879091,test,-1,4.0,6.5
5.070730059905057,4.313055670230638,0.757674389674419,-1.8426408210876986,1,7.369432272541605,test,-1,4.0,6.5
4.594680238764162,4.134285881667109,0.46039435709705245,-1.6750013834126816,0,-8.375006917063407,test,-1,4.0,6.5
5.520138749024053,5.176576644956906,0.3435621040671468,-1.7883710807669455,0,-8.941855403834728,test,-1,4.0,6.5
7.145825487175679,6.346876614165483,0.7989488730101961,0.12729650842277154,1,-9.339407497995335,test,-1,4.0,6.5
7.090082149928373,6.368845779649799,0.7212363702785735,0.1711115043739713,1,-9.41567138497975,test,-1,4.0,6.5
6.32113874384379,5.466932502681281,0.8542062411625082,-1.4571685725876107,1,-3.196308256495537,test,-1,4.0,6.5
6.396138157008892,6.032838980143353,0.36329917686553875,-0.4954790099561631,0,-2.4773950497808155,test,-1,4.0,6.5
3.574653719287869,4.628136428975649,-1.0534827096877801,-1.9929057056371806,0,-9.964528528185904,test,-1,4.0,6.5
6.152666554186912,5.602828913975229,0.5498376402116832,-1.2581402114240696,0,-6.290701057120348,test,-1,4.0,6.5
4.938687373241938,4.414450894393053,0.5242364788488844,-1.911887590293924,0,-9.55943795146962,test,-1,4.0,6.5
5.293053629003181,4.633306739824908,0.6597468891782723,-1.9937492579257872,0,-9.968746289628935,test,-1,4.0,6.5
7.359669830051312,6.328388751951606,1.0312810780997064,0.09037610384849748,0,0.4518805192424874,test,-1,4.0,6.5
5.522081634124154,6.243329007570772,-0.721247373446618,-0.07969149665608583,0,-0.3984574832804291,test,-1,4.0,6.5
4.180330311032069,5.857265815568547,-1.6769355045364776,-0.8263165995926444,0,-4.131582997963222,test,-1,4.0,6.5
5.899683096647433,5.183758408504975,0.7159246881424576,-1.7818945143618627,0,-8.909472571809314,test,-1,4.0,6.5
6.736579874630433,6.201375754569329,0.535204120061104,-0.1634366545495975,0,-0.8171832727479875,test,-1,4.0,6.5
4.55405628718037,4.426747009303791,0.1273092778765789,-1.918961919931438,1,6.555008559309533,test,-1,4.0,6.5
4.62840967557937,5.269669315061474,-0.6412596394821041,-1.6973932490444288,1,-1.2772679482885452,test,-1,4.0,6.5
6.664343514221248,5.497951618200688,1.1663918960205606,-1.4139809412922324,0,-7.069904706461162,test,-1,4.0,6.5
3.976659247932925,4.093109910403643,-0.11645066247071807,-1.628594261625849,0,-8.142971308129246,test,-1,4.0,6.5
7.419473515465288,6.038845663471808,1.3806278519934794,-0.4838312713248972,0,-2.419156356624486,test,-1,4.0,6.5
5.012937054461461,4.703975673988555,0.30896138047290606,-1.9999292166930118,0,-9.99964608346506,test,-1,4.0,6.5
7.092855712701272,6.313252732704418,0.7796029799968541,0.06012579063976606,0,0.3006289531988303,test,-1,4.0,6.5
4.839807022362235,6.3326031033100705,-1.4927960809478351,0.09879536913348587,0,0.49397684566742933,test,-1,4.0,6.5
6.406652808460245,5.969543761269495,0.4371090471907491,-0.6170491450560484,1,-7.365470754128989,test,-1,4.0,6.5
5.697342786780914,6.06727577905682,-0.3699329922759063,-0.42847185487834427,0,-2.1423592743917212,test,-1,4.0,6.5
4.026142616649357,4.757657379473474,-0.7315147628241178,-1.9979511219646369,0,-9.989755609823185,test,-1,4.0,6.5
4.259340673693388,4.396375588647617,-0.13703491495422904,-1.900963850599241,1,6.781313562954239,test,-1,4.0,6.5
6.697313790874795,4.9161242739033195,1.781189516971476,-1.958635308324111,1,2.2356291140081295,test,-1,4.0,6.5
4.6821934775000855,4.983138731837698,-0.30094525433761304,-1.927141286442962,1,1.5779168618002704,test,-1,4.0,6.5
5.318431529980718,6.33958381080922,-1.0211522808285016,0.1127372194804492,1,-9.313092861001275,test,-1,4.0,6.5
6.836614566857827,6.074700746500952,0.7619138203568759,-0.4139550290756301,1,-8.034741895365107,test,-1,4.0,6.5
5.616514720344208,6.1012249688791504,-0.4847102485349428,-0.36191578932907714,0,-1.8095789466453858,test,-1,4.0,6.5
5.735506368796729,5.733487845478034,0.002018523318695727,-1.0448585673913513,0,-5.2242928369567565,test,-1,4.0,6.5
7.063502857970491,5.994794182591187,1.0687086753793038,-0.568820321339146,0,-2.84410160669573,test,-1,4.0,6.5
5.870155091576474,5.161423479206272,0.7087316123702021,-1.8017332846563772,1,-0.1982952585818698,test,-1,4.0,6.5
6.732698205705575,6.249780520263843,0.4829176854417322,-0.0667971492825319,1,-8.948914295083556,test,-1,4.0,6.5
7.169285378058113,6.425875809079907,0.7434095689782068,0.28441356877491064,1,-9.592351147699425,test,-1,4.0,6.5
5.04755628186309,5.027974587452112,0.01958169441097846,-1.9012295703565838,0,-9.506147851782918,test,-1,4.0,6.5
5.557433677189703,6.263974568490026,-0.7065408913003225,-0.03841911416580405,1,-9.011356463386818,test,-1,4.0,6.5
5.7513318837831555,5.781455514615171,-0.030123630832015778,-0.9618857127465026,0,-4.809428563732513,test,-1,4.0,6.5
5.370418356817024,5.604992551249492,-0.2345741944324678,-1.2547734684771867,0,-6.273867342385934,test,-1,4.0,6.5
5.35593709223112,5.314527735009879,0.04140935722124058,-1.648252192949982,1,-1.7207438772356176,test,-1,4.0,6.5
6.346064323102263,6.360535483784507,-0.014471160682244232,0.15454613603143247,0,0.7727306801571623,test,-1,4.0,6.5
5.245607433730954,4.906331373302497,0.33927606042845654,-1.9625040994082485,0,-9.812520497041243,test,-1,4.0,6.5
4.976264873016209,4.349726337840479,0.62653853517573,-1.869911053659697,0,-9.349555268298484,test,-1,4.0,6.5
3.834359968955022,4.150710762333737,-0.3163507933787148,-1.692724944110047,0,-8.463624720550234,test,-1,4.0,6.5
5.876873743298118,6.020274047769517,-0.1434003044713986,-0.5197857408042716,1,-7.698980578853388,test,-1,4.0,6.5
5.566562597027857,5.344587985460397,0.22197461156746046,-1.6134600467713662,1,-2.01604059829996,test,-1,4.0,6.5
5.365364834374818,4.598256572899317,0.7671082614754999,-1.9869879275944426,1,5.169945106967316,test,-1,4.0,6.5
4.675896568038494,4.855457712145877,-0.17956114410738247,-1.9795662280233273,1,2.822464297648853,test,-1,4.0,6.5
4.464769127458257,5.644139181568283,-1.1793700541100263,-1.1928601423814096,0,-5.964300711907048,test,-1,4.0,6.5
6.494549673443763,5.871529451475434,0.6230202219683292,-0.8002548011426456,0,-4.001274005713228,test,-1,4.0,6.5
3.4431992382747194,4.213398970814723,-0.7701997325400033,-1.7561326588229758,0,-8.780663294114879,test,-1,4.0,6.5
5.339173655092844,5.5555771278152095,-0.21640347272236546,-1.3301708113508783,1,-4.022603984317786,test,-1,4.0,6.5
5.240852816162044,5.510272987118351,-0.2694201709563068,-1.3964461382920743,1,-3.6038475630353863,test,-1,4.0,6.5
6.38543273477411,5.9879777023299905,0.3974550324441197,-0.5818769612433095,1,-7.488896946188915,test,-1,4.0,6.5
3.488617141474224,4.560753128203328,-1.0721359867291043,-1.9770505927371365,0,-9.885252963685682,test,-1,4.0,6.5
5.251095109759799,4.403877383249579,0.8472177265102193,-1.9055731299878156,0,-9.527865649939077,test,-1,4.0,6.5
5.667732249015218,5.8764183182104475,-0.20868606919522883,-0.7912843764211787,1,-6.704578181022352,test,-1,4.0,6.5
5.7385884964063765,4.96968931829131,0.7688991781150661,-1.9341609726093258,0,-9.67080486304663,test,-1,4.0,6.5
4.173547001448666,4.3038474548355685,-0.13030045338690233,-1.8354024174113657,0,-9.177012087056829,test,-1,4.0,6.5
6.919037122626012,5.094246541834939,1.824790580791073,-1.8559480524268412,0,-9.279740262134206,test,-1,4.0,6.5
6.150245894845188,5.995576160951109,0.15466973389407876,-0.5673207780532374,0,-2.836603890266187,test,-1,4.0,6.5
4.738564831778173,4.864564593914241,-0.1259997621360678,-1.976887236996774,0,-9.88443618498387,test,-1,4.0,6.5
4.138879584736162,4.4971699410755654,-0.35829035633940326,-1.953859278594288,0,-9.769296392971441,test,-1,4.0,6.5
4.481515411127937,5.914050007806562,-1.4325345966786251,-0.7216182256678337,1,-6.978972958265825,test,-1,4.0,6.5
5.265711208922747,4.164168381624169,1.101542827298578,-1.7069064844223736,0,-8.534532422111868,test,-1,4.0,6.5
3.425167083076998,4.238964592284401,-0.8137975092074035,-1.7800244107334473,1,7.849578317487783,test,-1,4.0,6.5
4.270750779676433,4.068747886794352,0.20200289288208145,-1.5998320025674895,0,-7.999160012837447,test,-1,4.0,6.5
6.594573843962868,6.004220293103558,0.5903535508593101,-0.550721643750775,0,-2.7536082187538753,test,-1,4.0,6.5
5.40522131942695,4.88356545912721,0.5216558602997396,-1.9707700908864598,1,2.551735533549904,test,-1,4.0,6.5
4.558009661498847,4.515719975928204,0.042289685570643075,-1.9614458121966099,0,-9.80722906098305,test,-1,4.0,6.5
3.6418915994987655,4.006385491197665,-0.36449389169889906,-1.5219217469253028,0,-7.609608734626514,test,-1,4.0,6.5
5.10730804849792,4.669658209485872,0.4376498390120481,-1.9981743590330998,1,4.54610125955028,test,-1,4.0,6.5
4.364760558758489,4.355929464433456,0.008831094325032594,-1.8742763532719788,0,-9.371381766359894,test,-1,4.0,6.5
5.271934983078609,6.186468660120216,-0.9145336770416076,-0.19313186908547408,1,-8.648622987429656,test,-1,4.0,6.5
3.7344974507346063,4.279464381221934,-0.5449669304873276,-1.8154853681929763,1,7.592294101425732,test,-1,4.0,6.5
6.3574346584592405,5.913071820683114,0.44436283777612684,-0.7234424724001945,1,-6.971963865292688,test,-1,4.0,6.5
5.909536433834953,5.292254336206994,0.6172820976279592,-1.6730728611303054,0,-8.365364305651527,test,-1,4.0,6.5
2.644601460064936,4.098324960572318,-1.4537235005073825,-1.6346262215942293,0,-8.173131107971146,test,-1,4.0,6.5
4.735244706758325,4.497893688083036,0.23735101867528882,-1.9541678957184978,1,6.0015827362556164,test,-1,4.0,6.5
4.751503476318104,4.857399343210256,-0.10589586689215245,-1.9790088169388391,1,2.803832108035622,test,-1,4.0,6.5
5.5264127942588885,4.9117949062674455,0.614617887991443,-1.9603688583941676,0,-9.801844291970838,test,-1,4.0,6.5
4.841767352866745,4.742677888196085,0.09908946467065925,-1.9990826521994205,0,-9.995413260997102,test,-1,4.0,6.5
5.508258298340986,5.605172225984706,-0.09691392764371999,-1.254493619978154,1,-4.471527406746393,test,-1,4.0,6.5
4.857884397136035,4.230124477429948,0.6277599197060866,-1.7718938982464731,0,-8.859469491232366,test,-1,4.0,6.5
4.94413679552712,4.207126931813191,0.7370098637139293,-1.7500953266603168,1,8.04281699035503,test,-1,4.0,6.5
6.119873047798833,5.347799651201467,0.7720733965973651,-1.609656055796233,0,-8.048280278981165,test,-1,4.0,6.5
